customer_id,first_name,last_name,email,phone,city,state,loyalty_tier,created_date,updated_at
C000001,Aarav,Rao,not-an-email,9100007919,Hyderabad,Telangana,Silver,2022-01-02,2026-07-01T09:00:00
C000002,Vivaan,Gupta,not-an-email,9100015838,Mumbai,Maharashtra,Gold,2022-01-03,2026-07-01T09:00:00
C000003,Aditya,Verma,not-an-email,9100023757,Bengaluru,Karnataka,Platinum,2022-01-04,2026-07-01T09:00:00
C000004,Arjun,Patel,not-an-email,9100031676,Chennai,Tamil Nadu,Bronze,2022-01-05,2026-07-01T09:00:00
C000005,Sai,Kumar,sai.kumar5@example.com,123,Pune,Maharashtra,Silver,2022-01-06,2026-07-01T09:00:00
C000006,Rohan,Iyer,rohan.iyer6@example.com,123,Delhi,Delhi,Gold,2022-01-07,2026-07-01T09:00:00
C000007,Rahul,Reddy,rahul.reddy7@example.com,123,Kolkata,West Bengal,Platinum,2022-01-08,2026-07-01T09:00:00
C000008,Kiran,Singh,kiran.singh8@example.com,123,Ahmedabad,Gujarat,Bronze,2022-01-09,2026-07-01T09:00:00
C000009,,Nair,priya.nair9@example.com,9100071271,Jaipur,Rajasthan,Silver,2022-01-10,2026-07-01T09:00:00
C000010,,Sharma,ananya.sharma10@example.com,9100079190,Kochi,Kerala,Gold,2022-01-11,2026-07-01T09:00:00
C000011,,Rao,isha.rao11@example.com,9100087109,Hyderabad,Telangana,Platinum,2022-01-12,2026-07-01T09:00:00
C000012,Neha,Gupta,neha.gupta12@example.com,9100095028,Mumbai,Maharashtra,DIAMOND,2022-01-13,2026-07-01T09:00:00
C000013,Sneha,Verma,sneha.verma13@example.com,9100102947,Bengaluru,Karnataka,Silver,2022-01-14,2026-07-01T09:00:00
C000014,Pooja,Patel,pooja.patel14@example.com,9100110866,Chennai,Tamil Nadu,Gold,2022-01-15,2026-07-01T09:00:00
C000015,Kavya,Kumar,kavya.kumar15@example.com,9100118785,Pune,Maharashtra,Platinum,2022-01-16,2026-07-01T09:00:00
C000016,Meera,Iyer,meera.iyer16@example.com,9100126704,Delhi,Delhi,Bronze,2022-01-17,2026-07-01T09:00:00
C000017,Nikhil,Reddy,nikhil.reddy17@example.com,9100134623,Kolkata,West Bengal,Silver,2022-01-18,2026-07-01T09:00:00
C000018,Vikram,Singh,vikram.singh18@example.com,9100142542,Ahmedabad,Gujarat,Gold,2022-01-19,2026-07-01T09:00:00
C000019,Akash,Nair,akash.nair19@example.com,9100150461,Jaipur,Rajasthan,Platinum,2022-01-20,2026-07-01T09:00:00
C000020,Divya,Sharma,divya.sharma20@example.com,9100158380,Kochi,Kerala,Bronze,2022-01-21,2026-07-01T09:00:00
C000021,Aarav,Rao,aarav.rao21@example.com,9100166299,Hyderabad,Telangana,Silver,2022-01-22,2026-07-01T09:00:00
C000022,Vivaan,Gupta,vivaan.gupta22@example.com,9100174218,Mumbai,Maharashtra,Gold,2022-01-23,2026-07-01T09:00:00
C000023,Aditya,Verma,aditya.verma23@example.com,9100182137,Bengaluru,Karnataka,Platinum,2022-01-24,2026-07-01T09:00:00
C000024,Arjun,Patel,arjun.patel24@example.com,9100190056,Chennai,Tamil Nadu,Bronze,2022-01-25,2026-07-01T09:00:00
C000025,Sai,Kumar,sai.kumar25@example.com,9100197975,Pune,Maharashtra,Silver,2022-01-26,2026-07-01T09:00:00
C000026,Rohan,Iyer,rohan.iyer26@example.com,9100205894,Delhi,Delhi,Gold,2022-01-27,2026-07-01T09:00:00
C000027,Rahul,Reddy,rahul.reddy27@example.com,9100213813,Kolkata,West Bengal,Platinum,2022-01-28,2026-07-01T09:00:00
C000028,Kiran,Singh,kiran.singh28@example.com,9100221732,Ahmedabad,Gujarat,Bronze,2022-01-29,2026-07-01T09:00:00
C000029,Priya,Nair,priya.nair29@example.com,9100229651,Jaipur,Rajasthan,Silver,2022-01-30,2026-07-01T09:00:00
C000030,Ananya,Sharma,ananya.sharma30@example.com,9100237570,Kochi,Kerala,Gold,2022-01-31,2026-07-01T09:00:00
C000031,Isha,Rao,isha.rao31@example.com,9100245489,Hyderabad,Telangana,Platinum,2022-02-01,2026-07-01T09:00:00
C000032,Neha,Gupta,neha.gupta32@example.com,9100253408,Mumbai,Maharashtra,Bronze,2022-02-02,2026-07-01T09:00:00
C000033,Sneha,Verma,sneha.verma33@example.com,9100261327,Bengaluru,Karnataka,Silver,2022-02-03,2026-07-01T09:00:00
C000034,Pooja,Patel,pooja.patel34@example.com,9100269246,Chennai,Tamil Nadu,Gold,2022-02-04,2026-07-01T09:00:00
C000035,Kavya,Kumar,kavya.kumar35@example.com,9100277165,Pune,Maharashtra,Platinum,2022-02-05,2026-07-01T09:00:00
C000036,Meera,Iyer,meera.iyer36@example.com,9100285084,Delhi,Delhi,Bronze,2022-02-06,2026-07-01T09:00:00
C000037,Nikhil,Reddy,nikhil.reddy37@example.com,9100293003,Kolkata,West Bengal,Silver,2022-02-07,2026-07-01T09:00:00
C000038,Vikram,Singh,vikram.singh38@example.com,9100300922,Ahmedabad,Gujarat,Gold,2022-02-08,2026-07-01T09:00:00
C000039,Akash,Nair,akash.nair39@example.com,9100308841,Jaipur,Rajasthan,Platinum,2022-02-09,2026-07-01T09:00:00
C000040,Divya,Sharma,divya.sharma40@example.com,9100316760,Kochi,Kerala,Bronze,2022-02-10,2026-07-01T09:00:00
C000041,Aarav,Rao,aarav.rao41@example.com,9100324679,Hyderabad,Telangana,Silver,2022-02-11,2026-07-01T09:00:00
C000042,Vivaan,Gupta,vivaan.gupta42@example.com,9100332598,Mumbai,Maharashtra,Gold,2022-02-12,2026-07-01T09:00:00
C000043,Aditya,Verma,aditya.verma43@example.com,9100340517,Bengaluru,Karnataka,Platinum,2022-02-13,2026-07-01T09:00:00
C000044,Arjun,Patel,arjun.patel44@example.com,9100348436,Chennai,Tamil Nadu,Bronze,2022-02-14,2026-07-01T09:00:00
C000045,Sai,Kumar,sai.kumar45@example.com,9100356355,Pune,Maharashtra,Silver,2022-02-15,2026-07-01T09:00:00
C000046,Rohan,Iyer,rohan.iyer46@example.com,9100364274,Delhi,Delhi,Gold,2022-02-16,2026-07-01T09:00:00
C000047,Rahul,Reddy,rahul.reddy47@example.com,9100372193,Kolkata,West Bengal,Platinum,2022-02-17,2026-07-01T09:00:00
C000048,Kiran,Singh,kiran.singh48@example.com,9100380112,Ahmedabad,Gujarat,Bronze,2022-02-18,2026-07-01T09:00:00
C000049,Priya,Nair,priya.nair49@example.com,9100388031,Jaipur,Rajasthan,Silver,2022-02-19,2026-07-01T09:00:00
C000050,Ananya,Sharma,ananya.sharma50@example.com,9100395950,Kochi,Kerala,Gold,2022-02-20,2026-07-01T09:00:00
C000051,Isha,Rao,isha.rao51@example.com,9100403869,Hyderabad,Telangana,Platinum,2022-02-21,2026-07-01T09:00:00
C000052,Neha,Gupta,neha.gupta52@example.com,9100411788,Mumbai,Maharashtra,Bronze,2022-02-22,2026-07-01T09:00:00
C000053,Sneha,Verma,sneha.verma53@example.com,9100419707,Bengaluru,Karnataka,Silver,2022-02-23,2026-07-01T09:00:00
C000054,Pooja,Patel,pooja.patel54@example.com,9100427626,Chennai,Tamil Nadu,Gold,2022-02-24,2026-07-01T09:00:00
C000055,Kavya,Kumar,kavya.kumar55@example.com,9100435545,Pune,Maharashtra,Platinum,2022-02-25,2026-07-01T09:00:00
C000056,Meera,Iyer,meera.iyer56@example.com,9100443464,Delhi,Delhi,Bronze,2022-02-26,2026-07-01T09:00:00
C000057,Nikhil,Reddy,nikhil.reddy57@example.com,9100451383,Kolkata,West Bengal,Silver,2022-02-27,2026-07-01T09:00:00
C000058,Vikram,Singh,vikram.singh58@example.com,9100459302,Ahmedabad,Gujarat,Gold,2022-02-28,2026-07-01T09:00:00
C000059,Akash,Nair,akash.nair59@example.com,9100467221,Jaipur,Rajasthan,Platinum,2022-03-01,2026-07-01T09:00:00
C000060,Divya,Sharma,divya.sharma60@example.com,9100475140,Kochi,Kerala,Bronze,2022-03-02,2026-07-01T09:00:00
C000061,Aarav,Rao,aarav.rao61@example.com,9100483059,Hyderabad,Telangana,Silver,2022-03-03,2026-07-01T09:00:00
C000062,Vivaan,Gupta,vivaan.gupta62@example.com,9100490978,Mumbai,Maharashtra,Gold,2022-03-04,2026-07-01T09:00:00
C000063,Aditya,Verma,aditya.verma63@example.com,9100498897,Bengaluru,Karnataka,Platinum,2022-03-05,2026-07-01T09:00:00
C000064,Arjun,Patel,arjun.patel64@example.com,9100506816,Chennai,Tamil Nadu,Bronze,2022-03-06,2026-07-01T09:00:00
C000065,Sai,Kumar,sai.kumar65@example.com,9100514735,Pune,Maharashtra,Silver,2022-03-07,2026-07-01T09:00:00
C000066,Rohan,Iyer,rohan.iyer66@example.com,9100522654,Delhi,Delhi,Gold,2022-03-08,2026-07-01T09:00:00
C000067,Rahul,Reddy,rahul.reddy67@example.com,9100530573,Kolkata,West Bengal,Platinum,2022-03-09,2026-07-01T09:00:00
C000068,Kiran,Singh,kiran.singh68@example.com,9100538492,Ahmedabad,Gujarat,Bronze,2022-03-10,2026-07-01T09:00:00
C000069,Priya,Nair,priya.nair69@example.com,9100546411,Jaipur,Rajasthan,Silver,2022-03-11,2026-07-01T09:00:00
C000070,Ananya,Sharma,ananya.sharma70@example.com,9100554330,Kochi,Kerala,Gold,2022-03-12,2026-07-01T09:00:00
C000071,Isha,Rao,isha.rao71@example.com,9100562249,Hyderabad,Telangana,Platinum,2022-03-13,2026-07-01T09:00:00
C000072,Neha,Gupta,neha.gupta72@example.com,9100570168,Mumbai,Maharashtra,Bronze,2022-03-14,2026-07-01T09:00:00
C000073,Sneha,Verma,sneha.verma73@example.com,9100578087,Bengaluru,Karnataka,Silver,2022-03-15,2026-07-01T09:00:00
C000074,Pooja,Patel,pooja.patel74@example.com,9100586006,Chennai,Tamil Nadu,Gold,2022-03-16,2026-07-01T09:00:00
C000075,Kavya,Kumar,kavya.kumar75@example.com,9100593925,Pune,Maharashtra,Platinum,2022-03-17,2026-07-01T09:00:00
C000076,Meera,Iyer,meera.iyer76@example.com,9100601844,Delhi,Delhi,Bronze,2022-03-18,2026-07-01T09:00:00
C000077,Nikhil,Reddy,nikhil.reddy77@example.com,9100609763,Kolkata,West Bengal,Silver,2022-03-19,2026-07-01T09:00:00
C000078,Vikram,Singh,vikram.singh78@example.com,9100617682,Ahmedabad,Gujarat,Gold,2022-03-20,2026-07-01T09:00:00
C000079,Akash,Nair,akash.nair79@example.com,9100625601,Jaipur,Rajasthan,Platinum,2022-03-21,2026-07-01T09:00:00
C000080,Divya,Sharma,divya.sharma80@example.com,9100633520,Kochi,Kerala,Bronze,2022-03-22,2026-07-01T09:00:00
C000081,Aarav,Rao,aarav.rao81@example.com,9100641439,Hyderabad,Telangana,Silver,2022-03-23,2026-07-01T09:00:00
C000082,Vivaan,Gupta,vivaan.gupta82@example.com,9100649358,Mumbai,Maharashtra,Gold,2022-03-24,2026-07-01T09:00:00
C000083,Aditya,Verma,aditya.verma83@example.com,9100657277,Bengaluru,Karnataka,Platinum,2022-03-25,2026-07-01T09:00:00
C000084,Arjun,Patel,arjun.patel84@example.com,9100665196,Chennai,Tamil Nadu,Bronze,2022-03-26,2026-07-01T09:00:00
C000085,Sai,Kumar,sai.kumar85@example.com,9100673115,Pune,Maharashtra,Silver,2022-03-27,2026-07-01T09:00:00
C000086,Rohan,Iyer,rohan.iyer86@example.com,9100681034,Delhi,Delhi,Gold,2022-03-28,2026-07-01T09:00:00
C000087,Rahul,Reddy,rahul.reddy87@example.com,9100688953,Kolkata,West Bengal,Platinum,2022-03-29,2026-07-01T09:00:00
C000088,Kiran,Singh,kiran.singh88@example.com,9100696872,Ahmedabad,Gujarat,Bronze,2022-03-30,2026-07-01T09:00:00
C000089,Priya,Nair,priya.nair89@example.com,9100704791,Jaipur,Rajasthan,Silver,2022-03-31,2026-07-01T09:00:00
C000090,Ananya,Sharma,ananya.sharma90@example.com,9100712710,Kochi,Kerala,Gold,2022-04-01,2026-07-01T09:00:00
C000091,Isha,Rao,isha.rao91@example.com,9100720629,Hyderabad,Telangana,Platinum,2022-04-02,2026-07-01T09:00:00
C000092,Neha,Gupta,neha.gupta92@example.com,9100728548,Mumbai,Maharashtra,Bronze,2022-04-03,2026-07-01T09:00:00
C000093,Sneha,Verma,sneha.verma93@example.com,9100736467,Bengaluru,Karnataka,Silver,2022-04-04,2026-07-01T09:00:00
C000094,Pooja,Patel,pooja.patel94@example.com,9100744386,Chennai,Tamil Nadu,Gold,2022-04-05,2026-07-01T09:00:00
C000095,Kavya,Kumar,kavya.kumar95@example.com,9100752305,Pune,Maharashtra,Platinum,2022-04-06,2026-07-01T09:00:00
C000096,Meera,Iyer,meera.iyer96@example.com,9100760224,Delhi,Delhi,Bronze,2022-04-07,2026-07-01T09:00:00
C000097,Nikhil,Reddy,nikhil.reddy97@example.com,9100768143,Kolkata,West Bengal,Silver,2022-04-08,2026-07-01T09:00:00
C000098,Vikram,Singh,vikram.singh98@example.com,9100776062,Ahmedabad,Gujarat,Gold,2022-04-09,2026-07-01T09:00:00
C000099,Akash,Nair,akash.nair99@example.com,9100783981,Jaipur,Rajasthan,Platinum,2022-04-10,2026-07-01T09:00:00
C000100,Divya,Sharma,divya.sharma100@example.com,9100791900,Kochi,Kerala,Bronze,2022-04-11,2026-07-01T09:00:00
C000101,Aarav,Rao,aarav.rao101@example.com,9100799819,Hyderabad,Telangana,Silver,2022-04-12,2026-07-01T09:00:00
C000102,Vivaan,Gupta,vivaan.gupta102@example.com,9100807738,Mumbai,Maharashtra,Gold,2022-04-13,2026-07-01T09:00:00
C000103,Aditya,Verma,aditya.verma103@example.com,9100815657,Bengaluru,Karnataka,Platinum,2022-04-14,2026-07-01T09:00:00
C000104,Arjun,Patel,arjun.patel104@example.com,9100823576,Chennai,Tamil Nadu,Bronze,2022-04-15,2026-07-01T09:00:00
C000105,Sai,Kumar,sai.kumar105@example.com,9100831495,Pune,Maharashtra,Silver,2022-04-16,2026-07-01T09:00:00
C000106,Rohan,Iyer,rohan.iyer106@example.com,9100839414,Delhi,Delhi,Gold,2022-04-17,2026-07-01T09:00:00
C000107,Rahul,Reddy,rahul.reddy107@example.com,9100847333,Kolkata,West Bengal,Platinum,2022-04-18,2026-07-01T09:00:00
C000108,Kiran,Singh,kiran.singh108@example.com,9100855252,Ahmedabad,Gujarat,Bronze,2022-04-19,2026-07-01T09:00:00
C000109,Priya,Nair,priya.nair109@example.com,9100863171,Jaipur,Rajasthan,Silver,2022-04-20,2026-07-01T09:00:00
C000110,Ananya,Sharma,ananya.sharma110@example.com,9100871090,Kochi,Kerala,Gold,2022-04-21,2026-07-01T09:00:00
C000111,Isha,Rao,isha.rao111@example.com,9100879009,Hyderabad,Telangana,Platinum,2022-04-22,2026-07-01T09:00:00
C000112,Neha,Gupta,neha.gupta112@example.com,9100886928,Mumbai,Maharashtra,Bronze,2022-04-23,2026-07-01T09:00:00
C000113,Sneha,Verma,sneha.verma113@example.com,9100894847,Bengaluru,Karnataka,Silver,2022-04-24,2026-07-01T09:00:00
C000114,Pooja,Patel,pooja.patel114@example.com,9100902766,Chennai,Tamil Nadu,Gold,2022-04-25,2026-07-01T09:00:00
C000115,Kavya,Kumar,kavya.kumar115@example.com,9100910685,Pune,Maharashtra,Platinum,2022-04-26,2026-07-01T09:00:00
C000116,Meera,Iyer,meera.iyer116@example.com,9100918604,Delhi,Delhi,Bronze,2022-04-27,2026-07-01T09:00:00
C000117,Nikhil,Reddy,nikhil.reddy117@example.com,9100926523,Kolkata,West Bengal,Silver,2022-04-28,2026-07-01T09:00:00
C000118,Vikram,Singh,vikram.singh118@example.com,9100934442,Ahmedabad,Gujarat,Gold,2022-04-29,2026-07-01T09:00:00
C000119,Akash,Nair,akash.nair119@example.com,9100942361,Jaipur,Rajasthan,Platinum,2022-04-30,2026-07-01T09:00:00
C000120,Divya,Sharma,divya.sharma120@example.com,9100950280,Kochi,Kerala,Bronze,2022-05-01,2026-07-01T09:00:00
C000121,Aarav,Rao,aarav.rao121@example.com,9100958199,Hyderabad,Telangana,Silver,2022-05-02,2026-07-01T09:00:00
C000122,Vivaan,Gupta,vivaan.gupta122@example.com,9100966118,Mumbai,Maharashtra,Gold,2022-05-03,2026-07-01T09:00:00
C000123,Aditya,Verma,aditya.verma123@example.com,9100974037,Bengaluru,Karnataka,Platinum,2022-05-04,2026-07-01T09:00:00
C000124,Arjun,Patel,arjun.patel124@example.com,9100981956,Chennai,Tamil Nadu,Bronze,2022-05-05,2026-07-01T09:00:00
C000125,Sai,Kumar,sai.kumar125@example.com,9100989875,Pune,Maharashtra,Silver,2022-05-06,2026-07-01T09:00:00
C000126,Rohan,Iyer,rohan.iyer126@example.com,9100997794,Delhi,Delhi,Gold,2022-05-07,2026-07-01T09:00:00
C000127,Rahul,Reddy,rahul.reddy127@example.com,9101005713,Kolkata,West Bengal,Platinum,2022-05-08,2026-07-01T09:00:00
C000128,Kiran,Singh,kiran.singh128@example.com,9101013632,Ahmedabad,Gujarat,Bronze,2022-05-09,2026-07-01T09:00:00
C000129,Priya,Nair,priya.nair129@example.com,9101021551,Jaipur,Rajasthan,Silver,2022-05-10,2026-07-01T09:00:00
C000130,Ananya,Sharma,ananya.sharma130@example.com,9101029470,Kochi,Kerala,Gold,2022-05-11,2026-07-01T09:00:00
C000131,Isha,Rao,isha.rao131@example.com,9101037389,Hyderabad,Telangana,Platinum,2022-05-12,2026-07-01T09:00:00
C000132,Neha,Gupta,neha.gupta132@example.com,9101045308,Mumbai,Maharashtra,Bronze,2022-05-13,2026-07-01T09:00:00
C000133,Sneha,Verma,sneha.verma133@example.com,9101053227,Bengaluru,Karnataka,Silver,2022-05-14,2026-07-01T09:00:00
C000134,Pooja,Patel,pooja.patel134@example.com,9101061146,Chennai,Tamil Nadu,Gold,2022-05-15,2026-07-01T09:00:00
C000135,Kavya,Kumar,kavya.kumar135@example.com,9101069065,Pune,Maharashtra,Platinum,2022-05-16,2026-07-01T09:00:00
C000136,Meera,Iyer,meera.iyer136@example.com,9101076984,Delhi,Delhi,Bronze,2022-05-17,2026-07-01T09:00:00
C000137,Nikhil,Reddy,nikhil.reddy137@example.com,9101084903,Kolkata,West Bengal,Silver,2022-05-18,2026-07-01T09:00:00
C000138,Vikram,Singh,vikram.singh138@example.com,9101092822,Ahmedabad,Gujarat,Gold,2022-05-19,2026-07-01T09:00:00
C000139,Akash,Nair,akash.nair139@example.com,9101100741,Jaipur,Rajasthan,Platinum,2022-05-20,2026-07-01T09:00:00
C000140,Divya,Sharma,divya.sharma140@example.com,9101108660,Kochi,Kerala,Bronze,2022-05-21,2026-07-01T09:00:00
C000141,Aarav,Rao,aarav.rao141@example.com,9101116579,Hyderabad,Telangana,Silver,2022-05-22,2026-07-01T09:00:00
C000142,Vivaan,Gupta,vivaan.gupta142@example.com,9101124498,Mumbai,Maharashtra,Gold,2022-05-23,2026-07-01T09:00:00
C000143,Aditya,Verma,aditya.verma143@example.com,9101132417,Bengaluru,Karnataka,Platinum,2022-05-24,2026-07-01T09:00:00
C000144,Arjun,Patel,arjun.patel144@example.com,9101140336,Chennai,Tamil Nadu,Bronze,2022-05-25,2026-07-01T09:00:00
C000145,Sai,Kumar,sai.kumar145@example.com,9101148255,Pune,Maharashtra,Silver,2022-05-26,2026-07-01T09:00:00
C000146,Rohan,Iyer,rohan.iyer146@example.com,9101156174,Delhi,Delhi,Gold,2022-05-27,2026-07-01T09:00:00
C000147,Rahul,Reddy,rahul.reddy147@example.com,9101164093,Kolkata,West Bengal,Platinum,2022-05-28,2026-07-01T09:00:00
C000148,Kiran,Singh,kiran.singh148@example.com,9101172012,Ahmedabad,Gujarat,Bronze,2022-05-29,2026-07-01T09:00:00
C000149,Priya,Nair,priya.nair149@example.com,9101179931,Jaipur,Rajasthan,Silver,2022-05-30,2026-07-01T09:00:00
C000150,Ananya,Sharma,ananya.sharma150@example.com,9101187850,Kochi,Kerala,Gold,2022-05-31,2026-07-01T09:00:00
C000151,Isha,Rao,isha.rao151@example.com,9101195769,Hyderabad,Telangana,Platinum,2022-06-01,2026-07-01T09:00:00
C000152,Neha,Gupta,neha.gupta152@example.com,9101203688,Mumbai,Maharashtra,Bronze,2022-06-02,2026-07-01T09:00:00
C000153,Sneha,Verma,sneha.verma153@example.com,9101211607,Bengaluru,Karnataka,Silver,2022-06-03,2026-07-01T09:00:00
C000154,Pooja,Patel,pooja.patel154@example.com,9101219526,Chennai,Tamil Nadu,Gold,2022-06-04,2026-07-01T09:00:00
C000155,Kavya,Kumar,kavya.kumar155@example.com,9101227445,Pune,Maharashtra,Platinum,2022-06-05,2026-07-01T09:00:00
C000156,Meera,Iyer,meera.iyer156@example.com,9101235364,Delhi,Delhi,Bronze,2022-06-06,2026-07-01T09:00:00
C000157,Nikhil,Reddy,nikhil.reddy157@example.com,9101243283,Kolkata,West Bengal,Silver,2022-06-07,2026-07-01T09:00:00
C000158,Vikram,Singh,vikram.singh158@example.com,9101251202,Ahmedabad,Gujarat,Gold,2022-06-08,2026-07-01T09:00:00
C000159,Akash,Nair,akash.nair159@example.com,9101259121,Jaipur,Rajasthan,Platinum,2022-06-09,2026-07-01T09:00:00
C000160,Divya,Sharma,divya.sharma160@example.com,9101267040,Kochi,Kerala,Bronze,2022-06-10,2026-07-01T09:00:00
C000161,Aarav,Rao,aarav.rao161@example.com,9101274959,Hyderabad,Telangana,Silver,2022-06-11,2026-07-01T09:00:00
C000162,Vivaan,Gupta,vivaan.gupta162@example.com,9101282878,Mumbai,Maharashtra,Gold,2022-06-12,2026-07-01T09:00:00
C000163,Aditya,Verma,aditya.verma163@example.com,9101290797,Bengaluru,Karnataka,Platinum,2022-06-13,2026-07-01T09:00:00
C000164,Arjun,Patel,arjun.patel164@example.com,9101298716,Chennai,Tamil Nadu,Bronze,2022-06-14,2026-07-01T09:00:00
C000165,Sai,Kumar,sai.kumar165@example.com,9101306635,Pune,Maharashtra,Silver,2022-06-15,2026-07-01T09:00:00
C000166,Rohan,Iyer,rohan.iyer166@example.com,9101314554,Delhi,Delhi,Gold,2022-06-16,2026-07-01T09:00:00
C000167,Rahul,Reddy,rahul.reddy167@example.com,9101322473,Kolkata,West Bengal,Platinum,2022-06-17,2026-07-01T09:00:00
C000168,Kiran,Singh,kiran.singh168@example.com,9101330392,Ahmedabad,Gujarat,Bronze,2022-06-18,2026-07-01T09:00:00
C000169,Priya,Nair,priya.nair169@example.com,9101338311,Jaipur,Rajasthan,Silver,2022-06-19,2026-07-01T09:00:00
C000170,Ananya,Sharma,ananya.sharma170@example.com,9101346230,Kochi,Kerala,Gold,2022-06-20,2026-07-01T09:00:00
C000171,Isha,Rao,isha.rao171@example.com,9101354149,Hyderabad,Telangana,Platinum,2022-06-21,2026-07-01T09:00:00
C000172,Neha,Gupta,neha.gupta172@example.com,9101362068,Mumbai,Maharashtra,Bronze,2022-06-22,2026-07-01T09:00:00
C000173,Sneha,Verma,sneha.verma173@example.com,9101369987,Bengaluru,Karnataka,Silver,2022-06-23,2026-07-01T09:00:00
C000174,Pooja,Patel,pooja.patel174@example.com,9101377906,Chennai,Tamil Nadu,Gold,2022-06-24,2026-07-01T09:00:00
C000175,Kavya,Kumar,kavya.kumar175@example.com,9101385825,Pune,Maharashtra,Platinum,2022-06-25,2026-07-01T09:00:00
C000176,Meera,Iyer,meera.iyer176@example.com,9101393744,Delhi,Delhi,Bronze,2022-06-26,2026-07-01T09:00:00
C000177,Nikhil,Reddy,nikhil.reddy177@example.com,9101401663,Kolkata,West Bengal,Silver,2022-06-27,2026-07-01T09:00:00
C000178,Vikram,Singh,vikram.singh178@example.com,9101409582,Ahmedabad,Gujarat,Gold,2022-06-28,2026-07-01T09:00:00
C000179,Akash,Nair,akash.nair179@example.com,9101417501,Jaipur,Rajasthan,Platinum,2022-06-29,2026-07-01T09:00:00
C000180,Divya,Sharma,divya.sharma180@example.com,9101425420,Kochi,Kerala,Bronze,2022-06-30,2026-07-01T09:00:00
C000181,Aarav,Rao,aarav.rao181@example.com,9101433339,Hyderabad,Telangana,Silver,2022-07-01,2026-07-01T09:00:00
C000182,Vivaan,Gupta,vivaan.gupta182@example.com,9101441258,Mumbai,Maharashtra,Gold,2022-07-02,2026-07-01T09:00:00
C000183,Aditya,Verma,aditya.verma183@example.com,9101449177,Bengaluru,Karnataka,Platinum,2022-07-03,2026-07-01T09:00:00
C000184,Arjun,Patel,arjun.patel184@example.com,9101457096,Chennai,Tamil Nadu,Bronze,2022-07-04,2026-07-01T09:00:00
C000185,Sai,Kumar,sai.kumar185@example.com,9101465015,Pune,Maharashtra,Silver,2022-07-05,2026-07-01T09:00:00
C000186,Rohan,Iyer,rohan.iyer186@example.com,9101472934,Delhi,Delhi,Gold,2022-07-06,2026-07-01T09:00:00
C000187,Rahul,Reddy,rahul.reddy187@example.com,9101480853,Kolkata,West Bengal,Platinum,2022-07-07,2026-07-01T09:00:00
C000188,Kiran,Singh,kiran.singh188@example.com,9101488772,Ahmedabad,Gujarat,Bronze,2022-07-08,2026-07-01T09:00:00
C000189,Priya,Nair,priya.nair189@example.com,9101496691,Jaipur,Rajasthan,Silver,2022-07-09,2026-07-01T09:00:00
C000190,Ananya,Sharma,ananya.sharma190@example.com,9101504610,Kochi,Kerala,Gold,2022-07-10,2026-07-01T09:00:00
C000191,Isha,Rao,isha.rao191@example.com,9101512529,Hyderabad,Telangana,Platinum,2022-07-11,2026-07-01T09:00:00
C000192,Neha,Gupta,neha.gupta192@example.com,9101520448,Mumbai,Maharashtra,Bronze,2022-07-12,2026-07-01T09:00:00
C000193,Sneha,Verma,sneha.verma193@example.com,9101528367,Bengaluru,Karnataka,Silver,2022-07-13,2026-07-01T09:00:00
C000194,Pooja,Patel,pooja.patel194@example.com,9101536286,Chennai,Tamil Nadu,Gold,2022-07-14,2026-07-01T09:00:00
C000195,Kavya,Kumar,kavya.kumar195@example.com,9101544205,Pune,Maharashtra,Platinum,2022-07-15,2026-07-01T09:00:00
C000196,Meera,Iyer,meera.iyer196@example.com,9101552124,Delhi,Delhi,Bronze,2022-07-16,2026-07-01T09:00:00
C000197,Nikhil,Reddy,nikhil.reddy197@example.com,9101560043,Kolkata,West Bengal,Silver,2022-07-17,2026-07-01T09:00:00
C000198,Vikram,Singh,vikram.singh198@example.com,9101567962,Ahmedabad,Gujarat,Gold,2022-07-18,2026-07-01T09:00:00
C000199,Akash,Nair,akash.nair199@example.com,9101575881,Jaipur,Rajasthan,Platinum,2022-07-19,2026-07-01T09:00:00
C000200,Divya,Sharma,divya.sharma200@example.com,9101583800,Kochi,Kerala,Bronze,2022-07-20,2026-07-01T09:00:00
C000201,Aarav,Rao,aarav.rao201@example.com,9101591719,Hyderabad,Telangana,Silver,2022-07-21,2026-07-01T09:00:00
C000202,Vivaan,Gupta,vivaan.gupta202@example.com,9101599638,Mumbai,Maharashtra,Gold,2022-07-22,2026-07-01T09:00:00
C000203,Aditya,Verma,aditya.verma203@example.com,9101607557,Bengaluru,Karnataka,Platinum,2022-07-23,2026-07-01T09:00:00
C000204,Arjun,Patel,arjun.patel204@example.com,9101615476,Chennai,Tamil Nadu,Bronze,2022-07-24,2026-07-01T09:00:00
C000205,Sai,Kumar,sai.kumar205@example.com,9101623395,Pune,Maharashtra,Silver,2022-07-25,2026-07-01T09:00:00
C000206,Rohan,Iyer,rohan.iyer206@example.com,9101631314,Delhi,Delhi,Gold,2022-07-26,2026-07-01T09:00:00
C000207,Rahul,Reddy,rahul.reddy207@example.com,9101639233,Kolkata,West Bengal,Platinum,2022-07-27,2026-07-01T09:00:00
C000208,Kiran,Singh,kiran.singh208@example.com,9101647152,Ahmedabad,Gujarat,Bronze,2022-07-28,2026-07-01T09:00:00
C000209,Priya,Nair,priya.nair209@example.com,9101655071,Jaipur,Rajasthan,Silver,2022-07-29,2026-07-01T09:00:00
C000210,Ananya,Sharma,ananya.sharma210@example.com,9101662990,Kochi,Kerala,Gold,2022-07-30,2026-07-01T09:00:00
C000211,Isha,Rao,isha.rao211@example.com,9101670909,Hyderabad,Telangana,Platinum,2022-07-31,2026-07-01T09:00:00
C000212,Neha,Gupta,neha.gupta212@example.com,9101678828,Mumbai,Maharashtra,Bronze,2022-08-01,2026-07-01T09:00:00
C000213,Sneha,Verma,sneha.verma213@example.com,9101686747,Bengaluru,Karnataka,Silver,2022-08-02,2026-07-01T09:00:00
C000214,Pooja,Patel,pooja.patel214@example.com,9101694666,Chennai,Tamil Nadu,Gold,2022-08-03,2026-07-01T09:00:00
C000215,Kavya,Kumar,kavya.kumar215@example.com,9101702585,Pune,Maharashtra,Platinum,2022-08-04,2026-07-01T09:00:00
C000216,Meera,Iyer,meera.iyer216@example.com,9101710504,Delhi,Delhi,Bronze,2022-08-05,2026-07-01T09:00:00
C000217,Nikhil,Reddy,nikhil.reddy217@example.com,9101718423,Kolkata,West Bengal,Silver,2022-08-06,2026-07-01T09:00:00
C000218,Vikram,Singh,vikram.singh218@example.com,9101726342,Ahmedabad,Gujarat,Gold,2022-08-07,2026-07-01T09:00:00
C000219,Akash,Nair,akash.nair219@example.com,9101734261,Jaipur,Rajasthan,Platinum,2022-08-08,2026-07-01T09:00:00
C000220,Divya,Sharma,divya.sharma220@example.com,9101742180,Kochi,Kerala,Bronze,2022-08-09,2026-07-01T09:00:00
C000221,Aarav,Rao,aarav.rao221@example.com,9101750099,Hyderabad,Telangana,Silver,2022-08-10,2026-07-01T09:00:00
C000222,Vivaan,Gupta,vivaan.gupta222@example.com,9101758018,Mumbai,Maharashtra,Gold,2022-08-11,2026-07-01T09:00:00
C000223,Aditya,Verma,aditya.verma223@example.com,9101765937,Bengaluru,Karnataka,Platinum,2022-08-12,2026-07-01T09:00:00
C000224,Arjun,Patel,arjun.patel224@example.com,9101773856,Chennai,Tamil Nadu,Bronze,2022-08-13,2026-07-01T09:00:00
C000225,Sai,Kumar,sai.kumar225@example.com,9101781775,Pune,Maharashtra,Silver,2022-08-14,2026-07-01T09:00:00
C000226,Rohan,Iyer,rohan.iyer226@example.com,9101789694,Delhi,Delhi,Gold,2022-08-15,2026-07-01T09:00:00
C000227,Rahul,Reddy,rahul.reddy227@example.com,9101797613,Kolkata,West Bengal,Platinum,2022-08-16,2026-07-01T09:00:00
C000228,Kiran,Singh,kiran.singh228@example.com,9101805532,Ahmedabad,Gujarat,Bronze,2022-08-17,2026-07-01T09:00:00
C000229,Priya,Nair,priya.nair229@example.com,9101813451,Jaipur,Rajasthan,Silver,2022-08-18,2026-07-01T09:00:00
C000230,Ananya,Sharma,ananya.sharma230@example.com,9101821370,Kochi,Kerala,Gold,2022-08-19,2026-07-01T09:00:00
C000231,Isha,Rao,isha.rao231@example.com,9101829289,Hyderabad,Telangana,Platinum,2022-08-20,2026-07-01T09:00:00
C000232,Neha,Gupta,neha.gupta232@example.com,9101837208,Mumbai,Maharashtra,Bronze,2022-08-21,2026-07-01T09:00:00
C000233,Sneha,Verma,sneha.verma233@example.com,9101845127,Bengaluru,Karnataka,Silver,2022-08-22,2026-07-01T09:00:00
C000234,Pooja,Patel,pooja.patel234@example.com,9101853046,Chennai,Tamil Nadu,Gold,2022-08-23,2026-07-01T09:00:00
C000235,Kavya,Kumar,kavya.kumar235@example.com,9101860965,Pune,Maharashtra,Platinum,2022-08-24,2026-07-01T09:00:00
C000236,Meera,Iyer,meera.iyer236@example.com,9101868884,Delhi,Delhi,Bronze,2022-08-25,2026-07-01T09:00:00
C000237,Nikhil,Reddy,nikhil.reddy237@example.com,9101876803,Kolkata,West Bengal,Silver,2022-08-26,2026-07-01T09:00:00
C000238,Vikram,Singh,vikram.singh238@example.com,9101884722,Ahmedabad,Gujarat,Gold,2022-08-27,2026-07-01T09:00:00
C000239,Akash,Nair,akash.nair239@example.com,9101892641,Jaipur,Rajasthan,Platinum,2022-08-28,2026-07-01T09:00:00
C000240,Divya,Sharma,divya.sharma240@example.com,9101900560,Kochi,Kerala,Bronze,2022-08-29,2026-07-01T09:00:00
C000241,Aarav,Rao,aarav.rao241@example.com,9101908479,Hyderabad,Telangana,Silver,2022-08-30,2026-07-01T09:00:00
C000242,Vivaan,Gupta,vivaan.gupta242@example.com,9101916398,Mumbai,Maharashtra,Gold,2022-08-31,2026-07-01T09:00:00
C000243,Aditya,Verma,aditya.verma243@example.com,9101924317,Bengaluru,Karnataka,Platinum,2022-09-01,2026-07-01T09:00:00
C000244,Arjun,Patel,arjun.patel244@example.com,9101932236,Chennai,Tamil Nadu,Bronze,2022-09-02,2026-07-01T09:00:00
C000245,Sai,Kumar,sai.kumar245@example.com,9101940155,Pune,Maharashtra,Silver,2022-09-03,2026-07-01T09:00:00
C000246,Rohan,Iyer,rohan.iyer246@example.com,9101948074,Delhi,Delhi,Gold,2022-09-04,2026-07-01T09:00:00
C000247,Rahul,Reddy,rahul.reddy247@example.com,9101955993,Kolkata,West Bengal,Platinum,2022-09-05,2026-07-01T09:00:00
C000248,Kiran,Singh,kiran.singh248@example.com,9101963912,Ahmedabad,Gujarat,Bronze,2022-09-06,2026-07-01T09:00:00
C000249,Priya,Nair,priya.nair249@example.com,9101971831,Jaipur,Rajasthan,Silver,2022-09-07,2026-07-01T09:00:00
C000250,Ananya,Sharma,ananya.sharma250@example.com,9101979750,Kochi,Kerala,Gold,2022-09-08,2026-07-01T09:00:00
C000251,Isha,Rao,isha.rao251@example.com,9101987669,Hyderabad,Telangana,Platinum,2022-09-09,2026-07-01T09:00:00
C000252,Neha,Gupta,neha.gupta252@example.com,9101995588,Mumbai,Maharashtra,Bronze,2022-09-10,2026-07-01T09:00:00
C000253,Sneha,Verma,sneha.verma253@example.com,9102003507,Bengaluru,Karnataka,Silver,2022-09-11,2026-07-01T09:00:00
C000254,Pooja,Patel,pooja.patel254@example.com,9102011426,Chennai,Tamil Nadu,Gold,2022-09-12,2026-07-01T09:00:00
C000255,Kavya,Kumar,kavya.kumar255@example.com,9102019345,Pune,Maharashtra,Platinum,2022-09-13,2026-07-01T09:00:00
C000256,Meera,Iyer,meera.iyer256@example.com,9102027264,Delhi,Delhi,Bronze,2022-09-14,2026-07-01T09:00:00
C000257,Nikhil,Reddy,nikhil.reddy257@example.com,9102035183,Kolkata,West Bengal,Silver,2022-09-15,2026-07-01T09:00:00
C000258,Vikram,Singh,vikram.singh258@example.com,9102043102,Ahmedabad,Gujarat,Gold,2022-09-16,2026-07-01T09:00:00
C000259,Akash,Nair,akash.nair259@example.com,9102051021,Jaipur,Rajasthan,Platinum,2022-09-17,2026-07-01T09:00:00
C000260,Divya,Sharma,divya.sharma260@example.com,9102058940,Kochi,Kerala,Bronze,2022-09-18,2026-07-01T09:00:00
C000261,Aarav,Rao,aarav.rao261@example.com,9102066859,Hyderabad,Telangana,Silver,2022-09-19,2026-07-01T09:00:00
C000262,Vivaan,Gupta,vivaan.gupta262@example.com,9102074778,Mumbai,Maharashtra,Gold,2022-09-20,2026-07-01T09:00:00
C000263,Aditya,Verma,aditya.verma263@example.com,9102082697,Bengaluru,Karnataka,Platinum,2022-09-21,2026-07-01T09:00:00
C000264,Arjun,Patel,arjun.patel264@example.com,9102090616,Chennai,Tamil Nadu,Bronze,2022-09-22,2026-07-01T09:00:00
C000265,Sai,Kumar,sai.kumar265@example.com,9102098535,Pune,Maharashtra,Silver,2022-09-23,2026-07-01T09:00:00
C000266,Rohan,Iyer,rohan.iyer266@example.com,9102106454,Delhi,Delhi,Gold,2022-09-24,2026-07-01T09:00:00
C000267,Rahul,Reddy,rahul.reddy267@example.com,9102114373,Kolkata,West Bengal,Platinum,2022-09-25,2026-07-01T09:00:00
C000268,Kiran,Singh,kiran.singh268@example.com,9102122292,Ahmedabad,Gujarat,Bronze,2022-09-26,2026-07-01T09:00:00
C000269,Priya,Nair,priya.nair269@example.com,9102130211,Jaipur,Rajasthan,Silver,2022-09-27,2026-07-01T09:00:00
C000270,Ananya,Sharma,ananya.sharma270@example.com,9102138130,Kochi,Kerala,Gold,2022-09-28,2026-07-01T09:00:00
C000271,Isha,Rao,isha.rao271@example.com,9102146049,Hyderabad,Telangana,Platinum,2022-09-29,2026-07-01T09:00:00
C000272,Neha,Gupta,neha.gupta272@example.com,9102153968,Mumbai,Maharashtra,Bronze,2022-09-30,2026-07-01T09:00:00
C000273,Sneha,Verma,sneha.verma273@example.com,9102161887,Bengaluru,Karnataka,Silver,2022-10-01,2026-07-01T09:00:00
C000274,Pooja,Patel,pooja.patel274@example.com,9102169806,Chennai,Tamil Nadu,Gold,2022-10-02,2026-07-01T09:00:00
C000275,Kavya,Kumar,kavya.kumar275@example.com,9102177725,Pune,Maharashtra,Platinum,2022-10-03,2026-07-01T09:00:00
C000276,Meera,Iyer,meera.iyer276@example.com,9102185644,Delhi,Delhi,Bronze,2022-10-04,2026-07-01T09:00:00
C000277,Nikhil,Reddy,nikhil.reddy277@example.com,9102193563,Kolkata,West Bengal,Silver,2022-10-05,2026-07-01T09:00:00
C000278,Vikram,Singh,vikram.singh278@example.com,9102201482,Ahmedabad,Gujarat,Gold,2022-10-06,2026-07-01T09:00:00
C000279,Akash,Nair,akash.nair279@example.com,9102209401,Jaipur,Rajasthan,Platinum,2022-10-07,2026-07-01T09:00:00
C000280,Divya,Sharma,divya.sharma280@example.com,9102217320,Kochi,Kerala,Bronze,2022-10-08,2026-07-01T09:00:00
C000281,Aarav,Rao,aarav.rao281@example.com,9102225239,Hyderabad,Telangana,Silver,2022-10-09,2026-07-01T09:00:00
C000282,Vivaan,Gupta,vivaan.gupta282@example.com,9102233158,Mumbai,Maharashtra,Gold,2022-10-10,2026-07-01T09:00:00
C000283,Aditya,Verma,aditya.verma283@example.com,9102241077,Bengaluru,Karnataka,Platinum,2022-10-11,2026-07-01T09:00:00
C000284,Arjun,Patel,arjun.patel284@example.com,9102248996,Chennai,Tamil Nadu,Bronze,2022-10-12,2026-07-01T09:00:00
C000285,Sai,Kumar,sai.kumar285@example.com,9102256915,Pune,Maharashtra,Silver,2022-10-13,2026-07-01T09:00:00
C000286,Rohan,Iyer,rohan.iyer286@example.com,9102264834,Delhi,Delhi,Gold,2022-10-14,2026-07-01T09:00:00
C000287,Rahul,Reddy,rahul.reddy287@example.com,9102272753,Kolkata,West Bengal,Platinum,2022-10-15,2026-07-01T09:00:00
C000288,Kiran,Singh,kiran.singh288@example.com,9102280672,Ahmedabad,Gujarat,Bronze,2022-10-16,2026-07-01T09:00:00
C000289,Priya,Nair,priya.nair289@example.com,9102288591,Jaipur,Rajasthan,Silver,2022-10-17,2026-07-01T09:00:00
C000290,Ananya,Sharma,ananya.sharma290@example.com,9102296510,Kochi,Kerala,Gold,2022-10-18,2026-07-01T09:00:00
C000291,Isha,Rao,isha.rao291@example.com,9102304429,Hyderabad,Telangana,Platinum,2022-10-19,2026-07-01T09:00:00
C000292,Neha,Gupta,neha.gupta292@example.com,9102312348,Mumbai,Maharashtra,Bronze,2022-10-20,2026-07-01T09:00:00
C000293,Sneha,Verma,sneha.verma293@example.com,9102320267,Bengaluru,Karnataka,Silver,2022-10-21,2026-07-01T09:00:00
C000294,Pooja,Patel,pooja.patel294@example.com,9102328186,Chennai,Tamil Nadu,Gold,2022-10-22,2026-07-01T09:00:00
C000295,Kavya,Kumar,kavya.kumar295@example.com,9102336105,Pune,Maharashtra,Platinum,2022-10-23,2026-07-01T09:00:00
C000296,Meera,Iyer,meera.iyer296@example.com,9102344024,Delhi,Delhi,Bronze,2022-10-24,2026-07-01T09:00:00
C000297,Nikhil,Reddy,nikhil.reddy297@example.com,9102351943,Kolkata,West Bengal,Silver,2022-10-25,2026-07-01T09:00:00
C000298,Vikram,Singh,vikram.singh298@example.com,9102359862,Ahmedabad,Gujarat,Gold,2022-10-26,2026-07-01T09:00:00
C000299,Akash,Nair,akash.nair299@example.com,9102367781,Jaipur,Rajasthan,Platinum,2022-10-27,2026-07-01T09:00:00
C000300,Divya,Sharma,divya.sharma300@example.com,9102375700,Kochi,Kerala,Bronze,2022-10-28,2026-07-01T09:00:00
C000301,Aarav,Rao,aarav.rao301@example.com,9102383619,Hyderabad,Telangana,Silver,2022-10-29,2026-07-01T09:00:00
C000302,Vivaan,Gupta,vivaan.gupta302@example.com,9102391538,Mumbai,Maharashtra,Gold,2022-10-30,2026-07-01T09:00:00
C000303,Aditya,Verma,aditya.verma303@example.com,9102399457,Bengaluru,Karnataka,Platinum,2022-10-31,2026-07-01T09:00:00
C000304,Arjun,Patel,arjun.patel304@example.com,9102407376,Chennai,Tamil Nadu,Bronze,2022-11-01,2026-07-01T09:00:00
C000305,Sai,Kumar,sai.kumar305@example.com,9102415295,Pune,Maharashtra,Silver,2022-11-02,2026-07-01T09:00:00
C000306,Rohan,Iyer,rohan.iyer306@example.com,9102423214,Delhi,Delhi,Gold,2022-11-03,2026-07-01T09:00:00
C000307,Rahul,Reddy,rahul.reddy307@example.com,9102431133,Kolkata,West Bengal,Platinum,2022-11-04,2026-07-01T09:00:00
C000308,Kiran,Singh,kiran.singh308@example.com,9102439052,Ahmedabad,Gujarat,Bronze,2022-11-05,2026-07-01T09:00:00
C000309,Priya,Nair,priya.nair309@example.com,9102446971,Jaipur,Rajasthan,Silver,2022-11-06,2026-07-01T09:00:00
C000310,Ananya,Sharma,ananya.sharma310@example.com,9102454890,Kochi,Kerala,Gold,2022-11-07,2026-07-01T09:00:00
C000311,Isha,Rao,isha.rao311@example.com,9102462809,Hyderabad,Telangana,Platinum,2022-11-08,2026-07-01T09:00:00
C000312,Neha,Gupta,neha.gupta312@example.com,9102470728,Mumbai,Maharashtra,Bronze,2022-11-09,2026-07-01T09:00:00
C000313,Sneha,Verma,sneha.verma313@example.com,9102478647,Bengaluru,Karnataka,Silver,2022-11-10,2026-07-01T09:00:00
C000314,Pooja,Patel,pooja.patel314@example.com,9102486566,Chennai,Tamil Nadu,Gold,2022-11-11,2026-07-01T09:00:00
C000315,Kavya,Kumar,kavya.kumar315@example.com,9102494485,Pune,Maharashtra,Platinum,2022-11-12,2026-07-01T09:00:00
C000316,Meera,Iyer,meera.iyer316@example.com,9102502404,Delhi,Delhi,Bronze,2022-11-13,2026-07-01T09:00:00
C000317,Nikhil,Reddy,nikhil.reddy317@example.com,9102510323,Kolkata,West Bengal,Silver,2022-11-14,2026-07-01T09:00:00
C000318,Vikram,Singh,vikram.singh318@example.com,9102518242,Ahmedabad,Gujarat,Gold,2022-11-15,2026-07-01T09:00:00
C000319,Akash,Nair,akash.nair319@example.com,9102526161,Jaipur,Rajasthan,Platinum,2022-11-16,2026-07-01T09:00:00
C000320,Divya,Sharma,divya.sharma320@example.com,9102534080,Kochi,Kerala,Bronze,2022-11-17,2026-07-01T09:00:00
C000321,Aarav,Rao,aarav.rao321@example.com,9102541999,Hyderabad,Telangana,Silver,2022-11-18,2026-07-01T09:00:00
C000322,Vivaan,Gupta,vivaan.gupta322@example.com,9102549918,Mumbai,Maharashtra,Gold,2022-11-19,2026-07-01T09:00:00
C000323,Aditya,Verma,aditya.verma323@example.com,9102557837,Bengaluru,Karnataka,Platinum,2022-11-20,2026-07-01T09:00:00
C000324,Arjun,Patel,arjun.patel324@example.com,9102565756,Chennai,Tamil Nadu,Bronze,2022-11-21,2026-07-01T09:00:00
C000325,Sai,Kumar,sai.kumar325@example.com,9102573675,Pune,Maharashtra,Silver,2022-11-22,2026-07-01T09:00:00
C000326,Rohan,Iyer,rohan.iyer326@example.com,9102581594,Delhi,Delhi,Gold,2022-11-23,2026-07-01T09:00:00
C000327,Rahul,Reddy,rahul.reddy327@example.com,9102589513,Kolkata,West Bengal,Platinum,2022-11-24,2026-07-01T09:00:00
C000328,Kiran,Singh,kiran.singh328@example.com,9102597432,Ahmedabad,Gujarat,Bronze,2022-11-25,2026-07-01T09:00:00
C000329,Priya,Nair,priya.nair329@example.com,9102605351,Jaipur,Rajasthan,Silver,2022-11-26,2026-07-01T09:00:00
C000330,Ananya,Sharma,ananya.sharma330@example.com,9102613270,Kochi,Kerala,Gold,2022-11-27,2026-07-01T09:00:00
C000331,Isha,Rao,isha.rao331@example.com,9102621189,Hyderabad,Telangana,Platinum,2022-11-28,2026-07-01T09:00:00
C000332,Neha,Gupta,neha.gupta332@example.com,9102629108,Mumbai,Maharashtra,Bronze,2022-11-29,2026-07-01T09:00:00
C000333,Sneha,Verma,sneha.verma333@example.com,9102637027,Bengaluru,Karnataka,Silver,2022-11-30,2026-07-01T09:00:00
C000334,Pooja,Patel,pooja.patel334@example.com,9102644946,Chennai,Tamil Nadu,Gold,2022-12-01,2026-07-01T09:00:00
C000335,Kavya,Kumar,kavya.kumar335@example.com,9102652865,Pune,Maharashtra,Platinum,2022-12-02,2026-07-01T09:00:00
C000336,Meera,Iyer,meera.iyer336@example.com,9102660784,Delhi,Delhi,Bronze,2022-12-03,2026-07-01T09:00:00
C000337,Nikhil,Reddy,nikhil.reddy337@example.com,9102668703,Kolkata,West Bengal,Silver,2022-12-04,2026-07-01T09:00:00
C000338,Vikram,Singh,vikram.singh338@example.com,9102676622,Ahmedabad,Gujarat,Gold,2022-12-05,2026-07-01T09:00:00
C000339,Akash,Nair,akash.nair339@example.com,9102684541,Jaipur,Rajasthan,Platinum,2022-12-06,2026-07-01T09:00:00
C000340,Divya,Sharma,divya.sharma340@example.com,9102692460,Kochi,Kerala,Bronze,2022-12-07,2026-07-01T09:00:00
C000341,Aarav,Rao,aarav.rao341@example.com,9102700379,Hyderabad,Telangana,Silver,2022-12-08,2026-07-01T09:00:00
C000342,Vivaan,Gupta,vivaan.gupta342@example.com,9102708298,Mumbai,Maharashtra,Gold,2022-12-09,2026-07-01T09:00:00
C000343,Aditya,Verma,aditya.verma343@example.com,9102716217,Bengaluru,Karnataka,Platinum,2022-12-10,2026-07-01T09:00:00
C000344,Arjun,Patel,arjun.patel344@example.com,9102724136,Chennai,Tamil Nadu,Bronze,2022-12-11,2026-07-01T09:00:00
C000345,Sai,Kumar,sai.kumar345@example.com,9102732055,Pune,Maharashtra,Silver,2022-12-12,2026-07-01T09:00:00
C000346,Rohan,Iyer,rohan.iyer346@example.com,9102739974,Delhi,Delhi,Gold,2022-12-13,2026-07-01T09:00:00
C000347,Rahul,Reddy,rahul.reddy347@example.com,9102747893,Kolkata,West Bengal,Platinum,2022-12-14,2026-07-01T09:00:00
C000348,Kiran,Singh,kiran.singh348@example.com,9102755812,Ahmedabad,Gujarat,Bronze,2022-12-15,2026-07-01T09:00:00
C000349,Priya,Nair,priya.nair349@example.com,9102763731,Jaipur,Rajasthan,Silver,2022-12-16,2026-07-01T09:00:00
C000350,Ananya,Sharma,ananya.sharma350@example.com,9102771650,Kochi,Kerala,Gold,2022-12-17,2026-07-01T09:00:00
C000351,Isha,Rao,isha.rao351@example.com,9102779569,Hyderabad,Telangana,Platinum,2022-12-18,2026-07-01T09:00:00
C000352,Neha,Gupta,neha.gupta352@example.com,9102787488,Mumbai,Maharashtra,Bronze,2022-12-19,2026-07-01T09:00:00
C000353,Sneha,Verma,sneha.verma353@example.com,9102795407,Bengaluru,Karnataka,Silver,2022-12-20,2026-07-01T09:00:00
C000354,Pooja,Patel,pooja.patel354@example.com,9102803326,Chennai,Tamil Nadu,Gold,2022-12-21,2026-07-01T09:00:00
C000355,Kavya,Kumar,kavya.kumar355@example.com,9102811245,Pune,Maharashtra,Platinum,2022-12-22,2026-07-01T09:00:00
C000356,Meera,Iyer,meera.iyer356@example.com,9102819164,Delhi,Delhi,Bronze,2022-12-23,2026-07-01T09:00:00
C000357,Nikhil,Reddy,nikhil.reddy357@example.com,9102827083,Kolkata,West Bengal,Silver,2022-12-24,2026-07-01T09:00:00
C000358,Vikram,Singh,vikram.singh358@example.com,9102835002,Ahmedabad,Gujarat,Gold,2022-12-25,2026-07-01T09:00:00
C000359,Akash,Nair,akash.nair359@example.com,9102842921,Jaipur,Rajasthan,Platinum,2022-12-26,2026-07-01T09:00:00
C000360,Divya,Sharma,divya.sharma360@example.com,9102850840,Kochi,Kerala,Bronze,2022-12-27,2026-07-01T09:00:00
C000361,Aarav,Rao,aarav.rao361@example.com,9102858759,Hyderabad,Telangana,Silver,2022-12-28,2026-07-01T09:00:00
C000362,Vivaan,Gupta,vivaan.gupta362@example.com,9102866678,Mumbai,Maharashtra,Gold,2022-12-29,2026-07-01T09:00:00
C000363,Aditya,Verma,aditya.verma363@example.com,9102874597,Bengaluru,Karnataka,Platinum,2022-12-30,2026-07-01T09:00:00
C000364,Arjun,Patel,arjun.patel364@example.com,9102882516,Chennai,Tamil Nadu,Bronze,2022-12-31,2026-07-01T09:00:00
C000365,Sai,Kumar,sai.kumar365@example.com,9102890435,Pune,Maharashtra,Silver,2023-01-01,2026-07-01T09:00:00
C000366,Rohan,Iyer,rohan.iyer366@example.com,9102898354,Delhi,Delhi,Gold,2023-01-02,2026-07-01T09:00:00
C000367,Rahul,Reddy,rahul.reddy367@example.com,9102906273,Kolkata,West Bengal,Platinum,2023-01-03,2026-07-01T09:00:00
C000368,Kiran,Singh,kiran.singh368@example.com,9102914192,Ahmedabad,Gujarat,Bronze,2023-01-04,2026-07-01T09:00:00
C000369,Priya,Nair,priya.nair369@example.com,9102922111,Jaipur,Rajasthan,Silver,2023-01-05,2026-07-01T09:00:00
C000370,Ananya,Sharma,ananya.sharma370@example.com,9102930030,Kochi,Kerala,Gold,2023-01-06,2026-07-01T09:00:00
C000371,Isha,Rao,isha.rao371@example.com,9102937949,Hyderabad,Telangana,Platinum,2023-01-07,2026-07-01T09:00:00
C000372,Neha,Gupta,neha.gupta372@example.com,9102945868,Mumbai,Maharashtra,Bronze,2023-01-08,2026-07-01T09:00:00
C000373,Sneha,Verma,sneha.verma373@example.com,9102953787,Bengaluru,Karnataka,Silver,2023-01-09,2026-07-01T09:00:00
C000374,Pooja,Patel,pooja.patel374@example.com,9102961706,Chennai,Tamil Nadu,Gold,2023-01-10,2026-07-01T09:00:00
C000375,Kavya,Kumar,kavya.kumar375@example.com,9102969625,Pune,Maharashtra,Platinum,2023-01-11,2026-07-01T09:00:00
C000376,Meera,Iyer,meera.iyer376@example.com,9102977544,Delhi,Delhi,Bronze,2023-01-12,2026-07-01T09:00:00
C000377,Nikhil,Reddy,nikhil.reddy377@example.com,9102985463,Kolkata,West Bengal,Silver,2023-01-13,2026-07-01T09:00:00
C000378,Vikram,Singh,vikram.singh378@example.com,9102993382,Ahmedabad,Gujarat,Gold,2023-01-14,2026-07-01T09:00:00
C000379,Akash,Nair,akash.nair379@example.com,9103001301,Jaipur,Rajasthan,Platinum,2023-01-15,2026-07-01T09:00:00
C000380,Divya,Sharma,divya.sharma380@example.com,9103009220,Kochi,Kerala,Bronze,2023-01-16,2026-07-01T09:00:00
C000381,Aarav,Rao,aarav.rao381@example.com,9103017139,Hyderabad,Telangana,Silver,2023-01-17,2026-07-01T09:00:00
C000382,Vivaan,Gupta,vivaan.gupta382@example.com,9103025058,Mumbai,Maharashtra,Gold,2023-01-18,2026-07-01T09:00:00
C000383,Aditya,Verma,aditya.verma383@example.com,9103032977,Bengaluru,Karnataka,Platinum,2023-01-19,2026-07-01T09:00:00
C000384,Arjun,Patel,arjun.patel384@example.com,9103040896,Chennai,Tamil Nadu,Bronze,2023-01-20,2026-07-01T09:00:00
C000385,Sai,Kumar,sai.kumar385@example.com,9103048815,Pune,Maharashtra,Silver,2023-01-21,2026-07-01T09:00:00
C000386,Rohan,Iyer,rohan.iyer386@example.com,9103056734,Delhi,Delhi,Gold,2023-01-22,2026-07-01T09:00:00
C000387,Rahul,Reddy,rahul.reddy387@example.com,9103064653,Kolkata,West Bengal,Platinum,2023-01-23,2026-07-01T09:00:00
C000388,Kiran,Singh,kiran.singh388@example.com,9103072572,Ahmedabad,Gujarat,Bronze,2023-01-24,2026-07-01T09:00:00
C000389,Priya,Nair,priya.nair389@example.com,9103080491,Jaipur,Rajasthan,Silver,2023-01-25,2026-07-01T09:00:00
C000390,Ananya,Sharma,ananya.sharma390@example.com,9103088410,Kochi,Kerala,Gold,2023-01-26,2026-07-01T09:00:00
C000391,Isha,Rao,isha.rao391@example.com,9103096329,Hyderabad,Telangana,Platinum,2023-01-27,2026-07-01T09:00:00
C000392,Neha,Gupta,neha.gupta392@example.com,9103104248,Mumbai,Maharashtra,Bronze,2023-01-28,2026-07-01T09:00:00
C000393,Sneha,Verma,sneha.verma393@example.com,9103112167,Bengaluru,Karnataka,Silver,2023-01-29,2026-07-01T09:00:00
C000394,Pooja,Patel,pooja.patel394@example.com,9103120086,Chennai,Tamil Nadu,Gold,2023-01-30,2026-07-01T09:00:00
C000395,Kavya,Kumar,kavya.kumar395@example.com,9103128005,Pune,Maharashtra,Platinum,2023-01-31,2026-07-01T09:00:00
C000396,Meera,Iyer,meera.iyer396@example.com,9103135924,Delhi,Delhi,Bronze,2023-02-01,2026-07-01T09:00:00
C000397,Nikhil,Reddy,nikhil.reddy397@example.com,9103143843,Kolkata,West Bengal,Silver,2023-02-02,2026-07-01T09:00:00
C000398,Vikram,Singh,vikram.singh398@example.com,9103151762,Ahmedabad,Gujarat,Gold,2023-02-03,2026-07-01T09:00:00
C000399,Akash,Nair,akash.nair399@example.com,9103159681,Jaipur,Rajasthan,Platinum,2023-02-04,2026-07-01T09:00:00
C000400,Divya,Sharma,divya.sharma400@example.com,9103167600,Kochi,Kerala,Bronze,2023-02-05,2026-07-01T09:00:00
C000401,Aarav,Rao,aarav.rao401@example.com,9103175519,Hyderabad,Telangana,Silver,2023-02-06,2026-07-01T09:00:00
C000402,Vivaan,Gupta,vivaan.gupta402@example.com,9103183438,Mumbai,Maharashtra,Gold,2023-02-07,2026-07-01T09:00:00
C000403,Aditya,Verma,aditya.verma403@example.com,9103191357,Bengaluru,Karnataka,Platinum,2023-02-08,2026-07-01T09:00:00
C000404,Arjun,Patel,arjun.patel404@example.com,9103199276,Chennai,Tamil Nadu,Bronze,2023-02-09,2026-07-01T09:00:00
C000405,Sai,Kumar,sai.kumar405@example.com,9103207195,Pune,Maharashtra,Silver,2023-02-10,2026-07-01T09:00:00
C000406,Rohan,Iyer,rohan.iyer406@example.com,9103215114,Delhi,Delhi,Gold,2023-02-11,2026-07-01T09:00:00
C000407,Rahul,Reddy,rahul.reddy407@example.com,9103223033,Kolkata,West Bengal,Platinum,2023-02-12,2026-07-01T09:00:00
C000408,Kiran,Singh,kiran.singh408@example.com,9103230952,Ahmedabad,Gujarat,Bronze,2023-02-13,2026-07-01T09:00:00
C000409,Priya,Nair,priya.nair409@example.com,9103238871,Jaipur,Rajasthan,Silver,2023-02-14,2026-07-01T09:00:00
C000410,Ananya,Sharma,ananya.sharma410@example.com,9103246790,Kochi,Kerala,Gold,2023-02-15,2026-07-01T09:00:00
C000411,Isha,Rao,isha.rao411@example.com,9103254709,Hyderabad,Telangana,Platinum,2023-02-16,2026-07-01T09:00:00
C000412,Neha,Gupta,neha.gupta412@example.com,9103262628,Mumbai,Maharashtra,Bronze,2023-02-17,2026-07-01T09:00:00
C000413,Sneha,Verma,sneha.verma413@example.com,9103270547,Bengaluru,Karnataka,Silver,2023-02-18,2026-07-01T09:00:00
C000414,Pooja,Patel,pooja.patel414@example.com,9103278466,Chennai,Tamil Nadu,Gold,2023-02-19,2026-07-01T09:00:00
C000415,Kavya,Kumar,kavya.kumar415@example.com,9103286385,Pune,Maharashtra,Platinum,2023-02-20,2026-07-01T09:00:00
C000416,Meera,Iyer,meera.iyer416@example.com,9103294304,Delhi,Delhi,Bronze,2023-02-21,2026-07-01T09:00:00
C000417,Nikhil,Reddy,nikhil.reddy417@example.com,9103302223,Kolkata,West Bengal,Silver,2023-02-22,2026-07-01T09:00:00
C000418,Vikram,Singh,vikram.singh418@example.com,9103310142,Ahmedabad,Gujarat,Gold,2023-02-23,2026-07-01T09:00:00
C000419,Akash,Nair,akash.nair419@example.com,9103318061,Jaipur,Rajasthan,Platinum,2023-02-24,2026-07-01T09:00:00
C000420,Divya,Sharma,divya.sharma420@example.com,9103325980,Kochi,Kerala,Bronze,2023-02-25,2026-07-01T09:00:00
C000421,Aarav,Rao,aarav.rao421@example.com,9103333899,Hyderabad,Telangana,Silver,2023-02-26,2026-07-01T09:00:00
C000422,Vivaan,Gupta,vivaan.gupta422@example.com,9103341818,Mumbai,Maharashtra,Gold,2023-02-27,2026-07-01T09:00:00
C000423,Aditya,Verma,aditya.verma423@example.com,9103349737,Bengaluru,Karnataka,Platinum,2023-02-28,2026-07-01T09:00:00
C000424,Arjun,Patel,arjun.patel424@example.com,9103357656,Chennai,Tamil Nadu,Bronze,2023-03-01,2026-07-01T09:00:00
C000425,Sai,Kumar,sai.kumar425@example.com,9103365575,Pune,Maharashtra,Silver,2023-03-02,2026-07-01T09:00:00
C000426,Rohan,Iyer,rohan.iyer426@example.com,9103373494,Delhi,Delhi,Gold,2023-03-03,2026-07-01T09:00:00
C000427,Rahul,Reddy,rahul.reddy427@example.com,9103381413,Kolkata,West Bengal,Platinum,2023-03-04,2026-07-01T09:00:00
C000428,Kiran,Singh,kiran.singh428@example.com,9103389332,Ahmedabad,Gujarat,Bronze,2023-03-05,2026-07-01T09:00:00
C000429,Priya,Nair,priya.nair429@example.com,9103397251,Jaipur,Rajasthan,Silver,2023-03-06,2026-07-01T09:00:00
C000430,Ananya,Sharma,ananya.sharma430@example.com,9103405170,Kochi,Kerala,Gold,2023-03-07,2026-07-01T09:00:00
C000431,Isha,Rao,isha.rao431@example.com,9103413089,Hyderabad,Telangana,Platinum,2023-03-08,2026-07-01T09:00:00
C000432,Neha,Gupta,neha.gupta432@example.com,9103421008,Mumbai,Maharashtra,Bronze,2023-03-09,2026-07-01T09:00:00
C000433,Sneha,Verma,sneha.verma433@example.com,9103428927,Bengaluru,Karnataka,Silver,2023-03-10,2026-07-01T09:00:00
C000434,Pooja,Patel,pooja.patel434@example.com,9103436846,Chennai,Tamil Nadu,Gold,2023-03-11,2026-07-01T09:00:00
C000435,Kavya,Kumar,kavya.kumar435@example.com,9103444765,Pune,Maharashtra,Platinum,2023-03-12,2026-07-01T09:00:00
C000436,Meera,Iyer,meera.iyer436@example.com,9103452684,Delhi,Delhi,Bronze,2023-03-13,2026-07-01T09:00:00
C000437,Nikhil,Reddy,nikhil.reddy437@example.com,9103460603,Kolkata,West Bengal,Silver,2023-03-14,2026-07-01T09:00:00
C000438,Vikram,Singh,vikram.singh438@example.com,9103468522,Ahmedabad,Gujarat,Gold,2023-03-15,2026-07-01T09:00:00
C000439,Akash,Nair,akash.nair439@example.com,9103476441,Jaipur,Rajasthan,Platinum,2023-03-16,2026-07-01T09:00:00
C000440,Divya,Sharma,divya.sharma440@example.com,9103484360,Kochi,Kerala,Bronze,2023-03-17,2026-07-01T09:00:00
C000441,Aarav,Rao,aarav.rao441@example.com,9103492279,Hyderabad,Telangana,Silver,2023-03-18,2026-07-01T09:00:00
C000442,Vivaan,Gupta,vivaan.gupta442@example.com,9103500198,Mumbai,Maharashtra,Gold,2023-03-19,2026-07-01T09:00:00
C000443,Aditya,Verma,aditya.verma443@example.com,9103508117,Bengaluru,Karnataka,Platinum,2023-03-20,2026-07-01T09:00:00
C000444,Arjun,Patel,arjun.patel444@example.com,9103516036,Chennai,Tamil Nadu,Bronze,2023-03-21,2026-07-01T09:00:00
C000445,Sai,Kumar,sai.kumar445@example.com,9103523955,Pune,Maharashtra,Silver,2023-03-22,2026-07-01T09:00:00
C000446,Rohan,Iyer,rohan.iyer446@example.com,9103531874,Delhi,Delhi,Gold,2023-03-23,2026-07-01T09:00:00
C000447,Rahul,Reddy,rahul.reddy447@example.com,9103539793,Kolkata,West Bengal,Platinum,2023-03-24,2026-07-01T09:00:00
C000448,Kiran,Singh,kiran.singh448@example.com,9103547712,Ahmedabad,Gujarat,Bronze,2023-03-25,2026-07-01T09:00:00
C000449,Priya,Nair,priya.nair449@example.com,9103555631,Jaipur,Rajasthan,Silver,2023-03-26,2026-07-01T09:00:00
C000450,Ananya,Sharma,ananya.sharma450@example.com,9103563550,Kochi,Kerala,Gold,2023-03-27,2026-07-01T09:00:00
C000451,Isha,Rao,isha.rao451@example.com,9103571469,Hyderabad,Telangana,Platinum,2023-03-28,2026-07-01T09:00:00
C000452,Neha,Gupta,neha.gupta452@example.com,9103579388,Mumbai,Maharashtra,Bronze,2023-03-29,2026-07-01T09:00:00
C000453,Sneha,Verma,sneha.verma453@example.com,9103587307,Bengaluru,Karnataka,Silver,2023-03-30,2026-07-01T09:00:00
C000454,Pooja,Patel,pooja.patel454@example.com,9103595226,Chennai,Tamil Nadu,Gold,2023-03-31,2026-07-01T09:00:00
C000455,Kavya,Kumar,kavya.kumar455@example.com,9103603145,Pune,Maharashtra,Platinum,2023-04-01,2026-07-01T09:00:00
C000456,Meera,Iyer,meera.iyer456@example.com,9103611064,Delhi,Delhi,Bronze,2023-04-02,2026-07-01T09:00:00
C000457,Nikhil,Reddy,nikhil.reddy457@example.com,9103618983,Kolkata,West Bengal,Silver,2023-04-03,2026-07-01T09:00:00
C000458,Vikram,Singh,vikram.singh458@example.com,9103626902,Ahmedabad,Gujarat,Gold,2023-04-04,2026-07-01T09:00:00
C000459,Akash,Nair,akash.nair459@example.com,9103634821,Jaipur,Rajasthan,Platinum,2023-04-05,2026-07-01T09:00:00
C000460,Divya,Sharma,divya.sharma460@example.com,9103642740,Kochi,Kerala,Bronze,2023-04-06,2026-07-01T09:00:00
C000461,Aarav,Rao,aarav.rao461@example.com,9103650659,Hyderabad,Telangana,Silver,2023-04-07,2026-07-01T09:00:00
C000462,Vivaan,Gupta,vivaan.gupta462@example.com,9103658578,Mumbai,Maharashtra,Gold,2023-04-08,2026-07-01T09:00:00
C000463,Aditya,Verma,aditya.verma463@example.com,9103666497,Bengaluru,Karnataka,Platinum,2023-04-09,2026-07-01T09:00:00
C000464,Arjun,Patel,arjun.patel464@example.com,9103674416,Chennai,Tamil Nadu,Bronze,2023-04-10,2026-07-01T09:00:00
C000465,Sai,Kumar,sai.kumar465@example.com,9103682335,Pune,Maharashtra,Silver,2023-04-11,2026-07-01T09:00:00
C000466,Rohan,Iyer,rohan.iyer466@example.com,9103690254,Delhi,Delhi,Gold,2023-04-12,2026-07-01T09:00:00
C000467,Rahul,Reddy,rahul.reddy467@example.com,9103698173,Kolkata,West Bengal,Platinum,2023-04-13,2026-07-01T09:00:00
C000468,Kiran,Singh,kiran.singh468@example.com,9103706092,Ahmedabad,Gujarat,Bronze,2023-04-14,2026-07-01T09:00:00
C000469,Priya,Nair,priya.nair469@example.com,9103714011,Jaipur,Rajasthan,Silver,2023-04-15,2026-07-01T09:00:00
C000470,Ananya,Sharma,ananya.sharma470@example.com,9103721930,Kochi,Kerala,Gold,2023-04-16,2026-07-01T09:00:00
C000471,Isha,Rao,isha.rao471@example.com,9103729849,Hyderabad,Telangana,Platinum,2023-04-17,2026-07-01T09:00:00
C000472,Neha,Gupta,neha.gupta472@example.com,9103737768,Mumbai,Maharashtra,Bronze,2023-04-18,2026-07-01T09:00:00
C000473,Sneha,Verma,sneha.verma473@example.com,9103745687,Bengaluru,Karnataka,Silver,2023-04-19,2026-07-01T09:00:00
C000474,Pooja,Patel,pooja.patel474@example.com,9103753606,Chennai,Tamil Nadu,Gold,2023-04-20,2026-07-01T09:00:00
C000475,Kavya,Kumar,kavya.kumar475@example.com,9103761525,Pune,Maharashtra,Platinum,2023-04-21,2026-07-01T09:00:00
C000476,Meera,Iyer,meera.iyer476@example.com,9103769444,Delhi,Delhi,Bronze,2023-04-22,2026-07-01T09:00:00
C000477,Nikhil,Reddy,nikhil.reddy477@example.com,9103777363,Kolkata,West Bengal,Silver,2023-04-23,2026-07-01T09:00:00
C000478,Vikram,Singh,vikram.singh478@example.com,9103785282,Ahmedabad,Gujarat,Gold,2023-04-24,2026-07-01T09:00:00
C000479,Akash,Nair,akash.nair479@example.com,9103793201,Jaipur,Rajasthan,Platinum,2023-04-25,2026-07-01T09:00:00
C000480,Divya,Sharma,divya.sharma480@example.com,9103801120,Kochi,Kerala,Bronze,2023-04-26,2026-07-01T09:00:00
C000481,Aarav,Rao,aarav.rao481@example.com,9103809039,Hyderabad,Telangana,Silver,2023-04-27,2026-07-01T09:00:00
C000482,Vivaan,Gupta,vivaan.gupta482@example.com,9103816958,Mumbai,Maharashtra,Gold,2023-04-28,2026-07-01T09:00:00
C000483,Aditya,Verma,aditya.verma483@example.com,9103824877,Bengaluru,Karnataka,Platinum,2023-04-29,2026-07-01T09:00:00
C000484,Arjun,Patel,arjun.patel484@example.com,9103832796,Chennai,Tamil Nadu,Bronze,2023-04-30,2026-07-01T09:00:00
C000485,Sai,Kumar,sai.kumar485@example.com,9103840715,Pune,Maharashtra,Silver,2023-05-01,2026-07-01T09:00:00
C000486,Rohan,Iyer,rohan.iyer486@example.com,9103848634,Delhi,Delhi,Gold,2023-05-02,2026-07-01T09:00:00
C000487,Rahul,Reddy,rahul.reddy487@example.com,9103856553,Kolkata,West Bengal,Platinum,2023-05-03,2026-07-01T09:00:00
C000488,Kiran,Singh,kiran.singh488@example.com,9103864472,Ahmedabad,Gujarat,Bronze,2023-05-04,2026-07-01T09:00:00
C000489,Priya,Nair,priya.nair489@example.com,9103872391,Jaipur,Rajasthan,Silver,2023-05-05,2026-07-01T09:00:00
C000490,Ananya,Sharma,ananya.sharma490@example.com,9103880310,Kochi,Kerala,Gold,2023-05-06,2026-07-01T09:00:00
C000491,Isha,Rao,isha.rao491@example.com,9103888229,Hyderabad,Telangana,Platinum,2023-05-07,2026-07-01T09:00:00
C000492,Neha,Gupta,neha.gupta492@example.com,9103896148,Mumbai,Maharashtra,Bronze,2023-05-08,2026-07-01T09:00:00
C000493,Sneha,Verma,sneha.verma493@example.com,9103904067,Bengaluru,Karnataka,Silver,2023-05-09,2026-07-01T09:00:00
C000494,Pooja,Patel,pooja.patel494@example.com,9103911986,Chennai,Tamil Nadu,Gold,2023-05-10,2026-07-01T09:00:00
C000495,Kavya,Kumar,kavya.kumar495@example.com,9103919905,Pune,Maharashtra,Platinum,2023-05-11,2026-07-01T09:00:00
C000496,Meera,Iyer,meera.iyer496@example.com,9103927824,Delhi,Delhi,Bronze,2023-05-12,2026-07-01T09:00:00
C000497,Nikhil,Reddy,nikhil.reddy497@example.com,9103935743,Kolkata,West Bengal,Silver,2023-05-13,2026-07-01T09:00:00
C000498,Vikram,Singh,vikram.singh498@example.com,9103943662,Ahmedabad,Gujarat,Gold,2023-05-14,2026-07-01T09:00:00
C000499,Akash,Nair,akash.nair499@example.com,9103951581,Jaipur,Rajasthan,Platinum,2023-05-15,2026-07-01T09:00:00
C000500,Divya,Sharma,divya.sharma500@example.com,9103959500,Kochi,Kerala,Bronze,2023-05-16,2026-07-01T09:00:00
C000501,Aarav,Rao,aarav.rao501@example.com,9103967419,Hyderabad,Telangana,Silver,2023-05-17,2026-07-01T09:00:00
C000502,Vivaan,Gupta,vivaan.gupta502@example.com,9103975338,Mumbai,Maharashtra,Gold,2023-05-18,2026-07-01T09:00:00
C000503,Aditya,Verma,aditya.verma503@example.com,9103983257,Bengaluru,Karnataka,Platinum,2023-05-19,2026-07-01T09:00:00
C000504,Arjun,Patel,arjun.patel504@example.com,9103991176,Chennai,Tamil Nadu,Bronze,2023-05-20,2026-07-01T09:00:00
C000505,Sai,Kumar,sai.kumar505@example.com,9103999095,Pune,Maharashtra,Silver,2023-05-21,2026-07-01T09:00:00
C000506,Rohan,Iyer,rohan.iyer506@example.com,9104007014,Delhi,Delhi,Gold,2023-05-22,2026-07-01T09:00:00
C000507,Rahul,Reddy,rahul.reddy507@example.com,9104014933,Kolkata,West Bengal,Platinum,2023-05-23,2026-07-01T09:00:00
C000508,Kiran,Singh,kiran.singh508@example.com,9104022852,Ahmedabad,Gujarat,Bronze,2023-05-24,2026-07-01T09:00:00
C000509,Priya,Nair,priya.nair509@example.com,9104030771,Jaipur,Rajasthan,Silver,2023-05-25,2026-07-01T09:00:00
C000510,Ananya,Sharma,ananya.sharma510@example.com,9104038690,Kochi,Kerala,Gold,2023-05-26,2026-07-01T09:00:00
C000511,Isha,Rao,isha.rao511@example.com,9104046609,Hyderabad,Telangana,Platinum,2023-05-27,2026-07-01T09:00:00
C000512,Neha,Gupta,neha.gupta512@example.com,9104054528,Mumbai,Maharashtra,Bronze,2023-05-28,2026-07-01T09:00:00
C000513,Sneha,Verma,sneha.verma513@example.com,9104062447,Bengaluru,Karnataka,Silver,2023-05-29,2026-07-01T09:00:00
C000514,Pooja,Patel,pooja.patel514@example.com,9104070366,Chennai,Tamil Nadu,Gold,2023-05-30,2026-07-01T09:00:00
C000515,Kavya,Kumar,kavya.kumar515@example.com,9104078285,Pune,Maharashtra,Platinum,2023-05-31,2026-07-01T09:00:00
C000516,Meera,Iyer,meera.iyer516@example.com,9104086204,Delhi,Delhi,Bronze,2023-06-01,2026-07-01T09:00:00
C000517,Nikhil,Reddy,nikhil.reddy517@example.com,9104094123,Kolkata,West Bengal,Silver,2023-06-02,2026-07-01T09:00:00
C000518,Vikram,Singh,vikram.singh518@example.com,9104102042,Ahmedabad,Gujarat,Gold,2023-06-03,2026-07-01T09:00:00
C000519,Akash,Nair,akash.nair519@example.com,9104109961,Jaipur,Rajasthan,Platinum,2023-06-04,2026-07-01T09:00:00
C000520,Divya,Sharma,divya.sharma520@example.com,9104117880,Kochi,Kerala,Bronze,2023-06-05,2026-07-01T09:00:00
C000521,Aarav,Rao,aarav.rao521@example.com,9104125799,Hyderabad,Telangana,Silver,2023-06-06,2026-07-01T09:00:00
C000522,Vivaan,Gupta,vivaan.gupta522@example.com,9104133718,Mumbai,Maharashtra,Gold,2023-06-07,2026-07-01T09:00:00
C000523,Aditya,Verma,aditya.verma523@example.com,9104141637,Bengaluru,Karnataka,Platinum,2023-06-08,2026-07-01T09:00:00
C000524,Arjun,Patel,arjun.patel524@example.com,9104149556,Chennai,Tamil Nadu,Bronze,2023-06-09,2026-07-01T09:00:00
C000525,Sai,Kumar,sai.kumar525@example.com,9104157475,Pune,Maharashtra,Silver,2023-06-10,2026-07-01T09:00:00
C000526,Rohan,Iyer,rohan.iyer526@example.com,9104165394,Delhi,Delhi,Gold,2023-06-11,2026-07-01T09:00:00
C000527,Rahul,Reddy,rahul.reddy527@example.com,9104173313,Kolkata,West Bengal,Platinum,2023-06-12,2026-07-01T09:00:00
C000528,Kiran,Singh,kiran.singh528@example.com,9104181232,Ahmedabad,Gujarat,Bronze,2023-06-13,2026-07-01T09:00:00
C000529,Priya,Nair,priya.nair529@example.com,9104189151,Jaipur,Rajasthan,Silver,2023-06-14,2026-07-01T09:00:00
C000530,Ananya,Sharma,ananya.sharma530@example.com,9104197070,Kochi,Kerala,Gold,2023-06-15,2026-07-01T09:00:00
C000531,Isha,Rao,isha.rao531@example.com,9104204989,Hyderabad,Telangana,Platinum,2023-06-16,2026-07-01T09:00:00
C000532,Neha,Gupta,neha.gupta532@example.com,9104212908,Mumbai,Maharashtra,Bronze,2023-06-17,2026-07-01T09:00:00
C000533,Sneha,Verma,sneha.verma533@example.com,9104220827,Bengaluru,Karnataka,Silver,2023-06-18,2026-07-01T09:00:00
C000534,Pooja,Patel,pooja.patel534@example.com,9104228746,Chennai,Tamil Nadu,Gold,2023-06-19,2026-07-01T09:00:00
C000535,Kavya,Kumar,kavya.kumar535@example.com,9104236665,Pune,Maharashtra,Platinum,2023-06-20,2026-07-01T09:00:00
C000536,Meera,Iyer,meera.iyer536@example.com,9104244584,Delhi,Delhi,Bronze,2023-06-21,2026-07-01T09:00:00
C000537,Nikhil,Reddy,nikhil.reddy537@example.com,9104252503,Kolkata,West Bengal,Silver,2023-06-22,2026-07-01T09:00:00
C000538,Vikram,Singh,vikram.singh538@example.com,9104260422,Ahmedabad,Gujarat,Gold,2023-06-23,2026-07-01T09:00:00
C000539,Akash,Nair,akash.nair539@example.com,9104268341,Jaipur,Rajasthan,Platinum,2023-06-24,2026-07-01T09:00:00
C000540,Divya,Sharma,divya.sharma540@example.com,9104276260,Kochi,Kerala,Bronze,2023-06-25,2026-07-01T09:00:00
C000541,Aarav,Rao,aarav.rao541@example.com,9104284179,Hyderabad,Telangana,Silver,2023-06-26,2026-07-01T09:00:00
C000542,Vivaan,Gupta,vivaan.gupta542@example.com,9104292098,Mumbai,Maharashtra,Gold,2023-06-27,2026-07-01T09:00:00
C000543,Aditya,Verma,aditya.verma543@example.com,9104300017,Bengaluru,Karnataka,Platinum,2023-06-28,2026-07-01T09:00:00
C000544,Arjun,Patel,arjun.patel544@example.com,9104307936,Chennai,Tamil Nadu,Bronze,2023-06-29,2026-07-01T09:00:00
C000545,Sai,Kumar,sai.kumar545@example.com,9104315855,Pune,Maharashtra,Silver,2023-06-30,2026-07-01T09:00:00
C000546,Rohan,Iyer,rohan.iyer546@example.com,9104323774,Delhi,Delhi,Gold,2023-07-01,2026-07-01T09:00:00
C000547,Rahul,Reddy,rahul.reddy547@example.com,9104331693,Kolkata,West Bengal,Platinum,2023-07-02,2026-07-01T09:00:00
C000548,Kiran,Singh,kiran.singh548@example.com,9104339612,Ahmedabad,Gujarat,Bronze,2023-07-03,2026-07-01T09:00:00
C000549,Priya,Nair,priya.nair549@example.com,9104347531,Jaipur,Rajasthan,Silver,2023-07-04,2026-07-01T09:00:00
C000550,Ananya,Sharma,ananya.sharma550@example.com,9104355450,Kochi,Kerala,Gold,2023-07-05,2026-07-01T09:00:00
C000551,Isha,Rao,isha.rao551@example.com,9104363369,Hyderabad,Telangana,Platinum,2023-07-06,2026-07-01T09:00:00
C000552,Neha,Gupta,neha.gupta552@example.com,9104371288,Mumbai,Maharashtra,Bronze,2023-07-07,2026-07-01T09:00:00
C000553,Sneha,Verma,sneha.verma553@example.com,9104379207,Bengaluru,Karnataka,Silver,2023-07-08,2026-07-01T09:00:00
C000554,Pooja,Patel,pooja.patel554@example.com,9104387126,Chennai,Tamil Nadu,Gold,2023-07-09,2026-07-01T09:00:00
C000555,Kavya,Kumar,kavya.kumar555@example.com,9104395045,Pune,Maharashtra,Platinum,2023-07-10,2026-07-01T09:00:00
C000556,Meera,Iyer,meera.iyer556@example.com,9104402964,Delhi,Delhi,Bronze,2023-07-11,2026-07-01T09:00:00
C000557,Nikhil,Reddy,nikhil.reddy557@example.com,9104410883,Kolkata,West Bengal,Silver,2023-07-12,2026-07-01T09:00:00
C000558,Vikram,Singh,vikram.singh558@example.com,9104418802,Ahmedabad,Gujarat,Gold,2023-07-13,2026-07-01T09:00:00
C000559,Akash,Nair,akash.nair559@example.com,9104426721,Jaipur,Rajasthan,Platinum,2023-07-14,2026-07-01T09:00:00
C000560,Divya,Sharma,divya.sharma560@example.com,9104434640,Kochi,Kerala,Bronze,2023-07-15,2026-07-01T09:00:00
C000561,Aarav,Rao,aarav.rao561@example.com,9104442559,Hyderabad,Telangana,Silver,2023-07-16,2026-07-01T09:00:00
C000562,Vivaan,Gupta,vivaan.gupta562@example.com,9104450478,Mumbai,Maharashtra,Gold,2023-07-17,2026-07-01T09:00:00
C000563,Aditya,Verma,aditya.verma563@example.com,9104458397,Bengaluru,Karnataka,Platinum,2023-07-18,2026-07-01T09:00:00
C000564,Arjun,Patel,arjun.patel564@example.com,9104466316,Chennai,Tamil Nadu,Bronze,2023-07-19,2026-07-01T09:00:00
C000565,Sai,Kumar,sai.kumar565@example.com,9104474235,Pune,Maharashtra,Silver,2023-07-20,2026-07-01T09:00:00
C000566,Rohan,Iyer,rohan.iyer566@example.com,9104482154,Delhi,Delhi,Gold,2023-07-21,2026-07-01T09:00:00
C000567,Rahul,Reddy,rahul.reddy567@example.com,9104490073,Kolkata,West Bengal,Platinum,2023-07-22,2026-07-01T09:00:00
C000568,Kiran,Singh,kiran.singh568@example.com,9104497992,Ahmedabad,Gujarat,Bronze,2023-07-23,2026-07-01T09:00:00
C000569,Priya,Nair,priya.nair569@example.com,9104505911,Jaipur,Rajasthan,Silver,2023-07-24,2026-07-01T09:00:00
C000570,Ananya,Sharma,ananya.sharma570@example.com,9104513830,Kochi,Kerala,Gold,2023-07-25,2026-07-01T09:00:00
C000571,Isha,Rao,isha.rao571@example.com,9104521749,Hyderabad,Telangana,Platinum,2023-07-26,2026-07-01T09:00:00
C000572,Neha,Gupta,neha.gupta572@example.com,9104529668,Mumbai,Maharashtra,Bronze,2023-07-27,2026-07-01T09:00:00
C000573,Sneha,Verma,sneha.verma573@example.com,9104537587,Bengaluru,Karnataka,Silver,2023-07-28,2026-07-01T09:00:00
C000574,Pooja,Patel,pooja.patel574@example.com,9104545506,Chennai,Tamil Nadu,Gold,2023-07-29,2026-07-01T09:00:00
C000575,Kavya,Kumar,kavya.kumar575@example.com,9104553425,Pune,Maharashtra,Platinum,2023-07-30,2026-07-01T09:00:00
C000576,Meera,Iyer,meera.iyer576@example.com,9104561344,Delhi,Delhi,Bronze,2023-07-31,2026-07-01T09:00:00
C000577,Nikhil,Reddy,nikhil.reddy577@example.com,9104569263,Kolkata,West Bengal,Silver,2023-08-01,2026-07-01T09:00:00
C000578,Vikram,Singh,vikram.singh578@example.com,9104577182,Ahmedabad,Gujarat,Gold,2023-08-02,2026-07-01T09:00:00
C000579,Akash,Nair,akash.nair579@example.com,9104585101,Jaipur,Rajasthan,Platinum,2023-08-03,2026-07-01T09:00:00
C000580,Divya,Sharma,divya.sharma580@example.com,9104593020,Kochi,Kerala,Bronze,2023-08-04,2026-07-01T09:00:00
C000581,Aarav,Rao,aarav.rao581@example.com,9104600939,Hyderabad,Telangana,Silver,2023-08-05,2026-07-01T09:00:00
C000582,Vivaan,Gupta,vivaan.gupta582@example.com,9104608858,Mumbai,Maharashtra,Gold,2023-08-06,2026-07-01T09:00:00
C000583,Aditya,Verma,aditya.verma583@example.com,9104616777,Bengaluru,Karnataka,Platinum,2023-08-07,2026-07-01T09:00:00
C000584,Arjun,Patel,arjun.patel584@example.com,9104624696,Chennai,Tamil Nadu,Bronze,2023-08-08,2026-07-01T09:00:00
C000585,Sai,Kumar,sai.kumar585@example.com,9104632615,Pune,Maharashtra,Silver,2023-08-09,2026-07-01T09:00:00
C000586,Rohan,Iyer,rohan.iyer586@example.com,9104640534,Delhi,Delhi,Gold,2023-08-10,2026-07-01T09:00:00
C000587,Rahul,Reddy,rahul.reddy587@example.com,9104648453,Kolkata,West Bengal,Platinum,2023-08-11,2026-07-01T09:00:00
C000588,Kiran,Singh,kiran.singh588@example.com,9104656372,Ahmedabad,Gujarat,Bronze,2023-08-12,2026-07-01T09:00:00
C000589,Priya,Nair,priya.nair589@example.com,9104664291,Jaipur,Rajasthan,Silver,2023-08-13,2026-07-01T09:00:00
C000590,Ananya,Sharma,ananya.sharma590@example.com,9104672210,Kochi,Kerala,Gold,2023-08-14,2026-07-01T09:00:00
C000591,Isha,Rao,isha.rao591@example.com,9104680129,Hyderabad,Telangana,Platinum,2023-08-15,2026-07-01T09:00:00
C000592,Neha,Gupta,neha.gupta592@example.com,9104688048,Mumbai,Maharashtra,Bronze,2023-08-16,2026-07-01T09:00:00
C000593,Sneha,Verma,sneha.verma593@example.com,9104695967,Bengaluru,Karnataka,Silver,2023-08-17,2026-07-01T09:00:00
C000594,Pooja,Patel,pooja.patel594@example.com,9104703886,Chennai,Tamil Nadu,Gold,2023-08-18,2026-07-01T09:00:00
C000595,Kavya,Kumar,kavya.kumar595@example.com,9104711805,Pune,Maharashtra,Platinum,2023-08-19,2026-07-01T09:00:00
C000596,Meera,Iyer,meera.iyer596@example.com,9104719724,Delhi,Delhi,Bronze,2023-08-20,2026-07-01T09:00:00
C000597,Nikhil,Reddy,nikhil.reddy597@example.com,9104727643,Kolkata,West Bengal,Silver,2023-08-21,2026-07-01T09:00:00
C000598,Vikram,Singh,vikram.singh598@example.com,9104735562,Ahmedabad,Gujarat,Gold,2023-08-22,2026-07-01T09:00:00
C000599,Akash,Nair,akash.nair599@example.com,9104743481,Jaipur,Rajasthan,Platinum,2023-08-23,2026-07-01T09:00:00
C000600,Divya,Sharma,divya.sharma600@example.com,9104751400,Kochi,Kerala,Bronze,2023-08-24,2026-07-01T09:00:00
C000601,Aarav,Rao,aarav.rao601@example.com,9104759319,Hyderabad,Telangana,Silver,2023-08-25,2026-07-01T09:00:00
C000602,Vivaan,Gupta,vivaan.gupta602@example.com,9104767238,Mumbai,Maharashtra,Gold,2023-08-26,2026-07-01T09:00:00
C000603,Aditya,Verma,aditya.verma603@example.com,9104775157,Bengaluru,Karnataka,Platinum,2023-08-27,2026-07-01T09:00:00
C000604,Arjun,Patel,arjun.patel604@example.com,9104783076,Chennai,Tamil Nadu,Bronze,2023-08-28,2026-07-01T09:00:00
C000605,Sai,Kumar,sai.kumar605@example.com,9104790995,Pune,Maharashtra,Silver,2023-08-29,2026-07-01T09:00:00
C000606,Rohan,Iyer,rohan.iyer606@example.com,9104798914,Delhi,Delhi,Gold,2023-08-30,2026-07-01T09:00:00
C000607,Rahul,Reddy,rahul.reddy607@example.com,9104806833,Kolkata,West Bengal,Platinum,2023-08-31,2026-07-01T09:00:00
C000608,Kiran,Singh,kiran.singh608@example.com,9104814752,Ahmedabad,Gujarat,Bronze,2023-09-01,2026-07-01T09:00:00
C000609,Priya,Nair,priya.nair609@example.com,9104822671,Jaipur,Rajasthan,Silver,2023-09-02,2026-07-01T09:00:00
C000610,Ananya,Sharma,ananya.sharma610@example.com,9104830590,Kochi,Kerala,Gold,2023-09-03,2026-07-01T09:00:00
C000611,Isha,Rao,isha.rao611@example.com,9104838509,Hyderabad,Telangana,Platinum,2023-09-04,2026-07-01T09:00:00
C000612,Neha,Gupta,neha.gupta612@example.com,9104846428,Mumbai,Maharashtra,Bronze,2023-09-05,2026-07-01T09:00:00
C000613,Sneha,Verma,sneha.verma613@example.com,9104854347,Bengaluru,Karnataka,Silver,2023-09-06,2026-07-01T09:00:00
C000614,Pooja,Patel,pooja.patel614@example.com,9104862266,Chennai,Tamil Nadu,Gold,2023-09-07,2026-07-01T09:00:00
C000615,Kavya,Kumar,kavya.kumar615@example.com,9104870185,Pune,Maharashtra,Platinum,2023-09-08,2026-07-01T09:00:00
C000616,Meera,Iyer,meera.iyer616@example.com,9104878104,Delhi,Delhi,Bronze,2023-09-09,2026-07-01T09:00:00
C000617,Nikhil,Reddy,nikhil.reddy617@example.com,9104886023,Kolkata,West Bengal,Silver,2023-09-10,2026-07-01T09:00:00
C000618,Vikram,Singh,vikram.singh618@example.com,9104893942,Ahmedabad,Gujarat,Gold,2023-09-11,2026-07-01T09:00:00
C000619,Akash,Nair,akash.nair619@example.com,9104901861,Jaipur,Rajasthan,Platinum,2023-09-12,2026-07-01T09:00:00
C000620,Divya,Sharma,divya.sharma620@example.com,9104909780,Kochi,Kerala,Bronze,2023-09-13,2026-07-01T09:00:00
C000621,Aarav,Rao,aarav.rao621@example.com,9104917699,Hyderabad,Telangana,Silver,2023-09-14,2026-07-01T09:00:00
C000622,Vivaan,Gupta,vivaan.gupta622@example.com,9104925618,Mumbai,Maharashtra,Gold,2023-09-15,2026-07-01T09:00:00
C000623,Aditya,Verma,aditya.verma623@example.com,9104933537,Bengaluru,Karnataka,Platinum,2023-09-16,2026-07-01T09:00:00
C000624,Arjun,Patel,arjun.patel624@example.com,9104941456,Chennai,Tamil Nadu,Bronze,2023-09-17,2026-07-01T09:00:00
C000625,Sai,Kumar,sai.kumar625@example.com,9104949375,Pune,Maharashtra,Silver,2023-09-18,2026-07-01T09:00:00
C000626,Rohan,Iyer,rohan.iyer626@example.com,9104957294,Delhi,Delhi,Gold,2023-09-19,2026-07-01T09:00:00
C000627,Rahul,Reddy,rahul.reddy627@example.com,9104965213,Kolkata,West Bengal,Platinum,2023-09-20,2026-07-01T09:00:00
C000628,Kiran,Singh,kiran.singh628@example.com,9104973132,Ahmedabad,Gujarat,Bronze,2023-09-21,2026-07-01T09:00:00
C000629,Priya,Nair,priya.nair629@example.com,9104981051,Jaipur,Rajasthan,Silver,2023-09-22,2026-07-01T09:00:00
C000630,Ananya,Sharma,ananya.sharma630@example.com,9104988970,Kochi,Kerala,Gold,2023-09-23,2026-07-01T09:00:00
C000631,Isha,Rao,isha.rao631@example.com,9104996889,Hyderabad,Telangana,Platinum,2023-09-24,2026-07-01T09:00:00
C000632,Neha,Gupta,neha.gupta632@example.com,9105004808,Mumbai,Maharashtra,Bronze,2023-09-25,2026-07-01T09:00:00
C000633,Sneha,Verma,sneha.verma633@example.com,9105012727,Bengaluru,Karnataka,Silver,2023-09-26,2026-07-01T09:00:00
C000634,Pooja,Patel,pooja.patel634@example.com,9105020646,Chennai,Tamil Nadu,Gold,2023-09-27,2026-07-01T09:00:00
C000635,Kavya,Kumar,kavya.kumar635@example.com,9105028565,Pune,Maharashtra,Platinum,2023-09-28,2026-07-01T09:00:00
C000636,Meera,Iyer,meera.iyer636@example.com,9105036484,Delhi,Delhi,Bronze,2023-09-29,2026-07-01T09:00:00
C000637,Nikhil,Reddy,nikhil.reddy637@example.com,9105044403,Kolkata,West Bengal,Silver,2023-09-30,2026-07-01T09:00:00
C000638,Vikram,Singh,vikram.singh638@example.com,9105052322,Ahmedabad,Gujarat,Gold,2023-10-01,2026-07-01T09:00:00
C000639,Akash,Nair,akash.nair639@example.com,9105060241,Jaipur,Rajasthan,Platinum,2023-10-02,2026-07-01T09:00:00
C000640,Divya,Sharma,divya.sharma640@example.com,9105068160,Kochi,Kerala,Bronze,2023-10-03,2026-07-01T09:00:00
C000641,Aarav,Rao,aarav.rao641@example.com,9105076079,Hyderabad,Telangana,Silver,2023-10-04,2026-07-01T09:00:00
C000642,Vivaan,Gupta,vivaan.gupta642@example.com,9105083998,Mumbai,Maharashtra,Gold,2023-10-05,2026-07-01T09:00:00
C000643,Aditya,Verma,aditya.verma643@example.com,9105091917,Bengaluru,Karnataka,Platinum,2023-10-06,2026-07-01T09:00:00
C000644,Arjun,Patel,arjun.patel644@example.com,9105099836,Chennai,Tamil Nadu,Bronze,2023-10-07,2026-07-01T09:00:00
C000645,Sai,Kumar,sai.kumar645@example.com,9105107755,Pune,Maharashtra,Silver,2023-10-08,2026-07-01T09:00:00
C000646,Rohan,Iyer,rohan.iyer646@example.com,9105115674,Delhi,Delhi,Gold,2023-10-09,2026-07-01T09:00:00
C000647,Rahul,Reddy,rahul.reddy647@example.com,9105123593,Kolkata,West Bengal,Platinum,2023-10-10,2026-07-01T09:00:00
C000648,Kiran,Singh,kiran.singh648@example.com,9105131512,Ahmedabad,Gujarat,Bronze,2023-10-11,2026-07-01T09:00:00
C000649,Priya,Nair,priya.nair649@example.com,9105139431,Jaipur,Rajasthan,Silver,2023-10-12,2026-07-01T09:00:00
C000650,Ananya,Sharma,ananya.sharma650@example.com,9105147350,Kochi,Kerala,Gold,2023-10-13,2026-07-01T09:00:00
C000651,Isha,Rao,isha.rao651@example.com,9105155269,Hyderabad,Telangana,Platinum,2023-10-14,2026-07-01T09:00:00
C000652,Neha,Gupta,neha.gupta652@example.com,9105163188,Mumbai,Maharashtra,Bronze,2023-10-15,2026-07-01T09:00:00
C000653,Sneha,Verma,sneha.verma653@example.com,9105171107,Bengaluru,Karnataka,Silver,2023-10-16,2026-07-01T09:00:00
C000654,Pooja,Patel,pooja.patel654@example.com,9105179026,Chennai,Tamil Nadu,Gold,2023-10-17,2026-07-01T09:00:00
C000655,Kavya,Kumar,kavya.kumar655@example.com,9105186945,Pune,Maharashtra,Platinum,2023-10-18,2026-07-01T09:00:00
C000656,Meera,Iyer,meera.iyer656@example.com,9105194864,Delhi,Delhi,Bronze,2023-10-19,2026-07-01T09:00:00
C000657,Nikhil,Reddy,nikhil.reddy657@example.com,9105202783,Kolkata,West Bengal,Silver,2023-10-20,2026-07-01T09:00:00
C000658,Vikram,Singh,vikram.singh658@example.com,9105210702,Ahmedabad,Gujarat,Gold,2023-10-21,2026-07-01T09:00:00
C000659,Akash,Nair,akash.nair659@example.com,9105218621,Jaipur,Rajasthan,Platinum,2023-10-22,2026-07-01T09:00:00
C000660,Divya,Sharma,divya.sharma660@example.com,9105226540,Kochi,Kerala,Bronze,2023-10-23,2026-07-01T09:00:00
C000661,Aarav,Rao,aarav.rao661@example.com,9105234459,Hyderabad,Telangana,Silver,2023-10-24,2026-07-01T09:00:00
C000662,Vivaan,Gupta,vivaan.gupta662@example.com,9105242378,Mumbai,Maharashtra,Gold,2023-10-25,2026-07-01T09:00:00
C000663,Aditya,Verma,aditya.verma663@example.com,9105250297,Bengaluru,Karnataka,Platinum,2023-10-26,2026-07-01T09:00:00
C000664,Arjun,Patel,arjun.patel664@example.com,9105258216,Chennai,Tamil Nadu,Bronze,2023-10-27,2026-07-01T09:00:00
C000665,Sai,Kumar,sai.kumar665@example.com,9105266135,Pune,Maharashtra,Silver,2023-10-28,2026-07-01T09:00:00
C000666,Rohan,Iyer,rohan.iyer666@example.com,9105274054,Delhi,Delhi,Gold,2023-10-29,2026-07-01T09:00:00
C000667,Rahul,Reddy,rahul.reddy667@example.com,9105281973,Kolkata,West Bengal,Platinum,2023-10-30,2026-07-01T09:00:00
C000668,Kiran,Singh,kiran.singh668@example.com,9105289892,Ahmedabad,Gujarat,Bronze,2023-10-31,2026-07-01T09:00:00
C000669,Priya,Nair,priya.nair669@example.com,9105297811,Jaipur,Rajasthan,Silver,2023-11-01,2026-07-01T09:00:00
C000670,Ananya,Sharma,ananya.sharma670@example.com,9105305730,Kochi,Kerala,Gold,2023-11-02,2026-07-01T09:00:00
C000671,Isha,Rao,isha.rao671@example.com,9105313649,Hyderabad,Telangana,Platinum,2023-11-03,2026-07-01T09:00:00
C000672,Neha,Gupta,neha.gupta672@example.com,9105321568,Mumbai,Maharashtra,Bronze,2023-11-04,2026-07-01T09:00:00
C000673,Sneha,Verma,sneha.verma673@example.com,9105329487,Bengaluru,Karnataka,Silver,2023-11-05,2026-07-01T09:00:00
C000674,Pooja,Patel,pooja.patel674@example.com,9105337406,Chennai,Tamil Nadu,Gold,2023-11-06,2026-07-01T09:00:00
C000675,Kavya,Kumar,kavya.kumar675@example.com,9105345325,Pune,Maharashtra,Platinum,2023-11-07,2026-07-01T09:00:00
C000676,Meera,Iyer,meera.iyer676@example.com,9105353244,Delhi,Delhi,Bronze,2023-11-08,2026-07-01T09:00:00
C000677,Nikhil,Reddy,nikhil.reddy677@example.com,9105361163,Kolkata,West Bengal,Silver,2023-11-09,2026-07-01T09:00:00
C000678,Vikram,Singh,vikram.singh678@example.com,9105369082,Ahmedabad,Gujarat,Gold,2023-11-10,2026-07-01T09:00:00
C000679,Akash,Nair,akash.nair679@example.com,9105377001,Jaipur,Rajasthan,Platinum,2023-11-11,2026-07-01T09:00:00
C000680,Divya,Sharma,divya.sharma680@example.com,9105384920,Kochi,Kerala,Bronze,2023-11-12,2026-07-01T09:00:00
C000681,Aarav,Rao,aarav.rao681@example.com,9105392839,Hyderabad,Telangana,Silver,2023-11-13,2026-07-01T09:00:00
C000682,Vivaan,Gupta,vivaan.gupta682@example.com,9105400758,Mumbai,Maharashtra,Gold,2023-11-14,2026-07-01T09:00:00
C000683,Aditya,Verma,aditya.verma683@example.com,9105408677,Bengaluru,Karnataka,Platinum,2023-11-15,2026-07-01T09:00:00
C000684,Arjun,Patel,arjun.patel684@example.com,9105416596,Chennai,Tamil Nadu,Bronze,2023-11-16,2026-07-01T09:00:00
C000685,Sai,Kumar,sai.kumar685@example.com,9105424515,Pune,Maharashtra,Silver,2023-11-17,2026-07-01T09:00:00
C000686,Rohan,Iyer,rohan.iyer686@example.com,9105432434,Delhi,Delhi,Gold,2023-11-18,2026-07-01T09:00:00
C000687,Rahul,Reddy,rahul.reddy687@example.com,9105440353,Kolkata,West Bengal,Platinum,2023-11-19,2026-07-01T09:00:00
C000688,Kiran,Singh,kiran.singh688@example.com,9105448272,Ahmedabad,Gujarat,Bronze,2023-11-20,2026-07-01T09:00:00
C000689,Priya,Nair,priya.nair689@example.com,9105456191,Jaipur,Rajasthan,Silver,2023-11-21,2026-07-01T09:00:00
C000690,Ananya,Sharma,ananya.sharma690@example.com,9105464110,Kochi,Kerala,Gold,2023-11-22,2026-07-01T09:00:00
C000691,Isha,Rao,isha.rao691@example.com,9105472029,Hyderabad,Telangana,Platinum,2023-11-23,2026-07-01T09:00:00
C000692,Neha,Gupta,neha.gupta692@example.com,9105479948,Mumbai,Maharashtra,Bronze,2023-11-24,2026-07-01T09:00:00
C000693,Sneha,Verma,sneha.verma693@example.com,9105487867,Bengaluru,Karnataka,Silver,2023-11-25,2026-07-01T09:00:00
C000694,Pooja,Patel,pooja.patel694@example.com,9105495786,Chennai,Tamil Nadu,Gold,2023-11-26,2026-07-01T09:00:00
C000695,Kavya,Kumar,kavya.kumar695@example.com,9105503705,Pune,Maharashtra,Platinum,2023-11-27,2026-07-01T09:00:00
C000696,Meera,Iyer,meera.iyer696@example.com,9105511624,Delhi,Delhi,Bronze,2023-11-28,2026-07-01T09:00:00
C000697,Nikhil,Reddy,nikhil.reddy697@example.com,9105519543,Kolkata,West Bengal,Silver,2023-11-29,2026-07-01T09:00:00
C000698,Vikram,Singh,vikram.singh698@example.com,9105527462,Ahmedabad,Gujarat,Gold,2023-11-30,2026-07-01T09:00:00
C000699,Akash,Nair,akash.nair699@example.com,9105535381,Jaipur,Rajasthan,Platinum,2023-12-01,2026-07-01T09:00:00
C000700,Divya,Sharma,divya.sharma700@example.com,9105543300,Kochi,Kerala,Bronze,2023-12-02,2026-07-01T09:00:00
C000701,Aarav,Rao,aarav.rao701@example.com,9105551219,Hyderabad,Telangana,Silver,2023-12-03,2026-07-01T09:00:00
C000702,Vivaan,Gupta,vivaan.gupta702@example.com,9105559138,Mumbai,Maharashtra,Gold,2023-12-04,2026-07-01T09:00:00
C000703,Aditya,Verma,aditya.verma703@example.com,9105567057,Bengaluru,Karnataka,Platinum,2023-12-05,2026-07-01T09:00:00
C000704,Arjun,Patel,arjun.patel704@example.com,9105574976,Chennai,Tamil Nadu,Bronze,2023-12-06,2026-07-01T09:00:00
C000705,Sai,Kumar,sai.kumar705@example.com,9105582895,Pune,Maharashtra,Silver,2023-12-07,2026-07-01T09:00:00
C000706,Rohan,Iyer,rohan.iyer706@example.com,9105590814,Delhi,Delhi,Gold,2023-12-08,2026-07-01T09:00:00
C000707,Rahul,Reddy,rahul.reddy707@example.com,9105598733,Kolkata,West Bengal,Platinum,2023-12-09,2026-07-01T09:00:00
C000708,Kiran,Singh,kiran.singh708@example.com,9105606652,Ahmedabad,Gujarat,Bronze,2023-12-10,2026-07-01T09:00:00
C000709,Priya,Nair,priya.nair709@example.com,9105614571,Jaipur,Rajasthan,Silver,2023-12-11,2026-07-01T09:00:00
C000710,Ananya,Sharma,ananya.sharma710@example.com,9105622490,Kochi,Kerala,Gold,2023-12-12,2026-07-01T09:00:00
C000711,Isha,Rao,isha.rao711@example.com,9105630409,Hyderabad,Telangana,Platinum,2023-12-13,2026-07-01T09:00:00
C000712,Neha,Gupta,neha.gupta712@example.com,9105638328,Mumbai,Maharashtra,Bronze,2023-12-14,2026-07-01T09:00:00
C000713,Sneha,Verma,sneha.verma713@example.com,9105646247,Bengaluru,Karnataka,Silver,2023-12-15,2026-07-01T09:00:00
C000714,Pooja,Patel,pooja.patel714@example.com,9105654166,Chennai,Tamil Nadu,Gold,2023-12-16,2026-07-01T09:00:00
C000715,Kavya,Kumar,kavya.kumar715@example.com,9105662085,Pune,Maharashtra,Platinum,2023-12-17,2026-07-01T09:00:00
C000716,Meera,Iyer,meera.iyer716@example.com,9105670004,Delhi,Delhi,Bronze,2023-12-18,2026-07-01T09:00:00
C000717,Nikhil,Reddy,nikhil.reddy717@example.com,9105677923,Kolkata,West Bengal,Silver,2023-12-19,2026-07-01T09:00:00
C000718,Vikram,Singh,vikram.singh718@example.com,9105685842,Ahmedabad,Gujarat,Gold,2023-12-20,2026-07-01T09:00:00
C000719,Akash,Nair,akash.nair719@example.com,9105693761,Jaipur,Rajasthan,Platinum,2023-12-21,2026-07-01T09:00:00
C000720,Divya,Sharma,divya.sharma720@example.com,9105701680,Kochi,Kerala,Bronze,2023-12-22,2026-07-01T09:00:00
C000721,Aarav,Rao,aarav.rao721@example.com,9105709599,Hyderabad,Telangana,Silver,2023-12-23,2026-07-01T09:00:00
C000722,Vivaan,Gupta,vivaan.gupta722@example.com,9105717518,Mumbai,Maharashtra,Gold,2023-12-24,2026-07-01T09:00:00
C000723,Aditya,Verma,aditya.verma723@example.com,9105725437,Bengaluru,Karnataka,Platinum,2023-12-25,2026-07-01T09:00:00
C000724,Arjun,Patel,arjun.patel724@example.com,9105733356,Chennai,Tamil Nadu,Bronze,2023-12-26,2026-07-01T09:00:00
C000725,Sai,Kumar,sai.kumar725@example.com,9105741275,Pune,Maharashtra,Silver,2023-12-27,2026-07-01T09:00:00
C000726,Rohan,Iyer,rohan.iyer726@example.com,9105749194,Delhi,Delhi,Gold,2023-12-28,2026-07-01T09:00:00
C000727,Rahul,Reddy,rahul.reddy727@example.com,9105757113,Kolkata,West Bengal,Platinum,2023-12-29,2026-07-01T09:00:00
C000728,Kiran,Singh,kiran.singh728@example.com,9105765032,Ahmedabad,Gujarat,Bronze,2023-12-30,2026-07-01T09:00:00
C000729,Priya,Nair,priya.nair729@example.com,9105772951,Jaipur,Rajasthan,Silver,2023-12-31,2026-07-01T09:00:00
C000730,Ananya,Sharma,ananya.sharma730@example.com,9105780870,Kochi,Kerala,Gold,2024-01-01,2026-07-01T09:00:00
C000731,Isha,Rao,isha.rao731@example.com,9105788789,Hyderabad,Telangana,Platinum,2024-01-02,2026-07-01T09:00:00
C000732,Neha,Gupta,neha.gupta732@example.com,9105796708,Mumbai,Maharashtra,Bronze,2024-01-03,2026-07-01T09:00:00
C000733,Sneha,Verma,sneha.verma733@example.com,9105804627,Bengaluru,Karnataka,Silver,2024-01-04,2026-07-01T09:00:00
C000734,Pooja,Patel,pooja.patel734@example.com,9105812546,Chennai,Tamil Nadu,Gold,2024-01-05,2026-07-01T09:00:00
C000735,Kavya,Kumar,kavya.kumar735@example.com,9105820465,Pune,Maharashtra,Platinum,2024-01-06,2026-07-01T09:00:00
C000736,Meera,Iyer,meera.iyer736@example.com,9105828384,Delhi,Delhi,Bronze,2024-01-07,2026-07-01T09:00:00
C000737,Nikhil,Reddy,nikhil.reddy737@example.com,9105836303,Kolkata,West Bengal,Silver,2024-01-08,2026-07-01T09:00:00
C000738,Vikram,Singh,vikram.singh738@example.com,9105844222,Ahmedabad,Gujarat,Gold,2024-01-09,2026-07-01T09:00:00
C000739,Akash,Nair,akash.nair739@example.com,9105852141,Jaipur,Rajasthan,Platinum,2024-01-10,2026-07-01T09:00:00
C000740,Divya,Sharma,divya.sharma740@example.com,9105860060,Kochi,Kerala,Bronze,2024-01-11,2026-07-01T09:00:00
C000741,Aarav,Rao,aarav.rao741@example.com,9105867979,Hyderabad,Telangana,Silver,2024-01-12,2026-07-01T09:00:00
C000742,Vivaan,Gupta,vivaan.gupta742@example.com,9105875898,Mumbai,Maharashtra,Gold,2024-01-13,2026-07-01T09:00:00
C000743,Aditya,Verma,aditya.verma743@example.com,9105883817,Bengaluru,Karnataka,Platinum,2024-01-14,2026-07-01T09:00:00
C000744,Arjun,Patel,arjun.patel744@example.com,9105891736,Chennai,Tamil Nadu,Bronze,2024-01-15,2026-07-01T09:00:00
C000745,Sai,Kumar,sai.kumar745@example.com,9105899655,Pune,Maharashtra,Silver,2024-01-16,2026-07-01T09:00:00
C000746,Rohan,Iyer,rohan.iyer746@example.com,9105907574,Delhi,Delhi,Gold,2024-01-17,2026-07-01T09:00:00
C000747,Rahul,Reddy,rahul.reddy747@example.com,9105915493,Kolkata,West Bengal,Platinum,2024-01-18,2026-07-01T09:00:00
C000748,Kiran,Singh,kiran.singh748@example.com,9105923412,Ahmedabad,Gujarat,Bronze,2024-01-19,2026-07-01T09:00:00
C000749,Priya,Nair,priya.nair749@example.com,9105931331,Jaipur,Rajasthan,Silver,2024-01-20,2026-07-01T09:00:00
C000750,Ananya,Sharma,ananya.sharma750@example.com,9105939250,Kochi,Kerala,Gold,2024-01-21,2026-07-01T09:00:00
C000751,Isha,Rao,isha.rao751@example.com,9105947169,Hyderabad,Telangana,Platinum,2024-01-22,2026-07-01T09:00:00
C000752,Neha,Gupta,neha.gupta752@example.com,9105955088,Mumbai,Maharashtra,Bronze,2024-01-23,2026-07-01T09:00:00
C000753,Sneha,Verma,sneha.verma753@example.com,9105963007,Bengaluru,Karnataka,Silver,2024-01-24,2026-07-01T09:00:00
C000754,Pooja,Patel,pooja.patel754@example.com,9105970926,Chennai,Tamil Nadu,Gold,2024-01-25,2026-07-01T09:00:00
C000755,Kavya,Kumar,kavya.kumar755@example.com,9105978845,Pune,Maharashtra,Platinum,2024-01-26,2026-07-01T09:00:00
C000756,Meera,Iyer,meera.iyer756@example.com,9105986764,Delhi,Delhi,Bronze,2024-01-27,2026-07-01T09:00:00
C000757,Nikhil,Reddy,nikhil.reddy757@example.com,9105994683,Kolkata,West Bengal,Silver,2024-01-28,2026-07-01T09:00:00
C000758,Vikram,Singh,vikram.singh758@example.com,9106002602,Ahmedabad,Gujarat,Gold,2024-01-29,2026-07-01T09:00:00
C000759,Akash,Nair,akash.nair759@example.com,9106010521,Jaipur,Rajasthan,Platinum,2024-01-30,2026-07-01T09:00:00
C000760,Divya,Sharma,divya.sharma760@example.com,9106018440,Kochi,Kerala,Bronze,2024-01-31,2026-07-01T09:00:00
C000761,Aarav,Rao,aarav.rao761@example.com,9106026359,Hyderabad,Telangana,Silver,2024-02-01,2026-07-01T09:00:00
C000762,Vivaan,Gupta,vivaan.gupta762@example.com,9106034278,Mumbai,Maharashtra,Gold,2024-02-02,2026-07-01T09:00:00
C000763,Aditya,Verma,aditya.verma763@example.com,9106042197,Bengaluru,Karnataka,Platinum,2024-02-03,2026-07-01T09:00:00
C000764,Arjun,Patel,arjun.patel764@example.com,9106050116,Chennai,Tamil Nadu,Bronze,2024-02-04,2026-07-01T09:00:00
C000765,Sai,Kumar,sai.kumar765@example.com,9106058035,Pune,Maharashtra,Silver,2024-02-05,2026-07-01T09:00:00
C000766,Rohan,Iyer,rohan.iyer766@example.com,9106065954,Delhi,Delhi,Gold,2024-02-06,2026-07-01T09:00:00
C000767,Rahul,Reddy,rahul.reddy767@example.com,9106073873,Kolkata,West Bengal,Platinum,2024-02-07,2026-07-01T09:00:00
C000768,Kiran,Singh,kiran.singh768@example.com,9106081792,Ahmedabad,Gujarat,Bronze,2024-02-08,2026-07-01T09:00:00
C000769,Priya,Nair,priya.nair769@example.com,9106089711,Jaipur,Rajasthan,Silver,2024-02-09,2026-07-01T09:00:00
C000770,Ananya,Sharma,ananya.sharma770@example.com,9106097630,Kochi,Kerala,Gold,2024-02-10,2026-07-01T09:00:00
C000771,Isha,Rao,isha.rao771@example.com,9106105549,Hyderabad,Telangana,Platinum,2024-02-11,2026-07-01T09:00:00
C000772,Neha,Gupta,neha.gupta772@example.com,9106113468,Mumbai,Maharashtra,Bronze,2024-02-12,2026-07-01T09:00:00
C000773,Sneha,Verma,sneha.verma773@example.com,9106121387,Bengaluru,Karnataka,Silver,2024-02-13,2026-07-01T09:00:00
C000774,Pooja,Patel,pooja.patel774@example.com,9106129306,Chennai,Tamil Nadu,Gold,2024-02-14,2026-07-01T09:00:00
C000775,Kavya,Kumar,kavya.kumar775@example.com,9106137225,Pune,Maharashtra,Platinum,2024-02-15,2026-07-01T09:00:00
C000776,Meera,Iyer,meera.iyer776@example.com,9106145144,Delhi,Delhi,Bronze,2024-02-16,2026-07-01T09:00:00
C000777,Nikhil,Reddy,nikhil.reddy777@example.com,9106153063,Kolkata,West Bengal,Silver,2024-02-17,2026-07-01T09:00:00
C000778,Vikram,Singh,vikram.singh778@example.com,9106160982,Ahmedabad,Gujarat,Gold,2024-02-18,2026-07-01T09:00:00
C000779,Akash,Nair,akash.nair779@example.com,9106168901,Jaipur,Rajasthan,Platinum,2024-02-19,2026-07-01T09:00:00
C000780,Divya,Sharma,divya.sharma780@example.com,9106176820,Kochi,Kerala,Bronze,2024-02-20,2026-07-01T09:00:00
C000781,Aarav,Rao,aarav.rao781@example.com,9106184739,Hyderabad,Telangana,Silver,2024-02-21,2026-07-01T09:00:00
C000782,Vivaan,Gupta,vivaan.gupta782@example.com,9106192658,Mumbai,Maharashtra,Gold,2024-02-22,2026-07-01T09:00:00
C000783,Aditya,Verma,aditya.verma783@example.com,9106200577,Bengaluru,Karnataka,Platinum,2024-02-23,2026-07-01T09:00:00
C000784,Arjun,Patel,arjun.patel784@example.com,9106208496,Chennai,Tamil Nadu,Bronze,2024-02-24,2026-07-01T09:00:00
C000785,Sai,Kumar,sai.kumar785@example.com,9106216415,Pune,Maharashtra,Silver,2024-02-25,2026-07-01T09:00:00
C000786,Rohan,Iyer,rohan.iyer786@example.com,9106224334,Delhi,Delhi,Gold,2024-02-26,2026-07-01T09:00:00
C000787,Rahul,Reddy,rahul.reddy787@example.com,9106232253,Kolkata,West Bengal,Platinum,2024-02-27,2026-07-01T09:00:00
C000788,Kiran,Singh,kiran.singh788@example.com,9106240172,Ahmedabad,Gujarat,Bronze,2024-02-28,2026-07-01T09:00:00
C000789,Priya,Nair,priya.nair789@example.com,9106248091,Jaipur,Rajasthan,Silver,2024-02-29,2026-07-01T09:00:00
C000790,Ananya,Sharma,ananya.sharma790@example.com,9106256010,Kochi,Kerala,Gold,2024-03-01,2026-07-01T09:00:00
C000791,Isha,Rao,isha.rao791@example.com,9106263929,Hyderabad,Telangana,Platinum,2024-03-02,2026-07-01T09:00:00
C000792,Neha,Gupta,neha.gupta792@example.com,9106271848,Mumbai,Maharashtra,Bronze,2024-03-03,2026-07-01T09:00:00
C000793,Sneha,Verma,sneha.verma793@example.com,9106279767,Bengaluru,Karnataka,Silver,2024-03-04,2026-07-01T09:00:00
C000794,Pooja,Patel,pooja.patel794@example.com,9106287686,Chennai,Tamil Nadu,Gold,2024-03-05,2026-07-01T09:00:00
C000795,Kavya,Kumar,kavya.kumar795@example.com,9106295605,Pune,Maharashtra,Platinum,2024-03-06,2026-07-01T09:00:00
C000796,Meera,Iyer,meera.iyer796@example.com,9106303524,Delhi,Delhi,Bronze,2024-03-07,2026-07-01T09:00:00
C000797,Nikhil,Reddy,nikhil.reddy797@example.com,9106311443,Kolkata,West Bengal,Silver,2024-03-08,2026-07-01T09:00:00
C000798,Vikram,Singh,vikram.singh798@example.com,9106319362,Ahmedabad,Gujarat,Gold,2024-03-09,2026-07-01T09:00:00
C000799,Akash,Nair,akash.nair799@example.com,9106327281,Jaipur,Rajasthan,Platinum,2024-03-10,2026-07-01T09:00:00
C000800,Divya,Sharma,divya.sharma800@example.com,9106335200,Kochi,Kerala,Bronze,2024-03-11,2026-07-01T09:00:00
C000801,Aarav,Rao,aarav.rao801@example.com,9106343119,Hyderabad,Telangana,Silver,2024-03-12,2026-07-01T09:00:00
C000802,Vivaan,Gupta,vivaan.gupta802@example.com,9106351038,Mumbai,Maharashtra,Gold,2024-03-13,2026-07-01T09:00:00
C000803,Aditya,Verma,aditya.verma803@example.com,9106358957,Bengaluru,Karnataka,Platinum,2024-03-14,2026-07-01T09:00:00
C000804,Arjun,Patel,arjun.patel804@example.com,9106366876,Chennai,Tamil Nadu,Bronze,2024-03-15,2026-07-01T09:00:00
C000805,Sai,Kumar,sai.kumar805@example.com,9106374795,Pune,Maharashtra,Silver,2024-03-16,2026-07-01T09:00:00
C000806,Rohan,Iyer,rohan.iyer806@example.com,9106382714,Delhi,Delhi,Gold,2024-03-17,2026-07-01T09:00:00
C000807,Rahul,Reddy,rahul.reddy807@example.com,9106390633,Kolkata,West Bengal,Platinum,2024-03-18,2026-07-01T09:00:00
C000808,Kiran,Singh,kiran.singh808@example.com,9106398552,Ahmedabad,Gujarat,Bronze,2024-03-19,2026-07-01T09:00:00
C000809,Priya,Nair,priya.nair809@example.com,9106406471,Jaipur,Rajasthan,Silver,2024-03-20,2026-07-01T09:00:00
C000810,Ananya,Sharma,ananya.sharma810@example.com,9106414390,Kochi,Kerala,Gold,2024-03-21,2026-07-01T09:00:00
C000811,Isha,Rao,isha.rao811@example.com,9106422309,Hyderabad,Telangana,Platinum,2024-03-22,2026-07-01T09:00:00
C000812,Neha,Gupta,neha.gupta812@example.com,9106430228,Mumbai,Maharashtra,Bronze,2024-03-23,2026-07-01T09:00:00
C000813,Sneha,Verma,sneha.verma813@example.com,9106438147,Bengaluru,Karnataka,Silver,2024-03-24,2026-07-01T09:00:00
C000814,Pooja,Patel,pooja.patel814@example.com,9106446066,Chennai,Tamil Nadu,Gold,2024-03-25,2026-07-01T09:00:00
C000815,Kavya,Kumar,kavya.kumar815@example.com,9106453985,Pune,Maharashtra,Platinum,2024-03-26,2026-07-01T09:00:00
C000816,Meera,Iyer,meera.iyer816@example.com,9106461904,Delhi,Delhi,Bronze,2024-03-27,2026-07-01T09:00:00
C000817,Nikhil,Reddy,nikhil.reddy817@example.com,9106469823,Kolkata,West Bengal,Silver,2024-03-28,2026-07-01T09:00:00
C000818,Vikram,Singh,vikram.singh818@example.com,9106477742,Ahmedabad,Gujarat,Gold,2024-03-29,2026-07-01T09:00:00
C000819,Akash,Nair,akash.nair819@example.com,9106485661,Jaipur,Rajasthan,Platinum,2024-03-30,2026-07-01T09:00:00
C000820,Divya,Sharma,divya.sharma820@example.com,9106493580,Kochi,Kerala,Bronze,2024-03-31,2026-07-01T09:00:00
C000821,Aarav,Rao,aarav.rao821@example.com,9106501499,Hyderabad,Telangana,Silver,2024-04-01,2026-07-01T09:00:00
C000822,Vivaan,Gupta,vivaan.gupta822@example.com,9106509418,Mumbai,Maharashtra,Gold,2024-04-02,2026-07-01T09:00:00
C000823,Aditya,Verma,aditya.verma823@example.com,9106517337,Bengaluru,Karnataka,Platinum,2024-04-03,2026-07-01T09:00:00
C000824,Arjun,Patel,arjun.patel824@example.com,9106525256,Chennai,Tamil Nadu,Bronze,2024-04-04,2026-07-01T09:00:00
C000825,Sai,Kumar,sai.kumar825@example.com,9106533175,Pune,Maharashtra,Silver,2024-04-05,2026-07-01T09:00:00
C000826,Rohan,Iyer,rohan.iyer826@example.com,9106541094,Delhi,Delhi,Gold,2024-04-06,2026-07-01T09:00:00
C000827,Rahul,Reddy,rahul.reddy827@example.com,9106549013,Kolkata,West Bengal,Platinum,2024-04-07,2026-07-01T09:00:00
C000828,Kiran,Singh,kiran.singh828@example.com,9106556932,Ahmedabad,Gujarat,Bronze,2024-04-08,2026-07-01T09:00:00
C000829,Priya,Nair,priya.nair829@example.com,9106564851,Jaipur,Rajasthan,Silver,2024-04-09,2026-07-01T09:00:00
C000830,Ananya,Sharma,ananya.sharma830@example.com,9106572770,Kochi,Kerala,Gold,2024-04-10,2026-07-01T09:00:00
C000831,Isha,Rao,isha.rao831@example.com,9106580689,Hyderabad,Telangana,Platinum,2024-04-11,2026-07-01T09:00:00
C000832,Neha,Gupta,neha.gupta832@example.com,9106588608,Mumbai,Maharashtra,Bronze,2024-04-12,2026-07-01T09:00:00
C000833,Sneha,Verma,sneha.verma833@example.com,9106596527,Bengaluru,Karnataka,Silver,2024-04-13,2026-07-01T09:00:00
C000834,Pooja,Patel,pooja.patel834@example.com,9106604446,Chennai,Tamil Nadu,Gold,2024-04-14,2026-07-01T09:00:00
C000835,Kavya,Kumar,kavya.kumar835@example.com,9106612365,Pune,Maharashtra,Platinum,2024-04-15,2026-07-01T09:00:00
C000836,Meera,Iyer,meera.iyer836@example.com,9106620284,Delhi,Delhi,Bronze,2024-04-16,2026-07-01T09:00:00
C000837,Nikhil,Reddy,nikhil.reddy837@example.com,9106628203,Kolkata,West Bengal,Silver,2024-04-17,2026-07-01T09:00:00
C000838,Vikram,Singh,vikram.singh838@example.com,9106636122,Ahmedabad,Gujarat,Gold,2024-04-18,2026-07-01T09:00:00
C000839,Akash,Nair,akash.nair839@example.com,9106644041,Jaipur,Rajasthan,Platinum,2024-04-19,2026-07-01T09:00:00
C000840,Divya,Sharma,divya.sharma840@example.com,9106651960,Kochi,Kerala,Bronze,2024-04-20,2026-07-01T09:00:00
C000841,Aarav,Rao,aarav.rao841@example.com,9106659879,Hyderabad,Telangana,Silver,2024-04-21,2026-07-01T09:00:00
C000842,Vivaan,Gupta,vivaan.gupta842@example.com,9106667798,Mumbai,Maharashtra,Gold,2024-04-22,2026-07-01T09:00:00
C000843,Aditya,Verma,aditya.verma843@example.com,9106675717,Bengaluru,Karnataka,Platinum,2024-04-23,2026-07-01T09:00:00
C000844,Arjun,Patel,arjun.patel844@example.com,9106683636,Chennai,Tamil Nadu,Bronze,2024-04-24,2026-07-01T09:00:00
C000845,Sai,Kumar,sai.kumar845@example.com,9106691555,Pune,Maharashtra,Silver,2024-04-25,2026-07-01T09:00:00
C000846,Rohan,Iyer,rohan.iyer846@example.com,9106699474,Delhi,Delhi,Gold,2024-04-26,2026-07-01T09:00:00
C000847,Rahul,Reddy,rahul.reddy847@example.com,9106707393,Kolkata,West Bengal,Platinum,2024-04-27,2026-07-01T09:00:00
C000848,Kiran,Singh,kiran.singh848@example.com,9106715312,Ahmedabad,Gujarat,Bronze,2024-04-28,2026-07-01T09:00:00
C000849,Priya,Nair,priya.nair849@example.com,9106723231,Jaipur,Rajasthan,Silver,2024-04-29,2026-07-01T09:00:00
C000850,Ananya,Sharma,ananya.sharma850@example.com,9106731150,Kochi,Kerala,Gold,2024-04-30,2026-07-01T09:00:00
C000851,Isha,Rao,isha.rao851@example.com,9106739069,Hyderabad,Telangana,Platinum,2024-05-01,2026-07-01T09:00:00
C000852,Neha,Gupta,neha.gupta852@example.com,9106746988,Mumbai,Maharashtra,Bronze,2024-05-02,2026-07-01T09:00:00
C000853,Sneha,Verma,sneha.verma853@example.com,9106754907,Bengaluru,Karnataka,Silver,2024-05-03,2026-07-01T09:00:00
C000854,Pooja,Patel,pooja.patel854@example.com,9106762826,Chennai,Tamil Nadu,Gold,2024-05-04,2026-07-01T09:00:00
C000855,Kavya,Kumar,kavya.kumar855@example.com,9106770745,Pune,Maharashtra,Platinum,2024-05-05,2026-07-01T09:00:00
C000856,Meera,Iyer,meera.iyer856@example.com,9106778664,Delhi,Delhi,Bronze,2024-05-06,2026-07-01T09:00:00
C000857,Nikhil,Reddy,nikhil.reddy857@example.com,9106786583,Kolkata,West Bengal,Silver,2024-05-07,2026-07-01T09:00:00
C000858,Vikram,Singh,vikram.singh858@example.com,9106794502,Ahmedabad,Gujarat,Gold,2024-05-08,2026-07-01T09:00:00
C000859,Akash,Nair,akash.nair859@example.com,9106802421,Jaipur,Rajasthan,Platinum,2024-05-09,2026-07-01T09:00:00
C000860,Divya,Sharma,divya.sharma860@example.com,9106810340,Kochi,Kerala,Bronze,2024-05-10,2026-07-01T09:00:00
C000861,Aarav,Rao,aarav.rao861@example.com,9106818259,Hyderabad,Telangana,Silver,2024-05-11,2026-07-01T09:00:00
C000862,Vivaan,Gupta,vivaan.gupta862@example.com,9106826178,Mumbai,Maharashtra,Gold,2024-05-12,2026-07-01T09:00:00
C000863,Aditya,Verma,aditya.verma863@example.com,9106834097,Bengaluru,Karnataka,Platinum,2024-05-13,2026-07-01T09:00:00
C000864,Arjun,Patel,arjun.patel864@example.com,9106842016,Chennai,Tamil Nadu,Bronze,2024-05-14,2026-07-01T09:00:00
C000865,Sai,Kumar,sai.kumar865@example.com,9106849935,Pune,Maharashtra,Silver,2024-05-15,2026-07-01T09:00:00
C000866,Rohan,Iyer,rohan.iyer866@example.com,9106857854,Delhi,Delhi,Gold,2024-05-16,2026-07-01T09:00:00
C000867,Rahul,Reddy,rahul.reddy867@example.com,9106865773,Kolkata,West Bengal,Platinum,2024-05-17,2026-07-01T09:00:00
C000868,Kiran,Singh,kiran.singh868@example.com,9106873692,Ahmedabad,Gujarat,Bronze,2024-05-18,2026-07-01T09:00:00
C000869,Priya,Nair,priya.nair869@example.com,9106881611,Jaipur,Rajasthan,Silver,2024-05-19,2026-07-01T09:00:00
C000870,Ananya,Sharma,ananya.sharma870@example.com,9106889530,Kochi,Kerala,Gold,2024-05-20,2026-07-01T09:00:00
C000871,Isha,Rao,isha.rao871@example.com,9106897449,Hyderabad,Telangana,Platinum,2024-05-21,2026-07-01T09:00:00
C000872,Neha,Gupta,neha.gupta872@example.com,9106905368,Mumbai,Maharashtra,Bronze,2024-05-22,2026-07-01T09:00:00
C000873,Sneha,Verma,sneha.verma873@example.com,9106913287,Bengaluru,Karnataka,Silver,2024-05-23,2026-07-01T09:00:00
C000874,Pooja,Patel,pooja.patel874@example.com,9106921206,Chennai,Tamil Nadu,Gold,2024-05-24,2026-07-01T09:00:00
C000875,Kavya,Kumar,kavya.kumar875@example.com,9106929125,Pune,Maharashtra,Platinum,2024-05-25,2026-07-01T09:00:00
C000876,Meera,Iyer,meera.iyer876@example.com,9106937044,Delhi,Delhi,Bronze,2024-05-26,2026-07-01T09:00:00
C000877,Nikhil,Reddy,nikhil.reddy877@example.com,9106944963,Kolkata,West Bengal,Silver,2024-05-27,2026-07-01T09:00:00
C000878,Vikram,Singh,vikram.singh878@example.com,9106952882,Ahmedabad,Gujarat,Gold,2024-05-28,2026-07-01T09:00:00
C000879,Akash,Nair,akash.nair879@example.com,9106960801,Jaipur,Rajasthan,Platinum,2024-05-29,2026-07-01T09:00:00
C000880,Divya,Sharma,divya.sharma880@example.com,9106968720,Kochi,Kerala,Bronze,2024-05-30,2026-07-01T09:00:00
C000881,Aarav,Rao,aarav.rao881@example.com,9106976639,Hyderabad,Telangana,Silver,2024-05-31,2026-07-01T09:00:00
C000882,Vivaan,Gupta,vivaan.gupta882@example.com,9106984558,Mumbai,Maharashtra,Gold,2024-06-01,2026-07-01T09:00:00
C000883,Aditya,Verma,aditya.verma883@example.com,9106992477,Bengaluru,Karnataka,Platinum,2024-06-02,2026-07-01T09:00:00
C000884,Arjun,Patel,arjun.patel884@example.com,9107000396,Chennai,Tamil Nadu,Bronze,2024-06-03,2026-07-01T09:00:00
C000885,Sai,Kumar,sai.kumar885@example.com,9107008315,Pune,Maharashtra,Silver,2024-06-04,2026-07-01T09:00:00
C000886,Rohan,Iyer,rohan.iyer886@example.com,9107016234,Delhi,Delhi,Gold,2024-06-05,2026-07-01T09:00:00
C000887,Rahul,Reddy,rahul.reddy887@example.com,9107024153,Kolkata,West Bengal,Platinum,2024-06-06,2026-07-01T09:00:00
C000888,Kiran,Singh,kiran.singh888@example.com,9107032072,Ahmedabad,Gujarat,Bronze,2024-06-07,2026-07-01T09:00:00
C000889,Priya,Nair,priya.nair889@example.com,9107039991,Jaipur,Rajasthan,Silver,2024-06-08,2026-07-01T09:00:00
C000890,Ananya,Sharma,ananya.sharma890@example.com,9107047910,Kochi,Kerala,Gold,2024-06-09,2026-07-01T09:00:00
C000891,Isha,Rao,isha.rao891@example.com,9107055829,Hyderabad,Telangana,Platinum,2024-06-10,2026-07-01T09:00:00
C000892,Neha,Gupta,neha.gupta892@example.com,9107063748,Mumbai,Maharashtra,Bronze,2024-06-11,2026-07-01T09:00:00
C000893,Sneha,Verma,sneha.verma893@example.com,9107071667,Bengaluru,Karnataka,Silver,2024-06-12,2026-07-01T09:00:00
C000894,Pooja,Patel,pooja.patel894@example.com,9107079586,Chennai,Tamil Nadu,Gold,2024-06-13,2026-07-01T09:00:00
C000895,Kavya,Kumar,kavya.kumar895@example.com,9107087505,Pune,Maharashtra,Platinum,2024-06-14,2026-07-01T09:00:00
C000896,Meera,Iyer,meera.iyer896@example.com,9107095424,Delhi,Delhi,Bronze,2024-06-15,2026-07-01T09:00:00
C000897,Nikhil,Reddy,nikhil.reddy897@example.com,9107103343,Kolkata,West Bengal,Silver,2024-06-16,2026-07-01T09:00:00
C000898,Vikram,Singh,vikram.singh898@example.com,9107111262,Ahmedabad,Gujarat,Gold,2024-06-17,2026-07-01T09:00:00
C000899,Akash,Nair,akash.nair899@example.com,9107119181,Jaipur,Rajasthan,Platinum,2024-06-18,2026-07-01T09:00:00
C000900,Divya,Sharma,divya.sharma900@example.com,9107127100,Kochi,Kerala,Bronze,2024-06-19,2026-07-01T09:00:00
C000901,Aarav,Rao,aarav.rao901@example.com,9107135019,Hyderabad,Telangana,Silver,2024-06-20,2026-07-01T09:00:00
C000902,Vivaan,Gupta,vivaan.gupta902@example.com,9107142938,Mumbai,Maharashtra,Gold,2024-06-21,2026-07-01T09:00:00
C000903,Aditya,Verma,aditya.verma903@example.com,9107150857,Bengaluru,Karnataka,Platinum,2024-06-22,2026-07-01T09:00:00
C000904,Arjun,Patel,arjun.patel904@example.com,9107158776,Chennai,Tamil Nadu,Bronze,2024-06-23,2026-07-01T09:00:00
C000905,Sai,Kumar,sai.kumar905@example.com,9107166695,Pune,Maharashtra,Silver,2024-06-24,2026-07-01T09:00:00
C000906,Rohan,Iyer,rohan.iyer906@example.com,9107174614,Delhi,Delhi,Gold,2024-06-25,2026-07-01T09:00:00
C000907,Rahul,Reddy,rahul.reddy907@example.com,9107182533,Kolkata,West Bengal,Platinum,2024-06-26,2026-07-01T09:00:00
C000908,Kiran,Singh,kiran.singh908@example.com,9107190452,Ahmedabad,Gujarat,Bronze,2024-06-27,2026-07-01T09:00:00
C000909,Priya,Nair,priya.nair909@example.com,9107198371,Jaipur,Rajasthan,Silver,2024-06-28,2026-07-01T09:00:00
C000910,Ananya,Sharma,ananya.sharma910@example.com,9107206290,Kochi,Kerala,Gold,2024-06-29,2026-07-01T09:00:00
C000911,Isha,Rao,isha.rao911@example.com,9107214209,Hyderabad,Telangana,Platinum,2024-06-30,2026-07-01T09:00:00
C000912,Neha,Gupta,neha.gupta912@example.com,9107222128,Mumbai,Maharashtra,Bronze,2024-07-01,2026-07-01T09:00:00
C000913,Sneha,Verma,sneha.verma913@example.com,9107230047,Bengaluru,Karnataka,Silver,2024-07-02,2026-07-01T09:00:00
C000914,Pooja,Patel,pooja.patel914@example.com,9107237966,Chennai,Tamil Nadu,Gold,2024-07-03,2026-07-01T09:00:00
C000915,Kavya,Kumar,kavya.kumar915@example.com,9107245885,Pune,Maharashtra,Platinum,2024-07-04,2026-07-01T09:00:00
C000916,Meera,Iyer,meera.iyer916@example.com,9107253804,Delhi,Delhi,Bronze,2024-07-05,2026-07-01T09:00:00
C000917,Nikhil,Reddy,nikhil.reddy917@example.com,9107261723,Kolkata,West Bengal,Silver,2024-07-06,2026-07-01T09:00:00
C000918,Vikram,Singh,vikram.singh918@example.com,9107269642,Ahmedabad,Gujarat,Gold,2024-07-07,2026-07-01T09:00:00
C000919,Akash,Nair,akash.nair919@example.com,9107277561,Jaipur,Rajasthan,Platinum,2024-07-08,2026-07-01T09:00:00
C000920,Divya,Sharma,divya.sharma920@example.com,9107285480,Kochi,Kerala,Bronze,2024-07-09,2026-07-01T09:00:00
C000921,Aarav,Rao,aarav.rao921@example.com,9107293399,Hyderabad,Telangana,Silver,2024-07-10,2026-07-01T09:00:00
C000922,Vivaan,Gupta,vivaan.gupta922@example.com,9107301318,Mumbai,Maharashtra,Gold,2024-07-11,2026-07-01T09:00:00
C000923,Aditya,Verma,aditya.verma923@example.com,9107309237,Bengaluru,Karnataka,Platinum,2024-07-12,2026-07-01T09:00:00
C000924,Arjun,Patel,arjun.patel924@example.com,9107317156,Chennai,Tamil Nadu,Bronze,2024-07-13,2026-07-01T09:00:00
C000925,Sai,Kumar,sai.kumar925@example.com,9107325075,Pune,Maharashtra,Silver,2024-07-14,2026-07-01T09:00:00
C000926,Rohan,Iyer,rohan.iyer926@example.com,9107332994,Delhi,Delhi,Gold,2024-07-15,2026-07-01T09:00:00
C000927,Rahul,Reddy,rahul.reddy927@example.com,9107340913,Kolkata,West Bengal,Platinum,2024-07-16,2026-07-01T09:00:00
C000928,Kiran,Singh,kiran.singh928@example.com,9107348832,Ahmedabad,Gujarat,Bronze,2024-07-17,2026-07-01T09:00:00
C000929,Priya,Nair,priya.nair929@example.com,9107356751,Jaipur,Rajasthan,Silver,2024-07-18,2026-07-01T09:00:00
C000930,Ananya,Sharma,ananya.sharma930@example.com,9107364670,Kochi,Kerala,Gold,2024-07-19,2026-07-01T09:00:00
C000931,Isha,Rao,isha.rao931@example.com,9107372589,Hyderabad,Telangana,Platinum,2024-07-20,2026-07-01T09:00:00
C000932,Neha,Gupta,neha.gupta932@example.com,9107380508,Mumbai,Maharashtra,Bronze,2024-07-21,2026-07-01T09:00:00
C000933,Sneha,Verma,sneha.verma933@example.com,9107388427,Bengaluru,Karnataka,Silver,2024-07-22,2026-07-01T09:00:00
C000934,Pooja,Patel,pooja.patel934@example.com,9107396346,Chennai,Tamil Nadu,Gold,2024-07-23,2026-07-01T09:00:00
C000935,Kavya,Kumar,kavya.kumar935@example.com,9107404265,Pune,Maharashtra,Platinum,2024-07-24,2026-07-01T09:00:00
C000936,Meera,Iyer,meera.iyer936@example.com,9107412184,Delhi,Delhi,Bronze,2024-07-25,2026-07-01T09:00:00
C000937,Nikhil,Reddy,nikhil.reddy937@example.com,9107420103,Kolkata,West Bengal,Silver,2024-07-26,2026-07-01T09:00:00
C000938,Vikram,Singh,vikram.singh938@example.com,9107428022,Ahmedabad,Gujarat,Gold,2024-07-27,2026-07-01T09:00:00
C000939,Akash,Nair,akash.nair939@example.com,9107435941,Jaipur,Rajasthan,Platinum,2024-07-28,2026-07-01T09:00:00
C000940,Divya,Sharma,divya.sharma940@example.com,9107443860,Kochi,Kerala,Bronze,2024-07-29,2026-07-01T09:00:00
C000941,Aarav,Rao,aarav.rao941@example.com,9107451779,Hyderabad,Telangana,Silver,2024-07-30,2026-07-01T09:00:00
C000942,Vivaan,Gupta,vivaan.gupta942@example.com,9107459698,Mumbai,Maharashtra,Gold,2024-07-31,2026-07-01T09:00:00
C000943,Aditya,Verma,aditya.verma943@example.com,9107467617,Bengaluru,Karnataka,Platinum,2024-08-01,2026-07-01T09:00:00
C000944,Arjun,Patel,arjun.patel944@example.com,9107475536,Chennai,Tamil Nadu,Bronze,2024-08-02,2026-07-01T09:00:00
C000945,Sai,Kumar,sai.kumar945@example.com,9107483455,Pune,Maharashtra,Silver,2024-08-03,2026-07-01T09:00:00
C000946,Rohan,Iyer,rohan.iyer946@example.com,9107491374,Delhi,Delhi,Gold,2024-08-04,2026-07-01T09:00:00
C000947,Rahul,Reddy,rahul.reddy947@example.com,9107499293,Kolkata,West Bengal,Platinum,2024-08-05,2026-07-01T09:00:00
C000948,Kiran,Singh,kiran.singh948@example.com,9107507212,Ahmedabad,Gujarat,Bronze,2024-08-06,2026-07-01T09:00:00
C000949,Priya,Nair,priya.nair949@example.com,9107515131,Jaipur,Rajasthan,Silver,2024-08-07,2026-07-01T09:00:00
C000950,Ananya,Sharma,ananya.sharma950@example.com,9107523050,Kochi,Kerala,Gold,2024-08-08,2026-07-01T09:00:00
C000951,Isha,Rao,isha.rao951@example.com,9107530969,Hyderabad,Telangana,Platinum,2024-08-09,2026-07-01T09:00:00
C000952,Neha,Gupta,neha.gupta952@example.com,9107538888,Mumbai,Maharashtra,Bronze,2024-08-10,2026-07-01T09:00:00
C000953,Sneha,Verma,sneha.verma953@example.com,9107546807,Bengaluru,Karnataka,Silver,2024-08-11,2026-07-01T09:00:00
C000954,Pooja,Patel,pooja.patel954@example.com,9107554726,Chennai,Tamil Nadu,Gold,2024-08-12,2026-07-01T09:00:00
C000955,Kavya,Kumar,kavya.kumar955@example.com,9107562645,Pune,Maharashtra,Platinum,2024-08-13,2026-07-01T09:00:00
C000956,Meera,Iyer,meera.iyer956@example.com,9107570564,Delhi,Delhi,Bronze,2024-08-14,2026-07-01T09:00:00
C000957,Nikhil,Reddy,nikhil.reddy957@example.com,9107578483,Kolkata,West Bengal,Silver,2024-08-15,2026-07-01T09:00:00
C000958,Vikram,Singh,vikram.singh958@example.com,9107586402,Ahmedabad,Gujarat,Gold,2024-08-16,2026-07-01T09:00:00
C000959,Akash,Nair,akash.nair959@example.com,9107594321,Jaipur,Rajasthan,Platinum,2024-08-17,2026-07-01T09:00:00
C000960,Divya,Sharma,divya.sharma960@example.com,9107602240,Kochi,Kerala,Bronze,2024-08-18,2026-07-01T09:00:00
C000961,Aarav,Rao,aarav.rao961@example.com,9107610159,Hyderabad,Telangana,Silver,2024-08-19,2026-07-01T09:00:00
C000962,Vivaan,Gupta,vivaan.gupta962@example.com,9107618078,Mumbai,Maharashtra,Gold,2024-08-20,2026-07-01T09:00:00
C000963,Aditya,Verma,aditya.verma963@example.com,9107625997,Bengaluru,Karnataka,Platinum,2024-08-21,2026-07-01T09:00:00
C000964,Arjun,Patel,arjun.patel964@example.com,9107633916,Chennai,Tamil Nadu,Bronze,2024-08-22,2026-07-01T09:00:00
C000965,Sai,Kumar,sai.kumar965@example.com,9107641835,Pune,Maharashtra,Silver,2024-08-23,2026-07-01T09:00:00
C000966,Rohan,Iyer,rohan.iyer966@example.com,9107649754,Delhi,Delhi,Gold,2024-08-24,2026-07-01T09:00:00
C000967,Rahul,Reddy,rahul.reddy967@example.com,9107657673,Kolkata,West Bengal,Platinum,2024-08-25,2026-07-01T09:00:00
C000968,Kiran,Singh,kiran.singh968@example.com,9107665592,Ahmedabad,Gujarat,Bronze,2024-08-26,2026-07-01T09:00:00
C000969,Priya,Nair,priya.nair969@example.com,9107673511,Jaipur,Rajasthan,Silver,2024-08-27,2026-07-01T09:00:00
C000970,Ananya,Sharma,ananya.sharma970@example.com,9107681430,Kochi,Kerala,Gold,2024-08-28,2026-07-01T09:00:00
C000971,Isha,Rao,isha.rao971@example.com,9107689349,Hyderabad,Telangana,Platinum,2024-08-29,2026-07-01T09:00:00
C000972,Neha,Gupta,neha.gupta972@example.com,9107697268,Mumbai,Maharashtra,Bronze,2024-08-30,2026-07-01T09:00:00
C000973,Sneha,Verma,sneha.verma973@example.com,9107705187,Bengaluru,Karnataka,Silver,2024-08-31,2026-07-01T09:00:00
C000974,Pooja,Patel,pooja.patel974@example.com,9107713106,Chennai,Tamil Nadu,Gold,2024-09-01,2026-07-01T09:00:00
C000975,Kavya,Kumar,kavya.kumar975@example.com,9107721025,Pune,Maharashtra,Platinum,2024-09-02,2026-07-01T09:00:00
C000976,Meera,Iyer,meera.iyer976@example.com,9107728944,Delhi,Delhi,Bronze,2024-09-03,2026-07-01T09:00:00
C000977,Nikhil,Reddy,nikhil.reddy977@example.com,9107736863,Kolkata,West Bengal,Silver,2024-09-04,2026-07-01T09:00:00
C000978,Vikram,Singh,vikram.singh978@example.com,9107744782,Ahmedabad,Gujarat,Gold,2024-09-05,2026-07-01T09:00:00
C000979,Akash,Nair,akash.nair979@example.com,9107752701,Jaipur,Rajasthan,Platinum,2024-09-06,2026-07-01T09:00:00
C000980,Divya,Sharma,divya.sharma980@example.com,9107760620,Kochi,Kerala,Bronze,2024-09-07,2026-07-01T09:00:00
C000981,Aarav,Rao,aarav.rao981@example.com,9107768539,Hyderabad,Telangana,Silver,2024-09-08,2026-07-01T09:00:00
C000982,Vivaan,Gupta,vivaan.gupta982@example.com,9107776458,Mumbai,Maharashtra,Gold,2024-09-09,2026-07-01T09:00:00
C000983,Aditya,Verma,aditya.verma983@example.com,9107784377,Bengaluru,Karnataka,Platinum,2024-09-10,2026-07-01T09:00:00
C000984,Arjun,Patel,arjun.patel984@example.com,9107792296,Chennai,Tamil Nadu,Bronze,2024-09-11,2026-07-01T09:00:00
C000985,Sai,Kumar,sai.kumar985@example.com,9107800215,Pune,Maharashtra,Silver,2024-09-12,2026-07-01T09:00:00
C000986,Rohan,Iyer,rohan.iyer986@example.com,9107808134,Delhi,Delhi,Gold,2024-09-13,2026-07-01T09:00:00
C000987,Rahul,Reddy,rahul.reddy987@example.com,9107816053,Kolkata,West Bengal,Platinum,2024-09-14,2026-07-01T09:00:00
C000988,Kiran,Singh,kiran.singh988@example.com,9107823972,Ahmedabad,Gujarat,Bronze,2024-09-15,2026-07-01T09:00:00
C000989,Priya,Nair,priya.nair989@example.com,9107831891,Jaipur,Rajasthan,Silver,2024-09-16,2026-07-01T09:00:00
C000990,Ananya,Sharma,ananya.sharma990@example.com,9107839810,Kochi,Kerala,Gold,2024-09-17,2026-07-01T09:00:00
C000991,Isha,Rao,isha.rao991@example.com,9107847729,Hyderabad,Telangana,Platinum,2024-09-18,2026-07-01T09:00:00
C000992,Neha,Gupta,neha.gupta992@example.com,9107855648,Mumbai,Maharashtra,Bronze,2024-09-19,2026-07-01T09:00:00
C000993,Sneha,Verma,sneha.verma993@example.com,9107863567,Bengaluru,Karnataka,Silver,2024-09-20,2026-07-01T09:00:00
C000994,Pooja,Patel,pooja.patel994@example.com,9107871486,Chennai,Tamil Nadu,Gold,2024-09-21,2026-07-01T09:00:00
C000995,Kavya,Kumar,kavya.kumar995@example.com,9107879405,Pune,Maharashtra,Platinum,2024-09-22,2026-07-01T09:00:00
C000996,Meera,Iyer,meera.iyer996@example.com,9107887324,Delhi,Delhi,Bronze,2024-09-23,2026-07-01T09:00:00
C000997,Nikhil,Reddy,nikhil.reddy997@example.com,9107895243,Kolkata,West Bengal,Silver,2024-09-24,2026-07-01T09:00:00
C000998,Vikram,Singh,vikram.singh998@example.com,9107903162,Ahmedabad,Gujarat,Gold,2024-09-25,2026-07-01T09:00:00
C000999,Akash,Nair,akash.nair999@example.com,9107911081,Jaipur,Rajasthan,Platinum,2024-09-26,2026-07-01T09:00:00
C001000,Divya,Sharma,divya.sharma1000@example.com,9107919000,Kochi,Kerala,Bronze,2024-09-27,2026-07-01T09:00:00
C001001,Aarav,Rao,aarav.rao1001@example.com,9107926919,Hyderabad,Telangana,Silver,2024-09-28,2026-07-01T09:00:00
C001002,Vivaan,Gupta,vivaan.gupta1002@example.com,9107934838,Mumbai,Maharashtra,Gold,2024-09-29,2026-07-01T09:00:00
C001003,Aditya,Verma,aditya.verma1003@example.com,9107942757,Bengaluru,Karnataka,Platinum,2024-09-30,2026-07-01T09:00:00
C001004,Arjun,Patel,arjun.patel1004@example.com,9107950676,Chennai,Tamil Nadu,Bronze,2024-10-01,2026-07-01T09:00:00
C001005,Sai,Kumar,sai.kumar1005@example.com,9107958595,Pune,Maharashtra,Silver,2024-10-02,2026-07-01T09:00:00
C001006,Rohan,Iyer,rohan.iyer1006@example.com,9107966514,Delhi,Delhi,Gold,2024-10-03,2026-07-01T09:00:00
C001007,Rahul,Reddy,rahul.reddy1007@example.com,9107974433,Kolkata,West Bengal,Platinum,2024-10-04,2026-07-01T09:00:00
C001008,Kiran,Singh,kiran.singh1008@example.com,9107982352,Ahmedabad,Gujarat,Bronze,2024-10-05,2026-07-01T09:00:00
C001009,Priya,Nair,priya.nair1009@example.com,9107990271,Jaipur,Rajasthan,Silver,2024-10-06,2026-07-01T09:00:00
C001010,Ananya,Sharma,ananya.sharma1010@example.com,9107998190,Kochi,Kerala,Gold,2024-10-07,2026-07-01T09:00:00
C001011,Isha,Rao,isha.rao1011@example.com,9108006109,Hyderabad,Telangana,Platinum,2024-10-08,2026-07-01T09:00:00
C001012,Neha,Gupta,neha.gupta1012@example.com,9108014028,Mumbai,Maharashtra,Bronze,2024-10-09,2026-07-01T09:00:00
C001013,Sneha,Verma,sneha.verma1013@example.com,9108021947,Bengaluru,Karnataka,Silver,2024-10-10,2026-07-01T09:00:00
C001014,Pooja,Patel,pooja.patel1014@example.com,9108029866,Chennai,Tamil Nadu,Gold,2024-10-11,2026-07-01T09:00:00
C001015,Kavya,Kumar,kavya.kumar1015@example.com,9108037785,Pune,Maharashtra,Platinum,2024-10-12,2026-07-01T09:00:00
C001016,Meera,Iyer,meera.iyer1016@example.com,9108045704,Delhi,Delhi,Bronze,2024-10-13,2026-07-01T09:00:00
C001017,Nikhil,Reddy,nikhil.reddy1017@example.com,9108053623,Kolkata,West Bengal,Silver,2024-10-14,2026-07-01T09:00:00
C001018,Vikram,Singh,vikram.singh1018@example.com,9108061542,Ahmedabad,Gujarat,Gold,2024-10-15,2026-07-01T09:00:00
C001019,Akash,Nair,akash.nair1019@example.com,9108069461,Jaipur,Rajasthan,Platinum,2024-10-16,2026-07-01T09:00:00
C001020,Divya,Sharma,divya.sharma1020@example.com,9108077380,Kochi,Kerala,Bronze,2024-10-17,2026-07-01T09:00:00
C001021,Aarav,Rao,aarav.rao1021@example.com,9108085299,Hyderabad,Telangana,Silver,2024-10-18,2026-07-01T09:00:00
C001022,Vivaan,Gupta,vivaan.gupta1022@example.com,9108093218,Mumbai,Maharashtra,Gold,2024-10-19,2026-07-01T09:00:00
C001023,Aditya,Verma,aditya.verma1023@example.com,9108101137,Bengaluru,Karnataka,Platinum,2024-10-20,2026-07-01T09:00:00
C001024,Arjun,Patel,arjun.patel1024@example.com,9108109056,Chennai,Tamil Nadu,Bronze,2024-10-21,2026-07-01T09:00:00
C001025,Sai,Kumar,sai.kumar1025@example.com,9108116975,Pune,Maharashtra,Silver,2024-10-22,2026-07-01T09:00:00
C001026,Rohan,Iyer,rohan.iyer1026@example.com,9108124894,Delhi,Delhi,Gold,2024-10-23,2026-07-01T09:00:00
C001027,Rahul,Reddy,rahul.reddy1027@example.com,9108132813,Kolkata,West Bengal,Platinum,2024-10-24,2026-07-01T09:00:00
C001028,Kiran,Singh,kiran.singh1028@example.com,9108140732,Ahmedabad,Gujarat,Bronze,2024-10-25,2026-07-01T09:00:00
C001029,Priya,Nair,priya.nair1029@example.com,9108148651,Jaipur,Rajasthan,Silver,2024-10-26,2026-07-01T09:00:00
C001030,Ananya,Sharma,ananya.sharma1030@example.com,9108156570,Kochi,Kerala,Gold,2024-10-27,2026-07-01T09:00:00
C001031,Isha,Rao,isha.rao1031@example.com,9108164489,Hyderabad,Telangana,Platinum,2024-10-28,2026-07-01T09:00:00
C001032,Neha,Gupta,neha.gupta1032@example.com,9108172408,Mumbai,Maharashtra,Bronze,2024-10-29,2026-07-01T09:00:00
C001033,Sneha,Verma,sneha.verma1033@example.com,9108180327,Bengaluru,Karnataka,Silver,2024-10-30,2026-07-01T09:00:00
C001034,Pooja,Patel,pooja.patel1034@example.com,9108188246,Chennai,Tamil Nadu,Gold,2024-10-31,2026-07-01T09:00:00
C001035,Kavya,Kumar,kavya.kumar1035@example.com,9108196165,Pune,Maharashtra,Platinum,2024-11-01,2026-07-01T09:00:00
C001036,Meera,Iyer,meera.iyer1036@example.com,9108204084,Delhi,Delhi,Bronze,2024-11-02,2026-07-01T09:00:00
C001037,Nikhil,Reddy,nikhil.reddy1037@example.com,9108212003,Kolkata,West Bengal,Silver,2024-11-03,2026-07-01T09:00:00
C001038,Vikram,Singh,vikram.singh1038@example.com,9108219922,Ahmedabad,Gujarat,Gold,2024-11-04,2026-07-01T09:00:00
C001039,Akash,Nair,akash.nair1039@example.com,9108227841,Jaipur,Rajasthan,Platinum,2024-11-05,2026-07-01T09:00:00
C001040,Divya,Sharma,divya.sharma1040@example.com,9108235760,Kochi,Kerala,Bronze,2024-11-06,2026-07-01T09:00:00
C001041,Aarav,Rao,aarav.rao1041@example.com,9108243679,Hyderabad,Telangana,Silver,2024-11-07,2026-07-01T09:00:00
C001042,Vivaan,Gupta,vivaan.gupta1042@example.com,9108251598,Mumbai,Maharashtra,Gold,2024-11-08,2026-07-01T09:00:00
C001043,Aditya,Verma,aditya.verma1043@example.com,9108259517,Bengaluru,Karnataka,Platinum,2024-11-09,2026-07-01T09:00:00
C001044,Arjun,Patel,arjun.patel1044@example.com,9108267436,Chennai,Tamil Nadu,Bronze,2024-11-10,2026-07-01T09:00:00
C001045,Sai,Kumar,sai.kumar1045@example.com,9108275355,Pune,Maharashtra,Silver,2024-11-11,2026-07-01T09:00:00
C001046,Rohan,Iyer,rohan.iyer1046@example.com,9108283274,Delhi,Delhi,Gold,2024-11-12,2026-07-01T09:00:00
C001047,Rahul,Reddy,rahul.reddy1047@example.com,9108291193,Kolkata,West Bengal,Platinum,2024-11-13,2026-07-01T09:00:00
C001048,Kiran,Singh,kiran.singh1048@example.com,9108299112,Ahmedabad,Gujarat,Bronze,2024-11-14,2026-07-01T09:00:00
C001049,Priya,Nair,priya.nair1049@example.com,9108307031,Jaipur,Rajasthan,Silver,2024-11-15,2026-07-01T09:00:00
C001050,Ananya,Sharma,ananya.sharma1050@example.com,9108314950,Kochi,Kerala,Gold,2024-11-16,2026-07-01T09:00:00
C001051,Isha,Rao,isha.rao1051@example.com,9108322869,Hyderabad,Telangana,Platinum,2024-11-17,2026-07-01T09:00:00
C001052,Neha,Gupta,neha.gupta1052@example.com,9108330788,Mumbai,Maharashtra,Bronze,2024-11-18,2026-07-01T09:00:00
C001053,Sneha,Verma,sneha.verma1053@example.com,9108338707,Bengaluru,Karnataka,Silver,2024-11-19,2026-07-01T09:00:00
C001054,Pooja,Patel,pooja.patel1054@example.com,9108346626,Chennai,Tamil Nadu,Gold,2024-11-20,2026-07-01T09:00:00
C001055,Kavya,Kumar,kavya.kumar1055@example.com,9108354545,Pune,Maharashtra,Platinum,2024-11-21,2026-07-01T09:00:00
C001056,Meera,Iyer,meera.iyer1056@example.com,9108362464,Delhi,Delhi,Bronze,2024-11-22,2026-07-01T09:00:00
C001057,Nikhil,Reddy,nikhil.reddy1057@example.com,9108370383,Kolkata,West Bengal,Silver,2024-11-23,2026-07-01T09:00:00
C001058,Vikram,Singh,vikram.singh1058@example.com,9108378302,Ahmedabad,Gujarat,Gold,2024-11-24,2026-07-01T09:00:00
C001059,Akash,Nair,akash.nair1059@example.com,9108386221,Jaipur,Rajasthan,Platinum,2024-11-25,2026-07-01T09:00:00
C001060,Divya,Sharma,divya.sharma1060@example.com,9108394140,Kochi,Kerala,Bronze,2024-11-26,2026-07-01T09:00:00
C001061,Aarav,Rao,aarav.rao1061@example.com,9108402059,Hyderabad,Telangana,Silver,2024-11-27,2026-07-01T09:00:00
C001062,Vivaan,Gupta,vivaan.gupta1062@example.com,9108409978,Mumbai,Maharashtra,Gold,2024-11-28,2026-07-01T09:00:00
C001063,Aditya,Verma,aditya.verma1063@example.com,9108417897,Bengaluru,Karnataka,Platinum,2024-11-29,2026-07-01T09:00:00
C001064,Arjun,Patel,arjun.patel1064@example.com,9108425816,Chennai,Tamil Nadu,Bronze,2024-11-30,2026-07-01T09:00:00
C001065,Sai,Kumar,sai.kumar1065@example.com,9108433735,Pune,Maharashtra,Silver,2024-12-01,2026-07-01T09:00:00
C001066,Rohan,Iyer,rohan.iyer1066@example.com,9108441654,Delhi,Delhi,Gold,2024-12-02,2026-07-01T09:00:00
C001067,Rahul,Reddy,rahul.reddy1067@example.com,9108449573,Kolkata,West Bengal,Platinum,2024-12-03,2026-07-01T09:00:00
C001068,Kiran,Singh,kiran.singh1068@example.com,9108457492,Ahmedabad,Gujarat,Bronze,2024-12-04,2026-07-01T09:00:00
C001069,Priya,Nair,priya.nair1069@example.com,9108465411,Jaipur,Rajasthan,Silver,2024-12-05,2026-07-01T09:00:00
C001070,Ananya,Sharma,ananya.sharma1070@example.com,9108473330,Kochi,Kerala,Gold,2024-12-06,2026-07-01T09:00:00
C001071,Isha,Rao,isha.rao1071@example.com,9108481249,Hyderabad,Telangana,Platinum,2024-12-07,2026-07-01T09:00:00
C001072,Neha,Gupta,neha.gupta1072@example.com,9108489168,Mumbai,Maharashtra,Bronze,2024-12-08,2026-07-01T09:00:00
C001073,Sneha,Verma,sneha.verma1073@example.com,9108497087,Bengaluru,Karnataka,Silver,2024-12-09,2026-07-01T09:00:00
C001074,Pooja,Patel,pooja.patel1074@example.com,9108505006,Chennai,Tamil Nadu,Gold,2024-12-10,2026-07-01T09:00:00
C001075,Kavya,Kumar,kavya.kumar1075@example.com,9108512925,Pune,Maharashtra,Platinum,2024-12-11,2026-07-01T09:00:00
C001076,Meera,Iyer,meera.iyer1076@example.com,9108520844,Delhi,Delhi,Bronze,2024-12-12,2026-07-01T09:00:00
C001077,Nikhil,Reddy,nikhil.reddy1077@example.com,9108528763,Kolkata,West Bengal,Silver,2024-12-13,2026-07-01T09:00:00
C001078,Vikram,Singh,vikram.singh1078@example.com,9108536682,Ahmedabad,Gujarat,Gold,2024-12-14,2026-07-01T09:00:00
C001079,Akash,Nair,akash.nair1079@example.com,9108544601,Jaipur,Rajasthan,Platinum,2024-12-15,2026-07-01T09:00:00
C001080,Divya,Sharma,divya.sharma1080@example.com,9108552520,Kochi,Kerala,Bronze,2024-12-16,2026-07-01T09:00:00
C001081,Aarav,Rao,aarav.rao1081@example.com,9108560439,Hyderabad,Telangana,Silver,2024-12-17,2026-07-01T09:00:00
C001082,Vivaan,Gupta,vivaan.gupta1082@example.com,9108568358,Mumbai,Maharashtra,Gold,2024-12-18,2026-07-01T09:00:00
C001083,Aditya,Verma,aditya.verma1083@example.com,9108576277,Bengaluru,Karnataka,Platinum,2024-12-19,2026-07-01T09:00:00
C001084,Arjun,Patel,arjun.patel1084@example.com,9108584196,Chennai,Tamil Nadu,Bronze,2024-12-20,2026-07-01T09:00:00
C001085,Sai,Kumar,sai.kumar1085@example.com,9108592115,Pune,Maharashtra,Silver,2024-12-21,2026-07-01T09:00:00
C001086,Rohan,Iyer,rohan.iyer1086@example.com,9108600034,Delhi,Delhi,Gold,2024-12-22,2026-07-01T09:00:00
C001087,Rahul,Reddy,rahul.reddy1087@example.com,9108607953,Kolkata,West Bengal,Platinum,2024-12-23,2026-07-01T09:00:00
C001088,Kiran,Singh,kiran.singh1088@example.com,9108615872,Ahmedabad,Gujarat,Bronze,2024-12-24,2026-07-01T09:00:00
C001089,Priya,Nair,priya.nair1089@example.com,9108623791,Jaipur,Rajasthan,Silver,2024-12-25,2026-07-01T09:00:00
C001090,Ananya,Sharma,ananya.sharma1090@example.com,9108631710,Kochi,Kerala,Gold,2024-12-26,2026-07-01T09:00:00
C001091,Isha,Rao,isha.rao1091@example.com,9108639629,Hyderabad,Telangana,Platinum,2024-12-27,2026-07-01T09:00:00
C001092,Neha,Gupta,neha.gupta1092@example.com,9108647548,Mumbai,Maharashtra,Bronze,2024-12-28,2026-07-01T09:00:00
C001093,Sneha,Verma,sneha.verma1093@example.com,9108655467,Bengaluru,Karnataka,Silver,2024-12-29,2026-07-01T09:00:00
C001094,Pooja,Patel,pooja.patel1094@example.com,9108663386,Chennai,Tamil Nadu,Gold,2024-12-30,2026-07-01T09:00:00
C001095,Kavya,Kumar,kavya.kumar1095@example.com,9108671305,Pune,Maharashtra,Platinum,2024-12-31,2026-07-01T09:00:00
C001096,Meera,Iyer,meera.iyer1096@example.com,9108679224,Delhi,Delhi,Bronze,2025-01-01,2026-07-01T09:00:00
C001097,Nikhil,Reddy,nikhil.reddy1097@example.com,9108687143,Kolkata,West Bengal,Silver,2025-01-02,2026-07-01T09:00:00
C001098,Vikram,Singh,vikram.singh1098@example.com,9108695062,Ahmedabad,Gujarat,Gold,2025-01-03,2026-07-01T09:00:00
C001099,Akash,Nair,akash.nair1099@example.com,9108702981,Jaipur,Rajasthan,Platinum,2025-01-04,2026-07-01T09:00:00
C001100,Divya,Sharma,divya.sharma1100@example.com,9108710900,Kochi,Kerala,Bronze,2025-01-05,2026-07-01T09:00:00
C001101,Aarav,Rao,aarav.rao1101@example.com,9108718819,Hyderabad,Telangana,Silver,2025-01-06,2026-07-01T09:00:00
C001102,Vivaan,Gupta,vivaan.gupta1102@example.com,9108726738,Mumbai,Maharashtra,Gold,2025-01-07,2026-07-01T09:00:00
C001103,Aditya,Verma,aditya.verma1103@example.com,9108734657,Bengaluru,Karnataka,Platinum,2025-01-08,2026-07-01T09:00:00
C001104,Arjun,Patel,arjun.patel1104@example.com,9108742576,Chennai,Tamil Nadu,Bronze,2025-01-09,2026-07-01T09:00:00
C001105,Sai,Kumar,sai.kumar1105@example.com,9108750495,Pune,Maharashtra,Silver,2025-01-10,2026-07-01T09:00:00
C001106,Rohan,Iyer,rohan.iyer1106@example.com,9108758414,Delhi,Delhi,Gold,2025-01-11,2026-07-01T09:00:00
C001107,Rahul,Reddy,rahul.reddy1107@example.com,9108766333,Kolkata,West Bengal,Platinum,2025-01-12,2026-07-01T09:00:00
C001108,Kiran,Singh,kiran.singh1108@example.com,9108774252,Ahmedabad,Gujarat,Bronze,2025-01-13,2026-07-01T09:00:00
C001109,Priya,Nair,priya.nair1109@example.com,9108782171,Jaipur,Rajasthan,Silver,2025-01-14,2026-07-01T09:00:00
C001110,Ananya,Sharma,ananya.sharma1110@example.com,9108790090,Kochi,Kerala,Gold,2025-01-15,2026-07-01T09:00:00
C001111,Isha,Rao,isha.rao1111@example.com,9108798009,Hyderabad,Telangana,Platinum,2025-01-16,2026-07-01T09:00:00
C001112,Neha,Gupta,neha.gupta1112@example.com,9108805928,Mumbai,Maharashtra,Bronze,2025-01-17,2026-07-01T09:00:00
C001113,Sneha,Verma,sneha.verma1113@example.com,9108813847,Bengaluru,Karnataka,Silver,2025-01-18,2026-07-01T09:00:00
C001114,Pooja,Patel,pooja.patel1114@example.com,9108821766,Chennai,Tamil Nadu,Gold,2025-01-19,2026-07-01T09:00:00
C001115,Kavya,Kumar,kavya.kumar1115@example.com,9108829685,Pune,Maharashtra,Platinum,2025-01-20,2026-07-01T09:00:00
C001116,Meera,Iyer,meera.iyer1116@example.com,9108837604,Delhi,Delhi,Bronze,2025-01-21,2026-07-01T09:00:00
C001117,Nikhil,Reddy,nikhil.reddy1117@example.com,9108845523,Kolkata,West Bengal,Silver,2025-01-22,2026-07-01T09:00:00
C001118,Vikram,Singh,vikram.singh1118@example.com,9108853442,Ahmedabad,Gujarat,Gold,2025-01-23,2026-07-01T09:00:00
C001119,Akash,Nair,akash.nair1119@example.com,9108861361,Jaipur,Rajasthan,Platinum,2025-01-24,2026-07-01T09:00:00
C001120,Divya,Sharma,divya.sharma1120@example.com,9108869280,Kochi,Kerala,Bronze,2025-01-25,2026-07-01T09:00:00
C001121,Aarav,Rao,aarav.rao1121@example.com,9108877199,Hyderabad,Telangana,Silver,2025-01-26,2026-07-01T09:00:00
C001122,Vivaan,Gupta,vivaan.gupta1122@example.com,9108885118,Mumbai,Maharashtra,Gold,2025-01-27,2026-07-01T09:00:00
C001123,Aditya,Verma,aditya.verma1123@example.com,9108893037,Bengaluru,Karnataka,Platinum,2025-01-28,2026-07-01T09:00:00
C001124,Arjun,Patel,arjun.patel1124@example.com,9108900956,Chennai,Tamil Nadu,Bronze,2025-01-29,2026-07-01T09:00:00
C001125,Sai,Kumar,sai.kumar1125@example.com,9108908875,Pune,Maharashtra,Silver,2025-01-30,2026-07-01T09:00:00
C001126,Rohan,Iyer,rohan.iyer1126@example.com,9108916794,Delhi,Delhi,Gold,2025-01-31,2026-07-01T09:00:00
C001127,Rahul,Reddy,rahul.reddy1127@example.com,9108924713,Kolkata,West Bengal,Platinum,2025-02-01,2026-07-01T09:00:00
C001128,Kiran,Singh,kiran.singh1128@example.com,9108932632,Ahmedabad,Gujarat,Bronze,2025-02-02,2026-07-01T09:00:00
C001129,Priya,Nair,priya.nair1129@example.com,9108940551,Jaipur,Rajasthan,Silver,2025-02-03,2026-07-01T09:00:00
C001130,Ananya,Sharma,ananya.sharma1130@example.com,9108948470,Kochi,Kerala,Gold,2025-02-04,2026-07-01T09:00:00
C001131,Isha,Rao,isha.rao1131@example.com,9108956389,Hyderabad,Telangana,Platinum,2025-02-05,2026-07-01T09:00:00
C001132,Neha,Gupta,neha.gupta1132@example.com,9108964308,Mumbai,Maharashtra,Bronze,2025-02-06,2026-07-01T09:00:00
C001133,Sneha,Verma,sneha.verma1133@example.com,9108972227,Bengaluru,Karnataka,Silver,2025-02-07,2026-07-01T09:00:00
C001134,Pooja,Patel,pooja.patel1134@example.com,9108980146,Chennai,Tamil Nadu,Gold,2025-02-08,2026-07-01T09:00:00
C001135,Kavya,Kumar,kavya.kumar1135@example.com,9108988065,Pune,Maharashtra,Platinum,2025-02-09,2026-07-01T09:00:00
C001136,Meera,Iyer,meera.iyer1136@example.com,9108995984,Delhi,Delhi,Bronze,2025-02-10,2026-07-01T09:00:00
C001137,Nikhil,Reddy,nikhil.reddy1137@example.com,9109003903,Kolkata,West Bengal,Silver,2025-02-11,2026-07-01T09:00:00
C001138,Vikram,Singh,vikram.singh1138@example.com,9109011822,Ahmedabad,Gujarat,Gold,2025-02-12,2026-07-01T09:00:00
C001139,Akash,Nair,akash.nair1139@example.com,9109019741,Jaipur,Rajasthan,Platinum,2025-02-13,2026-07-01T09:00:00
C001140,Divya,Sharma,divya.sharma1140@example.com,9109027660,Kochi,Kerala,Bronze,2025-02-14,2026-07-01T09:00:00
C001141,Aarav,Rao,aarav.rao1141@example.com,9109035579,Hyderabad,Telangana,Silver,2025-02-15,2026-07-01T09:00:00
C001142,Vivaan,Gupta,vivaan.gupta1142@example.com,9109043498,Mumbai,Maharashtra,Gold,2025-02-16,2026-07-01T09:00:00
C001143,Aditya,Verma,aditya.verma1143@example.com,9109051417,Bengaluru,Karnataka,Platinum,2025-02-17,2026-07-01T09:00:00
C001144,Arjun,Patel,arjun.patel1144@example.com,9109059336,Chennai,Tamil Nadu,Bronze,2025-02-18,2026-07-01T09:00:00
C001145,Sai,Kumar,sai.kumar1145@example.com,9109067255,Pune,Maharashtra,Silver,2025-02-19,2026-07-01T09:00:00
C001146,Rohan,Iyer,rohan.iyer1146@example.com,9109075174,Delhi,Delhi,Gold,2025-02-20,2026-07-01T09:00:00
C001147,Rahul,Reddy,rahul.reddy1147@example.com,9109083093,Kolkata,West Bengal,Platinum,2025-02-21,2026-07-01T09:00:00
C001148,Kiran,Singh,kiran.singh1148@example.com,9109091012,Ahmedabad,Gujarat,Bronze,2025-02-22,2026-07-01T09:00:00
C001149,Priya,Nair,priya.nair1149@example.com,9109098931,Jaipur,Rajasthan,Silver,2025-02-23,2026-07-01T09:00:00
C001150,Ananya,Sharma,ananya.sharma1150@example.com,9109106850,Kochi,Kerala,Gold,2025-02-24,2026-07-01T09:00:00
C001151,Isha,Rao,isha.rao1151@example.com,9109114769,Hyderabad,Telangana,Platinum,2025-02-25,2026-07-01T09:00:00
C001152,Neha,Gupta,neha.gupta1152@example.com,9109122688,Mumbai,Maharashtra,Bronze,2025-02-26,2026-07-01T09:00:00
C001153,Sneha,Verma,sneha.verma1153@example.com,9109130607,Bengaluru,Karnataka,Silver,2025-02-27,2026-07-01T09:00:00
C001154,Pooja,Patel,pooja.patel1154@example.com,9109138526,Chennai,Tamil Nadu,Gold,2025-02-28,2026-07-01T09:00:00
C001155,Kavya,Kumar,kavya.kumar1155@example.com,9109146445,Pune,Maharashtra,Platinum,2025-03-01,2026-07-01T09:00:00
C001156,Meera,Iyer,meera.iyer1156@example.com,9109154364,Delhi,Delhi,Bronze,2025-03-02,2026-07-01T09:00:00
C001157,Nikhil,Reddy,nikhil.reddy1157@example.com,9109162283,Kolkata,West Bengal,Silver,2025-03-03,2026-07-01T09:00:00
C001158,Vikram,Singh,vikram.singh1158@example.com,9109170202,Ahmedabad,Gujarat,Gold,2025-03-04,2026-07-01T09:00:00
C001159,Akash,Nair,akash.nair1159@example.com,9109178121,Jaipur,Rajasthan,Platinum,2025-03-05,2026-07-01T09:00:00
C001160,Divya,Sharma,divya.sharma1160@example.com,9109186040,Kochi,Kerala,Bronze,2025-03-06,2026-07-01T09:00:00
C001161,Aarav,Rao,aarav.rao1161@example.com,9109193959,Hyderabad,Telangana,Silver,2025-03-07,2026-07-01T09:00:00
C001162,Vivaan,Gupta,vivaan.gupta1162@example.com,9109201878,Mumbai,Maharashtra,Gold,2025-03-08,2026-07-01T09:00:00
C001163,Aditya,Verma,aditya.verma1163@example.com,9109209797,Bengaluru,Karnataka,Platinum,2025-03-09,2026-07-01T09:00:00
C001164,Arjun,Patel,arjun.patel1164@example.com,9109217716,Chennai,Tamil Nadu,Bronze,2025-03-10,2026-07-01T09:00:00
C001165,Sai,Kumar,sai.kumar1165@example.com,9109225635,Pune,Maharashtra,Silver,2025-03-11,2026-07-01T09:00:00
C001166,Rohan,Iyer,rohan.iyer1166@example.com,9109233554,Delhi,Delhi,Gold,2025-03-12,2026-07-01T09:00:00
C001167,Rahul,Reddy,rahul.reddy1167@example.com,9109241473,Kolkata,West Bengal,Platinum,2025-03-13,2026-07-01T09:00:00
C001168,Kiran,Singh,kiran.singh1168@example.com,9109249392,Ahmedabad,Gujarat,Bronze,2025-03-14,2026-07-01T09:00:00
C001169,Priya,Nair,priya.nair1169@example.com,9109257311,Jaipur,Rajasthan,Silver,2025-03-15,2026-07-01T09:00:00
C001170,Ananya,Sharma,ananya.sharma1170@example.com,9109265230,Kochi,Kerala,Gold,2025-03-16,2026-07-01T09:00:00
C001171,Isha,Rao,isha.rao1171@example.com,9109273149,Hyderabad,Telangana,Platinum,2025-03-17,2026-07-01T09:00:00
C001172,Neha,Gupta,neha.gupta1172@example.com,9109281068,Mumbai,Maharashtra,Bronze,2025-03-18,2026-07-01T09:00:00
C001173,Sneha,Verma,sneha.verma1173@example.com,9109288987,Bengaluru,Karnataka,Silver,2025-03-19,2026-07-01T09:00:00
C001174,Pooja,Patel,pooja.patel1174@example.com,9109296906,Chennai,Tamil Nadu,Gold,2025-03-20,2026-07-01T09:00:00
C001175,Kavya,Kumar,kavya.kumar1175@example.com,9109304825,Pune,Maharashtra,Platinum,2025-03-21,2026-07-01T09:00:00
C001176,Meera,Iyer,meera.iyer1176@example.com,9109312744,Delhi,Delhi,Bronze,2025-03-22,2026-07-01T09:00:00
C001177,Nikhil,Reddy,nikhil.reddy1177@example.com,9109320663,Kolkata,West Bengal,Silver,2025-03-23,2026-07-01T09:00:00
C001178,Vikram,Singh,vikram.singh1178@example.com,9109328582,Ahmedabad,Gujarat,Gold,2025-03-24,2026-07-01T09:00:00
C001179,Akash,Nair,akash.nair1179@example.com,9109336501,Jaipur,Rajasthan,Platinum,2025-03-25,2026-07-01T09:00:00
C001180,Divya,Sharma,divya.sharma1180@example.com,9109344420,Kochi,Kerala,Bronze,2025-03-26,2026-07-01T09:00:00
C001181,Aarav,Rao,aarav.rao1181@example.com,9109352339,Hyderabad,Telangana,Silver,2025-03-27,2026-07-01T09:00:00
C001182,Vivaan,Gupta,vivaan.gupta1182@example.com,9109360258,Mumbai,Maharashtra,Gold,2025-03-28,2026-07-01T09:00:00
C001183,Aditya,Verma,aditya.verma1183@example.com,9109368177,Bengaluru,Karnataka,Platinum,2025-03-29,2026-07-01T09:00:00
C001184,Arjun,Patel,arjun.patel1184@example.com,9109376096,Chennai,Tamil Nadu,Bronze,2025-03-30,2026-07-01T09:00:00
C001185,Sai,Kumar,sai.kumar1185@example.com,9109384015,Pune,Maharashtra,Silver,2025-03-31,2026-07-01T09:00:00
C001186,Rohan,Iyer,rohan.iyer1186@example.com,9109391934,Delhi,Delhi,Gold,2025-04-01,2026-07-01T09:00:00
C001187,Rahul,Reddy,rahul.reddy1187@example.com,9109399853,Kolkata,West Bengal,Platinum,2025-04-02,2026-07-01T09:00:00
C001188,Kiran,Singh,kiran.singh1188@example.com,9109407772,Ahmedabad,Gujarat,Bronze,2025-04-03,2026-07-01T09:00:00
C001189,Priya,Nair,priya.nair1189@example.com,9109415691,Jaipur,Rajasthan,Silver,2025-04-04,2026-07-01T09:00:00
C001190,Ananya,Sharma,ananya.sharma1190@example.com,9109423610,Kochi,Kerala,Gold,2025-04-05,2026-07-01T09:00:00
C001191,Isha,Rao,isha.rao1191@example.com,9109431529,Hyderabad,Telangana,Platinum,2025-04-06,2026-07-01T09:00:00
C001192,Neha,Gupta,neha.gupta1192@example.com,9109439448,Mumbai,Maharashtra,Bronze,2025-04-07,2026-07-01T09:00:00
C001193,Sneha,Verma,sneha.verma1193@example.com,9109447367,Bengaluru,Karnataka,Silver,2025-04-08,2026-07-01T09:00:00
C001194,Pooja,Patel,pooja.patel1194@example.com,9109455286,Chennai,Tamil Nadu,Gold,2025-04-09,2026-07-01T09:00:00
C001195,Kavya,Kumar,kavya.kumar1195@example.com,9109463205,Pune,Maharashtra,Platinum,2025-04-10,2026-07-01T09:00:00
C001196,Meera,Iyer,meera.iyer1196@example.com,9109471124,Delhi,Delhi,Bronze,2025-04-11,2026-07-01T09:00:00
C001197,Nikhil,Reddy,nikhil.reddy1197@example.com,9109479043,Kolkata,West Bengal,Silver,2025-04-12,2026-07-01T09:00:00
C001198,Vikram,Singh,vikram.singh1198@example.com,9109486962,Ahmedabad,Gujarat,Gold,2025-04-13,2026-07-01T09:00:00
C001199,Akash,Nair,akash.nair1199@example.com,9109494881,Jaipur,Rajasthan,Platinum,2025-04-14,2026-07-01T09:00:00
C001200,Divya,Sharma,divya.sharma1200@example.com,9109502800,Kochi,Kerala,Bronze,2025-04-15,2026-07-01T09:00:00
C001201,Aarav,Rao,aarav.rao1201@example.com,9109510719,Hyderabad,Telangana,Silver,2025-04-16,2026-07-01T09:00:00
C001202,Vivaan,Gupta,vivaan.gupta1202@example.com,9109518638,Mumbai,Maharashtra,Gold,2025-04-17,2026-07-01T09:00:00
C001203,Aditya,Verma,aditya.verma1203@example.com,9109526557,Bengaluru,Karnataka,Platinum,2025-04-18,2026-07-01T09:00:00
C001204,Arjun,Patel,arjun.patel1204@example.com,9109534476,Chennai,Tamil Nadu,Bronze,2025-04-19,2026-07-01T09:00:00
C001205,Sai,Kumar,sai.kumar1205@example.com,9109542395,Pune,Maharashtra,Silver,2025-04-20,2026-07-01T09:00:00
C001206,Rohan,Iyer,rohan.iyer1206@example.com,9109550314,Delhi,Delhi,Gold,2025-04-21,2026-07-01T09:00:00
C001207,Rahul,Reddy,rahul.reddy1207@example.com,9109558233,Kolkata,West Bengal,Platinum,2025-04-22,2026-07-01T09:00:00
C001208,Kiran,Singh,kiran.singh1208@example.com,9109566152,Ahmedabad,Gujarat,Bronze,2025-04-23,2026-07-01T09:00:00
C001209,Priya,Nair,priya.nair1209@example.com,9109574071,Jaipur,Rajasthan,Silver,2025-04-24,2026-07-01T09:00:00
C001210,Ananya,Sharma,ananya.sharma1210@example.com,9109581990,Kochi,Kerala,Gold,2025-04-25,2026-07-01T09:00:00
C001211,Isha,Rao,isha.rao1211@example.com,9109589909,Hyderabad,Telangana,Platinum,2025-04-26,2026-07-01T09:00:00
C001212,Neha,Gupta,neha.gupta1212@example.com,9109597828,Mumbai,Maharashtra,Bronze,2025-04-27,2026-07-01T09:00:00
C001213,Sneha,Verma,sneha.verma1213@example.com,9109605747,Bengaluru,Karnataka,Silver,2025-04-28,2026-07-01T09:00:00
C001214,Pooja,Patel,pooja.patel1214@example.com,9109613666,Chennai,Tamil Nadu,Gold,2025-04-29,2026-07-01T09:00:00
C001215,Kavya,Kumar,kavya.kumar1215@example.com,9109621585,Pune,Maharashtra,Platinum,2025-04-30,2026-07-01T09:00:00
C001216,Meera,Iyer,meera.iyer1216@example.com,9109629504,Delhi,Delhi,Bronze,2025-05-01,2026-07-01T09:00:00
C001217,Nikhil,Reddy,nikhil.reddy1217@example.com,9109637423,Kolkata,West Bengal,Silver,2025-05-02,2026-07-01T09:00:00
C001218,Vikram,Singh,vikram.singh1218@example.com,9109645342,Ahmedabad,Gujarat,Gold,2025-05-03,2026-07-01T09:00:00
C001219,Akash,Nair,akash.nair1219@example.com,9109653261,Jaipur,Rajasthan,Platinum,2025-05-04,2026-07-01T09:00:00
C001220,Divya,Sharma,divya.sharma1220@example.com,9109661180,Kochi,Kerala,Bronze,2025-05-05,2026-07-01T09:00:00
C001221,Aarav,Rao,aarav.rao1221@example.com,9109669099,Hyderabad,Telangana,Silver,2025-05-06,2026-07-01T09:00:00
C001222,Vivaan,Gupta,vivaan.gupta1222@example.com,9109677018,Mumbai,Maharashtra,Gold,2025-05-07,2026-07-01T09:00:00
C001223,Aditya,Verma,aditya.verma1223@example.com,9109684937,Bengaluru,Karnataka,Platinum,2025-05-08,2026-07-01T09:00:00
C001224,Arjun,Patel,arjun.patel1224@example.com,9109692856,Chennai,Tamil Nadu,Bronze,2025-05-09,2026-07-01T09:00:00
C001225,Sai,Kumar,sai.kumar1225@example.com,9109700775,Pune,Maharashtra,Silver,2025-05-10,2026-07-01T09:00:00
C001226,Rohan,Iyer,rohan.iyer1226@example.com,9109708694,Delhi,Delhi,Gold,2025-05-11,2026-07-01T09:00:00
C001227,Rahul,Reddy,rahul.reddy1227@example.com,9109716613,Kolkata,West Bengal,Platinum,2025-05-12,2026-07-01T09:00:00
C001228,Kiran,Singh,kiran.singh1228@example.com,9109724532,Ahmedabad,Gujarat,Bronze,2025-05-13,2026-07-01T09:00:00
C001229,Priya,Nair,priya.nair1229@example.com,9109732451,Jaipur,Rajasthan,Silver,2025-05-14,2026-07-01T09:00:00
C001230,Ananya,Sharma,ananya.sharma1230@example.com,9109740370,Kochi,Kerala,Gold,2025-05-15,2026-07-01T09:00:00
C001231,Isha,Rao,isha.rao1231@example.com,9109748289,Hyderabad,Telangana,Platinum,2025-05-16,2026-07-01T09:00:00
C001232,Neha,Gupta,neha.gupta1232@example.com,9109756208,Mumbai,Maharashtra,Bronze,2025-05-17,2026-07-01T09:00:00
C001233,Sneha,Verma,sneha.verma1233@example.com,9109764127,Bengaluru,Karnataka,Silver,2025-05-18,2026-07-01T09:00:00
C001234,Pooja,Patel,pooja.patel1234@example.com,9109772046,Chennai,Tamil Nadu,Gold,2025-05-19,2026-07-01T09:00:00
C001235,Kavya,Kumar,kavya.kumar1235@example.com,9109779965,Pune,Maharashtra,Platinum,2025-05-20,2026-07-01T09:00:00
C001236,Meera,Iyer,meera.iyer1236@example.com,9109787884,Delhi,Delhi,Bronze,2025-05-21,2026-07-01T09:00:00
C001237,Nikhil,Reddy,nikhil.reddy1237@example.com,9109795803,Kolkata,West Bengal,Silver,2025-05-22,2026-07-01T09:00:00
C001238,Vikram,Singh,vikram.singh1238@example.com,9109803722,Ahmedabad,Gujarat,Gold,2025-05-23,2026-07-01T09:00:00
C001239,Akash,Nair,akash.nair1239@example.com,9109811641,Jaipur,Rajasthan,Platinum,2025-05-24,2026-07-01T09:00:00
C001240,Divya,Sharma,divya.sharma1240@example.com,9109819560,Kochi,Kerala,Bronze,2025-05-25,2026-07-01T09:00:00
C001241,Aarav,Rao,aarav.rao1241@example.com,9109827479,Hyderabad,Telangana,Silver,2025-05-26,2026-07-01T09:00:00
C001242,Vivaan,Gupta,vivaan.gupta1242@example.com,9109835398,Mumbai,Maharashtra,Gold,2025-05-27,2026-07-01T09:00:00
C001243,Aditya,Verma,aditya.verma1243@example.com,9109843317,Bengaluru,Karnataka,Platinum,2025-05-28,2026-07-01T09:00:00
C001244,Arjun,Patel,arjun.patel1244@example.com,9109851236,Chennai,Tamil Nadu,Bronze,2025-05-29,2026-07-01T09:00:00
C001245,Sai,Kumar,sai.kumar1245@example.com,9109859155,Pune,Maharashtra,Silver,2025-05-30,2026-07-01T09:00:00
C001246,Rohan,Iyer,rohan.iyer1246@example.com,9109867074,Delhi,Delhi,Gold,2025-05-31,2026-07-01T09:00:00
C001247,Rahul,Reddy,rahul.reddy1247@example.com,9109874993,Kolkata,West Bengal,Platinum,2025-06-01,2026-07-01T09:00:00
C001248,Kiran,Singh,kiran.singh1248@example.com,9109882912,Ahmedabad,Gujarat,Bronze,2025-06-02,2026-07-01T09:00:00
C001249,Priya,Nair,priya.nair1249@example.com,9109890831,Jaipur,Rajasthan,Silver,2025-06-03,2026-07-01T09:00:00
C001250,Ananya,Sharma,ananya.sharma1250@example.com,9109898750,Kochi,Kerala,Gold,2025-06-04,2026-07-01T09:00:00
C001251,Isha,Rao,isha.rao1251@example.com,9109906669,Hyderabad,Telangana,Platinum,2025-06-05,2026-07-01T09:00:00
C001252,Neha,Gupta,neha.gupta1252@example.com,9109914588,Mumbai,Maharashtra,Bronze,2025-06-06,2026-07-01T09:00:00
C001253,Sneha,Verma,sneha.verma1253@example.com,9109922507,Bengaluru,Karnataka,Silver,2025-06-07,2026-07-01T09:00:00
C001254,Pooja,Patel,pooja.patel1254@example.com,9109930426,Chennai,Tamil Nadu,Gold,2025-06-08,2026-07-01T09:00:00
C001255,Kavya,Kumar,kavya.kumar1255@example.com,9109938345,Pune,Maharashtra,Platinum,2025-06-09,2026-07-01T09:00:00
C001256,Meera,Iyer,meera.iyer1256@example.com,9109946264,Delhi,Delhi,Bronze,2025-06-10,2026-07-01T09:00:00
C001257,Nikhil,Reddy,nikhil.reddy1257@example.com,9109954183,Kolkata,West Bengal,Silver,2025-06-11,2026-07-01T09:00:00
C001258,Vikram,Singh,vikram.singh1258@example.com,9109962102,Ahmedabad,Gujarat,Gold,2025-06-12,2026-07-01T09:00:00
C001259,Akash,Nair,akash.nair1259@example.com,9109970021,Jaipur,Rajasthan,Platinum,2025-06-13,2026-07-01T09:00:00
C001260,Divya,Sharma,divya.sharma1260@example.com,9109977940,Kochi,Kerala,Bronze,2025-06-14,2026-07-01T09:00:00
C001261,Aarav,Rao,aarav.rao1261@example.com,9109985859,Hyderabad,Telangana,Silver,2025-06-15,2026-07-01T09:00:00
C001262,Vivaan,Gupta,vivaan.gupta1262@example.com,9109993778,Mumbai,Maharashtra,Gold,2025-06-16,2026-07-01T09:00:00
C001263,Aditya,Verma,aditya.verma1263@example.com,9110001697,Bengaluru,Karnataka,Platinum,2025-06-17,2026-07-01T09:00:00
C001264,Arjun,Patel,arjun.patel1264@example.com,9110009616,Chennai,Tamil Nadu,Bronze,2025-06-18,2026-07-01T09:00:00
C001265,Sai,Kumar,sai.kumar1265@example.com,9110017535,Pune,Maharashtra,Silver,2025-06-19,2026-07-01T09:00:00
C001266,Rohan,Iyer,rohan.iyer1266@example.com,9110025454,Delhi,Delhi,Gold,2025-06-20,2026-07-01T09:00:00
C001267,Rahul,Reddy,rahul.reddy1267@example.com,9110033373,Kolkata,West Bengal,Platinum,2025-06-21,2026-07-01T09:00:00
C001268,Kiran,Singh,kiran.singh1268@example.com,9110041292,Ahmedabad,Gujarat,Bronze,2025-06-22,2026-07-01T09:00:00
C001269,Priya,Nair,priya.nair1269@example.com,9110049211,Jaipur,Rajasthan,Silver,2025-06-23,2026-07-01T09:00:00
C001270,Ananya,Sharma,ananya.sharma1270@example.com,9110057130,Kochi,Kerala,Gold,2025-06-24,2026-07-01T09:00:00
C001271,Isha,Rao,isha.rao1271@example.com,9110065049,Hyderabad,Telangana,Platinum,2025-06-25,2026-07-01T09:00:00
C001272,Neha,Gupta,neha.gupta1272@example.com,9110072968,Mumbai,Maharashtra,Bronze,2025-06-26,2026-07-01T09:00:00
C001273,Sneha,Verma,sneha.verma1273@example.com,9110080887,Bengaluru,Karnataka,Silver,2025-06-27,2026-07-01T09:00:00
C001274,Pooja,Patel,pooja.patel1274@example.com,9110088806,Chennai,Tamil Nadu,Gold,2025-06-28,2026-07-01T09:00:00
C001275,Kavya,Kumar,kavya.kumar1275@example.com,9110096725,Pune,Maharashtra,Platinum,2025-06-29,2026-07-01T09:00:00
C001276,Meera,Iyer,meera.iyer1276@example.com,9110104644,Delhi,Delhi,Bronze,2025-06-30,2026-07-01T09:00:00
C001277,Nikhil,Reddy,nikhil.reddy1277@example.com,9110112563,Kolkata,West Bengal,Silver,2025-07-01,2026-07-01T09:00:00
C001278,Vikram,Singh,vikram.singh1278@example.com,9110120482,Ahmedabad,Gujarat,Gold,2025-07-02,2026-07-01T09:00:00
C001279,Akash,Nair,akash.nair1279@example.com,9110128401,Jaipur,Rajasthan,Platinum,2025-07-03,2026-07-01T09:00:00
C001280,Divya,Sharma,divya.sharma1280@example.com,9110136320,Kochi,Kerala,Bronze,2025-07-04,2026-07-01T09:00:00
C001281,Aarav,Rao,aarav.rao1281@example.com,9110144239,Hyderabad,Telangana,Silver,2025-07-05,2026-07-01T09:00:00
C001282,Vivaan,Gupta,vivaan.gupta1282@example.com,9110152158,Mumbai,Maharashtra,Gold,2025-07-06,2026-07-01T09:00:00
C001283,Aditya,Verma,aditya.verma1283@example.com,9110160077,Bengaluru,Karnataka,Platinum,2025-07-07,2026-07-01T09:00:00
C001284,Arjun,Patel,arjun.patel1284@example.com,9110167996,Chennai,Tamil Nadu,Bronze,2025-07-08,2026-07-01T09:00:00
C001285,Sai,Kumar,sai.kumar1285@example.com,9110175915,Pune,Maharashtra,Silver,2025-07-09,2026-07-01T09:00:00
C001286,Rohan,Iyer,rohan.iyer1286@example.com,9110183834,Delhi,Delhi,Gold,2025-07-10,2026-07-01T09:00:00
C001287,Rahul,Reddy,rahul.reddy1287@example.com,9110191753,Kolkata,West Bengal,Platinum,2025-07-11,2026-07-01T09:00:00
C001288,Kiran,Singh,kiran.singh1288@example.com,9110199672,Ahmedabad,Gujarat,Bronze,2025-07-12,2026-07-01T09:00:00
C001289,Priya,Nair,priya.nair1289@example.com,9110207591,Jaipur,Rajasthan,Silver,2025-07-13,2026-07-01T09:00:00
C001290,Ananya,Sharma,ananya.sharma1290@example.com,9110215510,Kochi,Kerala,Gold,2025-07-14,2026-07-01T09:00:00
C001291,Isha,Rao,isha.rao1291@example.com,9110223429,Hyderabad,Telangana,Platinum,2025-07-15,2026-07-01T09:00:00
C001292,Neha,Gupta,neha.gupta1292@example.com,9110231348,Mumbai,Maharashtra,Bronze,2025-07-16,2026-07-01T09:00:00
C001293,Sneha,Verma,sneha.verma1293@example.com,9110239267,Bengaluru,Karnataka,Silver,2025-07-17,2026-07-01T09:00:00
C001294,Pooja,Patel,pooja.patel1294@example.com,9110247186,Chennai,Tamil Nadu,Gold,2025-07-18,2026-07-01T09:00:00
C001295,Kavya,Kumar,kavya.kumar1295@example.com,9110255105,Pune,Maharashtra,Platinum,2025-07-19,2026-07-01T09:00:00
C001296,Meera,Iyer,meera.iyer1296@example.com,9110263024,Delhi,Delhi,Bronze,2025-07-20,2026-07-01T09:00:00
C001297,Nikhil,Reddy,nikhil.reddy1297@example.com,9110270943,Kolkata,West Bengal,Silver,2025-07-21,2026-07-01T09:00:00
C001298,Vikram,Singh,vikram.singh1298@example.com,9110278862,Ahmedabad,Gujarat,Gold,2025-07-22,2026-07-01T09:00:00
C001299,Akash,Nair,akash.nair1299@example.com,9110286781,Jaipur,Rajasthan,Platinum,2025-07-23,2026-07-01T09:00:00
C001300,Divya,Sharma,divya.sharma1300@example.com,9110294700,Kochi,Kerala,Bronze,2025-07-24,2026-07-01T09:00:00
C001301,Aarav,Rao,aarav.rao1301@example.com,9110302619,Hyderabad,Telangana,Silver,2025-07-25,2026-07-01T09:00:00
C001302,Vivaan,Gupta,vivaan.gupta1302@example.com,9110310538,Mumbai,Maharashtra,Gold,2025-07-26,2026-07-01T09:00:00
C001303,Aditya,Verma,aditya.verma1303@example.com,9110318457,Bengaluru,Karnataka,Platinum,2025-07-27,2026-07-01T09:00:00
C001304,Arjun,Patel,arjun.patel1304@example.com,9110326376,Chennai,Tamil Nadu,Bronze,2025-07-28,2026-07-01T09:00:00
C001305,Sai,Kumar,sai.kumar1305@example.com,9110334295,Pune,Maharashtra,Silver,2025-07-29,2026-07-01T09:00:00
C001306,Rohan,Iyer,rohan.iyer1306@example.com,9110342214,Delhi,Delhi,Gold,2025-07-30,2026-07-01T09:00:00
C001307,Rahul,Reddy,rahul.reddy1307@example.com,9110350133,Kolkata,West Bengal,Platinum,2025-07-31,2026-07-01T09:00:00
C001308,Kiran,Singh,kiran.singh1308@example.com,9110358052,Ahmedabad,Gujarat,Bronze,2025-08-01,2026-07-01T09:00:00
C001309,Priya,Nair,priya.nair1309@example.com,9110365971,Jaipur,Rajasthan,Silver,2025-08-02,2026-07-01T09:00:00
C001310,Ananya,Sharma,ananya.sharma1310@example.com,9110373890,Kochi,Kerala,Gold,2025-08-03,2026-07-01T09:00:00
C001311,Isha,Rao,isha.rao1311@example.com,9110381809,Hyderabad,Telangana,Platinum,2025-08-04,2026-07-01T09:00:00
C001312,Neha,Gupta,neha.gupta1312@example.com,9110389728,Mumbai,Maharashtra,Bronze,2025-08-05,2026-07-01T09:00:00
C001313,Sneha,Verma,sneha.verma1313@example.com,9110397647,Bengaluru,Karnataka,Silver,2025-08-06,2026-07-01T09:00:00
C001314,Pooja,Patel,pooja.patel1314@example.com,9110405566,Chennai,Tamil Nadu,Gold,2025-08-07,2026-07-01T09:00:00
C001315,Kavya,Kumar,kavya.kumar1315@example.com,9110413485,Pune,Maharashtra,Platinum,2025-08-08,2026-07-01T09:00:00
C001316,Meera,Iyer,meera.iyer1316@example.com,9110421404,Delhi,Delhi,Bronze,2025-08-09,2026-07-01T09:00:00
C001317,Nikhil,Reddy,nikhil.reddy1317@example.com,9110429323,Kolkata,West Bengal,Silver,2025-08-10,2026-07-01T09:00:00
C001318,Vikram,Singh,vikram.singh1318@example.com,9110437242,Ahmedabad,Gujarat,Gold,2025-08-11,2026-07-01T09:00:00
C001319,Akash,Nair,akash.nair1319@example.com,9110445161,Jaipur,Rajasthan,Platinum,2025-08-12,2026-07-01T09:00:00
C001320,Divya,Sharma,divya.sharma1320@example.com,9110453080,Kochi,Kerala,Bronze,2025-08-13,2026-07-01T09:00:00
C001321,Aarav,Rao,aarav.rao1321@example.com,9110460999,Hyderabad,Telangana,Silver,2025-08-14,2026-07-01T09:00:00
C001322,Vivaan,Gupta,vivaan.gupta1322@example.com,9110468918,Mumbai,Maharashtra,Gold,2025-08-15,2026-07-01T09:00:00
C001323,Aditya,Verma,aditya.verma1323@example.com,9110476837,Bengaluru,Karnataka,Platinum,2025-08-16,2026-07-01T09:00:00
C001324,Arjun,Patel,arjun.patel1324@example.com,9110484756,Chennai,Tamil Nadu,Bronze,2025-08-17,2026-07-01T09:00:00
C001325,Sai,Kumar,sai.kumar1325@example.com,9110492675,Pune,Maharashtra,Silver,2025-08-18,2026-07-01T09:00:00
C001326,Rohan,Iyer,rohan.iyer1326@example.com,9110500594,Delhi,Delhi,Gold,2025-08-19,2026-07-01T09:00:00
C001327,Rahul,Reddy,rahul.reddy1327@example.com,9110508513,Kolkata,West Bengal,Platinum,2025-08-20,2026-07-01T09:00:00
C001328,Kiran,Singh,kiran.singh1328@example.com,9110516432,Ahmedabad,Gujarat,Bronze,2025-08-21,2026-07-01T09:00:00
C001329,Priya,Nair,priya.nair1329@example.com,9110524351,Jaipur,Rajasthan,Silver,2025-08-22,2026-07-01T09:00:00
C001330,Ananya,Sharma,ananya.sharma1330@example.com,9110532270,Kochi,Kerala,Gold,2025-08-23,2026-07-01T09:00:00
C001331,Isha,Rao,isha.rao1331@example.com,9110540189,Hyderabad,Telangana,Platinum,2025-08-24,2026-07-01T09:00:00
C001332,Neha,Gupta,neha.gupta1332@example.com,9110548108,Mumbai,Maharashtra,Bronze,2025-08-25,2026-07-01T09:00:00
C001333,Sneha,Verma,sneha.verma1333@example.com,9110556027,Bengaluru,Karnataka,Silver,2025-08-26,2026-07-01T09:00:00
C001334,Pooja,Patel,pooja.patel1334@example.com,9110563946,Chennai,Tamil Nadu,Gold,2025-08-27,2026-07-01T09:00:00
C001335,Kavya,Kumar,kavya.kumar1335@example.com,9110571865,Pune,Maharashtra,Platinum,2025-08-28,2026-07-01T09:00:00
C001336,Meera,Iyer,meera.iyer1336@example.com,9110579784,Delhi,Delhi,Bronze,2025-08-29,2026-07-01T09:00:00
C001337,Nikhil,Reddy,nikhil.reddy1337@example.com,9110587703,Kolkata,West Bengal,Silver,2025-08-30,2026-07-01T09:00:00
C001338,Vikram,Singh,vikram.singh1338@example.com,9110595622,Ahmedabad,Gujarat,Gold,2025-08-31,2026-07-01T09:00:00
C001339,Akash,Nair,akash.nair1339@example.com,9110603541,Jaipur,Rajasthan,Platinum,2025-09-01,2026-07-01T09:00:00
C001340,Divya,Sharma,divya.sharma1340@example.com,9110611460,Kochi,Kerala,Bronze,2025-09-02,2026-07-01T09:00:00
C001341,Aarav,Rao,aarav.rao1341@example.com,9110619379,Hyderabad,Telangana,Silver,2025-09-03,2026-07-01T09:00:00
C001342,Vivaan,Gupta,vivaan.gupta1342@example.com,9110627298,Mumbai,Maharashtra,Gold,2025-09-04,2026-07-01T09:00:00
C001343,Aditya,Verma,aditya.verma1343@example.com,9110635217,Bengaluru,Karnataka,Platinum,2025-09-05,2026-07-01T09:00:00
C001344,Arjun,Patel,arjun.patel1344@example.com,9110643136,Chennai,Tamil Nadu,Bronze,2025-09-06,2026-07-01T09:00:00
C001345,Sai,Kumar,sai.kumar1345@example.com,9110651055,Pune,Maharashtra,Silver,2025-09-07,2026-07-01T09:00:00
C001346,Rohan,Iyer,rohan.iyer1346@example.com,9110658974,Delhi,Delhi,Gold,2025-09-08,2026-07-01T09:00:00
C001347,Rahul,Reddy,rahul.reddy1347@example.com,9110666893,Kolkata,West Bengal,Platinum,2025-09-09,2026-07-01T09:00:00
C001348,Kiran,Singh,kiran.singh1348@example.com,9110674812,Ahmedabad,Gujarat,Bronze,2025-09-10,2026-07-01T09:00:00
C001349,Priya,Nair,priya.nair1349@example.com,9110682731,Jaipur,Rajasthan,Silver,2025-09-11,2026-07-01T09:00:00
C001350,Ananya,Sharma,ananya.sharma1350@example.com,9110690650,Kochi,Kerala,Gold,2025-09-12,2026-07-01T09:00:00
C001351,Isha,Rao,isha.rao1351@example.com,9110698569,Hyderabad,Telangana,Platinum,2025-09-13,2026-07-01T09:00:00
C001352,Neha,Gupta,neha.gupta1352@example.com,9110706488,Mumbai,Maharashtra,Bronze,2025-09-14,2026-07-01T09:00:00
C001353,Sneha,Verma,sneha.verma1353@example.com,9110714407,Bengaluru,Karnataka,Silver,2025-09-15,2026-07-01T09:00:00
C001354,Pooja,Patel,pooja.patel1354@example.com,9110722326,Chennai,Tamil Nadu,Gold,2025-09-16,2026-07-01T09:00:00
C001355,Kavya,Kumar,kavya.kumar1355@example.com,9110730245,Pune,Maharashtra,Platinum,2025-09-17,2026-07-01T09:00:00
C001356,Meera,Iyer,meera.iyer1356@example.com,9110738164,Delhi,Delhi,Bronze,2025-09-18,2026-07-01T09:00:00
C001357,Nikhil,Reddy,nikhil.reddy1357@example.com,9110746083,Kolkata,West Bengal,Silver,2025-09-19,2026-07-01T09:00:00
C001358,Vikram,Singh,vikram.singh1358@example.com,9110754002,Ahmedabad,Gujarat,Gold,2025-09-20,2026-07-01T09:00:00
C001359,Akash,Nair,akash.nair1359@example.com,9110761921,Jaipur,Rajasthan,Platinum,2025-09-21,2026-07-01T09:00:00
C001360,Divya,Sharma,divya.sharma1360@example.com,9110769840,Kochi,Kerala,Bronze,2025-09-22,2026-07-01T09:00:00
C001361,Aarav,Rao,aarav.rao1361@example.com,9110777759,Hyderabad,Telangana,Silver,2025-09-23,2026-07-01T09:00:00
C001362,Vivaan,Gupta,vivaan.gupta1362@example.com,9110785678,Mumbai,Maharashtra,Gold,2025-09-24,2026-07-01T09:00:00
C001363,Aditya,Verma,aditya.verma1363@example.com,9110793597,Bengaluru,Karnataka,Platinum,2025-09-25,2026-07-01T09:00:00
C001364,Arjun,Patel,arjun.patel1364@example.com,9110801516,Chennai,Tamil Nadu,Bronze,2025-09-26,2026-07-01T09:00:00
C001365,Sai,Kumar,sai.kumar1365@example.com,9110809435,Pune,Maharashtra,Silver,2025-09-27,2026-07-01T09:00:00
C001366,Rohan,Iyer,rohan.iyer1366@example.com,9110817354,Delhi,Delhi,Gold,2025-09-28,2026-07-01T09:00:00
C001367,Rahul,Reddy,rahul.reddy1367@example.com,9110825273,Kolkata,West Bengal,Platinum,2025-09-29,2026-07-01T09:00:00
C001368,Kiran,Singh,kiran.singh1368@example.com,9110833192,Ahmedabad,Gujarat,Bronze,2025-09-30,2026-07-01T09:00:00
C001369,Priya,Nair,priya.nair1369@example.com,9110841111,Jaipur,Rajasthan,Silver,2025-10-01,2026-07-01T09:00:00
C001370,Ananya,Sharma,ananya.sharma1370@example.com,9110849030,Kochi,Kerala,Gold,2025-10-02,2026-07-01T09:00:00
C001371,Isha,Rao,isha.rao1371@example.com,9110856949,Hyderabad,Telangana,Platinum,2025-10-03,2026-07-01T09:00:00
C001372,Neha,Gupta,neha.gupta1372@example.com,9110864868,Mumbai,Maharashtra,Bronze,2025-10-04,2026-07-01T09:00:00
C001373,Sneha,Verma,sneha.verma1373@example.com,9110872787,Bengaluru,Karnataka,Silver,2025-10-05,2026-07-01T09:00:00
C001374,Pooja,Patel,pooja.patel1374@example.com,9110880706,Chennai,Tamil Nadu,Gold,2025-10-06,2026-07-01T09:00:00
C001375,Kavya,Kumar,kavya.kumar1375@example.com,9110888625,Pune,Maharashtra,Platinum,2025-10-07,2026-07-01T09:00:00
C001376,Meera,Iyer,meera.iyer1376@example.com,9110896544,Delhi,Delhi,Bronze,2025-10-08,2026-07-01T09:00:00
C001377,Nikhil,Reddy,nikhil.reddy1377@example.com,9110904463,Kolkata,West Bengal,Silver,2025-10-09,2026-07-01T09:00:00
C001378,Vikram,Singh,vikram.singh1378@example.com,9110912382,Ahmedabad,Gujarat,Gold,2025-10-10,2026-07-01T09:00:00
C001379,Akash,Nair,akash.nair1379@example.com,9110920301,Jaipur,Rajasthan,Platinum,2025-10-11,2026-07-01T09:00:00
C001380,Divya,Sharma,divya.sharma1380@example.com,9110928220,Kochi,Kerala,Bronze,2025-10-12,2026-07-01T09:00:00
C001381,Aarav,Rao,aarav.rao1381@example.com,9110936139,Hyderabad,Telangana,Silver,2025-10-13,2026-07-01T09:00:00
C001382,Vivaan,Gupta,vivaan.gupta1382@example.com,9110944058,Mumbai,Maharashtra,Gold,2025-10-14,2026-07-01T09:00:00
C001383,Aditya,Verma,aditya.verma1383@example.com,9110951977,Bengaluru,Karnataka,Platinum,2025-10-15,2026-07-01T09:00:00
C001384,Arjun,Patel,arjun.patel1384@example.com,9110959896,Chennai,Tamil Nadu,Bronze,2025-10-16,2026-07-01T09:00:00
C001385,Sai,Kumar,sai.kumar1385@example.com,9110967815,Pune,Maharashtra,Silver,2025-10-17,2026-07-01T09:00:00
C001386,Rohan,Iyer,rohan.iyer1386@example.com,9110975734,Delhi,Delhi,Gold,2025-10-18,2026-07-01T09:00:00
C001387,Rahul,Reddy,rahul.reddy1387@example.com,9110983653,Kolkata,West Bengal,Platinum,2025-10-19,2026-07-01T09:00:00
C001388,Kiran,Singh,kiran.singh1388@example.com,9110991572,Ahmedabad,Gujarat,Bronze,2025-10-20,2026-07-01T09:00:00
C001389,Priya,Nair,priya.nair1389@example.com,9110999491,Jaipur,Rajasthan,Silver,2025-10-21,2026-07-01T09:00:00
C001390,Ananya,Sharma,ananya.sharma1390@example.com,9111007410,Kochi,Kerala,Gold,2025-10-22,2026-07-01T09:00:00
C001391,Isha,Rao,isha.rao1391@example.com,9111015329,Hyderabad,Telangana,Platinum,2025-10-23,2026-07-01T09:00:00
C001392,Neha,Gupta,neha.gupta1392@example.com,9111023248,Mumbai,Maharashtra,Bronze,2025-10-24,2026-07-01T09:00:00
C001393,Sneha,Verma,sneha.verma1393@example.com,9111031167,Bengaluru,Karnataka,Silver,2025-10-25,2026-07-01T09:00:00
C001394,Pooja,Patel,pooja.patel1394@example.com,9111039086,Chennai,Tamil Nadu,Gold,2025-10-26,2026-07-01T09:00:00
C001395,Kavya,Kumar,kavya.kumar1395@example.com,9111047005,Pune,Maharashtra,Platinum,2025-10-27,2026-07-01T09:00:00
C001396,Meera,Iyer,meera.iyer1396@example.com,9111054924,Delhi,Delhi,Bronze,2025-10-28,2026-07-01T09:00:00
C001397,Nikhil,Reddy,nikhil.reddy1397@example.com,9111062843,Kolkata,West Bengal,Silver,2025-10-29,2026-07-01T09:00:00
C001398,Vikram,Singh,vikram.singh1398@example.com,9111070762,Ahmedabad,Gujarat,Gold,2025-10-30,2026-07-01T09:00:00
C001399,Akash,Nair,akash.nair1399@example.com,9111078681,Jaipur,Rajasthan,Platinum,2025-10-31,2026-07-01T09:00:00
C001400,Divya,Sharma,divya.sharma1400@example.com,9111086600,Kochi,Kerala,Bronze,2025-11-01,2026-07-01T09:00:00
C001401,Aarav,Rao,aarav.rao1401@example.com,9111094519,Hyderabad,Telangana,Silver,2025-11-02,2026-07-01T09:00:00
C001402,Vivaan,Gupta,vivaan.gupta1402@example.com,9111102438,Mumbai,Maharashtra,Gold,2025-11-03,2026-07-01T09:00:00
C001403,Aditya,Verma,aditya.verma1403@example.com,9111110357,Bengaluru,Karnataka,Platinum,2025-11-04,2026-07-01T09:00:00
C001404,Arjun,Patel,arjun.patel1404@example.com,9111118276,Chennai,Tamil Nadu,Bronze,2025-11-05,2026-07-01T09:00:00
C001405,Sai,Kumar,sai.kumar1405@example.com,9111126195,Pune,Maharashtra,Silver,2025-11-06,2026-07-01T09:00:00
C001406,Rohan,Iyer,rohan.iyer1406@example.com,9111134114,Delhi,Delhi,Gold,2025-11-07,2026-07-01T09:00:00
C001407,Rahul,Reddy,rahul.reddy1407@example.com,9111142033,Kolkata,West Bengal,Platinum,2025-11-08,2026-07-01T09:00:00
C001408,Kiran,Singh,kiran.singh1408@example.com,9111149952,Ahmedabad,Gujarat,Bronze,2025-11-09,2026-07-01T09:00:00
C001409,Priya,Nair,priya.nair1409@example.com,9111157871,Jaipur,Rajasthan,Silver,2025-11-10,2026-07-01T09:00:00
C001410,Ananya,Sharma,ananya.sharma1410@example.com,9111165790,Kochi,Kerala,Gold,2025-11-11,2026-07-01T09:00:00
C001411,Isha,Rao,isha.rao1411@example.com,9111173709,Hyderabad,Telangana,Platinum,2025-11-12,2026-07-01T09:00:00
C001412,Neha,Gupta,neha.gupta1412@example.com,9111181628,Mumbai,Maharashtra,Bronze,2025-11-13,2026-07-01T09:00:00
C001413,Sneha,Verma,sneha.verma1413@example.com,9111189547,Bengaluru,Karnataka,Silver,2025-11-14,2026-07-01T09:00:00
C001414,Pooja,Patel,pooja.patel1414@example.com,9111197466,Chennai,Tamil Nadu,Gold,2025-11-15,2026-07-01T09:00:00
C001415,Kavya,Kumar,kavya.kumar1415@example.com,9111205385,Pune,Maharashtra,Platinum,2025-11-16,2026-07-01T09:00:00
C001416,Meera,Iyer,meera.iyer1416@example.com,9111213304,Delhi,Delhi,Bronze,2025-11-17,2026-07-01T09:00:00
C001417,Nikhil,Reddy,nikhil.reddy1417@example.com,9111221223,Kolkata,West Bengal,Silver,2025-11-18,2026-07-01T09:00:00
C001418,Vikram,Singh,vikram.singh1418@example.com,9111229142,Ahmedabad,Gujarat,Gold,2025-11-19,2026-07-01T09:00:00
C001419,Akash,Nair,akash.nair1419@example.com,9111237061,Jaipur,Rajasthan,Platinum,2025-11-20,2026-07-01T09:00:00
C001420,Divya,Sharma,divya.sharma1420@example.com,9111244980,Kochi,Kerala,Bronze,2025-11-21,2026-07-01T09:00:00
C001421,Aarav,Rao,aarav.rao1421@example.com,9111252899,Hyderabad,Telangana,Silver,2025-11-22,2026-07-01T09:00:00
C001422,Vivaan,Gupta,vivaan.gupta1422@example.com,9111260818,Mumbai,Maharashtra,Gold,2025-11-23,2026-07-01T09:00:00
C001423,Aditya,Verma,aditya.verma1423@example.com,9111268737,Bengaluru,Karnataka,Platinum,2025-11-24,2026-07-01T09:00:00
C001424,Arjun,Patel,arjun.patel1424@example.com,9111276656,Chennai,Tamil Nadu,Bronze,2025-11-25,2026-07-01T09:00:00
C001425,Sai,Kumar,sai.kumar1425@example.com,9111284575,Pune,Maharashtra,Silver,2025-11-26,2026-07-01T09:00:00
C001426,Rohan,Iyer,rohan.iyer1426@example.com,9111292494,Delhi,Delhi,Gold,2025-11-27,2026-07-01T09:00:00
C001427,Rahul,Reddy,rahul.reddy1427@example.com,9111300413,Kolkata,West Bengal,Platinum,2025-11-28,2026-07-01T09:00:00
C001428,Kiran,Singh,kiran.singh1428@example.com,9111308332,Ahmedabad,Gujarat,Bronze,2025-11-29,2026-07-01T09:00:00
C001429,Priya,Nair,priya.nair1429@example.com,9111316251,Jaipur,Rajasthan,Silver,2025-11-30,2026-07-01T09:00:00
C001430,Ananya,Sharma,ananya.sharma1430@example.com,9111324170,Kochi,Kerala,Gold,2025-12-01,2026-07-01T09:00:00
C001431,Isha,Rao,isha.rao1431@example.com,9111332089,Hyderabad,Telangana,Platinum,2025-12-02,2026-07-01T09:00:00
C001432,Neha,Gupta,neha.gupta1432@example.com,9111340008,Mumbai,Maharashtra,Bronze,2025-12-03,2026-07-01T09:00:00
C001433,Sneha,Verma,sneha.verma1433@example.com,9111347927,Bengaluru,Karnataka,Silver,2025-12-04,2026-07-01T09:00:00
C001434,Pooja,Patel,pooja.patel1434@example.com,9111355846,Chennai,Tamil Nadu,Gold,2025-12-05,2026-07-01T09:00:00
C001435,Kavya,Kumar,kavya.kumar1435@example.com,9111363765,Pune,Maharashtra,Platinum,2025-12-06,2026-07-01T09:00:00
C001436,Meera,Iyer,meera.iyer1436@example.com,9111371684,Delhi,Delhi,Bronze,2025-12-07,2026-07-01T09:00:00
C001437,Nikhil,Reddy,nikhil.reddy1437@example.com,9111379603,Kolkata,West Bengal,Silver,2025-12-08,2026-07-01T09:00:00
C001438,Vikram,Singh,vikram.singh1438@example.com,9111387522,Ahmedabad,Gujarat,Gold,2025-12-09,2026-07-01T09:00:00
C001439,Akash,Nair,akash.nair1439@example.com,9111395441,Jaipur,Rajasthan,Platinum,2025-12-10,2026-07-01T09:00:00
C001440,Divya,Sharma,divya.sharma1440@example.com,9111403360,Kochi,Kerala,Bronze,2025-12-11,2026-07-01T09:00:00
C001441,Aarav,Rao,aarav.rao1441@example.com,9111411279,Hyderabad,Telangana,Silver,2025-12-12,2026-07-01T09:00:00
C001442,Vivaan,Gupta,vivaan.gupta1442@example.com,9111419198,Mumbai,Maharashtra,Gold,2025-12-13,2026-07-01T09:00:00
C001443,Aditya,Verma,aditya.verma1443@example.com,9111427117,Bengaluru,Karnataka,Platinum,2025-12-14,2026-07-01T09:00:00
C001444,Arjun,Patel,arjun.patel1444@example.com,9111435036,Chennai,Tamil Nadu,Bronze,2025-12-15,2026-07-01T09:00:00
C001445,Sai,Kumar,sai.kumar1445@example.com,9111442955,Pune,Maharashtra,Silver,2025-12-16,2026-07-01T09:00:00
C001446,Rohan,Iyer,rohan.iyer1446@example.com,9111450874,Delhi,Delhi,Gold,2025-12-17,2026-07-01T09:00:00
C001447,Rahul,Reddy,rahul.reddy1447@example.com,9111458793,Kolkata,West Bengal,Platinum,2025-12-18,2026-07-01T09:00:00
C001448,Kiran,Singh,kiran.singh1448@example.com,9111466712,Ahmedabad,Gujarat,Bronze,2025-12-19,2026-07-01T09:00:00
C001449,Priya,Nair,priya.nair1449@example.com,9111474631,Jaipur,Rajasthan,Silver,2025-12-20,2026-07-01T09:00:00
C001450,Ananya,Sharma,ananya.sharma1450@example.com,9111482550,Kochi,Kerala,Gold,2025-12-21,2026-07-01T09:00:00
C001451,Isha,Rao,isha.rao1451@example.com,9111490469,Hyderabad,Telangana,Platinum,2025-12-22,2026-07-01T09:00:00
C001452,Neha,Gupta,neha.gupta1452@example.com,9111498388,Mumbai,Maharashtra,Bronze,2025-12-23,2026-07-01T09:00:00
C001453,Sneha,Verma,sneha.verma1453@example.com,9111506307,Bengaluru,Karnataka,Silver,2025-12-24,2026-07-01T09:00:00
C001454,Pooja,Patel,pooja.patel1454@example.com,9111514226,Chennai,Tamil Nadu,Gold,2025-12-25,2026-07-01T09:00:00
C001455,Kavya,Kumar,kavya.kumar1455@example.com,9111522145,Pune,Maharashtra,Platinum,2025-12-26,2026-07-01T09:00:00
C001456,Meera,Iyer,meera.iyer1456@example.com,9111530064,Delhi,Delhi,Bronze,2025-12-27,2026-07-01T09:00:00
C001457,Nikhil,Reddy,nikhil.reddy1457@example.com,9111537983,Kolkata,West Bengal,Silver,2025-12-28,2026-07-01T09:00:00
C001458,Vikram,Singh,vikram.singh1458@example.com,9111545902,Ahmedabad,Gujarat,Gold,2025-12-29,2026-07-01T09:00:00
C001459,Akash,Nair,akash.nair1459@example.com,9111553821,Jaipur,Rajasthan,Platinum,2025-12-30,2026-07-01T09:00:00
C001460,Divya,Sharma,divya.sharma1460@example.com,9111561740,Kochi,Kerala,Bronze,2025-12-31,2026-07-01T09:00:00
C001461,Aarav,Rao,aarav.rao1461@example.com,9111569659,Hyderabad,Telangana,Silver,2026-01-01,2026-07-01T09:00:00
C001462,Vivaan,Gupta,vivaan.gupta1462@example.com,9111577578,Mumbai,Maharashtra,Gold,2026-01-02,2026-07-01T09:00:00
C001463,Aditya,Verma,aditya.verma1463@example.com,9111585497,Bengaluru,Karnataka,Platinum,2026-01-03,2026-07-01T09:00:00
C001464,Arjun,Patel,arjun.patel1464@example.com,9111593416,Chennai,Tamil Nadu,Bronze,2026-01-04,2026-07-01T09:00:00
C001465,Sai,Kumar,sai.kumar1465@example.com,9111601335,Pune,Maharashtra,Silver,2026-01-05,2026-07-01T09:00:00
C001466,Rohan,Iyer,rohan.iyer1466@example.com,9111609254,Delhi,Delhi,Gold,2026-01-06,2026-07-01T09:00:00
C001467,Rahul,Reddy,rahul.reddy1467@example.com,9111617173,Kolkata,West Bengal,Platinum,2026-01-07,2026-07-01T09:00:00
C001468,Kiran,Singh,kiran.singh1468@example.com,9111625092,Ahmedabad,Gujarat,Bronze,2026-01-08,2026-07-01T09:00:00
C001469,Priya,Nair,priya.nair1469@example.com,9111633011,Jaipur,Rajasthan,Silver,2026-01-09,2026-07-01T09:00:00
C001470,Ananya,Sharma,ananya.sharma1470@example.com,9111640930,Kochi,Kerala,Gold,2026-01-10,2026-07-01T09:00:00
C001471,Isha,Rao,isha.rao1471@example.com,9111648849,Hyderabad,Telangana,Platinum,2026-01-11,2026-07-01T09:00:00
C001472,Neha,Gupta,neha.gupta1472@example.com,9111656768,Mumbai,Maharashtra,Bronze,2026-01-12,2026-07-01T09:00:00
C001473,Sneha,Verma,sneha.verma1473@example.com,9111664687,Bengaluru,Karnataka,Silver,2026-01-13,2026-07-01T09:00:00
C001474,Pooja,Patel,pooja.patel1474@example.com,9111672606,Chennai,Tamil Nadu,Gold,2026-01-14,2026-07-01T09:00:00
C001475,Kavya,Kumar,kavya.kumar1475@example.com,9111680525,Pune,Maharashtra,Platinum,2026-01-15,2026-07-01T09:00:00
C001476,Meera,Iyer,meera.iyer1476@example.com,9111688444,Delhi,Delhi,Bronze,2026-01-16,2026-07-01T09:00:00
C001477,Nikhil,Reddy,nikhil.reddy1477@example.com,9111696363,Kolkata,West Bengal,Silver,2026-01-17,2026-07-01T09:00:00
C001478,Vikram,Singh,vikram.singh1478@example.com,9111704282,Ahmedabad,Gujarat,Gold,2026-01-18,2026-07-01T09:00:00
C001479,Akash,Nair,akash.nair1479@example.com,9111712201,Jaipur,Rajasthan,Platinum,2026-01-19,2026-07-01T09:00:00
C001480,Divya,Sharma,divya.sharma1480@example.com,9111720120,Kochi,Kerala,Bronze,2026-01-20,2026-07-01T09:00:00
C001481,Aarav,Rao,aarav.rao1481@example.com,9111728039,Hyderabad,Telangana,Silver,2026-01-21,2026-07-01T09:00:00
C001482,Vivaan,Gupta,vivaan.gupta1482@example.com,9111735958,Mumbai,Maharashtra,Gold,2026-01-22,2026-07-01T09:00:00
C001483,Aditya,Verma,aditya.verma1483@example.com,9111743877,Bengaluru,Karnataka,Platinum,2026-01-23,2026-07-01T09:00:00
C001484,Arjun,Patel,arjun.patel1484@example.com,9111751796,Chennai,Tamil Nadu,Bronze,2026-01-24,2026-07-01T09:00:00
C001485,Sai,Kumar,sai.kumar1485@example.com,9111759715,Pune,Maharashtra,Silver,2026-01-25,2026-07-01T09:00:00
C001486,Rohan,Iyer,rohan.iyer1486@example.com,9111767634,Delhi,Delhi,Gold,2026-01-26,2026-07-01T09:00:00
C001487,Rahul,Reddy,rahul.reddy1487@example.com,9111775553,Kolkata,West Bengal,Platinum,2026-01-27,2026-07-01T09:00:00
C001488,Kiran,Singh,kiran.singh1488@example.com,9111783472,Ahmedabad,Gujarat,Bronze,2026-01-28,2026-07-01T09:00:00
C001489,Priya,Nair,priya.nair1489@example.com,9111791391,Jaipur,Rajasthan,Silver,2026-01-29,2026-07-01T09:00:00
C001490,Ananya,Sharma,ananya.sharma1490@example.com,9111799310,Kochi,Kerala,Gold,2026-01-30,2026-07-01T09:00:00
C001491,Isha,Rao,isha.rao1491@example.com,9111807229,Hyderabad,Telangana,Platinum,2026-01-31,2026-07-01T09:00:00
C001492,Neha,Gupta,neha.gupta1492@example.com,9111815148,Mumbai,Maharashtra,Bronze,2026-02-01,2026-07-01T09:00:00
C001493,Sneha,Verma,sneha.verma1493@example.com,9111823067,Bengaluru,Karnataka,Silver,2026-02-02,2026-07-01T09:00:00
C001494,Pooja,Patel,pooja.patel1494@example.com,9111830986,Chennai,Tamil Nadu,Gold,2026-02-03,2026-07-01T09:00:00
C001495,Kavya,Kumar,kavya.kumar1495@example.com,9111838905,Pune,Maharashtra,Platinum,2026-02-04,2026-07-01T09:00:00
C001496,Meera,Iyer,meera.iyer1496@example.com,9111846824,Delhi,Delhi,Bronze,2026-02-05,2026-07-01T09:00:00
C001497,Nikhil,Reddy,nikhil.reddy1497@example.com,9111854743,Kolkata,West Bengal,Silver,2026-02-06,2026-07-01T09:00:00
C001498,Vikram,Singh,vikram.singh1498@example.com,9111862662,Ahmedabad,Gujarat,Gold,2026-02-07,2026-07-01T09:00:00
C001499,Akash,Nair,akash.nair1499@example.com,9111870581,Jaipur,Rajasthan,Platinum,2026-02-08,2026-07-01T09:00:00
C001500,Divya,Sharma,divya.sharma1500@example.com,9111878500,Kochi,Kerala,Bronze,2022-01-01,2026-07-01T09:00:00
C001501,Aarav,Rao,aarav.rao1501@example.com,9111886419,Hyderabad,Telangana,Silver,2022-01-02,2026-07-01T09:00:00
C001502,Vivaan,Gupta,vivaan.gupta1502@example.com,9111894338,Mumbai,Maharashtra,Gold,2022-01-03,2026-07-01T09:00:00
C001503,Aditya,Verma,aditya.verma1503@example.com,9111902257,Bengaluru,Karnataka,Platinum,2022-01-04,2026-07-01T09:00:00
C001504,Arjun,Patel,arjun.patel1504@example.com,9111910176,Chennai,Tamil Nadu,Bronze,2022-01-05,2026-07-01T09:00:00
C001505,Sai,Kumar,sai.kumar1505@example.com,9111918095,Pune,Maharashtra,Silver,2022-01-06,2026-07-01T09:00:00
C001506,Rohan,Iyer,rohan.iyer1506@example.com,9111926014,Delhi,Delhi,Gold,2022-01-07,2026-07-01T09:00:00
C001507,Rahul,Reddy,rahul.reddy1507@example.com,9111933933,Kolkata,West Bengal,Platinum,2022-01-08,2026-07-01T09:00:00
C001508,Kiran,Singh,kiran.singh1508@example.com,9111941852,Ahmedabad,Gujarat,Bronze,2022-01-09,2026-07-01T09:00:00
C001509,Priya,Nair,priya.nair1509@example.com,9111949771,Jaipur,Rajasthan,Silver,2022-01-10,2026-07-01T09:00:00
C001510,Ananya,Sharma,ananya.sharma1510@example.com,9111957690,Kochi,Kerala,Gold,2022-01-11,2026-07-01T09:00:00
C001511,Isha,Rao,isha.rao1511@example.com,9111965609,Hyderabad,Telangana,Platinum,2022-01-12,2026-07-01T09:00:00
C001512,Neha,Gupta,neha.gupta1512@example.com,9111973528,Mumbai,Maharashtra,Bronze,2022-01-13,2026-07-01T09:00:00
C001513,Sneha,Verma,sneha.verma1513@example.com,9111981447,Bengaluru,Karnataka,Silver,2022-01-14,2026-07-01T09:00:00
C001514,Pooja,Patel,pooja.patel1514@example.com,9111989366,Chennai,Tamil Nadu,Gold,2022-01-15,2026-07-01T09:00:00
C001515,Kavya,Kumar,kavya.kumar1515@example.com,9111997285,Pune,Maharashtra,Platinum,2022-01-16,2026-07-01T09:00:00
C001516,Meera,Iyer,meera.iyer1516@example.com,9112005204,Delhi,Delhi,Bronze,2022-01-17,2026-07-01T09:00:00
C001517,Nikhil,Reddy,nikhil.reddy1517@example.com,9112013123,Kolkata,West Bengal,Silver,2022-01-18,2026-07-01T09:00:00
C001518,Vikram,Singh,vikram.singh1518@example.com,9112021042,Ahmedabad,Gujarat,Gold,2022-01-19,2026-07-01T09:00:00
C001519,Akash,Nair,akash.nair1519@example.com,9112028961,Jaipur,Rajasthan,Platinum,2022-01-20,2026-07-01T09:00:00
C001520,Divya,Sharma,divya.sharma1520@example.com,9112036880,Kochi,Kerala,Bronze,2022-01-21,2026-07-01T09:00:00
C001521,Aarav,Rao,aarav.rao1521@example.com,9112044799,Hyderabad,Telangana,Silver,2022-01-22,2026-07-01T09:00:00
C001522,Vivaan,Gupta,vivaan.gupta1522@example.com,9112052718,Mumbai,Maharashtra,Gold,2022-01-23,2026-07-01T09:00:00
C001523,Aditya,Verma,aditya.verma1523@example.com,9112060637,Bengaluru,Karnataka,Platinum,2022-01-24,2026-07-01T09:00:00
C001524,Arjun,Patel,arjun.patel1524@example.com,9112068556,Chennai,Tamil Nadu,Bronze,2022-01-25,2026-07-01T09:00:00
C001525,Sai,Kumar,sai.kumar1525@example.com,9112076475,Pune,Maharashtra,Silver,2022-01-26,2026-07-01T09:00:00
C001526,Rohan,Iyer,rohan.iyer1526@example.com,9112084394,Delhi,Delhi,Gold,2022-01-27,2026-07-01T09:00:00
C001527,Rahul,Reddy,rahul.reddy1527@example.com,9112092313,Kolkata,West Bengal,Platinum,2022-01-28,2026-07-01T09:00:00
C001528,Kiran,Singh,kiran.singh1528@example.com,9112100232,Ahmedabad,Gujarat,Bronze,2022-01-29,2026-07-01T09:00:00
C001529,Priya,Nair,priya.nair1529@example.com,9112108151,Jaipur,Rajasthan,Silver,2022-01-30,2026-07-01T09:00:00
C001530,Ananya,Sharma,ananya.sharma1530@example.com,9112116070,Kochi,Kerala,Gold,2022-01-31,2026-07-01T09:00:00
C001531,Isha,Rao,isha.rao1531@example.com,9112123989,Hyderabad,Telangana,Platinum,2022-02-01,2026-07-01T09:00:00
C001532,Neha,Gupta,neha.gupta1532@example.com,9112131908,Mumbai,Maharashtra,Bronze,2022-02-02,2026-07-01T09:00:00
C001533,Sneha,Verma,sneha.verma1533@example.com,9112139827,Bengaluru,Karnataka,Silver,2022-02-03,2026-07-01T09:00:00
C001534,Pooja,Patel,pooja.patel1534@example.com,9112147746,Chennai,Tamil Nadu,Gold,2022-02-04,2026-07-01T09:00:00
C001535,Kavya,Kumar,kavya.kumar1535@example.com,9112155665,Pune,Maharashtra,Platinum,2022-02-05,2026-07-01T09:00:00
C001536,Meera,Iyer,meera.iyer1536@example.com,9112163584,Delhi,Delhi,Bronze,2022-02-06,2026-07-01T09:00:00
C001537,Nikhil,Reddy,nikhil.reddy1537@example.com,9112171503,Kolkata,West Bengal,Silver,2022-02-07,2026-07-01T09:00:00
C001538,Vikram,Singh,vikram.singh1538@example.com,9112179422,Ahmedabad,Gujarat,Gold,2022-02-08,2026-07-01T09:00:00
C001539,Akash,Nair,akash.nair1539@example.com,9112187341,Jaipur,Rajasthan,Platinum,2022-02-09,2026-07-01T09:00:00
C001540,Divya,Sharma,divya.sharma1540@example.com,9112195260,Kochi,Kerala,Bronze,2022-02-10,2026-07-01T09:00:00
C001541,Aarav,Rao,aarav.rao1541@example.com,9112203179,Hyderabad,Telangana,Silver,2022-02-11,2026-07-01T09:00:00
C001542,Vivaan,Gupta,vivaan.gupta1542@example.com,9112211098,Mumbai,Maharashtra,Gold,2022-02-12,2026-07-01T09:00:00
C001543,Aditya,Verma,aditya.verma1543@example.com,9112219017,Bengaluru,Karnataka,Platinum,2022-02-13,2026-07-01T09:00:00
C001544,Arjun,Patel,arjun.patel1544@example.com,9112226936,Chennai,Tamil Nadu,Bronze,2022-02-14,2026-07-01T09:00:00
C001545,Sai,Kumar,sai.kumar1545@example.com,9112234855,Pune,Maharashtra,Silver,2022-02-15,2026-07-01T09:00:00
C001546,Rohan,Iyer,rohan.iyer1546@example.com,9112242774,Delhi,Delhi,Gold,2022-02-16,2026-07-01T09:00:00
C001547,Rahul,Reddy,rahul.reddy1547@example.com,9112250693,Kolkata,West Bengal,Platinum,2022-02-17,2026-07-01T09:00:00
C001548,Kiran,Singh,kiran.singh1548@example.com,9112258612,Ahmedabad,Gujarat,Bronze,2022-02-18,2026-07-01T09:00:00
C001549,Priya,Nair,priya.nair1549@example.com,9112266531,Jaipur,Rajasthan,Silver,2022-02-19,2026-07-01T09:00:00
C001550,Ananya,Sharma,ananya.sharma1550@example.com,9112274450,Kochi,Kerala,Gold,2022-02-20,2026-07-01T09:00:00
C001551,Isha,Rao,isha.rao1551@example.com,9112282369,Hyderabad,Telangana,Platinum,2022-02-21,2026-07-01T09:00:00
C001552,Neha,Gupta,neha.gupta1552@example.com,9112290288,Mumbai,Maharashtra,Bronze,2022-02-22,2026-07-01T09:00:00
C001553,Sneha,Verma,sneha.verma1553@example.com,9112298207,Bengaluru,Karnataka,Silver,2022-02-23,2026-07-01T09:00:00
C001554,Pooja,Patel,pooja.patel1554@example.com,9112306126,Chennai,Tamil Nadu,Gold,2022-02-24,2026-07-01T09:00:00
C001555,Kavya,Kumar,kavya.kumar1555@example.com,9112314045,Pune,Maharashtra,Platinum,2022-02-25,2026-07-01T09:00:00
C001556,Meera,Iyer,meera.iyer1556@example.com,9112321964,Delhi,Delhi,Bronze,2022-02-26,2026-07-01T09:00:00
C001557,Nikhil,Reddy,nikhil.reddy1557@example.com,9112329883,Kolkata,West Bengal,Silver,2022-02-27,2026-07-01T09:00:00
C001558,Vikram,Singh,vikram.singh1558@example.com,9112337802,Ahmedabad,Gujarat,Gold,2022-02-28,2026-07-01T09:00:00
C001559,Akash,Nair,akash.nair1559@example.com,9112345721,Jaipur,Rajasthan,Platinum,2022-03-01,2026-07-01T09:00:00
C001560,Divya,Sharma,divya.sharma1560@example.com,9112353640,Kochi,Kerala,Bronze,2022-03-02,2026-07-01T09:00:00
C001561,Aarav,Rao,aarav.rao1561@example.com,9112361559,Hyderabad,Telangana,Silver,2022-03-03,2026-07-01T09:00:00
C001562,Vivaan,Gupta,vivaan.gupta1562@example.com,9112369478,Mumbai,Maharashtra,Gold,2022-03-04,2026-07-01T09:00:00
C001563,Aditya,Verma,aditya.verma1563@example.com,9112377397,Bengaluru,Karnataka,Platinum,2022-03-05,2026-07-01T09:00:00
C001564,Arjun,Patel,arjun.patel1564@example.com,9112385316,Chennai,Tamil Nadu,Bronze,2022-03-06,2026-07-01T09:00:00
C001565,Sai,Kumar,sai.kumar1565@example.com,9112393235,Pune,Maharashtra,Silver,2022-03-07,2026-07-01T09:00:00
C001566,Rohan,Iyer,rohan.iyer1566@example.com,9112401154,Delhi,Delhi,Gold,2022-03-08,2026-07-01T09:00:00
C001567,Rahul,Reddy,rahul.reddy1567@example.com,9112409073,Kolkata,West Bengal,Platinum,2022-03-09,2026-07-01T09:00:00
C001568,Kiran,Singh,kiran.singh1568@example.com,9112416992,Ahmedabad,Gujarat,Bronze,2022-03-10,2026-07-01T09:00:00
C001569,Priya,Nair,priya.nair1569@example.com,9112424911,Jaipur,Rajasthan,Silver,2022-03-11,2026-07-01T09:00:00
C001570,Ananya,Sharma,ananya.sharma1570@example.com,9112432830,Kochi,Kerala,Gold,2022-03-12,2026-07-01T09:00:00
C001571,Isha,Rao,isha.rao1571@example.com,9112440749,Hyderabad,Telangana,Platinum,2022-03-13,2026-07-01T09:00:00
C001572,Neha,Gupta,neha.gupta1572@example.com,9112448668,Mumbai,Maharashtra,Bronze,2022-03-14,2026-07-01T09:00:00
C001573,Sneha,Verma,sneha.verma1573@example.com,9112456587,Bengaluru,Karnataka,Silver,2022-03-15,2026-07-01T09:00:00
C001574,Pooja,Patel,pooja.patel1574@example.com,9112464506,Chennai,Tamil Nadu,Gold,2022-03-16,2026-07-01T09:00:00
C001575,Kavya,Kumar,kavya.kumar1575@example.com,9112472425,Pune,Maharashtra,Platinum,2022-03-17,2026-07-01T09:00:00
C001576,Meera,Iyer,meera.iyer1576@example.com,9112480344,Delhi,Delhi,Bronze,2022-03-18,2026-07-01T09:00:00
C001577,Nikhil,Reddy,nikhil.reddy1577@example.com,9112488263,Kolkata,West Bengal,Silver,2022-03-19,2026-07-01T09:00:00
C001578,Vikram,Singh,vikram.singh1578@example.com,9112496182,Ahmedabad,Gujarat,Gold,2022-03-20,2026-07-01T09:00:00
C001579,Akash,Nair,akash.nair1579@example.com,9112504101,Jaipur,Rajasthan,Platinum,2022-03-21,2026-07-01T09:00:00
C001580,Divya,Sharma,divya.sharma1580@example.com,9112512020,Kochi,Kerala,Bronze,2022-03-22,2026-07-01T09:00:00
C001581,Aarav,Rao,aarav.rao1581@example.com,9112519939,Hyderabad,Telangana,Silver,2022-03-23,2026-07-01T09:00:00
C001582,Vivaan,Gupta,vivaan.gupta1582@example.com,9112527858,Mumbai,Maharashtra,Gold,2022-03-24,2026-07-01T09:00:00
C001583,Aditya,Verma,aditya.verma1583@example.com,9112535777,Bengaluru,Karnataka,Platinum,2022-03-25,2026-07-01T09:00:00
C001584,Arjun,Patel,arjun.patel1584@example.com,9112543696,Chennai,Tamil Nadu,Bronze,2022-03-26,2026-07-01T09:00:00
C001585,Sai,Kumar,sai.kumar1585@example.com,9112551615,Pune,Maharashtra,Silver,2022-03-27,2026-07-01T09:00:00
C001586,Rohan,Iyer,rohan.iyer1586@example.com,9112559534,Delhi,Delhi,Gold,2022-03-28,2026-07-01T09:00:00
C001587,Rahul,Reddy,rahul.reddy1587@example.com,9112567453,Kolkata,West Bengal,Platinum,2022-03-29,2026-07-01T09:00:00
C001588,Kiran,Singh,kiran.singh1588@example.com,9112575372,Ahmedabad,Gujarat,Bronze,2022-03-30,2026-07-01T09:00:00
C001589,Priya,Nair,priya.nair1589@example.com,9112583291,Jaipur,Rajasthan,Silver,2022-03-31,2026-07-01T09:00:00
C001590,Ananya,Sharma,ananya.sharma1590@example.com,9112591210,Kochi,Kerala,Gold,2022-04-01,2026-07-01T09:00:00
C001591,Isha,Rao,isha.rao1591@example.com,9112599129,Hyderabad,Telangana,Platinum,2022-04-02,2026-07-01T09:00:00
C001592,Neha,Gupta,neha.gupta1592@example.com,9112607048,Mumbai,Maharashtra,Bronze,2022-04-03,2026-07-01T09:00:00
C001593,Sneha,Verma,sneha.verma1593@example.com,9112614967,Bengaluru,Karnataka,Silver,2022-04-04,2026-07-01T09:00:00
C001594,Pooja,Patel,pooja.patel1594@example.com,9112622886,Chennai,Tamil Nadu,Gold,2022-04-05,2026-07-01T09:00:00
C001595,Kavya,Kumar,kavya.kumar1595@example.com,9112630805,Pune,Maharashtra,Platinum,2022-04-06,2026-07-01T09:00:00
C001596,Meera,Iyer,meera.iyer1596@example.com,9112638724,Delhi,Delhi,Bronze,2022-04-07,2026-07-01T09:00:00
C001597,Nikhil,Reddy,nikhil.reddy1597@example.com,9112646643,Kolkata,West Bengal,Silver,2022-04-08,2026-07-01T09:00:00
C001598,Vikram,Singh,vikram.singh1598@example.com,9112654562,Ahmedabad,Gujarat,Gold,2022-04-09,2026-07-01T09:00:00
C001599,Akash,Nair,akash.nair1599@example.com,9112662481,Jaipur,Rajasthan,Platinum,2022-04-10,2026-07-01T09:00:00
C001600,Divya,Sharma,divya.sharma1600@example.com,9112670400,Kochi,Kerala,Bronze,2022-04-11,2026-07-01T09:00:00
C001601,Aarav,Rao,aarav.rao1601@example.com,9112678319,Hyderabad,Telangana,Silver,2022-04-12,2026-07-01T09:00:00
C001602,Vivaan,Gupta,vivaan.gupta1602@example.com,9112686238,Mumbai,Maharashtra,Gold,2022-04-13,2026-07-01T09:00:00
C001603,Aditya,Verma,aditya.verma1603@example.com,9112694157,Bengaluru,Karnataka,Platinum,2022-04-14,2026-07-01T09:00:00
C001604,Arjun,Patel,arjun.patel1604@example.com,9112702076,Chennai,Tamil Nadu,Bronze,2022-04-15,2026-07-01T09:00:00
C001605,Sai,Kumar,sai.kumar1605@example.com,9112709995,Pune,Maharashtra,Silver,2022-04-16,2026-07-01T09:00:00
C001606,Rohan,Iyer,rohan.iyer1606@example.com,9112717914,Delhi,Delhi,Gold,2022-04-17,2026-07-01T09:00:00
C001607,Rahul,Reddy,rahul.reddy1607@example.com,9112725833,Kolkata,West Bengal,Platinum,2022-04-18,2026-07-01T09:00:00
C001608,Kiran,Singh,kiran.singh1608@example.com,9112733752,Ahmedabad,Gujarat,Bronze,2022-04-19,2026-07-01T09:00:00
C001609,Priya,Nair,priya.nair1609@example.com,9112741671,Jaipur,Rajasthan,Silver,2022-04-20,2026-07-01T09:00:00
C001610,Ananya,Sharma,ananya.sharma1610@example.com,9112749590,Kochi,Kerala,Gold,2022-04-21,2026-07-01T09:00:00
C001611,Isha,Rao,isha.rao1611@example.com,9112757509,Hyderabad,Telangana,Platinum,2022-04-22,2026-07-01T09:00:00
C001612,Neha,Gupta,neha.gupta1612@example.com,9112765428,Mumbai,Maharashtra,Bronze,2022-04-23,2026-07-01T09:00:00
C001613,Sneha,Verma,sneha.verma1613@example.com,9112773347,Bengaluru,Karnataka,Silver,2022-04-24,2026-07-01T09:00:00
C001614,Pooja,Patel,pooja.patel1614@example.com,9112781266,Chennai,Tamil Nadu,Gold,2022-04-25,2026-07-01T09:00:00
C001615,Kavya,Kumar,kavya.kumar1615@example.com,9112789185,Pune,Maharashtra,Platinum,2022-04-26,2026-07-01T09:00:00
C001616,Meera,Iyer,meera.iyer1616@example.com,9112797104,Delhi,Delhi,Bronze,2022-04-27,2026-07-01T09:00:00
C001617,Nikhil,Reddy,nikhil.reddy1617@example.com,9112805023,Kolkata,West Bengal,Silver,2022-04-28,2026-07-01T09:00:00
C001618,Vikram,Singh,vikram.singh1618@example.com,9112812942,Ahmedabad,Gujarat,Gold,2022-04-29,2026-07-01T09:00:00
C001619,Akash,Nair,akash.nair1619@example.com,9112820861,Jaipur,Rajasthan,Platinum,2022-04-30,2026-07-01T09:00:00
C001620,Divya,Sharma,divya.sharma1620@example.com,9112828780,Kochi,Kerala,Bronze,2022-05-01,2026-07-01T09:00:00
C001621,Aarav,Rao,aarav.rao1621@example.com,9112836699,Hyderabad,Telangana,Silver,2022-05-02,2026-07-01T09:00:00
C001622,Vivaan,Gupta,vivaan.gupta1622@example.com,9112844618,Mumbai,Maharashtra,Gold,2022-05-03,2026-07-01T09:00:00
C001623,Aditya,Verma,aditya.verma1623@example.com,9112852537,Bengaluru,Karnataka,Platinum,2022-05-04,2026-07-01T09:00:00
C001624,Arjun,Patel,arjun.patel1624@example.com,9112860456,Chennai,Tamil Nadu,Bronze,2022-05-05,2026-07-01T09:00:00
C001625,Sai,Kumar,sai.kumar1625@example.com,9112868375,Pune,Maharashtra,Silver,2022-05-06,2026-07-01T09:00:00
C001626,Rohan,Iyer,rohan.iyer1626@example.com,9112876294,Delhi,Delhi,Gold,2022-05-07,2026-07-01T09:00:00
C001627,Rahul,Reddy,rahul.reddy1627@example.com,9112884213,Kolkata,West Bengal,Platinum,2022-05-08,2026-07-01T09:00:00
C001628,Kiran,Singh,kiran.singh1628@example.com,9112892132,Ahmedabad,Gujarat,Bronze,2022-05-09,2026-07-01T09:00:00
C001629,Priya,Nair,priya.nair1629@example.com,9112900051,Jaipur,Rajasthan,Silver,2022-05-10,2026-07-01T09:00:00
C001630,Ananya,Sharma,ananya.sharma1630@example.com,9112907970,Kochi,Kerala,Gold,2022-05-11,2026-07-01T09:00:00
C001631,Isha,Rao,isha.rao1631@example.com,9112915889,Hyderabad,Telangana,Platinum,2022-05-12,2026-07-01T09:00:00
C001632,Neha,Gupta,neha.gupta1632@example.com,9112923808,Mumbai,Maharashtra,Bronze,2022-05-13,2026-07-01T09:00:00
C001633,Sneha,Verma,sneha.verma1633@example.com,9112931727,Bengaluru,Karnataka,Silver,2022-05-14,2026-07-01T09:00:00
C001634,Pooja,Patel,pooja.patel1634@example.com,9112939646,Chennai,Tamil Nadu,Gold,2022-05-15,2026-07-01T09:00:00
C001635,Kavya,Kumar,kavya.kumar1635@example.com,9112947565,Pune,Maharashtra,Platinum,2022-05-16,2026-07-01T09:00:00
C001636,Meera,Iyer,meera.iyer1636@example.com,9112955484,Delhi,Delhi,Bronze,2022-05-17,2026-07-01T09:00:00
C001637,Nikhil,Reddy,nikhil.reddy1637@example.com,9112963403,Kolkata,West Bengal,Silver,2022-05-18,2026-07-01T09:00:00
C001638,Vikram,Singh,vikram.singh1638@example.com,9112971322,Ahmedabad,Gujarat,Gold,2022-05-19,2026-07-01T09:00:00
C001639,Akash,Nair,akash.nair1639@example.com,9112979241,Jaipur,Rajasthan,Platinum,2022-05-20,2026-07-01T09:00:00
C001640,Divya,Sharma,divya.sharma1640@example.com,9112987160,Kochi,Kerala,Bronze,2022-05-21,2026-07-01T09:00:00
C001641,Aarav,Rao,aarav.rao1641@example.com,9112995079,Hyderabad,Telangana,Silver,2022-05-22,2026-07-01T09:00:00
C001642,Vivaan,Gupta,vivaan.gupta1642@example.com,9113002998,Mumbai,Maharashtra,Gold,2022-05-23,2026-07-01T09:00:00
C001643,Aditya,Verma,aditya.verma1643@example.com,9113010917,Bengaluru,Karnataka,Platinum,2022-05-24,2026-07-01T09:00:00
C001644,Arjun,Patel,arjun.patel1644@example.com,9113018836,Chennai,Tamil Nadu,Bronze,2022-05-25,2026-07-01T09:00:00
C001645,Sai,Kumar,sai.kumar1645@example.com,9113026755,Pune,Maharashtra,Silver,2022-05-26,2026-07-01T09:00:00
C001646,Rohan,Iyer,rohan.iyer1646@example.com,9113034674,Delhi,Delhi,Gold,2022-05-27,2026-07-01T09:00:00
C001647,Rahul,Reddy,rahul.reddy1647@example.com,9113042593,Kolkata,West Bengal,Platinum,2022-05-28,2026-07-01T09:00:00
C001648,Kiran,Singh,kiran.singh1648@example.com,9113050512,Ahmedabad,Gujarat,Bronze,2022-05-29,2026-07-01T09:00:00
C001649,Priya,Nair,priya.nair1649@example.com,9113058431,Jaipur,Rajasthan,Silver,2022-05-30,2026-07-01T09:00:00
C001650,Ananya,Sharma,ananya.sharma1650@example.com,9113066350,Kochi,Kerala,Gold,2022-05-31,2026-07-01T09:00:00
C001651,Isha,Rao,isha.rao1651@example.com,9113074269,Hyderabad,Telangana,Platinum,2022-06-01,2026-07-01T09:00:00
C001652,Neha,Gupta,neha.gupta1652@example.com,9113082188,Mumbai,Maharashtra,Bronze,2022-06-02,2026-07-01T09:00:00
C001653,Sneha,Verma,sneha.verma1653@example.com,9113090107,Bengaluru,Karnataka,Silver,2022-06-03,2026-07-01T09:00:00
C001654,Pooja,Patel,pooja.patel1654@example.com,9113098026,Chennai,Tamil Nadu,Gold,2022-06-04,2026-07-01T09:00:00
C001655,Kavya,Kumar,kavya.kumar1655@example.com,9113105945,Pune,Maharashtra,Platinum,2022-06-05,2026-07-01T09:00:00
C001656,Meera,Iyer,meera.iyer1656@example.com,9113113864,Delhi,Delhi,Bronze,2022-06-06,2026-07-01T09:00:00
C001657,Nikhil,Reddy,nikhil.reddy1657@example.com,9113121783,Kolkata,West Bengal,Silver,2022-06-07,2026-07-01T09:00:00
C001658,Vikram,Singh,vikram.singh1658@example.com,9113129702,Ahmedabad,Gujarat,Gold,2022-06-08,2026-07-01T09:00:00
C001659,Akash,Nair,akash.nair1659@example.com,9113137621,Jaipur,Rajasthan,Platinum,2022-06-09,2026-07-01T09:00:00
C001660,Divya,Sharma,divya.sharma1660@example.com,9113145540,Kochi,Kerala,Bronze,2022-06-10,2026-07-01T09:00:00
C001661,Aarav,Rao,aarav.rao1661@example.com,9113153459,Hyderabad,Telangana,Silver,2022-06-11,2026-07-01T09:00:00
C001662,Vivaan,Gupta,vivaan.gupta1662@example.com,9113161378,Mumbai,Maharashtra,Gold,2022-06-12,2026-07-01T09:00:00
C001663,Aditya,Verma,aditya.verma1663@example.com,9113169297,Bengaluru,Karnataka,Platinum,2022-06-13,2026-07-01T09:00:00
C001664,Arjun,Patel,arjun.patel1664@example.com,9113177216,Chennai,Tamil Nadu,Bronze,2022-06-14,2026-07-01T09:00:00
C001665,Sai,Kumar,sai.kumar1665@example.com,9113185135,Pune,Maharashtra,Silver,2022-06-15,2026-07-01T09:00:00
C001666,Rohan,Iyer,rohan.iyer1666@example.com,9113193054,Delhi,Delhi,Gold,2022-06-16,2026-07-01T09:00:00
C001667,Rahul,Reddy,rahul.reddy1667@example.com,9113200973,Kolkata,West Bengal,Platinum,2022-06-17,2026-07-01T09:00:00
C001668,Kiran,Singh,kiran.singh1668@example.com,9113208892,Ahmedabad,Gujarat,Bronze,2022-06-18,2026-07-01T09:00:00
C001669,Priya,Nair,priya.nair1669@example.com,9113216811,Jaipur,Rajasthan,Silver,2022-06-19,2026-07-01T09:00:00
C001670,Ananya,Sharma,ananya.sharma1670@example.com,9113224730,Kochi,Kerala,Gold,2022-06-20,2026-07-01T09:00:00
C001671,Isha,Rao,isha.rao1671@example.com,9113232649,Hyderabad,Telangana,Platinum,2022-06-21,2026-07-01T09:00:00
C001672,Neha,Gupta,neha.gupta1672@example.com,9113240568,Mumbai,Maharashtra,Bronze,2022-06-22,2026-07-01T09:00:00
C001673,Sneha,Verma,sneha.verma1673@example.com,9113248487,Bengaluru,Karnataka,Silver,2022-06-23,2026-07-01T09:00:00
C001674,Pooja,Patel,pooja.patel1674@example.com,9113256406,Chennai,Tamil Nadu,Gold,2022-06-24,2026-07-01T09:00:00
C001675,Kavya,Kumar,kavya.kumar1675@example.com,9113264325,Pune,Maharashtra,Platinum,2022-06-25,2026-07-01T09:00:00
C001676,Meera,Iyer,meera.iyer1676@example.com,9113272244,Delhi,Delhi,Bronze,2022-06-26,2026-07-01T09:00:00
C001677,Nikhil,Reddy,nikhil.reddy1677@example.com,9113280163,Kolkata,West Bengal,Silver,2022-06-27,2026-07-01T09:00:00
C001678,Vikram,Singh,vikram.singh1678@example.com,9113288082,Ahmedabad,Gujarat,Gold,2022-06-28,2026-07-01T09:00:00
C001679,Akash,Nair,akash.nair1679@example.com,9113296001,Jaipur,Rajasthan,Platinum,2022-06-29,2026-07-01T09:00:00
C001680,Divya,Sharma,divya.sharma1680@example.com,9113303920,Kochi,Kerala,Bronze,2022-06-30,2026-07-01T09:00:00
C001681,Aarav,Rao,aarav.rao1681@example.com,9113311839,Hyderabad,Telangana,Silver,2022-07-01,2026-07-01T09:00:00
C001682,Vivaan,Gupta,vivaan.gupta1682@example.com,9113319758,Mumbai,Maharashtra,Gold,2022-07-02,2026-07-01T09:00:00
C001683,Aditya,Verma,aditya.verma1683@example.com,9113327677,Bengaluru,Karnataka,Platinum,2022-07-03,2026-07-01T09:00:00
C001684,Arjun,Patel,arjun.patel1684@example.com,9113335596,Chennai,Tamil Nadu,Bronze,2022-07-04,2026-07-01T09:00:00
C001685,Sai,Kumar,sai.kumar1685@example.com,9113343515,Pune,Maharashtra,Silver,2022-07-05,2026-07-01T09:00:00
C001686,Rohan,Iyer,rohan.iyer1686@example.com,9113351434,Delhi,Delhi,Gold,2022-07-06,2026-07-01T09:00:00
C001687,Rahul,Reddy,rahul.reddy1687@example.com,9113359353,Kolkata,West Bengal,Platinum,2022-07-07,2026-07-01T09:00:00
C001688,Kiran,Singh,kiran.singh1688@example.com,9113367272,Ahmedabad,Gujarat,Bronze,2022-07-08,2026-07-01T09:00:00
C001689,Priya,Nair,priya.nair1689@example.com,9113375191,Jaipur,Rajasthan,Silver,2022-07-09,2026-07-01T09:00:00
C001690,Ananya,Sharma,ananya.sharma1690@example.com,9113383110,Kochi,Kerala,Gold,2022-07-10,2026-07-01T09:00:00
C001691,Isha,Rao,isha.rao1691@example.com,9113391029,Hyderabad,Telangana,Platinum,2022-07-11,2026-07-01T09:00:00
C001692,Neha,Gupta,neha.gupta1692@example.com,9113398948,Mumbai,Maharashtra,Bronze,2022-07-12,2026-07-01T09:00:00
C001693,Sneha,Verma,sneha.verma1693@example.com,9113406867,Bengaluru,Karnataka,Silver,2022-07-13,2026-07-01T09:00:00
C001694,Pooja,Patel,pooja.patel1694@example.com,9113414786,Chennai,Tamil Nadu,Gold,2022-07-14,2026-07-01T09:00:00
C001695,Kavya,Kumar,kavya.kumar1695@example.com,9113422705,Pune,Maharashtra,Platinum,2022-07-15,2026-07-01T09:00:00
C001696,Meera,Iyer,meera.iyer1696@example.com,9113430624,Delhi,Delhi,Bronze,2022-07-16,2026-07-01T09:00:00
C001697,Nikhil,Reddy,nikhil.reddy1697@example.com,9113438543,Kolkata,West Bengal,Silver,2022-07-17,2026-07-01T09:00:00
C001698,Vikram,Singh,vikram.singh1698@example.com,9113446462,Ahmedabad,Gujarat,Gold,2022-07-18,2026-07-01T09:00:00
C001699,Akash,Nair,akash.nair1699@example.com,9113454381,Jaipur,Rajasthan,Platinum,2022-07-19,2026-07-01T09:00:00
C001700,Divya,Sharma,divya.sharma1700@example.com,9113462300,Kochi,Kerala,Bronze,2022-07-20,2026-07-01T09:00:00
C001701,Aarav,Rao,aarav.rao1701@example.com,9113470219,Hyderabad,Telangana,Silver,2022-07-21,2026-07-01T09:00:00
C001702,Vivaan,Gupta,vivaan.gupta1702@example.com,9113478138,Mumbai,Maharashtra,Gold,2022-07-22,2026-07-01T09:00:00
C001703,Aditya,Verma,aditya.verma1703@example.com,9113486057,Bengaluru,Karnataka,Platinum,2022-07-23,2026-07-01T09:00:00
C001704,Arjun,Patel,arjun.patel1704@example.com,9113493976,Chennai,Tamil Nadu,Bronze,2022-07-24,2026-07-01T09:00:00
C001705,Sai,Kumar,sai.kumar1705@example.com,9113501895,Pune,Maharashtra,Silver,2022-07-25,2026-07-01T09:00:00
C001706,Rohan,Iyer,rohan.iyer1706@example.com,9113509814,Delhi,Delhi,Gold,2022-07-26,2026-07-01T09:00:00
C001707,Rahul,Reddy,rahul.reddy1707@example.com,9113517733,Kolkata,West Bengal,Platinum,2022-07-27,2026-07-01T09:00:00
C001708,Kiran,Singh,kiran.singh1708@example.com,9113525652,Ahmedabad,Gujarat,Bronze,2022-07-28,2026-07-01T09:00:00
C001709,Priya,Nair,priya.nair1709@example.com,9113533571,Jaipur,Rajasthan,Silver,2022-07-29,2026-07-01T09:00:00
C001710,Ananya,Sharma,ananya.sharma1710@example.com,9113541490,Kochi,Kerala,Gold,2022-07-30,2026-07-01T09:00:00
C001711,Isha,Rao,isha.rao1711@example.com,9113549409,Hyderabad,Telangana,Platinum,2022-07-31,2026-07-01T09:00:00
C001712,Neha,Gupta,neha.gupta1712@example.com,9113557328,Mumbai,Maharashtra,Bronze,2022-08-01,2026-07-01T09:00:00
C001713,Sneha,Verma,sneha.verma1713@example.com,9113565247,Bengaluru,Karnataka,Silver,2022-08-02,2026-07-01T09:00:00
C001714,Pooja,Patel,pooja.patel1714@example.com,9113573166,Chennai,Tamil Nadu,Gold,2022-08-03,2026-07-01T09:00:00
C001715,Kavya,Kumar,kavya.kumar1715@example.com,9113581085,Pune,Maharashtra,Platinum,2022-08-04,2026-07-01T09:00:00
C001716,Meera,Iyer,meera.iyer1716@example.com,9113589004,Delhi,Delhi,Bronze,2022-08-05,2026-07-01T09:00:00
C001717,Nikhil,Reddy,nikhil.reddy1717@example.com,9113596923,Kolkata,West Bengal,Silver,2022-08-06,2026-07-01T09:00:00
C001718,Vikram,Singh,vikram.singh1718@example.com,9113604842,Ahmedabad,Gujarat,Gold,2022-08-07,2026-07-01T09:00:00
C001719,Akash,Nair,akash.nair1719@example.com,9113612761,Jaipur,Rajasthan,Platinum,2022-08-08,2026-07-01T09:00:00
C001720,Divya,Sharma,divya.sharma1720@example.com,9113620680,Kochi,Kerala,Bronze,2022-08-09,2026-07-01T09:00:00
C001721,Aarav,Rao,aarav.rao1721@example.com,9113628599,Hyderabad,Telangana,Silver,2022-08-10,2026-07-01T09:00:00
C001722,Vivaan,Gupta,vivaan.gupta1722@example.com,9113636518,Mumbai,Maharashtra,Gold,2022-08-11,2026-07-01T09:00:00
C001723,Aditya,Verma,aditya.verma1723@example.com,9113644437,Bengaluru,Karnataka,Platinum,2022-08-12,2026-07-01T09:00:00
C001724,Arjun,Patel,arjun.patel1724@example.com,9113652356,Chennai,Tamil Nadu,Bronze,2022-08-13,2026-07-01T09:00:00
C001725,Sai,Kumar,sai.kumar1725@example.com,9113660275,Pune,Maharashtra,Silver,2022-08-14,2026-07-01T09:00:00
C001726,Rohan,Iyer,rohan.iyer1726@example.com,9113668194,Delhi,Delhi,Gold,2022-08-15,2026-07-01T09:00:00
C001727,Rahul,Reddy,rahul.reddy1727@example.com,9113676113,Kolkata,West Bengal,Platinum,2022-08-16,2026-07-01T09:00:00
C001728,Kiran,Singh,kiran.singh1728@example.com,9113684032,Ahmedabad,Gujarat,Bronze,2022-08-17,2026-07-01T09:00:00
C001729,Priya,Nair,priya.nair1729@example.com,9113691951,Jaipur,Rajasthan,Silver,2022-08-18,2026-07-01T09:00:00
C001730,Ananya,Sharma,ananya.sharma1730@example.com,9113699870,Kochi,Kerala,Gold,2022-08-19,2026-07-01T09:00:00
C001731,Isha,Rao,isha.rao1731@example.com,9113707789,Hyderabad,Telangana,Platinum,2022-08-20,2026-07-01T09:00:00
C001732,Neha,Gupta,neha.gupta1732@example.com,9113715708,Mumbai,Maharashtra,Bronze,2022-08-21,2026-07-01T09:00:00
C001733,Sneha,Verma,sneha.verma1733@example.com,9113723627,Bengaluru,Karnataka,Silver,2022-08-22,2026-07-01T09:00:00
C001734,Pooja,Patel,pooja.patel1734@example.com,9113731546,Chennai,Tamil Nadu,Gold,2022-08-23,2026-07-01T09:00:00
C001735,Kavya,Kumar,kavya.kumar1735@example.com,9113739465,Pune,Maharashtra,Platinum,2022-08-24,2026-07-01T09:00:00
C001736,Meera,Iyer,meera.iyer1736@example.com,9113747384,Delhi,Delhi,Bronze,2022-08-25,2026-07-01T09:00:00
C001737,Nikhil,Reddy,nikhil.reddy1737@example.com,9113755303,Kolkata,West Bengal,Silver,2022-08-26,2026-07-01T09:00:00
C001738,Vikram,Singh,vikram.singh1738@example.com,9113763222,Ahmedabad,Gujarat,Gold,2022-08-27,2026-07-01T09:00:00
C001739,Akash,Nair,akash.nair1739@example.com,9113771141,Jaipur,Rajasthan,Platinum,2022-08-28,2026-07-01T09:00:00
C001740,Divya,Sharma,divya.sharma1740@example.com,9113779060,Kochi,Kerala,Bronze,2022-08-29,2026-07-01T09:00:00
C001741,Aarav,Rao,aarav.rao1741@example.com,9113786979,Hyderabad,Telangana,Silver,2022-08-30,2026-07-01T09:00:00
C001742,Vivaan,Gupta,vivaan.gupta1742@example.com,9113794898,Mumbai,Maharashtra,Gold,2022-08-31,2026-07-01T09:00:00
C001743,Aditya,Verma,aditya.verma1743@example.com,9113802817,Bengaluru,Karnataka,Platinum,2022-09-01,2026-07-01T09:00:00
C001744,Arjun,Patel,arjun.patel1744@example.com,9113810736,Chennai,Tamil Nadu,Bronze,2022-09-02,2026-07-01T09:00:00
C001745,Sai,Kumar,sai.kumar1745@example.com,9113818655,Pune,Maharashtra,Silver,2022-09-03,2026-07-01T09:00:00
C001746,Rohan,Iyer,rohan.iyer1746@example.com,9113826574,Delhi,Delhi,Gold,2022-09-04,2026-07-01T09:00:00
C001747,Rahul,Reddy,rahul.reddy1747@example.com,9113834493,Kolkata,West Bengal,Platinum,2022-09-05,2026-07-01T09:00:00
C001748,Kiran,Singh,kiran.singh1748@example.com,9113842412,Ahmedabad,Gujarat,Bronze,2022-09-06,2026-07-01T09:00:00
C001749,Priya,Nair,priya.nair1749@example.com,9113850331,Jaipur,Rajasthan,Silver,2022-09-07,2026-07-01T09:00:00
C001750,Ananya,Sharma,ananya.sharma1750@example.com,9113858250,Kochi,Kerala,Gold,2022-09-08,2026-07-01T09:00:00
C001751,Isha,Rao,isha.rao1751@example.com,9113866169,Hyderabad,Telangana,Platinum,2022-09-09,2026-07-01T09:00:00
C001752,Neha,Gupta,neha.gupta1752@example.com,9113874088,Mumbai,Maharashtra,Bronze,2022-09-10,2026-07-01T09:00:00
C001753,Sneha,Verma,sneha.verma1753@example.com,9113882007,Bengaluru,Karnataka,Silver,2022-09-11,2026-07-01T09:00:00
C001754,Pooja,Patel,pooja.patel1754@example.com,9113889926,Chennai,Tamil Nadu,Gold,2022-09-12,2026-07-01T09:00:00
C001755,Kavya,Kumar,kavya.kumar1755@example.com,9113897845,Pune,Maharashtra,Platinum,2022-09-13,2026-07-01T09:00:00
C001756,Meera,Iyer,meera.iyer1756@example.com,9113905764,Delhi,Delhi,Bronze,2022-09-14,2026-07-01T09:00:00
C001757,Nikhil,Reddy,nikhil.reddy1757@example.com,9113913683,Kolkata,West Bengal,Silver,2022-09-15,2026-07-01T09:00:00
C001758,Vikram,Singh,vikram.singh1758@example.com,9113921602,Ahmedabad,Gujarat,Gold,2022-09-16,2026-07-01T09:00:00
C001759,Akash,Nair,akash.nair1759@example.com,9113929521,Jaipur,Rajasthan,Platinum,2022-09-17,2026-07-01T09:00:00
C001760,Divya,Sharma,divya.sharma1760@example.com,9113937440,Kochi,Kerala,Bronze,2022-09-18,2026-07-01T09:00:00
C001761,Aarav,Rao,aarav.rao1761@example.com,9113945359,Hyderabad,Telangana,Silver,2022-09-19,2026-07-01T09:00:00
C001762,Vivaan,Gupta,vivaan.gupta1762@example.com,9113953278,Mumbai,Maharashtra,Gold,2022-09-20,2026-07-01T09:00:00
C001763,Aditya,Verma,aditya.verma1763@example.com,9113961197,Bengaluru,Karnataka,Platinum,2022-09-21,2026-07-01T09:00:00
C001764,Arjun,Patel,arjun.patel1764@example.com,9113969116,Chennai,Tamil Nadu,Bronze,2022-09-22,2026-07-01T09:00:00
C001765,Sai,Kumar,sai.kumar1765@example.com,9113977035,Pune,Maharashtra,Silver,2022-09-23,2026-07-01T09:00:00
C001766,Rohan,Iyer,rohan.iyer1766@example.com,9113984954,Delhi,Delhi,Gold,2022-09-24,2026-07-01T09:00:00
C001767,Rahul,Reddy,rahul.reddy1767@example.com,9113992873,Kolkata,West Bengal,Platinum,2022-09-25,2026-07-01T09:00:00
C001768,Kiran,Singh,kiran.singh1768@example.com,9114000792,Ahmedabad,Gujarat,Bronze,2022-09-26,2026-07-01T09:00:00
C001769,Priya,Nair,priya.nair1769@example.com,9114008711,Jaipur,Rajasthan,Silver,2022-09-27,2026-07-01T09:00:00
C001770,Ananya,Sharma,ananya.sharma1770@example.com,9114016630,Kochi,Kerala,Gold,2022-09-28,2026-07-01T09:00:00
C001771,Isha,Rao,isha.rao1771@example.com,9114024549,Hyderabad,Telangana,Platinum,2022-09-29,2026-07-01T09:00:00
C001772,Neha,Gupta,neha.gupta1772@example.com,9114032468,Mumbai,Maharashtra,Bronze,2022-09-30,2026-07-01T09:00:00
C001773,Sneha,Verma,sneha.verma1773@example.com,9114040387,Bengaluru,Karnataka,Silver,2022-10-01,2026-07-01T09:00:00
C001774,Pooja,Patel,pooja.patel1774@example.com,9114048306,Chennai,Tamil Nadu,Gold,2022-10-02,2026-07-01T09:00:00
C001775,Kavya,Kumar,kavya.kumar1775@example.com,9114056225,Pune,Maharashtra,Platinum,2022-10-03,2026-07-01T09:00:00
C001776,Meera,Iyer,meera.iyer1776@example.com,9114064144,Delhi,Delhi,Bronze,2022-10-04,2026-07-01T09:00:00
C001777,Nikhil,Reddy,nikhil.reddy1777@example.com,9114072063,Kolkata,West Bengal,Silver,2022-10-05,2026-07-01T09:00:00
C001778,Vikram,Singh,vikram.singh1778@example.com,9114079982,Ahmedabad,Gujarat,Gold,2022-10-06,2026-07-01T09:00:00
C001779,Akash,Nair,akash.nair1779@example.com,9114087901,Jaipur,Rajasthan,Platinum,2022-10-07,2026-07-01T09:00:00
C001780,Divya,Sharma,divya.sharma1780@example.com,9114095820,Kochi,Kerala,Bronze,2022-10-08,2026-07-01T09:00:00
C001781,Aarav,Rao,aarav.rao1781@example.com,9114103739,Hyderabad,Telangana,Silver,2022-10-09,2026-07-01T09:00:00
C001782,Vivaan,Gupta,vivaan.gupta1782@example.com,9114111658,Mumbai,Maharashtra,Gold,2022-10-10,2026-07-01T09:00:00
C001783,Aditya,Verma,aditya.verma1783@example.com,9114119577,Bengaluru,Karnataka,Platinum,2022-10-11,2026-07-01T09:00:00
C001784,Arjun,Patel,arjun.patel1784@example.com,9114127496,Chennai,Tamil Nadu,Bronze,2022-10-12,2026-07-01T09:00:00
C001785,Sai,Kumar,sai.kumar1785@example.com,9114135415,Pune,Maharashtra,Silver,2022-10-13,2026-07-01T09:00:00
C001786,Rohan,Iyer,rohan.iyer1786@example.com,9114143334,Delhi,Delhi,Gold,2022-10-14,2026-07-01T09:00:00
C001787,Rahul,Reddy,rahul.reddy1787@example.com,9114151253,Kolkata,West Bengal,Platinum,2022-10-15,2026-07-01T09:00:00
C001788,Kiran,Singh,kiran.singh1788@example.com,9114159172,Ahmedabad,Gujarat,Bronze,2022-10-16,2026-07-01T09:00:00
C001789,Priya,Nair,priya.nair1789@example.com,9114167091,Jaipur,Rajasthan,Silver,2022-10-17,2026-07-01T09:00:00
C001790,Ananya,Sharma,ananya.sharma1790@example.com,9114175010,Kochi,Kerala,Gold,2022-10-18,2026-07-01T09:00:00
C001791,Isha,Rao,isha.rao1791@example.com,9114182929,Hyderabad,Telangana,Platinum,2022-10-19,2026-07-01T09:00:00
C001792,Neha,Gupta,neha.gupta1792@example.com,9114190848,Mumbai,Maharashtra,Bronze,2022-10-20,2026-07-01T09:00:00
C001793,Sneha,Verma,sneha.verma1793@example.com,9114198767,Bengaluru,Karnataka,Silver,2022-10-21,2026-07-01T09:00:00
C001794,Pooja,Patel,pooja.patel1794@example.com,9114206686,Chennai,Tamil Nadu,Gold,2022-10-22,2026-07-01T09:00:00
C001795,Kavya,Kumar,kavya.kumar1795@example.com,9114214605,Pune,Maharashtra,Platinum,2022-10-23,2026-07-01T09:00:00
C001796,Meera,Iyer,meera.iyer1796@example.com,9114222524,Delhi,Delhi,Bronze,2022-10-24,2026-07-01T09:00:00
C001797,Nikhil,Reddy,nikhil.reddy1797@example.com,9114230443,Kolkata,West Bengal,Silver,2022-10-25,2026-07-01T09:00:00
C001798,Vikram,Singh,vikram.singh1798@example.com,9114238362,Ahmedabad,Gujarat,Gold,2022-10-26,2026-07-01T09:00:00
C001799,Akash,Nair,akash.nair1799@example.com,9114246281,Jaipur,Rajasthan,Platinum,2022-10-27,2026-07-01T09:00:00
C001800,Divya,Sharma,divya.sharma1800@example.com,9114254200,Kochi,Kerala,Bronze,2022-10-28,2026-07-01T09:00:00
C001801,Aarav,Rao,aarav.rao1801@example.com,9114262119,Hyderabad,Telangana,Silver,2022-10-29,2026-07-01T09:00:00
C001802,Vivaan,Gupta,vivaan.gupta1802@example.com,9114270038,Mumbai,Maharashtra,Gold,2022-10-30,2026-07-01T09:00:00
C001803,Aditya,Verma,aditya.verma1803@example.com,9114277957,Bengaluru,Karnataka,Platinum,2022-10-31,2026-07-01T09:00:00
C001804,Arjun,Patel,arjun.patel1804@example.com,9114285876,Chennai,Tamil Nadu,Bronze,2022-11-01,2026-07-01T09:00:00
C001805,Sai,Kumar,sai.kumar1805@example.com,9114293795,Pune,Maharashtra,Silver,2022-11-02,2026-07-01T09:00:00
C001806,Rohan,Iyer,rohan.iyer1806@example.com,9114301714,Delhi,Delhi,Gold,2022-11-03,2026-07-01T09:00:00
C001807,Rahul,Reddy,rahul.reddy1807@example.com,9114309633,Kolkata,West Bengal,Platinum,2022-11-04,2026-07-01T09:00:00
C001808,Kiran,Singh,kiran.singh1808@example.com,9114317552,Ahmedabad,Gujarat,Bronze,2022-11-05,2026-07-01T09:00:00
C001809,Priya,Nair,priya.nair1809@example.com,9114325471,Jaipur,Rajasthan,Silver,2022-11-06,2026-07-01T09:00:00
C001810,Ananya,Sharma,ananya.sharma1810@example.com,9114333390,Kochi,Kerala,Gold,2022-11-07,2026-07-01T09:00:00
C001811,Isha,Rao,isha.rao1811@example.com,9114341309,Hyderabad,Telangana,Platinum,2022-11-08,2026-07-01T09:00:00
C001812,Neha,Gupta,neha.gupta1812@example.com,9114349228,Mumbai,Maharashtra,Bronze,2022-11-09,2026-07-01T09:00:00
C001813,Sneha,Verma,sneha.verma1813@example.com,9114357147,Bengaluru,Karnataka,Silver,2022-11-10,2026-07-01T09:00:00
C001814,Pooja,Patel,pooja.patel1814@example.com,9114365066,Chennai,Tamil Nadu,Gold,2022-11-11,2026-07-01T09:00:00
C001815,Kavya,Kumar,kavya.kumar1815@example.com,9114372985,Pune,Maharashtra,Platinum,2022-11-12,2026-07-01T09:00:00
C001816,Meera,Iyer,meera.iyer1816@example.com,9114380904,Delhi,Delhi,Bronze,2022-11-13,2026-07-01T09:00:00
C001817,Nikhil,Reddy,nikhil.reddy1817@example.com,9114388823,Kolkata,West Bengal,Silver,2022-11-14,2026-07-01T09:00:00
C001818,Vikram,Singh,vikram.singh1818@example.com,9114396742,Ahmedabad,Gujarat,Gold,2022-11-15,2026-07-01T09:00:00
C001819,Akash,Nair,akash.nair1819@example.com,9114404661,Jaipur,Rajasthan,Platinum,2022-11-16,2026-07-01T09:00:00
C001820,Divya,Sharma,divya.sharma1820@example.com,9114412580,Kochi,Kerala,Bronze,2022-11-17,2026-07-01T09:00:00
C001821,Aarav,Rao,aarav.rao1821@example.com,9114420499,Hyderabad,Telangana,Silver,2022-11-18,2026-07-01T09:00:00
C001822,Vivaan,Gupta,vivaan.gupta1822@example.com,9114428418,Mumbai,Maharashtra,Gold,2022-11-19,2026-07-01T09:00:00
C001823,Aditya,Verma,aditya.verma1823@example.com,9114436337,Bengaluru,Karnataka,Platinum,2022-11-20,2026-07-01T09:00:00
C001824,Arjun,Patel,arjun.patel1824@example.com,9114444256,Chennai,Tamil Nadu,Bronze,2022-11-21,2026-07-01T09:00:00
C001825,Sai,Kumar,sai.kumar1825@example.com,9114452175,Pune,Maharashtra,Silver,2022-11-22,2026-07-01T09:00:00
C001826,Rohan,Iyer,rohan.iyer1826@example.com,9114460094,Delhi,Delhi,Gold,2022-11-23,2026-07-01T09:00:00
C001827,Rahul,Reddy,rahul.reddy1827@example.com,9114468013,Kolkata,West Bengal,Platinum,2022-11-24,2026-07-01T09:00:00
C001828,Kiran,Singh,kiran.singh1828@example.com,9114475932,Ahmedabad,Gujarat,Bronze,2022-11-25,2026-07-01T09:00:00
C001829,Priya,Nair,priya.nair1829@example.com,9114483851,Jaipur,Rajasthan,Silver,2022-11-26,2026-07-01T09:00:00
C001830,Ananya,Sharma,ananya.sharma1830@example.com,9114491770,Kochi,Kerala,Gold,2022-11-27,2026-07-01T09:00:00
C001831,Isha,Rao,isha.rao1831@example.com,9114499689,Hyderabad,Telangana,Platinum,2022-11-28,2026-07-01T09:00:00
C001832,Neha,Gupta,neha.gupta1832@example.com,9114507608,Mumbai,Maharashtra,Bronze,2022-11-29,2026-07-01T09:00:00
C001833,Sneha,Verma,sneha.verma1833@example.com,9114515527,Bengaluru,Karnataka,Silver,2022-11-30,2026-07-01T09:00:00
C001834,Pooja,Patel,pooja.patel1834@example.com,9114523446,Chennai,Tamil Nadu,Gold,2022-12-01,2026-07-01T09:00:00
C001835,Kavya,Kumar,kavya.kumar1835@example.com,9114531365,Pune,Maharashtra,Platinum,2022-12-02,2026-07-01T09:00:00
C001836,Meera,Iyer,meera.iyer1836@example.com,9114539284,Delhi,Delhi,Bronze,2022-12-03,2026-07-01T09:00:00
C001837,Nikhil,Reddy,nikhil.reddy1837@example.com,9114547203,Kolkata,West Bengal,Silver,2022-12-04,2026-07-01T09:00:00
C001838,Vikram,Singh,vikram.singh1838@example.com,9114555122,Ahmedabad,Gujarat,Gold,2022-12-05,2026-07-01T09:00:00
C001839,Akash,Nair,akash.nair1839@example.com,9114563041,Jaipur,Rajasthan,Platinum,2022-12-06,2026-07-01T09:00:00
C001840,Divya,Sharma,divya.sharma1840@example.com,9114570960,Kochi,Kerala,Bronze,2022-12-07,2026-07-01T09:00:00
C001841,Aarav,Rao,aarav.rao1841@example.com,9114578879,Hyderabad,Telangana,Silver,2022-12-08,2026-07-01T09:00:00
C001842,Vivaan,Gupta,vivaan.gupta1842@example.com,9114586798,Mumbai,Maharashtra,Gold,2022-12-09,2026-07-01T09:00:00
C001843,Aditya,Verma,aditya.verma1843@example.com,9114594717,Bengaluru,Karnataka,Platinum,2022-12-10,2026-07-01T09:00:00
C001844,Arjun,Patel,arjun.patel1844@example.com,9114602636,Chennai,Tamil Nadu,Bronze,2022-12-11,2026-07-01T09:00:00
C001845,Sai,Kumar,sai.kumar1845@example.com,9114610555,Pune,Maharashtra,Silver,2022-12-12,2026-07-01T09:00:00
C001846,Rohan,Iyer,rohan.iyer1846@example.com,9114618474,Delhi,Delhi,Gold,2022-12-13,2026-07-01T09:00:00
C001847,Rahul,Reddy,rahul.reddy1847@example.com,9114626393,Kolkata,West Bengal,Platinum,2022-12-14,2026-07-01T09:00:00
C001848,Kiran,Singh,kiran.singh1848@example.com,9114634312,Ahmedabad,Gujarat,Bronze,2022-12-15,2026-07-01T09:00:00
C001849,Priya,Nair,priya.nair1849@example.com,9114642231,Jaipur,Rajasthan,Silver,2022-12-16,2026-07-01T09:00:00
C001850,Ananya,Sharma,ananya.sharma1850@example.com,9114650150,Kochi,Kerala,Gold,2022-12-17,2026-07-01T09:00:00
C001851,Isha,Rao,isha.rao1851@example.com,9114658069,Hyderabad,Telangana,Platinum,2022-12-18,2026-07-01T09:00:00
C001852,Neha,Gupta,neha.gupta1852@example.com,9114665988,Mumbai,Maharashtra,Bronze,2022-12-19,2026-07-01T09:00:00
C001853,Sneha,Verma,sneha.verma1853@example.com,9114673907,Bengaluru,Karnataka,Silver,2022-12-20,2026-07-01T09:00:00
C001854,Pooja,Patel,pooja.patel1854@example.com,9114681826,Chennai,Tamil Nadu,Gold,2022-12-21,2026-07-01T09:00:00
C001855,Kavya,Kumar,kavya.kumar1855@example.com,9114689745,Pune,Maharashtra,Platinum,2022-12-22,2026-07-01T09:00:00
C001856,Meera,Iyer,meera.iyer1856@example.com,9114697664,Delhi,Delhi,Bronze,2022-12-23,2026-07-01T09:00:00
C001857,Nikhil,Reddy,nikhil.reddy1857@example.com,9114705583,Kolkata,West Bengal,Silver,2022-12-24,2026-07-01T09:00:00
C001858,Vikram,Singh,vikram.singh1858@example.com,9114713502,Ahmedabad,Gujarat,Gold,2022-12-25,2026-07-01T09:00:00
C001859,Akash,Nair,akash.nair1859@example.com,9114721421,Jaipur,Rajasthan,Platinum,2022-12-26,2026-07-01T09:00:00
C001860,Divya,Sharma,divya.sharma1860@example.com,9114729340,Kochi,Kerala,Bronze,2022-12-27,2026-07-01T09:00:00
C001861,Aarav,Rao,aarav.rao1861@example.com,9114737259,Hyderabad,Telangana,Silver,2022-12-28,2026-07-01T09:00:00
C001862,Vivaan,Gupta,vivaan.gupta1862@example.com,9114745178,Mumbai,Maharashtra,Gold,2022-12-29,2026-07-01T09:00:00
C001863,Aditya,Verma,aditya.verma1863@example.com,9114753097,Bengaluru,Karnataka,Platinum,2022-12-30,2026-07-01T09:00:00
C001864,Arjun,Patel,arjun.patel1864@example.com,9114761016,Chennai,Tamil Nadu,Bronze,2022-12-31,2026-07-01T09:00:00
C001865,Sai,Kumar,sai.kumar1865@example.com,9114768935,Pune,Maharashtra,Silver,2023-01-01,2026-07-01T09:00:00
C001866,Rohan,Iyer,rohan.iyer1866@example.com,9114776854,Delhi,Delhi,Gold,2023-01-02,2026-07-01T09:00:00
C001867,Rahul,Reddy,rahul.reddy1867@example.com,9114784773,Kolkata,West Bengal,Platinum,2023-01-03,2026-07-01T09:00:00
C001868,Kiran,Singh,kiran.singh1868@example.com,9114792692,Ahmedabad,Gujarat,Bronze,2023-01-04,2026-07-01T09:00:00
C001869,Priya,Nair,priya.nair1869@example.com,9114800611,Jaipur,Rajasthan,Silver,2023-01-05,2026-07-01T09:00:00
C001870,Ananya,Sharma,ananya.sharma1870@example.com,9114808530,Kochi,Kerala,Gold,2023-01-06,2026-07-01T09:00:00
C001871,Isha,Rao,isha.rao1871@example.com,9114816449,Hyderabad,Telangana,Platinum,2023-01-07,2026-07-01T09:00:00
C001872,Neha,Gupta,neha.gupta1872@example.com,9114824368,Mumbai,Maharashtra,Bronze,2023-01-08,2026-07-01T09:00:00
C001873,Sneha,Verma,sneha.verma1873@example.com,9114832287,Bengaluru,Karnataka,Silver,2023-01-09,2026-07-01T09:00:00
C001874,Pooja,Patel,pooja.patel1874@example.com,9114840206,Chennai,Tamil Nadu,Gold,2023-01-10,2026-07-01T09:00:00
C001875,Kavya,Kumar,kavya.kumar1875@example.com,9114848125,Pune,Maharashtra,Platinum,2023-01-11,2026-07-01T09:00:00
C001876,Meera,Iyer,meera.iyer1876@example.com,9114856044,Delhi,Delhi,Bronze,2023-01-12,2026-07-01T09:00:00
C001877,Nikhil,Reddy,nikhil.reddy1877@example.com,9114863963,Kolkata,West Bengal,Silver,2023-01-13,2026-07-01T09:00:00
C001878,Vikram,Singh,vikram.singh1878@example.com,9114871882,Ahmedabad,Gujarat,Gold,2023-01-14,2026-07-01T09:00:00
C001879,Akash,Nair,akash.nair1879@example.com,9114879801,Jaipur,Rajasthan,Platinum,2023-01-15,2026-07-01T09:00:00
C001880,Divya,Sharma,divya.sharma1880@example.com,9114887720,Kochi,Kerala,Bronze,2023-01-16,2026-07-01T09:00:00
C001881,Aarav,Rao,aarav.rao1881@example.com,9114895639,Hyderabad,Telangana,Silver,2023-01-17,2026-07-01T09:00:00
C001882,Vivaan,Gupta,vivaan.gupta1882@example.com,9114903558,Mumbai,Maharashtra,Gold,2023-01-18,2026-07-01T09:00:00
C001883,Aditya,Verma,aditya.verma1883@example.com,9114911477,Bengaluru,Karnataka,Platinum,2023-01-19,2026-07-01T09:00:00
C001884,Arjun,Patel,arjun.patel1884@example.com,9114919396,Chennai,Tamil Nadu,Bronze,2023-01-20,2026-07-01T09:00:00
C001885,Sai,Kumar,sai.kumar1885@example.com,9114927315,Pune,Maharashtra,Silver,2023-01-21,2026-07-01T09:00:00
C001886,Rohan,Iyer,rohan.iyer1886@example.com,9114935234,Delhi,Delhi,Gold,2023-01-22,2026-07-01T09:00:00
C001887,Rahul,Reddy,rahul.reddy1887@example.com,9114943153,Kolkata,West Bengal,Platinum,2023-01-23,2026-07-01T09:00:00
C001888,Kiran,Singh,kiran.singh1888@example.com,9114951072,Ahmedabad,Gujarat,Bronze,2023-01-24,2026-07-01T09:00:00
C001889,Priya,Nair,priya.nair1889@example.com,9114958991,Jaipur,Rajasthan,Silver,2023-01-25,2026-07-01T09:00:00
C001890,Ananya,Sharma,ananya.sharma1890@example.com,9114966910,Kochi,Kerala,Gold,2023-01-26,2026-07-01T09:00:00
C001891,Isha,Rao,isha.rao1891@example.com,9114974829,Hyderabad,Telangana,Platinum,2023-01-27,2026-07-01T09:00:00
C001892,Neha,Gupta,neha.gupta1892@example.com,9114982748,Mumbai,Maharashtra,Bronze,2023-01-28,2026-07-01T09:00:00
C001893,Sneha,Verma,sneha.verma1893@example.com,9114990667,Bengaluru,Karnataka,Silver,2023-01-29,2026-07-01T09:00:00
C001894,Pooja,Patel,pooja.patel1894@example.com,9114998586,Chennai,Tamil Nadu,Gold,2023-01-30,2026-07-01T09:00:00
C001895,Kavya,Kumar,kavya.kumar1895@example.com,9115006505,Pune,Maharashtra,Platinum,2023-01-31,2026-07-01T09:00:00
C001896,Meera,Iyer,meera.iyer1896@example.com,9115014424,Delhi,Delhi,Bronze,2023-02-01,2026-07-01T09:00:00
C001897,Nikhil,Reddy,nikhil.reddy1897@example.com,9115022343,Kolkata,West Bengal,Silver,2023-02-02,2026-07-01T09:00:00
C001898,Vikram,Singh,vikram.singh1898@example.com,9115030262,Ahmedabad,Gujarat,Gold,2023-02-03,2026-07-01T09:00:00
C001899,Akash,Nair,akash.nair1899@example.com,9115038181,Jaipur,Rajasthan,Platinum,2023-02-04,2026-07-01T09:00:00
C001900,Divya,Sharma,divya.sharma1900@example.com,9115046100,Kochi,Kerala,Bronze,2023-02-05,2026-07-01T09:00:00
C001901,Aarav,Rao,aarav.rao1901@example.com,9115054019,Hyderabad,Telangana,Silver,2023-02-06,2026-07-01T09:00:00
C001902,Vivaan,Gupta,vivaan.gupta1902@example.com,9115061938,Mumbai,Maharashtra,Gold,2023-02-07,2026-07-01T09:00:00
C001903,Aditya,Verma,aditya.verma1903@example.com,9115069857,Bengaluru,Karnataka,Platinum,2023-02-08,2026-07-01T09:00:00
C001904,Arjun,Patel,arjun.patel1904@example.com,9115077776,Chennai,Tamil Nadu,Bronze,2023-02-09,2026-07-01T09:00:00
C001905,Sai,Kumar,sai.kumar1905@example.com,9115085695,Pune,Maharashtra,Silver,2023-02-10,2026-07-01T09:00:00
C001906,Rohan,Iyer,rohan.iyer1906@example.com,9115093614,Delhi,Delhi,Gold,2023-02-11,2026-07-01T09:00:00
C001907,Rahul,Reddy,rahul.reddy1907@example.com,9115101533,Kolkata,West Bengal,Platinum,2023-02-12,2026-07-01T09:00:00
C001908,Kiran,Singh,kiran.singh1908@example.com,9115109452,Ahmedabad,Gujarat,Bronze,2023-02-13,2026-07-01T09:00:00
C001909,Priya,Nair,priya.nair1909@example.com,9115117371,Jaipur,Rajasthan,Silver,2023-02-14,2026-07-01T09:00:00
C001910,Ananya,Sharma,ananya.sharma1910@example.com,9115125290,Kochi,Kerala,Gold,2023-02-15,2026-07-01T09:00:00
C001911,Isha,Rao,isha.rao1911@example.com,9115133209,Hyderabad,Telangana,Platinum,2023-02-16,2026-07-01T09:00:00
C001912,Neha,Gupta,neha.gupta1912@example.com,9115141128,Mumbai,Maharashtra,Bronze,2023-02-17,2026-07-01T09:00:00
C001913,Sneha,Verma,sneha.verma1913@example.com,9115149047,Bengaluru,Karnataka,Silver,2023-02-18,2026-07-01T09:00:00
C001914,Pooja,Patel,pooja.patel1914@example.com,9115156966,Chennai,Tamil Nadu,Gold,2023-02-19,2026-07-01T09:00:00
C001915,Kavya,Kumar,kavya.kumar1915@example.com,9115164885,Pune,Maharashtra,Platinum,2023-02-20,2026-07-01T09:00:00
C001916,Meera,Iyer,meera.iyer1916@example.com,9115172804,Delhi,Delhi,Bronze,2023-02-21,2026-07-01T09:00:00
C001917,Nikhil,Reddy,nikhil.reddy1917@example.com,9115180723,Kolkata,West Bengal,Silver,2023-02-22,2026-07-01T09:00:00
C001918,Vikram,Singh,vikram.singh1918@example.com,9115188642,Ahmedabad,Gujarat,Gold,2023-02-23,2026-07-01T09:00:00
C001919,Akash,Nair,akash.nair1919@example.com,9115196561,Jaipur,Rajasthan,Platinum,2023-02-24,2026-07-01T09:00:00
C001920,Divya,Sharma,divya.sharma1920@example.com,9115204480,Kochi,Kerala,Bronze,2023-02-25,2026-07-01T09:00:00
C001921,Aarav,Rao,aarav.rao1921@example.com,9115212399,Hyderabad,Telangana,Silver,2023-02-26,2026-07-01T09:00:00
C001922,Vivaan,Gupta,vivaan.gupta1922@example.com,9115220318,Mumbai,Maharashtra,Gold,2023-02-27,2026-07-01T09:00:00
C001923,Aditya,Verma,aditya.verma1923@example.com,9115228237,Bengaluru,Karnataka,Platinum,2023-02-28,2026-07-01T09:00:00
C001924,Arjun,Patel,arjun.patel1924@example.com,9115236156,Chennai,Tamil Nadu,Bronze,2023-03-01,2026-07-01T09:00:00
C001925,Sai,Kumar,sai.kumar1925@example.com,9115244075,Pune,Maharashtra,Silver,2023-03-02,2026-07-01T09:00:00
C001926,Rohan,Iyer,rohan.iyer1926@example.com,9115251994,Delhi,Delhi,Gold,2023-03-03,2026-07-01T09:00:00
C001927,Rahul,Reddy,rahul.reddy1927@example.com,9115259913,Kolkata,West Bengal,Platinum,2023-03-04,2026-07-01T09:00:00
C001928,Kiran,Singh,kiran.singh1928@example.com,9115267832,Ahmedabad,Gujarat,Bronze,2023-03-05,2026-07-01T09:00:00
C001929,Priya,Nair,priya.nair1929@example.com,9115275751,Jaipur,Rajasthan,Silver,2023-03-06,2026-07-01T09:00:00
C001930,Ananya,Sharma,ananya.sharma1930@example.com,9115283670,Kochi,Kerala,Gold,2023-03-07,2026-07-01T09:00:00
C001931,Isha,Rao,isha.rao1931@example.com,9115291589,Hyderabad,Telangana,Platinum,2023-03-08,2026-07-01T09:00:00
C001932,Neha,Gupta,neha.gupta1932@example.com,9115299508,Mumbai,Maharashtra,Bronze,2023-03-09,2026-07-01T09:00:00
C001933,Sneha,Verma,sneha.verma1933@example.com,9115307427,Bengaluru,Karnataka,Silver,2023-03-10,2026-07-01T09:00:00
C001934,Pooja,Patel,pooja.patel1934@example.com,9115315346,Chennai,Tamil Nadu,Gold,2023-03-11,2026-07-01T09:00:00
C001935,Kavya,Kumar,kavya.kumar1935@example.com,9115323265,Pune,Maharashtra,Platinum,2023-03-12,2026-07-01T09:00:00
C001936,Meera,Iyer,meera.iyer1936@example.com,9115331184,Delhi,Delhi,Bronze,2023-03-13,2026-07-01T09:00:00
C001937,Nikhil,Reddy,nikhil.reddy1937@example.com,9115339103,Kolkata,West Bengal,Silver,2023-03-14,2026-07-01T09:00:00
C001938,Vikram,Singh,vikram.singh1938@example.com,9115347022,Ahmedabad,Gujarat,Gold,2023-03-15,2026-07-01T09:00:00
C001939,Akash,Nair,akash.nair1939@example.com,9115354941,Jaipur,Rajasthan,Platinum,2023-03-16,2026-07-01T09:00:00
C001940,Divya,Sharma,divya.sharma1940@example.com,9115362860,Kochi,Kerala,Bronze,2023-03-17,2026-07-01T09:00:00
C001941,Aarav,Rao,aarav.rao1941@example.com,9115370779,Hyderabad,Telangana,Silver,2023-03-18,2026-07-01T09:00:00
C001942,Vivaan,Gupta,vivaan.gupta1942@example.com,9115378698,Mumbai,Maharashtra,Gold,2023-03-19,2026-07-01T09:00:00
C001943,Aditya,Verma,aditya.verma1943@example.com,9115386617,Bengaluru,Karnataka,Platinum,2023-03-20,2026-07-01T09:00:00
C001944,Arjun,Patel,arjun.patel1944@example.com,9115394536,Chennai,Tamil Nadu,Bronze,2023-03-21,2026-07-01T09:00:00
C001945,Sai,Kumar,sai.kumar1945@example.com,9115402455,Pune,Maharashtra,Silver,2023-03-22,2026-07-01T09:00:00
C001946,Rohan,Iyer,rohan.iyer1946@example.com,9115410374,Delhi,Delhi,Gold,2023-03-23,2026-07-01T09:00:00
C001947,Rahul,Reddy,rahul.reddy1947@example.com,9115418293,Kolkata,West Bengal,Platinum,2023-03-24,2026-07-01T09:00:00
C001948,Kiran,Singh,kiran.singh1948@example.com,9115426212,Ahmedabad,Gujarat,Bronze,2023-03-25,2026-07-01T09:00:00
C001949,Priya,Nair,priya.nair1949@example.com,9115434131,Jaipur,Rajasthan,Silver,2023-03-26,2026-07-01T09:00:00
C001950,Ananya,Sharma,ananya.sharma1950@example.com,9115442050,Kochi,Kerala,Gold,2023-03-27,2026-07-01T09:00:00
C001951,Isha,Rao,isha.rao1951@example.com,9115449969,Hyderabad,Telangana,Platinum,2023-03-28,2026-07-01T09:00:00
C001952,Neha,Gupta,neha.gupta1952@example.com,9115457888,Mumbai,Maharashtra,Bronze,2023-03-29,2026-07-01T09:00:00
C001953,Sneha,Verma,sneha.verma1953@example.com,9115465807,Bengaluru,Karnataka,Silver,2023-03-30,2026-07-01T09:00:00
C001954,Pooja,Patel,pooja.patel1954@example.com,9115473726,Chennai,Tamil Nadu,Gold,2023-03-31,2026-07-01T09:00:00
C001955,Kavya,Kumar,kavya.kumar1955@example.com,9115481645,Pune,Maharashtra,Platinum,2023-04-01,2026-07-01T09:00:00
C001956,Meera,Iyer,meera.iyer1956@example.com,9115489564,Delhi,Delhi,Bronze,2023-04-02,2026-07-01T09:00:00
C001957,Nikhil,Reddy,nikhil.reddy1957@example.com,9115497483,Kolkata,West Bengal,Silver,2023-04-03,2026-07-01T09:00:00
C001958,Vikram,Singh,vikram.singh1958@example.com,9115505402,Ahmedabad,Gujarat,Gold,2023-04-04,2026-07-01T09:00:00
C001959,Akash,Nair,akash.nair1959@example.com,9115513321,Jaipur,Rajasthan,Platinum,2023-04-05,2026-07-01T09:00:00
C001960,Divya,Sharma,divya.sharma1960@example.com,9115521240,Kochi,Kerala,Bronze,2023-04-06,2026-07-01T09:00:00
C001961,Aarav,Rao,aarav.rao1961@example.com,9115529159,Hyderabad,Telangana,Silver,2023-04-07,2026-07-01T09:00:00
C001962,Vivaan,Gupta,vivaan.gupta1962@example.com,9115537078,Mumbai,Maharashtra,Gold,2023-04-08,2026-07-01T09:00:00
C001963,Aditya,Verma,aditya.verma1963@example.com,9115544997,Bengaluru,Karnataka,Platinum,2023-04-09,2026-07-01T09:00:00
C001964,Arjun,Patel,arjun.patel1964@example.com,9115552916,Chennai,Tamil Nadu,Bronze,2023-04-10,2026-07-01T09:00:00
C001965,Sai,Kumar,sai.kumar1965@example.com,9115560835,Pune,Maharashtra,Silver,2023-04-11,2026-07-01T09:00:00
C001966,Rohan,Iyer,rohan.iyer1966@example.com,9115568754,Delhi,Delhi,Gold,2023-04-12,2026-07-01T09:00:00
C001967,Rahul,Reddy,rahul.reddy1967@example.com,9115576673,Kolkata,West Bengal,Platinum,2023-04-13,2026-07-01T09:00:00
C001968,Kiran,Singh,kiran.singh1968@example.com,9115584592,Ahmedabad,Gujarat,Bronze,2023-04-14,2026-07-01T09:00:00
C001969,Priya,Nair,priya.nair1969@example.com,9115592511,Jaipur,Rajasthan,Silver,2023-04-15,2026-07-01T09:00:00
C001970,Ananya,Sharma,ananya.sharma1970@example.com,9115600430,Kochi,Kerala,Gold,2023-04-16,2026-07-01T09:00:00
C001971,Isha,Rao,isha.rao1971@example.com,9115608349,Hyderabad,Telangana,Platinum,2023-04-17,2026-07-01T09:00:00
C001972,Neha,Gupta,neha.gupta1972@example.com,9115616268,Mumbai,Maharashtra,Bronze,2023-04-18,2026-07-01T09:00:00
C001973,Sneha,Verma,sneha.verma1973@example.com,9115624187,Bengaluru,Karnataka,Silver,2023-04-19,2026-07-01T09:00:00
C001974,Pooja,Patel,pooja.patel1974@example.com,9115632106,Chennai,Tamil Nadu,Gold,2023-04-20,2026-07-01T09:00:00
C001975,Kavya,Kumar,kavya.kumar1975@example.com,9115640025,Pune,Maharashtra,Platinum,2023-04-21,2026-07-01T09:00:00
C001976,Meera,Iyer,meera.iyer1976@example.com,9115647944,Delhi,Delhi,Bronze,2023-04-22,2026-07-01T09:00:00
C001977,Nikhil,Reddy,nikhil.reddy1977@example.com,9115655863,Kolkata,West Bengal,Silver,2023-04-23,2026-07-01T09:00:00
C001978,Vikram,Singh,vikram.singh1978@example.com,9115663782,Ahmedabad,Gujarat,Gold,2023-04-24,2026-07-01T09:00:00
C001979,Akash,Nair,akash.nair1979@example.com,9115671701,Jaipur,Rajasthan,Platinum,2023-04-25,2026-07-01T09:00:00
C001980,Divya,Sharma,divya.sharma1980@example.com,9115679620,Kochi,Kerala,Bronze,2023-04-26,2026-07-01T09:00:00
C001981,Aarav,Rao,aarav.rao1981@example.com,9115687539,Hyderabad,Telangana,Silver,2023-04-27,2026-07-01T09:00:00
C001982,Vivaan,Gupta,vivaan.gupta1982@example.com,9115695458,Mumbai,Maharashtra,Gold,2023-04-28,2026-07-01T09:00:00
C001983,Aditya,Verma,aditya.verma1983@example.com,9115703377,Bengaluru,Karnataka,Platinum,2023-04-29,2026-07-01T09:00:00
C001984,Arjun,Patel,arjun.patel1984@example.com,9115711296,Chennai,Tamil Nadu,Bronze,2023-04-30,2026-07-01T09:00:00
C001985,Sai,Kumar,sai.kumar1985@example.com,9115719215,Pune,Maharashtra,Silver,2023-05-01,2026-07-01T09:00:00
C001986,Rohan,Iyer,rohan.iyer1986@example.com,9115727134,Delhi,Delhi,Gold,2023-05-02,2026-07-01T09:00:00
C001987,Rahul,Reddy,rahul.reddy1987@example.com,9115735053,Kolkata,West Bengal,Platinum,2023-05-03,2026-07-01T09:00:00
C001988,Kiran,Singh,kiran.singh1988@example.com,9115742972,Ahmedabad,Gujarat,Bronze,2023-05-04,2026-07-01T09:00:00
C001989,Priya,Nair,priya.nair1989@example.com,9115750891,Jaipur,Rajasthan,Silver,2023-05-05,2026-07-01T09:00:00
C001990,Ananya,Sharma,ananya.sharma1990@example.com,9115758810,Kochi,Kerala,Gold,2023-05-06,2026-07-01T09:00:00
C001991,Isha,Rao,isha.rao1991@example.com,9115766729,Hyderabad,Telangana,Platinum,2023-05-07,2026-07-01T09:00:00
C001992,Neha,Gupta,neha.gupta1992@example.com,9115774648,Mumbai,Maharashtra,Bronze,2023-05-08,2026-07-01T09:00:00
C001993,Sneha,Verma,sneha.verma1993@example.com,9115782567,Bengaluru,Karnataka,Silver,2023-05-09,2026-07-01T09:00:00
C001994,Pooja,Patel,pooja.patel1994@example.com,9115790486,Chennai,Tamil Nadu,Gold,2023-05-10,2026-07-01T09:00:00
C001995,Kavya,Kumar,kavya.kumar1995@example.com,9115798405,Pune,Maharashtra,Platinum,2023-05-11,2026-07-01T09:00:00
C001996,Meera,Iyer,meera.iyer1996@example.com,9115806324,Delhi,Delhi,Bronze,2023-05-12,2026-07-01T09:00:00
C001997,Nikhil,Reddy,nikhil.reddy1997@example.com,9115814243,Kolkata,West Bengal,Silver,2023-05-13,2026-07-01T09:00:00
C001998,Vikram,Singh,vikram.singh1998@example.com,9115822162,Ahmedabad,Gujarat,Gold,2023-05-14,2026-07-01T09:00:00
C001999,Akash,Nair,akash.nair1999@example.com,9115830081,Jaipur,Rajasthan,Platinum,2023-05-15,2026-07-01T09:00:00
C002000,Divya,Sharma,divya.sharma2000@example.com,9115838000,Kochi,Kerala,Bronze,2023-05-16,2026-07-01T09:00:00
C002001,Aarav,Rao,aarav.rao2001@example.com,9115845919,Hyderabad,Telangana,Silver,2023-05-17,2026-07-01T09:00:00
C002002,Vivaan,Gupta,vivaan.gupta2002@example.com,9115853838,Mumbai,Maharashtra,Gold,2023-05-18,2026-07-01T09:00:00
C002003,Aditya,Verma,aditya.verma2003@example.com,9115861757,Bengaluru,Karnataka,Platinum,2023-05-19,2026-07-01T09:00:00
C002004,Arjun,Patel,arjun.patel2004@example.com,9115869676,Chennai,Tamil Nadu,Bronze,2023-05-20,2026-07-01T09:00:00
C002005,Sai,Kumar,sai.kumar2005@example.com,9115877595,Pune,Maharashtra,Silver,2023-05-21,2026-07-01T09:00:00
C002006,Rohan,Iyer,rohan.iyer2006@example.com,9115885514,Delhi,Delhi,Gold,2023-05-22,2026-07-01T09:00:00
C002007,Rahul,Reddy,rahul.reddy2007@example.com,9115893433,Kolkata,West Bengal,Platinum,2023-05-23,2026-07-01T09:00:00
C002008,Kiran,Singh,kiran.singh2008@example.com,9115901352,Ahmedabad,Gujarat,Bronze,2023-05-24,2026-07-01T09:00:00
C002009,Priya,Nair,priya.nair2009@example.com,9115909271,Jaipur,Rajasthan,Silver,2023-05-25,2026-07-01T09:00:00
C002010,Ananya,Sharma,ananya.sharma2010@example.com,9115917190,Kochi,Kerala,Gold,2023-05-26,2026-07-01T09:00:00
C002011,Isha,Rao,isha.rao2011@example.com,9115925109,Hyderabad,Telangana,Platinum,2023-05-27,2026-07-01T09:00:00
C002012,Neha,Gupta,neha.gupta2012@example.com,9115933028,Mumbai,Maharashtra,Bronze,2023-05-28,2026-07-01T09:00:00
C002013,Sneha,Verma,sneha.verma2013@example.com,9115940947,Bengaluru,Karnataka,Silver,2023-05-29,2026-07-01T09:00:00
C002014,Pooja,Patel,pooja.patel2014@example.com,9115948866,Chennai,Tamil Nadu,Gold,2023-05-30,2026-07-01T09:00:00
C002015,Kavya,Kumar,kavya.kumar2015@example.com,9115956785,Pune,Maharashtra,Platinum,2023-05-31,2026-07-01T09:00:00
C002016,Meera,Iyer,meera.iyer2016@example.com,9115964704,Delhi,Delhi,Bronze,2023-06-01,2026-07-01T09:00:00
C002017,Nikhil,Reddy,nikhil.reddy2017@example.com,9115972623,Kolkata,West Bengal,Silver,2023-06-02,2026-07-01T09:00:00
C002018,Vikram,Singh,vikram.singh2018@example.com,9115980542,Ahmedabad,Gujarat,Gold,2023-06-03,2026-07-01T09:00:00
C002019,Akash,Nair,akash.nair2019@example.com,9115988461,Jaipur,Rajasthan,Platinum,2023-06-04,2026-07-01T09:00:00
C002020,Divya,Sharma,divya.sharma2020@example.com,9115996380,Kochi,Kerala,Bronze,2023-06-05,2026-07-01T09:00:00
C002021,Aarav,Rao,aarav.rao2021@example.com,9116004299,Hyderabad,Telangana,Silver,2023-06-06,2026-07-01T09:00:00
C002022,Vivaan,Gupta,vivaan.gupta2022@example.com,9116012218,Mumbai,Maharashtra,Gold,2023-06-07,2026-07-01T09:00:00
C002023,Aditya,Verma,aditya.verma2023@example.com,9116020137,Bengaluru,Karnataka,Platinum,2023-06-08,2026-07-01T09:00:00
C002024,Arjun,Patel,arjun.patel2024@example.com,9116028056,Chennai,Tamil Nadu,Bronze,2023-06-09,2026-07-01T09:00:00
C002025,Sai,Kumar,sai.kumar2025@example.com,9116035975,Pune,Maharashtra,Silver,2023-06-10,2026-07-01T09:00:00
C002026,Rohan,Iyer,rohan.iyer2026@example.com,9116043894,Delhi,Delhi,Gold,2023-06-11,2026-07-01T09:00:00
C002027,Rahul,Reddy,rahul.reddy2027@example.com,9116051813,Kolkata,West Bengal,Platinum,2023-06-12,2026-07-01T09:00:00
C002028,Kiran,Singh,kiran.singh2028@example.com,9116059732,Ahmedabad,Gujarat,Bronze,2023-06-13,2026-07-01T09:00:00
C002029,Priya,Nair,priya.nair2029@example.com,9116067651,Jaipur,Rajasthan,Silver,2023-06-14,2026-07-01T09:00:00
C002030,Ananya,Sharma,ananya.sharma2030@example.com,9116075570,Kochi,Kerala,Gold,2023-06-15,2026-07-01T09:00:00
C002031,Isha,Rao,isha.rao2031@example.com,9116083489,Hyderabad,Telangana,Platinum,2023-06-16,2026-07-01T09:00:00
C002032,Neha,Gupta,neha.gupta2032@example.com,9116091408,Mumbai,Maharashtra,Bronze,2023-06-17,2026-07-01T09:00:00
C002033,Sneha,Verma,sneha.verma2033@example.com,9116099327,Bengaluru,Karnataka,Silver,2023-06-18,2026-07-01T09:00:00
C002034,Pooja,Patel,pooja.patel2034@example.com,9116107246,Chennai,Tamil Nadu,Gold,2023-06-19,2026-07-01T09:00:00
C002035,Kavya,Kumar,kavya.kumar2035@example.com,9116115165,Pune,Maharashtra,Platinum,2023-06-20,2026-07-01T09:00:00
C002036,Meera,Iyer,meera.iyer2036@example.com,9116123084,Delhi,Delhi,Bronze,2023-06-21,2026-07-01T09:00:00
C002037,Nikhil,Reddy,nikhil.reddy2037@example.com,9116131003,Kolkata,West Bengal,Silver,2023-06-22,2026-07-01T09:00:00
C002038,Vikram,Singh,vikram.singh2038@example.com,9116138922,Ahmedabad,Gujarat,Gold,2023-06-23,2026-07-01T09:00:00
C002039,Akash,Nair,akash.nair2039@example.com,9116146841,Jaipur,Rajasthan,Platinum,2023-06-24,2026-07-01T09:00:00
C002040,Divya,Sharma,divya.sharma2040@example.com,9116154760,Kochi,Kerala,Bronze,2023-06-25,2026-07-01T09:00:00
C002041,Aarav,Rao,aarav.rao2041@example.com,9116162679,Hyderabad,Telangana,Silver,2023-06-26,2026-07-01T09:00:00
C002042,Vivaan,Gupta,vivaan.gupta2042@example.com,9116170598,Mumbai,Maharashtra,Gold,2023-06-27,2026-07-01T09:00:00
C002043,Aditya,Verma,aditya.verma2043@example.com,9116178517,Bengaluru,Karnataka,Platinum,2023-06-28,2026-07-01T09:00:00
C002044,Arjun,Patel,arjun.patel2044@example.com,9116186436,Chennai,Tamil Nadu,Bronze,2023-06-29,2026-07-01T09:00:00
C002045,Sai,Kumar,sai.kumar2045@example.com,9116194355,Pune,Maharashtra,Silver,2023-06-30,2026-07-01T09:00:00
C002046,Rohan,Iyer,rohan.iyer2046@example.com,9116202274,Delhi,Delhi,Gold,2023-07-01,2026-07-01T09:00:00
C002047,Rahul,Reddy,rahul.reddy2047@example.com,9116210193,Kolkata,West Bengal,Platinum,2023-07-02,2026-07-01T09:00:00
C002048,Kiran,Singh,kiran.singh2048@example.com,9116218112,Ahmedabad,Gujarat,Bronze,2023-07-03,2026-07-01T09:00:00
C002049,Priya,Nair,priya.nair2049@example.com,9116226031,Jaipur,Rajasthan,Silver,2023-07-04,2026-07-01T09:00:00
C002050,Ananya,Sharma,ananya.sharma2050@example.com,9116233950,Kochi,Kerala,Gold,2023-07-05,2026-07-01T09:00:00
C002051,Isha,Rao,isha.rao2051@example.com,9116241869,Hyderabad,Telangana,Platinum,2023-07-06,2026-07-01T09:00:00
C002052,Neha,Gupta,neha.gupta2052@example.com,9116249788,Mumbai,Maharashtra,Bronze,2023-07-07,2026-07-01T09:00:00
C002053,Sneha,Verma,sneha.verma2053@example.com,9116257707,Bengaluru,Karnataka,Silver,2023-07-08,2026-07-01T09:00:00
C002054,Pooja,Patel,pooja.patel2054@example.com,9116265626,Chennai,Tamil Nadu,Gold,2023-07-09,2026-07-01T09:00:00
C002055,Kavya,Kumar,kavya.kumar2055@example.com,9116273545,Pune,Maharashtra,Platinum,2023-07-10,2026-07-01T09:00:00
C002056,Meera,Iyer,meera.iyer2056@example.com,9116281464,Delhi,Delhi,Bronze,2023-07-11,2026-07-01T09:00:00
C002057,Nikhil,Reddy,nikhil.reddy2057@example.com,9116289383,Kolkata,West Bengal,Silver,2023-07-12,2026-07-01T09:00:00
C002058,Vikram,Singh,vikram.singh2058@example.com,9116297302,Ahmedabad,Gujarat,Gold,2023-07-13,2026-07-01T09:00:00
C002059,Akash,Nair,akash.nair2059@example.com,9116305221,Jaipur,Rajasthan,Platinum,2023-07-14,2026-07-01T09:00:00
C002060,Divya,Sharma,divya.sharma2060@example.com,9116313140,Kochi,Kerala,Bronze,2023-07-15,2026-07-01T09:00:00
C002061,Aarav,Rao,aarav.rao2061@example.com,9116321059,Hyderabad,Telangana,Silver,2023-07-16,2026-07-01T09:00:00
C002062,Vivaan,Gupta,vivaan.gupta2062@example.com,9116328978,Mumbai,Maharashtra,Gold,2023-07-17,2026-07-01T09:00:00
C002063,Aditya,Verma,aditya.verma2063@example.com,9116336897,Bengaluru,Karnataka,Platinum,2023-07-18,2026-07-01T09:00:00
C002064,Arjun,Patel,arjun.patel2064@example.com,9116344816,Chennai,Tamil Nadu,Bronze,2023-07-19,2026-07-01T09:00:00
C002065,Sai,Kumar,sai.kumar2065@example.com,9116352735,Pune,Maharashtra,Silver,2023-07-20,2026-07-01T09:00:00
C002066,Rohan,Iyer,rohan.iyer2066@example.com,9116360654,Delhi,Delhi,Gold,2023-07-21,2026-07-01T09:00:00
C002067,Rahul,Reddy,rahul.reddy2067@example.com,9116368573,Kolkata,West Bengal,Platinum,2023-07-22,2026-07-01T09:00:00
C002068,Kiran,Singh,kiran.singh2068@example.com,9116376492,Ahmedabad,Gujarat,Bronze,2023-07-23,2026-07-01T09:00:00
C002069,Priya,Nair,priya.nair2069@example.com,9116384411,Jaipur,Rajasthan,Silver,2023-07-24,2026-07-01T09:00:00
C002070,Ananya,Sharma,ananya.sharma2070@example.com,9116392330,Kochi,Kerala,Gold,2023-07-25,2026-07-01T09:00:00
C002071,Isha,Rao,isha.rao2071@example.com,9116400249,Hyderabad,Telangana,Platinum,2023-07-26,2026-07-01T09:00:00
C002072,Neha,Gupta,neha.gupta2072@example.com,9116408168,Mumbai,Maharashtra,Bronze,2023-07-27,2026-07-01T09:00:00
C002073,Sneha,Verma,sneha.verma2073@example.com,9116416087,Bengaluru,Karnataka,Silver,2023-07-28,2026-07-01T09:00:00
C002074,Pooja,Patel,pooja.patel2074@example.com,9116424006,Chennai,Tamil Nadu,Gold,2023-07-29,2026-07-01T09:00:00
C002075,Kavya,Kumar,kavya.kumar2075@example.com,9116431925,Pune,Maharashtra,Platinum,2023-07-30,2026-07-01T09:00:00
C002076,Meera,Iyer,meera.iyer2076@example.com,9116439844,Delhi,Delhi,Bronze,2023-07-31,2026-07-01T09:00:00
C002077,Nikhil,Reddy,nikhil.reddy2077@example.com,9116447763,Kolkata,West Bengal,Silver,2023-08-01,2026-07-01T09:00:00
C002078,Vikram,Singh,vikram.singh2078@example.com,9116455682,Ahmedabad,Gujarat,Gold,2023-08-02,2026-07-01T09:00:00
C002079,Akash,Nair,akash.nair2079@example.com,9116463601,Jaipur,Rajasthan,Platinum,2023-08-03,2026-07-01T09:00:00
C002080,Divya,Sharma,divya.sharma2080@example.com,9116471520,Kochi,Kerala,Bronze,2023-08-04,2026-07-01T09:00:00
C002081,Aarav,Rao,aarav.rao2081@example.com,9116479439,Hyderabad,Telangana,Silver,2023-08-05,2026-07-01T09:00:00
C002082,Vivaan,Gupta,vivaan.gupta2082@example.com,9116487358,Mumbai,Maharashtra,Gold,2023-08-06,2026-07-01T09:00:00
C002083,Aditya,Verma,aditya.verma2083@example.com,9116495277,Bengaluru,Karnataka,Platinum,2023-08-07,2026-07-01T09:00:00
C002084,Arjun,Patel,arjun.patel2084@example.com,9116503196,Chennai,Tamil Nadu,Bronze,2023-08-08,2026-07-01T09:00:00
C002085,Sai,Kumar,sai.kumar2085@example.com,9116511115,Pune,Maharashtra,Silver,2023-08-09,2026-07-01T09:00:00
C002086,Rohan,Iyer,rohan.iyer2086@example.com,9116519034,Delhi,Delhi,Gold,2023-08-10,2026-07-01T09:00:00
C002087,Rahul,Reddy,rahul.reddy2087@example.com,9116526953,Kolkata,West Bengal,Platinum,2023-08-11,2026-07-01T09:00:00
C002088,Kiran,Singh,kiran.singh2088@example.com,9116534872,Ahmedabad,Gujarat,Bronze,2023-08-12,2026-07-01T09:00:00
C002089,Priya,Nair,priya.nair2089@example.com,9116542791,Jaipur,Rajasthan,Silver,2023-08-13,2026-07-01T09:00:00
C002090,Ananya,Sharma,ananya.sharma2090@example.com,9116550710,Kochi,Kerala,Gold,2023-08-14,2026-07-01T09:00:00
C002091,Isha,Rao,isha.rao2091@example.com,9116558629,Hyderabad,Telangana,Platinum,2023-08-15,2026-07-01T09:00:00
C002092,Neha,Gupta,neha.gupta2092@example.com,9116566548,Mumbai,Maharashtra,Bronze,2023-08-16,2026-07-01T09:00:00
C002093,Sneha,Verma,sneha.verma2093@example.com,9116574467,Bengaluru,Karnataka,Silver,2023-08-17,2026-07-01T09:00:00
C002094,Pooja,Patel,pooja.patel2094@example.com,9116582386,Chennai,Tamil Nadu,Gold,2023-08-18,2026-07-01T09:00:00
C002095,Kavya,Kumar,kavya.kumar2095@example.com,9116590305,Pune,Maharashtra,Platinum,2023-08-19,2026-07-01T09:00:00
C002096,Meera,Iyer,meera.iyer2096@example.com,9116598224,Delhi,Delhi,Bronze,2023-08-20,2026-07-01T09:00:00
C002097,Nikhil,Reddy,nikhil.reddy2097@example.com,9116606143,Kolkata,West Bengal,Silver,2023-08-21,2026-07-01T09:00:00
C002098,Vikram,Singh,vikram.singh2098@example.com,9116614062,Ahmedabad,Gujarat,Gold,2023-08-22,2026-07-01T09:00:00
C002099,Akash,Nair,akash.nair2099@example.com,9116621981,Jaipur,Rajasthan,Platinum,2023-08-23,2026-07-01T09:00:00
C002100,Divya,Sharma,divya.sharma2100@example.com,9116629900,Kochi,Kerala,Bronze,2023-08-24,2026-07-01T09:00:00
C002101,Aarav,Rao,aarav.rao2101@example.com,9116637819,Hyderabad,Telangana,Silver,2023-08-25,2026-07-01T09:00:00
C002102,Vivaan,Gupta,vivaan.gupta2102@example.com,9116645738,Mumbai,Maharashtra,Gold,2023-08-26,2026-07-01T09:00:00
C002103,Aditya,Verma,aditya.verma2103@example.com,9116653657,Bengaluru,Karnataka,Platinum,2023-08-27,2026-07-01T09:00:00
C002104,Arjun,Patel,arjun.patel2104@example.com,9116661576,Chennai,Tamil Nadu,Bronze,2023-08-28,2026-07-01T09:00:00
C002105,Sai,Kumar,sai.kumar2105@example.com,9116669495,Pune,Maharashtra,Silver,2023-08-29,2026-07-01T09:00:00
C002106,Rohan,Iyer,rohan.iyer2106@example.com,9116677414,Delhi,Delhi,Gold,2023-08-30,2026-07-01T09:00:00
C002107,Rahul,Reddy,rahul.reddy2107@example.com,9116685333,Kolkata,West Bengal,Platinum,2023-08-31,2026-07-01T09:00:00
C002108,Kiran,Singh,kiran.singh2108@example.com,9116693252,Ahmedabad,Gujarat,Bronze,2023-09-01,2026-07-01T09:00:00
C002109,Priya,Nair,priya.nair2109@example.com,9116701171,Jaipur,Rajasthan,Silver,2023-09-02,2026-07-01T09:00:00
C002110,Ananya,Sharma,ananya.sharma2110@example.com,9116709090,Kochi,Kerala,Gold,2023-09-03,2026-07-01T09:00:00
C002111,Isha,Rao,isha.rao2111@example.com,9116717009,Hyderabad,Telangana,Platinum,2023-09-04,2026-07-01T09:00:00
C002112,Neha,Gupta,neha.gupta2112@example.com,9116724928,Mumbai,Maharashtra,Bronze,2023-09-05,2026-07-01T09:00:00
C002113,Sneha,Verma,sneha.verma2113@example.com,9116732847,Bengaluru,Karnataka,Silver,2023-09-06,2026-07-01T09:00:00
C002114,Pooja,Patel,pooja.patel2114@example.com,9116740766,Chennai,Tamil Nadu,Gold,2023-09-07,2026-07-01T09:00:00
C002115,Kavya,Kumar,kavya.kumar2115@example.com,9116748685,Pune,Maharashtra,Platinum,2023-09-08,2026-07-01T09:00:00
C002116,Meera,Iyer,meera.iyer2116@example.com,9116756604,Delhi,Delhi,Bronze,2023-09-09,2026-07-01T09:00:00
C002117,Nikhil,Reddy,nikhil.reddy2117@example.com,9116764523,Kolkata,West Bengal,Silver,2023-09-10,2026-07-01T09:00:00
C002118,Vikram,Singh,vikram.singh2118@example.com,9116772442,Ahmedabad,Gujarat,Gold,2023-09-11,2026-07-01T09:00:00
C002119,Akash,Nair,akash.nair2119@example.com,9116780361,Jaipur,Rajasthan,Platinum,2023-09-12,2026-07-01T09:00:00
C002120,Divya,Sharma,divya.sharma2120@example.com,9116788280,Kochi,Kerala,Bronze,2023-09-13,2026-07-01T09:00:00
C002121,Aarav,Rao,aarav.rao2121@example.com,9116796199,Hyderabad,Telangana,Silver,2023-09-14,2026-07-01T09:00:00
C002122,Vivaan,Gupta,vivaan.gupta2122@example.com,9116804118,Mumbai,Maharashtra,Gold,2023-09-15,2026-07-01T09:00:00
C002123,Aditya,Verma,aditya.verma2123@example.com,9116812037,Bengaluru,Karnataka,Platinum,2023-09-16,2026-07-01T09:00:00
C002124,Arjun,Patel,arjun.patel2124@example.com,9116819956,Chennai,Tamil Nadu,Bronze,2023-09-17,2026-07-01T09:00:00
C002125,Sai,Kumar,sai.kumar2125@example.com,9116827875,Pune,Maharashtra,Silver,2023-09-18,2026-07-01T09:00:00
C002126,Rohan,Iyer,rohan.iyer2126@example.com,9116835794,Delhi,Delhi,Gold,2023-09-19,2026-07-01T09:00:00
C002127,Rahul,Reddy,rahul.reddy2127@example.com,9116843713,Kolkata,West Bengal,Platinum,2023-09-20,2026-07-01T09:00:00
C002128,Kiran,Singh,kiran.singh2128@example.com,9116851632,Ahmedabad,Gujarat,Bronze,2023-09-21,2026-07-01T09:00:00
C002129,Priya,Nair,priya.nair2129@example.com,9116859551,Jaipur,Rajasthan,Silver,2023-09-22,2026-07-01T09:00:00
C002130,Ananya,Sharma,ananya.sharma2130@example.com,9116867470,Kochi,Kerala,Gold,2023-09-23,2026-07-01T09:00:00
C002131,Isha,Rao,isha.rao2131@example.com,9116875389,Hyderabad,Telangana,Platinum,2023-09-24,2026-07-01T09:00:00
C002132,Neha,Gupta,neha.gupta2132@example.com,9116883308,Mumbai,Maharashtra,Bronze,2023-09-25,2026-07-01T09:00:00
C002133,Sneha,Verma,sneha.verma2133@example.com,9116891227,Bengaluru,Karnataka,Silver,2023-09-26,2026-07-01T09:00:00
C002134,Pooja,Patel,pooja.patel2134@example.com,9116899146,Chennai,Tamil Nadu,Gold,2023-09-27,2026-07-01T09:00:00
C002135,Kavya,Kumar,kavya.kumar2135@example.com,9116907065,Pune,Maharashtra,Platinum,2023-09-28,2026-07-01T09:00:00
C002136,Meera,Iyer,meera.iyer2136@example.com,9116914984,Delhi,Delhi,Bronze,2023-09-29,2026-07-01T09:00:00
C002137,Nikhil,Reddy,nikhil.reddy2137@example.com,9116922903,Kolkata,West Bengal,Silver,2023-09-30,2026-07-01T09:00:00
C002138,Vikram,Singh,vikram.singh2138@example.com,9116930822,Ahmedabad,Gujarat,Gold,2023-10-01,2026-07-01T09:00:00
C002139,Akash,Nair,akash.nair2139@example.com,9116938741,Jaipur,Rajasthan,Platinum,2023-10-02,2026-07-01T09:00:00
C002140,Divya,Sharma,divya.sharma2140@example.com,9116946660,Kochi,Kerala,Bronze,2023-10-03,2026-07-01T09:00:00
C002141,Aarav,Rao,aarav.rao2141@example.com,9116954579,Hyderabad,Telangana,Silver,2023-10-04,2026-07-01T09:00:00
C002142,Vivaan,Gupta,vivaan.gupta2142@example.com,9116962498,Mumbai,Maharashtra,Gold,2023-10-05,2026-07-01T09:00:00
C002143,Aditya,Verma,aditya.verma2143@example.com,9116970417,Bengaluru,Karnataka,Platinum,2023-10-06,2026-07-01T09:00:00
C002144,Arjun,Patel,arjun.patel2144@example.com,9116978336,Chennai,Tamil Nadu,Bronze,2023-10-07,2026-07-01T09:00:00
C002145,Sai,Kumar,sai.kumar2145@example.com,9116986255,Pune,Maharashtra,Silver,2023-10-08,2026-07-01T09:00:00
C002146,Rohan,Iyer,rohan.iyer2146@example.com,9116994174,Delhi,Delhi,Gold,2023-10-09,2026-07-01T09:00:00
C002147,Rahul,Reddy,rahul.reddy2147@example.com,9117002093,Kolkata,West Bengal,Platinum,2023-10-10,2026-07-01T09:00:00
C002148,Kiran,Singh,kiran.singh2148@example.com,9117010012,Ahmedabad,Gujarat,Bronze,2023-10-11,2026-07-01T09:00:00
C002149,Priya,Nair,priya.nair2149@example.com,9117017931,Jaipur,Rajasthan,Silver,2023-10-12,2026-07-01T09:00:00
C002150,Ananya,Sharma,ananya.sharma2150@example.com,9117025850,Kochi,Kerala,Gold,2023-10-13,2026-07-01T09:00:00
C002151,Isha,Rao,isha.rao2151@example.com,9117033769,Hyderabad,Telangana,Platinum,2023-10-14,2026-07-01T09:00:00
C002152,Neha,Gupta,neha.gupta2152@example.com,9117041688,Mumbai,Maharashtra,Bronze,2023-10-15,2026-07-01T09:00:00
C002153,Sneha,Verma,sneha.verma2153@example.com,9117049607,Bengaluru,Karnataka,Silver,2023-10-16,2026-07-01T09:00:00
C002154,Pooja,Patel,pooja.patel2154@example.com,9117057526,Chennai,Tamil Nadu,Gold,2023-10-17,2026-07-01T09:00:00
C002155,Kavya,Kumar,kavya.kumar2155@example.com,9117065445,Pune,Maharashtra,Platinum,2023-10-18,2026-07-01T09:00:00
C002156,Meera,Iyer,meera.iyer2156@example.com,9117073364,Delhi,Delhi,Bronze,2023-10-19,2026-07-01T09:00:00
C002157,Nikhil,Reddy,nikhil.reddy2157@example.com,9117081283,Kolkata,West Bengal,Silver,2023-10-20,2026-07-01T09:00:00
C002158,Vikram,Singh,vikram.singh2158@example.com,9117089202,Ahmedabad,Gujarat,Gold,2023-10-21,2026-07-01T09:00:00
C002159,Akash,Nair,akash.nair2159@example.com,9117097121,Jaipur,Rajasthan,Platinum,2023-10-22,2026-07-01T09:00:00
C002160,Divya,Sharma,divya.sharma2160@example.com,9117105040,Kochi,Kerala,Bronze,2023-10-23,2026-07-01T09:00:00
C002161,Aarav,Rao,aarav.rao2161@example.com,9117112959,Hyderabad,Telangana,Silver,2023-10-24,2026-07-01T09:00:00
C002162,Vivaan,Gupta,vivaan.gupta2162@example.com,9117120878,Mumbai,Maharashtra,Gold,2023-10-25,2026-07-01T09:00:00
C002163,Aditya,Verma,aditya.verma2163@example.com,9117128797,Bengaluru,Karnataka,Platinum,2023-10-26,2026-07-01T09:00:00
C002164,Arjun,Patel,arjun.patel2164@example.com,9117136716,Chennai,Tamil Nadu,Bronze,2023-10-27,2026-07-01T09:00:00
C002165,Sai,Kumar,sai.kumar2165@example.com,9117144635,Pune,Maharashtra,Silver,2023-10-28,2026-07-01T09:00:00
C002166,Rohan,Iyer,rohan.iyer2166@example.com,9117152554,Delhi,Delhi,Gold,2023-10-29,2026-07-01T09:00:00
C002167,Rahul,Reddy,rahul.reddy2167@example.com,9117160473,Kolkata,West Bengal,Platinum,2023-10-30,2026-07-01T09:00:00
C002168,Kiran,Singh,kiran.singh2168@example.com,9117168392,Ahmedabad,Gujarat,Bronze,2023-10-31,2026-07-01T09:00:00
C002169,Priya,Nair,priya.nair2169@example.com,9117176311,Jaipur,Rajasthan,Silver,2023-11-01,2026-07-01T09:00:00
C002170,Ananya,Sharma,ananya.sharma2170@example.com,9117184230,Kochi,Kerala,Gold,2023-11-02,2026-07-01T09:00:00
C002171,Isha,Rao,isha.rao2171@example.com,9117192149,Hyderabad,Telangana,Platinum,2023-11-03,2026-07-01T09:00:00
C002172,Neha,Gupta,neha.gupta2172@example.com,9117200068,Mumbai,Maharashtra,Bronze,2023-11-04,2026-07-01T09:00:00
C002173,Sneha,Verma,sneha.verma2173@example.com,9117207987,Bengaluru,Karnataka,Silver,2023-11-05,2026-07-01T09:00:00
C002174,Pooja,Patel,pooja.patel2174@example.com,9117215906,Chennai,Tamil Nadu,Gold,2023-11-06,2026-07-01T09:00:00
C002175,Kavya,Kumar,kavya.kumar2175@example.com,9117223825,Pune,Maharashtra,Platinum,2023-11-07,2026-07-01T09:00:00
C002176,Meera,Iyer,meera.iyer2176@example.com,9117231744,Delhi,Delhi,Bronze,2023-11-08,2026-07-01T09:00:00
C002177,Nikhil,Reddy,nikhil.reddy2177@example.com,9117239663,Kolkata,West Bengal,Silver,2023-11-09,2026-07-01T09:00:00
C002178,Vikram,Singh,vikram.singh2178@example.com,9117247582,Ahmedabad,Gujarat,Gold,2023-11-10,2026-07-01T09:00:00
C002179,Akash,Nair,akash.nair2179@example.com,9117255501,Jaipur,Rajasthan,Platinum,2023-11-11,2026-07-01T09:00:00
C002180,Divya,Sharma,divya.sharma2180@example.com,9117263420,Kochi,Kerala,Bronze,2023-11-12,2026-07-01T09:00:00
C002181,Aarav,Rao,aarav.rao2181@example.com,9117271339,Hyderabad,Telangana,Silver,2023-11-13,2026-07-01T09:00:00
C002182,Vivaan,Gupta,vivaan.gupta2182@example.com,9117279258,Mumbai,Maharashtra,Gold,2023-11-14,2026-07-01T09:00:00
C002183,Aditya,Verma,aditya.verma2183@example.com,9117287177,Bengaluru,Karnataka,Platinum,2023-11-15,2026-07-01T09:00:00
C002184,Arjun,Patel,arjun.patel2184@example.com,9117295096,Chennai,Tamil Nadu,Bronze,2023-11-16,2026-07-01T09:00:00
C002185,Sai,Kumar,sai.kumar2185@example.com,9117303015,Pune,Maharashtra,Silver,2023-11-17,2026-07-01T09:00:00
C002186,Rohan,Iyer,rohan.iyer2186@example.com,9117310934,Delhi,Delhi,Gold,2023-11-18,2026-07-01T09:00:00
C002187,Rahul,Reddy,rahul.reddy2187@example.com,9117318853,Kolkata,West Bengal,Platinum,2023-11-19,2026-07-01T09:00:00
C002188,Kiran,Singh,kiran.singh2188@example.com,9117326772,Ahmedabad,Gujarat,Bronze,2023-11-20,2026-07-01T09:00:00
C002189,Priya,Nair,priya.nair2189@example.com,9117334691,Jaipur,Rajasthan,Silver,2023-11-21,2026-07-01T09:00:00
C002190,Ananya,Sharma,ananya.sharma2190@example.com,9117342610,Kochi,Kerala,Gold,2023-11-22,2026-07-01T09:00:00
C002191,Isha,Rao,isha.rao2191@example.com,9117350529,Hyderabad,Telangana,Platinum,2023-11-23,2026-07-01T09:00:00
C002192,Neha,Gupta,neha.gupta2192@example.com,9117358448,Mumbai,Maharashtra,Bronze,2023-11-24,2026-07-01T09:00:00
C002193,Sneha,Verma,sneha.verma2193@example.com,9117366367,Bengaluru,Karnataka,Silver,2023-11-25,2026-07-01T09:00:00
C002194,Pooja,Patel,pooja.patel2194@example.com,9117374286,Chennai,Tamil Nadu,Gold,2023-11-26,2026-07-01T09:00:00
C002195,Kavya,Kumar,kavya.kumar2195@example.com,9117382205,Pune,Maharashtra,Platinum,2023-11-27,2026-07-01T09:00:00
C002196,Meera,Iyer,meera.iyer2196@example.com,9117390124,Delhi,Delhi,Bronze,2023-11-28,2026-07-01T09:00:00
C002197,Nikhil,Reddy,nikhil.reddy2197@example.com,9117398043,Kolkata,West Bengal,Silver,2023-11-29,2026-07-01T09:00:00
C002198,Vikram,Singh,vikram.singh2198@example.com,9117405962,Ahmedabad,Gujarat,Gold,2023-11-30,2026-07-01T09:00:00
C002199,Akash,Nair,akash.nair2199@example.com,9117413881,Jaipur,Rajasthan,Platinum,2023-12-01,2026-07-01T09:00:00
C002200,Divya,Sharma,divya.sharma2200@example.com,9117421800,Kochi,Kerala,Bronze,2023-12-02,2026-07-01T09:00:00
C002201,Aarav,Rao,aarav.rao2201@example.com,9117429719,Hyderabad,Telangana,Silver,2023-12-03,2026-07-01T09:00:00
C002202,Vivaan,Gupta,vivaan.gupta2202@example.com,9117437638,Mumbai,Maharashtra,Gold,2023-12-04,2026-07-01T09:00:00
C002203,Aditya,Verma,aditya.verma2203@example.com,9117445557,Bengaluru,Karnataka,Platinum,2023-12-05,2026-07-01T09:00:00
C002204,Arjun,Patel,arjun.patel2204@example.com,9117453476,Chennai,Tamil Nadu,Bronze,2023-12-06,2026-07-01T09:00:00
C002205,Sai,Kumar,sai.kumar2205@example.com,9117461395,Pune,Maharashtra,Silver,2023-12-07,2026-07-01T09:00:00
C002206,Rohan,Iyer,rohan.iyer2206@example.com,9117469314,Delhi,Delhi,Gold,2023-12-08,2026-07-01T09:00:00
C002207,Rahul,Reddy,rahul.reddy2207@example.com,9117477233,Kolkata,West Bengal,Platinum,2023-12-09,2026-07-01T09:00:00
C002208,Kiran,Singh,kiran.singh2208@example.com,9117485152,Ahmedabad,Gujarat,Bronze,2023-12-10,2026-07-01T09:00:00
C002209,Priya,Nair,priya.nair2209@example.com,9117493071,Jaipur,Rajasthan,Silver,2023-12-11,2026-07-01T09:00:00
C002210,Ananya,Sharma,ananya.sharma2210@example.com,9117500990,Kochi,Kerala,Gold,2023-12-12,2026-07-01T09:00:00
C002211,Isha,Rao,isha.rao2211@example.com,9117508909,Hyderabad,Telangana,Platinum,2023-12-13,2026-07-01T09:00:00
C002212,Neha,Gupta,neha.gupta2212@example.com,9117516828,Mumbai,Maharashtra,Bronze,2023-12-14,2026-07-01T09:00:00
C002213,Sneha,Verma,sneha.verma2213@example.com,9117524747,Bengaluru,Karnataka,Silver,2023-12-15,2026-07-01T09:00:00
C002214,Pooja,Patel,pooja.patel2214@example.com,9117532666,Chennai,Tamil Nadu,Gold,2023-12-16,2026-07-01T09:00:00
C002215,Kavya,Kumar,kavya.kumar2215@example.com,9117540585,Pune,Maharashtra,Platinum,2023-12-17,2026-07-01T09:00:00
C002216,Meera,Iyer,meera.iyer2216@example.com,9117548504,Delhi,Delhi,Bronze,2023-12-18,2026-07-01T09:00:00
C002217,Nikhil,Reddy,nikhil.reddy2217@example.com,9117556423,Kolkata,West Bengal,Silver,2023-12-19,2026-07-01T09:00:00
C002218,Vikram,Singh,vikram.singh2218@example.com,9117564342,Ahmedabad,Gujarat,Gold,2023-12-20,2026-07-01T09:00:00
C002219,Akash,Nair,akash.nair2219@example.com,9117572261,Jaipur,Rajasthan,Platinum,2023-12-21,2026-07-01T09:00:00
C002220,Divya,Sharma,divya.sharma2220@example.com,9117580180,Kochi,Kerala,Bronze,2023-12-22,2026-07-01T09:00:00
C002221,Aarav,Rao,aarav.rao2221@example.com,9117588099,Hyderabad,Telangana,Silver,2023-12-23,2026-07-01T09:00:00
C002222,Vivaan,Gupta,vivaan.gupta2222@example.com,9117596018,Mumbai,Maharashtra,Gold,2023-12-24,2026-07-01T09:00:00
C002223,Aditya,Verma,aditya.verma2223@example.com,9117603937,Bengaluru,Karnataka,Platinum,2023-12-25,2026-07-01T09:00:00
C002224,Arjun,Patel,arjun.patel2224@example.com,9117611856,Chennai,Tamil Nadu,Bronze,2023-12-26,2026-07-01T09:00:00
C002225,Sai,Kumar,sai.kumar2225@example.com,9117619775,Pune,Maharashtra,Silver,2023-12-27,2026-07-01T09:00:00
C002226,Rohan,Iyer,rohan.iyer2226@example.com,9117627694,Delhi,Delhi,Gold,2023-12-28,2026-07-01T09:00:00
C002227,Rahul,Reddy,rahul.reddy2227@example.com,9117635613,Kolkata,West Bengal,Platinum,2023-12-29,2026-07-01T09:00:00
C002228,Kiran,Singh,kiran.singh2228@example.com,9117643532,Ahmedabad,Gujarat,Bronze,2023-12-30,2026-07-01T09:00:00
C002229,Priya,Nair,priya.nair2229@example.com,9117651451,Jaipur,Rajasthan,Silver,2023-12-31,2026-07-01T09:00:00
C002230,Ananya,Sharma,ananya.sharma2230@example.com,9117659370,Kochi,Kerala,Gold,2024-01-01,2026-07-01T09:00:00
C002231,Isha,Rao,isha.rao2231@example.com,9117667289,Hyderabad,Telangana,Platinum,2024-01-02,2026-07-01T09:00:00
C002232,Neha,Gupta,neha.gupta2232@example.com,9117675208,Mumbai,Maharashtra,Bronze,2024-01-03,2026-07-01T09:00:00
C002233,Sneha,Verma,sneha.verma2233@example.com,9117683127,Bengaluru,Karnataka,Silver,2024-01-04,2026-07-01T09:00:00
C002234,Pooja,Patel,pooja.patel2234@example.com,9117691046,Chennai,Tamil Nadu,Gold,2024-01-05,2026-07-01T09:00:00
C002235,Kavya,Kumar,kavya.kumar2235@example.com,9117698965,Pune,Maharashtra,Platinum,2024-01-06,2026-07-01T09:00:00
C002236,Meera,Iyer,meera.iyer2236@example.com,9117706884,Delhi,Delhi,Bronze,2024-01-07,2026-07-01T09:00:00
C002237,Nikhil,Reddy,nikhil.reddy2237@example.com,9117714803,Kolkata,West Bengal,Silver,2024-01-08,2026-07-01T09:00:00
C002238,Vikram,Singh,vikram.singh2238@example.com,9117722722,Ahmedabad,Gujarat,Gold,2024-01-09,2026-07-01T09:00:00
C002239,Akash,Nair,akash.nair2239@example.com,9117730641,Jaipur,Rajasthan,Platinum,2024-01-10,2026-07-01T09:00:00
C002240,Divya,Sharma,divya.sharma2240@example.com,9117738560,Kochi,Kerala,Bronze,2024-01-11,2026-07-01T09:00:00
C002241,Aarav,Rao,aarav.rao2241@example.com,9117746479,Hyderabad,Telangana,Silver,2024-01-12,2026-07-01T09:00:00
C002242,Vivaan,Gupta,vivaan.gupta2242@example.com,9117754398,Mumbai,Maharashtra,Gold,2024-01-13,2026-07-01T09:00:00
C002243,Aditya,Verma,aditya.verma2243@example.com,9117762317,Bengaluru,Karnataka,Platinum,2024-01-14,2026-07-01T09:00:00
C002244,Arjun,Patel,arjun.patel2244@example.com,9117770236,Chennai,Tamil Nadu,Bronze,2024-01-15,2026-07-01T09:00:00
C002245,Sai,Kumar,sai.kumar2245@example.com,9117778155,Pune,Maharashtra,Silver,2024-01-16,2026-07-01T09:00:00
C002246,Rohan,Iyer,rohan.iyer2246@example.com,9117786074,Delhi,Delhi,Gold,2024-01-17,2026-07-01T09:00:00
C002247,Rahul,Reddy,rahul.reddy2247@example.com,9117793993,Kolkata,West Bengal,Platinum,2024-01-18,2026-07-01T09:00:00
C002248,Kiran,Singh,kiran.singh2248@example.com,9117801912,Ahmedabad,Gujarat,Bronze,2024-01-19,2026-07-01T09:00:00
C002249,Priya,Nair,priya.nair2249@example.com,9117809831,Jaipur,Rajasthan,Silver,2024-01-20,2026-07-01T09:00:00
C002250,Ananya,Sharma,ananya.sharma2250@example.com,9117817750,Kochi,Kerala,Gold,2024-01-21,2026-07-01T09:00:00
C002251,Isha,Rao,isha.rao2251@example.com,9117825669,Hyderabad,Telangana,Platinum,2024-01-22,2026-07-01T09:00:00
C002252,Neha,Gupta,neha.gupta2252@example.com,9117833588,Mumbai,Maharashtra,Bronze,2024-01-23,2026-07-01T09:00:00
C002253,Sneha,Verma,sneha.verma2253@example.com,9117841507,Bengaluru,Karnataka,Silver,2024-01-24,2026-07-01T09:00:00
C002254,Pooja,Patel,pooja.patel2254@example.com,9117849426,Chennai,Tamil Nadu,Gold,2024-01-25,2026-07-01T09:00:00
C002255,Kavya,Kumar,kavya.kumar2255@example.com,9117857345,Pune,Maharashtra,Platinum,2024-01-26,2026-07-01T09:00:00
C002256,Meera,Iyer,meera.iyer2256@example.com,9117865264,Delhi,Delhi,Bronze,2024-01-27,2026-07-01T09:00:00
C002257,Nikhil,Reddy,nikhil.reddy2257@example.com,9117873183,Kolkata,West Bengal,Silver,2024-01-28,2026-07-01T09:00:00
C002258,Vikram,Singh,vikram.singh2258@example.com,9117881102,Ahmedabad,Gujarat,Gold,2024-01-29,2026-07-01T09:00:00
C002259,Akash,Nair,akash.nair2259@example.com,9117889021,Jaipur,Rajasthan,Platinum,2024-01-30,2026-07-01T09:00:00
C002260,Divya,Sharma,divya.sharma2260@example.com,9117896940,Kochi,Kerala,Bronze,2024-01-31,2026-07-01T09:00:00
C002261,Aarav,Rao,aarav.rao2261@example.com,9117904859,Hyderabad,Telangana,Silver,2024-02-01,2026-07-01T09:00:00
C002262,Vivaan,Gupta,vivaan.gupta2262@example.com,9117912778,Mumbai,Maharashtra,Gold,2024-02-02,2026-07-01T09:00:00
C002263,Aditya,Verma,aditya.verma2263@example.com,9117920697,Bengaluru,Karnataka,Platinum,2024-02-03,2026-07-01T09:00:00
C002264,Arjun,Patel,arjun.patel2264@example.com,9117928616,Chennai,Tamil Nadu,Bronze,2024-02-04,2026-07-01T09:00:00
C002265,Sai,Kumar,sai.kumar2265@example.com,9117936535,Pune,Maharashtra,Silver,2024-02-05,2026-07-01T09:00:00
C002266,Rohan,Iyer,rohan.iyer2266@example.com,9117944454,Delhi,Delhi,Gold,2024-02-06,2026-07-01T09:00:00
C002267,Rahul,Reddy,rahul.reddy2267@example.com,9117952373,Kolkata,West Bengal,Platinum,2024-02-07,2026-07-01T09:00:00
C002268,Kiran,Singh,kiran.singh2268@example.com,9117960292,Ahmedabad,Gujarat,Bronze,2024-02-08,2026-07-01T09:00:00
C002269,Priya,Nair,priya.nair2269@example.com,9117968211,Jaipur,Rajasthan,Silver,2024-02-09,2026-07-01T09:00:00
C002270,Ananya,Sharma,ananya.sharma2270@example.com,9117976130,Kochi,Kerala,Gold,2024-02-10,2026-07-01T09:00:00
C002271,Isha,Rao,isha.rao2271@example.com,9117984049,Hyderabad,Telangana,Platinum,2024-02-11,2026-07-01T09:00:00
C002272,Neha,Gupta,neha.gupta2272@example.com,9117991968,Mumbai,Maharashtra,Bronze,2024-02-12,2026-07-01T09:00:00
C002273,Sneha,Verma,sneha.verma2273@example.com,9117999887,Bengaluru,Karnataka,Silver,2024-02-13,2026-07-01T09:00:00
C002274,Pooja,Patel,pooja.patel2274@example.com,9118007806,Chennai,Tamil Nadu,Gold,2024-02-14,2026-07-01T09:00:00
C002275,Kavya,Kumar,kavya.kumar2275@example.com,9118015725,Pune,Maharashtra,Platinum,2024-02-15,2026-07-01T09:00:00
C002276,Meera,Iyer,meera.iyer2276@example.com,9118023644,Delhi,Delhi,Bronze,2024-02-16,2026-07-01T09:00:00
C002277,Nikhil,Reddy,nikhil.reddy2277@example.com,9118031563,Kolkata,West Bengal,Silver,2024-02-17,2026-07-01T09:00:00
C002278,Vikram,Singh,vikram.singh2278@example.com,9118039482,Ahmedabad,Gujarat,Gold,2024-02-18,2026-07-01T09:00:00
C002279,Akash,Nair,akash.nair2279@example.com,9118047401,Jaipur,Rajasthan,Platinum,2024-02-19,2026-07-01T09:00:00
C002280,Divya,Sharma,divya.sharma2280@example.com,9118055320,Kochi,Kerala,Bronze,2024-02-20,2026-07-01T09:00:00
C002281,Aarav,Rao,aarav.rao2281@example.com,9118063239,Hyderabad,Telangana,Silver,2024-02-21,2026-07-01T09:00:00
C002282,Vivaan,Gupta,vivaan.gupta2282@example.com,9118071158,Mumbai,Maharashtra,Gold,2024-02-22,2026-07-01T09:00:00
C002283,Aditya,Verma,aditya.verma2283@example.com,9118079077,Bengaluru,Karnataka,Platinum,2024-02-23,2026-07-01T09:00:00
C002284,Arjun,Patel,arjun.patel2284@example.com,9118086996,Chennai,Tamil Nadu,Bronze,2024-02-24,2026-07-01T09:00:00
C002285,Sai,Kumar,sai.kumar2285@example.com,9118094915,Pune,Maharashtra,Silver,2024-02-25,2026-07-01T09:00:00
C002286,Rohan,Iyer,rohan.iyer2286@example.com,9118102834,Delhi,Delhi,Gold,2024-02-26,2026-07-01T09:00:00
C002287,Rahul,Reddy,rahul.reddy2287@example.com,9118110753,Kolkata,West Bengal,Platinum,2024-02-27,2026-07-01T09:00:00
C002288,Kiran,Singh,kiran.singh2288@example.com,9118118672,Ahmedabad,Gujarat,Bronze,2024-02-28,2026-07-01T09:00:00
C002289,Priya,Nair,priya.nair2289@example.com,9118126591,Jaipur,Rajasthan,Silver,2024-02-29,2026-07-01T09:00:00
C002290,Ananya,Sharma,ananya.sharma2290@example.com,9118134510,Kochi,Kerala,Gold,2024-03-01,2026-07-01T09:00:00
C002291,Isha,Rao,isha.rao2291@example.com,9118142429,Hyderabad,Telangana,Platinum,2024-03-02,2026-07-01T09:00:00
C002292,Neha,Gupta,neha.gupta2292@example.com,9118150348,Mumbai,Maharashtra,Bronze,2024-03-03,2026-07-01T09:00:00
C002293,Sneha,Verma,sneha.verma2293@example.com,9118158267,Bengaluru,Karnataka,Silver,2024-03-04,2026-07-01T09:00:00
C002294,Pooja,Patel,pooja.patel2294@example.com,9118166186,Chennai,Tamil Nadu,Gold,2024-03-05,2026-07-01T09:00:00
C002295,Kavya,Kumar,kavya.kumar2295@example.com,9118174105,Pune,Maharashtra,Platinum,2024-03-06,2026-07-01T09:00:00
C002296,Meera,Iyer,meera.iyer2296@example.com,9118182024,Delhi,Delhi,Bronze,2024-03-07,2026-07-01T09:00:00
C002297,Nikhil,Reddy,nikhil.reddy2297@example.com,9118189943,Kolkata,West Bengal,Silver,2024-03-08,2026-07-01T09:00:00
C002298,Vikram,Singh,vikram.singh2298@example.com,9118197862,Ahmedabad,Gujarat,Gold,2024-03-09,2026-07-01T09:00:00
C002299,Akash,Nair,akash.nair2299@example.com,9118205781,Jaipur,Rajasthan,Platinum,2024-03-10,2026-07-01T09:00:00
C002300,Divya,Sharma,divya.sharma2300@example.com,9118213700,Kochi,Kerala,Bronze,2024-03-11,2026-07-01T09:00:00
C002301,Aarav,Rao,aarav.rao2301@example.com,9118221619,Hyderabad,Telangana,Silver,2024-03-12,2026-07-01T09:00:00
C002302,Vivaan,Gupta,vivaan.gupta2302@example.com,9118229538,Mumbai,Maharashtra,Gold,2024-03-13,2026-07-01T09:00:00
C002303,Aditya,Verma,aditya.verma2303@example.com,9118237457,Bengaluru,Karnataka,Platinum,2024-03-14,2026-07-01T09:00:00
C002304,Arjun,Patel,arjun.patel2304@example.com,9118245376,Chennai,Tamil Nadu,Bronze,2024-03-15,2026-07-01T09:00:00
C002305,Sai,Kumar,sai.kumar2305@example.com,9118253295,Pune,Maharashtra,Silver,2024-03-16,2026-07-01T09:00:00
C002306,Rohan,Iyer,rohan.iyer2306@example.com,9118261214,Delhi,Delhi,Gold,2024-03-17,2026-07-01T09:00:00
C002307,Rahul,Reddy,rahul.reddy2307@example.com,9118269133,Kolkata,West Bengal,Platinum,2024-03-18,2026-07-01T09:00:00
C002308,Kiran,Singh,kiran.singh2308@example.com,9118277052,Ahmedabad,Gujarat,Bronze,2024-03-19,2026-07-01T09:00:00
C002309,Priya,Nair,priya.nair2309@example.com,9118284971,Jaipur,Rajasthan,Silver,2024-03-20,2026-07-01T09:00:00
C002310,Ananya,Sharma,ananya.sharma2310@example.com,9118292890,Kochi,Kerala,Gold,2024-03-21,2026-07-01T09:00:00
C002311,Isha,Rao,isha.rao2311@example.com,9118300809,Hyderabad,Telangana,Platinum,2024-03-22,2026-07-01T09:00:00
C002312,Neha,Gupta,neha.gupta2312@example.com,9118308728,Mumbai,Maharashtra,Bronze,2024-03-23,2026-07-01T09:00:00
C002313,Sneha,Verma,sneha.verma2313@example.com,9118316647,Bengaluru,Karnataka,Silver,2024-03-24,2026-07-01T09:00:00
C002314,Pooja,Patel,pooja.patel2314@example.com,9118324566,Chennai,Tamil Nadu,Gold,2024-03-25,2026-07-01T09:00:00
C002315,Kavya,Kumar,kavya.kumar2315@example.com,9118332485,Pune,Maharashtra,Platinum,2024-03-26,2026-07-01T09:00:00
C002316,Meera,Iyer,meera.iyer2316@example.com,9118340404,Delhi,Delhi,Bronze,2024-03-27,2026-07-01T09:00:00
C002317,Nikhil,Reddy,nikhil.reddy2317@example.com,9118348323,Kolkata,West Bengal,Silver,2024-03-28,2026-07-01T09:00:00
C002318,Vikram,Singh,vikram.singh2318@example.com,9118356242,Ahmedabad,Gujarat,Gold,2024-03-29,2026-07-01T09:00:00
C002319,Akash,Nair,akash.nair2319@example.com,9118364161,Jaipur,Rajasthan,Platinum,2024-03-30,2026-07-01T09:00:00
C002320,Divya,Sharma,divya.sharma2320@example.com,9118372080,Kochi,Kerala,Bronze,2024-03-31,2026-07-01T09:00:00
C002321,Aarav,Rao,aarav.rao2321@example.com,9118379999,Hyderabad,Telangana,Silver,2024-04-01,2026-07-01T09:00:00
C002322,Vivaan,Gupta,vivaan.gupta2322@example.com,9118387918,Mumbai,Maharashtra,Gold,2024-04-02,2026-07-01T09:00:00
C002323,Aditya,Verma,aditya.verma2323@example.com,9118395837,Bengaluru,Karnataka,Platinum,2024-04-03,2026-07-01T09:00:00
C002324,Arjun,Patel,arjun.patel2324@example.com,9118403756,Chennai,Tamil Nadu,Bronze,2024-04-04,2026-07-01T09:00:00
C002325,Sai,Kumar,sai.kumar2325@example.com,9118411675,Pune,Maharashtra,Silver,2024-04-05,2026-07-01T09:00:00
C002326,Rohan,Iyer,rohan.iyer2326@example.com,9118419594,Delhi,Delhi,Gold,2024-04-06,2026-07-01T09:00:00
C002327,Rahul,Reddy,rahul.reddy2327@example.com,9118427513,Kolkata,West Bengal,Platinum,2024-04-07,2026-07-01T09:00:00
C002328,Kiran,Singh,kiran.singh2328@example.com,9118435432,Ahmedabad,Gujarat,Bronze,2024-04-08,2026-07-01T09:00:00
C002329,Priya,Nair,priya.nair2329@example.com,9118443351,Jaipur,Rajasthan,Silver,2024-04-09,2026-07-01T09:00:00
C002330,Ananya,Sharma,ananya.sharma2330@example.com,9118451270,Kochi,Kerala,Gold,2024-04-10,2026-07-01T09:00:00
C002331,Isha,Rao,isha.rao2331@example.com,9118459189,Hyderabad,Telangana,Platinum,2024-04-11,2026-07-01T09:00:00
C002332,Neha,Gupta,neha.gupta2332@example.com,9118467108,Mumbai,Maharashtra,Bronze,2024-04-12,2026-07-01T09:00:00
C002333,Sneha,Verma,sneha.verma2333@example.com,9118475027,Bengaluru,Karnataka,Silver,2024-04-13,2026-07-01T09:00:00
C002334,Pooja,Patel,pooja.patel2334@example.com,9118482946,Chennai,Tamil Nadu,Gold,2024-04-14,2026-07-01T09:00:00
C002335,Kavya,Kumar,kavya.kumar2335@example.com,9118490865,Pune,Maharashtra,Platinum,2024-04-15,2026-07-01T09:00:00
C002336,Meera,Iyer,meera.iyer2336@example.com,9118498784,Delhi,Delhi,Bronze,2024-04-16,2026-07-01T09:00:00
C002337,Nikhil,Reddy,nikhil.reddy2337@example.com,9118506703,Kolkata,West Bengal,Silver,2024-04-17,2026-07-01T09:00:00
C002338,Vikram,Singh,vikram.singh2338@example.com,9118514622,Ahmedabad,Gujarat,Gold,2024-04-18,2026-07-01T09:00:00
C002339,Akash,Nair,akash.nair2339@example.com,9118522541,Jaipur,Rajasthan,Platinum,2024-04-19,2026-07-01T09:00:00
C002340,Divya,Sharma,divya.sharma2340@example.com,9118530460,Kochi,Kerala,Bronze,2024-04-20,2026-07-01T09:00:00
C002341,Aarav,Rao,aarav.rao2341@example.com,9118538379,Hyderabad,Telangana,Silver,2024-04-21,2026-07-01T09:00:00
C002342,Vivaan,Gupta,vivaan.gupta2342@example.com,9118546298,Mumbai,Maharashtra,Gold,2024-04-22,2026-07-01T09:00:00
C002343,Aditya,Verma,aditya.verma2343@example.com,9118554217,Bengaluru,Karnataka,Platinum,2024-04-23,2026-07-01T09:00:00
C002344,Arjun,Patel,arjun.patel2344@example.com,9118562136,Chennai,Tamil Nadu,Bronze,2024-04-24,2026-07-01T09:00:00
C002345,Sai,Kumar,sai.kumar2345@example.com,9118570055,Pune,Maharashtra,Silver,2024-04-25,2026-07-01T09:00:00
C002346,Rohan,Iyer,rohan.iyer2346@example.com,9118577974,Delhi,Delhi,Gold,2024-04-26,2026-07-01T09:00:00
C002347,Rahul,Reddy,rahul.reddy2347@example.com,9118585893,Kolkata,West Bengal,Platinum,2024-04-27,2026-07-01T09:00:00
C002348,Kiran,Singh,kiran.singh2348@example.com,9118593812,Ahmedabad,Gujarat,Bronze,2024-04-28,2026-07-01T09:00:00
C002349,Priya,Nair,priya.nair2349@example.com,9118601731,Jaipur,Rajasthan,Silver,2024-04-29,2026-07-01T09:00:00
C002350,Ananya,Sharma,ananya.sharma2350@example.com,9118609650,Kochi,Kerala,Gold,2024-04-30,2026-07-01T09:00:00
C002351,Isha,Rao,isha.rao2351@example.com,9118617569,Hyderabad,Telangana,Platinum,2024-05-01,2026-07-01T09:00:00
C002352,Neha,Gupta,neha.gupta2352@example.com,9118625488,Mumbai,Maharashtra,Bronze,2024-05-02,2026-07-01T09:00:00
C002353,Sneha,Verma,sneha.verma2353@example.com,9118633407,Bengaluru,Karnataka,Silver,2024-05-03,2026-07-01T09:00:00
C002354,Pooja,Patel,pooja.patel2354@example.com,9118641326,Chennai,Tamil Nadu,Gold,2024-05-04,2026-07-01T09:00:00
C002355,Kavya,Kumar,kavya.kumar2355@example.com,9118649245,Pune,Maharashtra,Platinum,2024-05-05,2026-07-01T09:00:00
C002356,Meera,Iyer,meera.iyer2356@example.com,9118657164,Delhi,Delhi,Bronze,2024-05-06,2026-07-01T09:00:00
C002357,Nikhil,Reddy,nikhil.reddy2357@example.com,9118665083,Kolkata,West Bengal,Silver,2024-05-07,2026-07-01T09:00:00
C002358,Vikram,Singh,vikram.singh2358@example.com,9118673002,Ahmedabad,Gujarat,Gold,2024-05-08,2026-07-01T09:00:00
C002359,Akash,Nair,akash.nair2359@example.com,9118680921,Jaipur,Rajasthan,Platinum,2024-05-09,2026-07-01T09:00:00
C002360,Divya,Sharma,divya.sharma2360@example.com,9118688840,Kochi,Kerala,Bronze,2024-05-10,2026-07-01T09:00:00
C002361,Aarav,Rao,aarav.rao2361@example.com,9118696759,Hyderabad,Telangana,Silver,2024-05-11,2026-07-01T09:00:00
C002362,Vivaan,Gupta,vivaan.gupta2362@example.com,9118704678,Mumbai,Maharashtra,Gold,2024-05-12,2026-07-01T09:00:00
C002363,Aditya,Verma,aditya.verma2363@example.com,9118712597,Bengaluru,Karnataka,Platinum,2024-05-13,2026-07-01T09:00:00
C002364,Arjun,Patel,arjun.patel2364@example.com,9118720516,Chennai,Tamil Nadu,Bronze,2024-05-14,2026-07-01T09:00:00
C002365,Sai,Kumar,sai.kumar2365@example.com,9118728435,Pune,Maharashtra,Silver,2024-05-15,2026-07-01T09:00:00
C002366,Rohan,Iyer,rohan.iyer2366@example.com,9118736354,Delhi,Delhi,Gold,2024-05-16,2026-07-01T09:00:00
C002367,Rahul,Reddy,rahul.reddy2367@example.com,9118744273,Kolkata,West Bengal,Platinum,2024-05-17,2026-07-01T09:00:00
C002368,Kiran,Singh,kiran.singh2368@example.com,9118752192,Ahmedabad,Gujarat,Bronze,2024-05-18,2026-07-01T09:00:00
C002369,Priya,Nair,priya.nair2369@example.com,9118760111,Jaipur,Rajasthan,Silver,2024-05-19,2026-07-01T09:00:00
C002370,Ananya,Sharma,ananya.sharma2370@example.com,9118768030,Kochi,Kerala,Gold,2024-05-20,2026-07-01T09:00:00
C002371,Isha,Rao,isha.rao2371@example.com,9118775949,Hyderabad,Telangana,Platinum,2024-05-21,2026-07-01T09:00:00
C002372,Neha,Gupta,neha.gupta2372@example.com,9118783868,Mumbai,Maharashtra,Bronze,2024-05-22,2026-07-01T09:00:00
C002373,Sneha,Verma,sneha.verma2373@example.com,9118791787,Bengaluru,Karnataka,Silver,2024-05-23,2026-07-01T09:00:00
C002374,Pooja,Patel,pooja.patel2374@example.com,9118799706,Chennai,Tamil Nadu,Gold,2024-05-24,2026-07-01T09:00:00
C002375,Kavya,Kumar,kavya.kumar2375@example.com,9118807625,Pune,Maharashtra,Platinum,2024-05-25,2026-07-01T09:00:00
C002376,Meera,Iyer,meera.iyer2376@example.com,9118815544,Delhi,Delhi,Bronze,2024-05-26,2026-07-01T09:00:00
C002377,Nikhil,Reddy,nikhil.reddy2377@example.com,9118823463,Kolkata,West Bengal,Silver,2024-05-27,2026-07-01T09:00:00
C002378,Vikram,Singh,vikram.singh2378@example.com,9118831382,Ahmedabad,Gujarat,Gold,2024-05-28,2026-07-01T09:00:00
C002379,Akash,Nair,akash.nair2379@example.com,9118839301,Jaipur,Rajasthan,Platinum,2024-05-29,2026-07-01T09:00:00
C002380,Divya,Sharma,divya.sharma2380@example.com,9118847220,Kochi,Kerala,Bronze,2024-05-30,2026-07-01T09:00:00
C002381,Aarav,Rao,aarav.rao2381@example.com,9118855139,Hyderabad,Telangana,Silver,2024-05-31,2026-07-01T09:00:00
C002382,Vivaan,Gupta,vivaan.gupta2382@example.com,9118863058,Mumbai,Maharashtra,Gold,2024-06-01,2026-07-01T09:00:00
C002383,Aditya,Verma,aditya.verma2383@example.com,9118870977,Bengaluru,Karnataka,Platinum,2024-06-02,2026-07-01T09:00:00
C002384,Arjun,Patel,arjun.patel2384@example.com,9118878896,Chennai,Tamil Nadu,Bronze,2024-06-03,2026-07-01T09:00:00
C002385,Sai,Kumar,sai.kumar2385@example.com,9118886815,Pune,Maharashtra,Silver,2024-06-04,2026-07-01T09:00:00
C002386,Rohan,Iyer,rohan.iyer2386@example.com,9118894734,Delhi,Delhi,Gold,2024-06-05,2026-07-01T09:00:00
C002387,Rahul,Reddy,rahul.reddy2387@example.com,9118902653,Kolkata,West Bengal,Platinum,2024-06-06,2026-07-01T09:00:00
C002388,Kiran,Singh,kiran.singh2388@example.com,9118910572,Ahmedabad,Gujarat,Bronze,2024-06-07,2026-07-01T09:00:00
C002389,Priya,Nair,priya.nair2389@example.com,9118918491,Jaipur,Rajasthan,Silver,2024-06-08,2026-07-01T09:00:00
C002390,Ananya,Sharma,ananya.sharma2390@example.com,9118926410,Kochi,Kerala,Gold,2024-06-09,2026-07-01T09:00:00
C002391,Isha,Rao,isha.rao2391@example.com,9118934329,Hyderabad,Telangana,Platinum,2024-06-10,2026-07-01T09:00:00
C002392,Neha,Gupta,neha.gupta2392@example.com,9118942248,Mumbai,Maharashtra,Bronze,2024-06-11,2026-07-01T09:00:00
C002393,Sneha,Verma,sneha.verma2393@example.com,9118950167,Bengaluru,Karnataka,Silver,2024-06-12,2026-07-01T09:00:00
C002394,Pooja,Patel,pooja.patel2394@example.com,9118958086,Chennai,Tamil Nadu,Gold,2024-06-13,2026-07-01T09:00:00
C002395,Kavya,Kumar,kavya.kumar2395@example.com,9118966005,Pune,Maharashtra,Platinum,2024-06-14,2026-07-01T09:00:00
C002396,Meera,Iyer,meera.iyer2396@example.com,9118973924,Delhi,Delhi,Bronze,2024-06-15,2026-07-01T09:00:00
C002397,Nikhil,Reddy,nikhil.reddy2397@example.com,9118981843,Kolkata,West Bengal,Silver,2024-06-16,2026-07-01T09:00:00
C002398,Vikram,Singh,vikram.singh2398@example.com,9118989762,Ahmedabad,Gujarat,Gold,2024-06-17,2026-07-01T09:00:00
C002399,Akash,Nair,akash.nair2399@example.com,9118997681,Jaipur,Rajasthan,Platinum,2024-06-18,2026-07-01T09:00:00
C002400,Divya,Sharma,divya.sharma2400@example.com,9119005600,Kochi,Kerala,Bronze,2024-06-19,2026-07-01T09:00:00
C002401,Aarav,Rao,aarav.rao2401@example.com,9119013519,Hyderabad,Telangana,Silver,2024-06-20,2026-07-01T09:00:00
C002402,Vivaan,Gupta,vivaan.gupta2402@example.com,9119021438,Mumbai,Maharashtra,Gold,2024-06-21,2026-07-01T09:00:00
C002403,Aditya,Verma,aditya.verma2403@example.com,9119029357,Bengaluru,Karnataka,Platinum,2024-06-22,2026-07-01T09:00:00
C002404,Arjun,Patel,arjun.patel2404@example.com,9119037276,Chennai,Tamil Nadu,Bronze,2024-06-23,2026-07-01T09:00:00
C002405,Sai,Kumar,sai.kumar2405@example.com,9119045195,Pune,Maharashtra,Silver,2024-06-24,2026-07-01T09:00:00
C002406,Rohan,Iyer,rohan.iyer2406@example.com,9119053114,Delhi,Delhi,Gold,2024-06-25,2026-07-01T09:00:00
C002407,Rahul,Reddy,rahul.reddy2407@example.com,9119061033,Kolkata,West Bengal,Platinum,2024-06-26,2026-07-01T09:00:00
C002408,Kiran,Singh,kiran.singh2408@example.com,9119068952,Ahmedabad,Gujarat,Bronze,2024-06-27,2026-07-01T09:00:00
C002409,Priya,Nair,priya.nair2409@example.com,9119076871,Jaipur,Rajasthan,Silver,2024-06-28,2026-07-01T09:00:00
C002410,Ananya,Sharma,ananya.sharma2410@example.com,9119084790,Kochi,Kerala,Gold,2024-06-29,2026-07-01T09:00:00
C002411,Isha,Rao,isha.rao2411@example.com,9119092709,Hyderabad,Telangana,Platinum,2024-06-30,2026-07-01T09:00:00
C002412,Neha,Gupta,neha.gupta2412@example.com,9119100628,Mumbai,Maharashtra,Bronze,2024-07-01,2026-07-01T09:00:00
C002413,Sneha,Verma,sneha.verma2413@example.com,9119108547,Bengaluru,Karnataka,Silver,2024-07-02,2026-07-01T09:00:00
C002414,Pooja,Patel,pooja.patel2414@example.com,9119116466,Chennai,Tamil Nadu,Gold,2024-07-03,2026-07-01T09:00:00
C002415,Kavya,Kumar,kavya.kumar2415@example.com,9119124385,Pune,Maharashtra,Platinum,2024-07-04,2026-07-01T09:00:00
C002416,Meera,Iyer,meera.iyer2416@example.com,9119132304,Delhi,Delhi,Bronze,2024-07-05,2026-07-01T09:00:00
C002417,Nikhil,Reddy,nikhil.reddy2417@example.com,9119140223,Kolkata,West Bengal,Silver,2024-07-06,2026-07-01T09:00:00
C002418,Vikram,Singh,vikram.singh2418@example.com,9119148142,Ahmedabad,Gujarat,Gold,2024-07-07,2026-07-01T09:00:00
C002419,Akash,Nair,akash.nair2419@example.com,9119156061,Jaipur,Rajasthan,Platinum,2024-07-08,2026-07-01T09:00:00
C002420,Divya,Sharma,divya.sharma2420@example.com,9119163980,Kochi,Kerala,Bronze,2024-07-09,2026-07-01T09:00:00
C002421,Aarav,Rao,aarav.rao2421@example.com,9119171899,Hyderabad,Telangana,Silver,2024-07-10,2026-07-01T09:00:00
C002422,Vivaan,Gupta,vivaan.gupta2422@example.com,9119179818,Mumbai,Maharashtra,Gold,2024-07-11,2026-07-01T09:00:00
C002423,Aditya,Verma,aditya.verma2423@example.com,9119187737,Bengaluru,Karnataka,Platinum,2024-07-12,2026-07-01T09:00:00
C002424,Arjun,Patel,arjun.patel2424@example.com,9119195656,Chennai,Tamil Nadu,Bronze,2024-07-13,2026-07-01T09:00:00
C002425,Sai,Kumar,sai.kumar2425@example.com,9119203575,Pune,Maharashtra,Silver,2024-07-14,2026-07-01T09:00:00
C002426,Rohan,Iyer,rohan.iyer2426@example.com,9119211494,Delhi,Delhi,Gold,2024-07-15,2026-07-01T09:00:00
C002427,Rahul,Reddy,rahul.reddy2427@example.com,9119219413,Kolkata,West Bengal,Platinum,2024-07-16,2026-07-01T09:00:00
C002428,Kiran,Singh,kiran.singh2428@example.com,9119227332,Ahmedabad,Gujarat,Bronze,2024-07-17,2026-07-01T09:00:00
C002429,Priya,Nair,priya.nair2429@example.com,9119235251,Jaipur,Rajasthan,Silver,2024-07-18,2026-07-01T09:00:00
C002430,Ananya,Sharma,ananya.sharma2430@example.com,9119243170,Kochi,Kerala,Gold,2024-07-19,2026-07-01T09:00:00
C002431,Isha,Rao,isha.rao2431@example.com,9119251089,Hyderabad,Telangana,Platinum,2024-07-20,2026-07-01T09:00:00
C002432,Neha,Gupta,neha.gupta2432@example.com,9119259008,Mumbai,Maharashtra,Bronze,2024-07-21,2026-07-01T09:00:00
C002433,Sneha,Verma,sneha.verma2433@example.com,9119266927,Bengaluru,Karnataka,Silver,2024-07-22,2026-07-01T09:00:00
C002434,Pooja,Patel,pooja.patel2434@example.com,9119274846,Chennai,Tamil Nadu,Gold,2024-07-23,2026-07-01T09:00:00
C002435,Kavya,Kumar,kavya.kumar2435@example.com,9119282765,Pune,Maharashtra,Platinum,2024-07-24,2026-07-01T09:00:00
C002436,Meera,Iyer,meera.iyer2436@example.com,9119290684,Delhi,Delhi,Bronze,2024-07-25,2026-07-01T09:00:00
C002437,Nikhil,Reddy,nikhil.reddy2437@example.com,9119298603,Kolkata,West Bengal,Silver,2024-07-26,2026-07-01T09:00:00
C002438,Vikram,Singh,vikram.singh2438@example.com,9119306522,Ahmedabad,Gujarat,Gold,2024-07-27,2026-07-01T09:00:00
C002439,Akash,Nair,akash.nair2439@example.com,9119314441,Jaipur,Rajasthan,Platinum,2024-07-28,2026-07-01T09:00:00
C002440,Divya,Sharma,divya.sharma2440@example.com,9119322360,Kochi,Kerala,Bronze,2024-07-29,2026-07-01T09:00:00
C002441,Aarav,Rao,aarav.rao2441@example.com,9119330279,Hyderabad,Telangana,Silver,2024-07-30,2026-07-01T09:00:00
C002442,Vivaan,Gupta,vivaan.gupta2442@example.com,9119338198,Mumbai,Maharashtra,Gold,2024-07-31,2026-07-01T09:00:00
C002443,Aditya,Verma,aditya.verma2443@example.com,9119346117,Bengaluru,Karnataka,Platinum,2024-08-01,2026-07-01T09:00:00
C002444,Arjun,Patel,arjun.patel2444@example.com,9119354036,Chennai,Tamil Nadu,Bronze,2024-08-02,2026-07-01T09:00:00
C002445,Sai,Kumar,sai.kumar2445@example.com,9119361955,Pune,Maharashtra,Silver,2024-08-03,2026-07-01T09:00:00
C002446,Rohan,Iyer,rohan.iyer2446@example.com,9119369874,Delhi,Delhi,Gold,2024-08-04,2026-07-01T09:00:00
C002447,Rahul,Reddy,rahul.reddy2447@example.com,9119377793,Kolkata,West Bengal,Platinum,2024-08-05,2026-07-01T09:00:00
C002448,Kiran,Singh,kiran.singh2448@example.com,9119385712,Ahmedabad,Gujarat,Bronze,2024-08-06,2026-07-01T09:00:00
C002449,Priya,Nair,priya.nair2449@example.com,9119393631,Jaipur,Rajasthan,Silver,2024-08-07,2026-07-01T09:00:00
C002450,Ananya,Sharma,ananya.sharma2450@example.com,9119401550,Kochi,Kerala,Gold,2024-08-08,2026-07-01T09:00:00
C002451,Isha,Rao,isha.rao2451@example.com,9119409469,Hyderabad,Telangana,Platinum,2024-08-09,2026-07-01T09:00:00
C002452,Neha,Gupta,neha.gupta2452@example.com,9119417388,Mumbai,Maharashtra,Bronze,2024-08-10,2026-07-01T09:00:00
C002453,Sneha,Verma,sneha.verma2453@example.com,9119425307,Bengaluru,Karnataka,Silver,2024-08-11,2026-07-01T09:00:00
C002454,Pooja,Patel,pooja.patel2454@example.com,9119433226,Chennai,Tamil Nadu,Gold,2024-08-12,2026-07-01T09:00:00
C002455,Kavya,Kumar,kavya.kumar2455@example.com,9119441145,Pune,Maharashtra,Platinum,2024-08-13,2026-07-01T09:00:00
C002456,Meera,Iyer,meera.iyer2456@example.com,9119449064,Delhi,Delhi,Bronze,2024-08-14,2026-07-01T09:00:00
C002457,Nikhil,Reddy,nikhil.reddy2457@example.com,9119456983,Kolkata,West Bengal,Silver,2024-08-15,2026-07-01T09:00:00
C002458,Vikram,Singh,vikram.singh2458@example.com,9119464902,Ahmedabad,Gujarat,Gold,2024-08-16,2026-07-01T09:00:00
C002459,Akash,Nair,akash.nair2459@example.com,9119472821,Jaipur,Rajasthan,Platinum,2024-08-17,2026-07-01T09:00:00
C002460,Divya,Sharma,divya.sharma2460@example.com,9119480740,Kochi,Kerala,Bronze,2024-08-18,2026-07-01T09:00:00
C002461,Aarav,Rao,aarav.rao2461@example.com,9119488659,Hyderabad,Telangana,Silver,2024-08-19,2026-07-01T09:00:00
C002462,Vivaan,Gupta,vivaan.gupta2462@example.com,9119496578,Mumbai,Maharashtra,Gold,2024-08-20,2026-07-01T09:00:00
C002463,Aditya,Verma,aditya.verma2463@example.com,9119504497,Bengaluru,Karnataka,Platinum,2024-08-21,2026-07-01T09:00:00
C002464,Arjun,Patel,arjun.patel2464@example.com,9119512416,Chennai,Tamil Nadu,Bronze,2024-08-22,2026-07-01T09:00:00
C002465,Sai,Kumar,sai.kumar2465@example.com,9119520335,Pune,Maharashtra,Silver,2024-08-23,2026-07-01T09:00:00
C002466,Rohan,Iyer,rohan.iyer2466@example.com,9119528254,Delhi,Delhi,Gold,2024-08-24,2026-07-01T09:00:00
C002467,Rahul,Reddy,rahul.reddy2467@example.com,9119536173,Kolkata,West Bengal,Platinum,2024-08-25,2026-07-01T09:00:00
C002468,Kiran,Singh,kiran.singh2468@example.com,9119544092,Ahmedabad,Gujarat,Bronze,2024-08-26,2026-07-01T09:00:00
C002469,Priya,Nair,priya.nair2469@example.com,9119552011,Jaipur,Rajasthan,Silver,2024-08-27,2026-07-01T09:00:00
C002470,Ananya,Sharma,ananya.sharma2470@example.com,9119559930,Kochi,Kerala,Gold,2024-08-28,2026-07-01T09:00:00
C002471,Isha,Rao,isha.rao2471@example.com,9119567849,Hyderabad,Telangana,Platinum,2024-08-29,2026-07-01T09:00:00
C002472,Neha,Gupta,neha.gupta2472@example.com,9119575768,Mumbai,Maharashtra,Bronze,2024-08-30,2026-07-01T09:00:00
C002473,Sneha,Verma,sneha.verma2473@example.com,9119583687,Bengaluru,Karnataka,Silver,2024-08-31,2026-07-01T09:00:00
C002474,Pooja,Patel,pooja.patel2474@example.com,9119591606,Chennai,Tamil Nadu,Gold,2024-09-01,2026-07-01T09:00:00
C002475,Kavya,Kumar,kavya.kumar2475@example.com,9119599525,Pune,Maharashtra,Platinum,2024-09-02,2026-07-01T09:00:00
C002476,Meera,Iyer,meera.iyer2476@example.com,9119607444,Delhi,Delhi,Bronze,2024-09-03,2026-07-01T09:00:00
C002477,Nikhil,Reddy,nikhil.reddy2477@example.com,9119615363,Kolkata,West Bengal,Silver,2024-09-04,2026-07-01T09:00:00
C002478,Vikram,Singh,vikram.singh2478@example.com,9119623282,Ahmedabad,Gujarat,Gold,2024-09-05,2026-07-01T09:00:00
C002479,Akash,Nair,akash.nair2479@example.com,9119631201,Jaipur,Rajasthan,Platinum,2024-09-06,2026-07-01T09:00:00
C002480,Divya,Sharma,divya.sharma2480@example.com,9119639120,Kochi,Kerala,Bronze,2024-09-07,2026-07-01T09:00:00
C002481,Aarav,Rao,aarav.rao2481@example.com,9119647039,Hyderabad,Telangana,Silver,2024-09-08,2026-07-01T09:00:00
C002482,Vivaan,Gupta,vivaan.gupta2482@example.com,9119654958,Mumbai,Maharashtra,Gold,2024-09-09,2026-07-01T09:00:00
C002483,Aditya,Verma,aditya.verma2483@example.com,9119662877,Bengaluru,Karnataka,Platinum,2024-09-10,2026-07-01T09:00:00
C002484,Arjun,Patel,arjun.patel2484@example.com,9119670796,Chennai,Tamil Nadu,Bronze,2024-09-11,2026-07-01T09:00:00
C002485,Sai,Kumar,sai.kumar2485@example.com,9119678715,Pune,Maharashtra,Silver,2024-09-12,2026-07-01T09:00:00
C002486,Rohan,Iyer,rohan.iyer2486@example.com,9119686634,Delhi,Delhi,Gold,2024-09-13,2026-07-01T09:00:00
C002487,Rahul,Reddy,rahul.reddy2487@example.com,9119694553,Kolkata,West Bengal,Platinum,2024-09-14,2026-07-01T09:00:00
C002488,Kiran,Singh,kiran.singh2488@example.com,9119702472,Ahmedabad,Gujarat,Bronze,2024-09-15,2026-07-01T09:00:00
C002489,Priya,Nair,priya.nair2489@example.com,9119710391,Jaipur,Rajasthan,Silver,2024-09-16,2026-07-01T09:00:00
C002490,Ananya,Sharma,ananya.sharma2490@example.com,9119718310,Kochi,Kerala,Gold,2024-09-17,2026-07-01T09:00:00
C002491,Isha,Rao,isha.rao2491@example.com,9119726229,Hyderabad,Telangana,Platinum,2024-09-18,2026-07-01T09:00:00
C002492,Neha,Gupta,neha.gupta2492@example.com,9119734148,Mumbai,Maharashtra,Bronze,2024-09-19,2026-07-01T09:00:00
C002493,Sneha,Verma,sneha.verma2493@example.com,9119742067,Bengaluru,Karnataka,Silver,2024-09-20,2026-07-01T09:00:00
C002494,Pooja,Patel,pooja.patel2494@example.com,9119749986,Chennai,Tamil Nadu,Gold,2024-09-21,2026-07-01T09:00:00
C002495,Kavya,Kumar,kavya.kumar2495@example.com,9119757905,Pune,Maharashtra,Platinum,2024-09-22,2026-07-01T09:00:00
C002496,Meera,Iyer,meera.iyer2496@example.com,9119765824,Delhi,Delhi,Bronze,2024-09-23,2026-07-01T09:00:00
C002497,Nikhil,Reddy,nikhil.reddy2497@example.com,9119773743,Kolkata,West Bengal,Silver,2024-09-24,2026-07-01T09:00:00
C002498,Vikram,Singh,vikram.singh2498@example.com,9119781662,Ahmedabad,Gujarat,Gold,2024-09-25,2026-07-01T09:00:00
C002499,Akash,Nair,akash.nair2499@example.com,9119789581,Jaipur,Rajasthan,Platinum,2024-09-26,2026-07-01T09:00:00
C002500,Divya,Sharma,divya.sharma2500@example.com,9119797500,Kochi,Kerala,Bronze,2024-09-27,2026-07-01T09:00:00
C002501,Aarav,Rao,aarav.rao2501@example.com,9119805419,Hyderabad,Telangana,Silver,2024-09-28,2026-07-01T09:00:00
C002502,Vivaan,Gupta,vivaan.gupta2502@example.com,9119813338,Mumbai,Maharashtra,Gold,2024-09-29,2026-07-01T09:00:00
C002503,Aditya,Verma,aditya.verma2503@example.com,9119821257,Bengaluru,Karnataka,Platinum,2024-09-30,2026-07-01T09:00:00
C002504,Arjun,Patel,arjun.patel2504@example.com,9119829176,Chennai,Tamil Nadu,Bronze,2024-10-01,2026-07-01T09:00:00
C002505,Sai,Kumar,sai.kumar2505@example.com,9119837095,Pune,Maharashtra,Silver,2024-10-02,2026-07-01T09:00:00
C002506,Rohan,Iyer,rohan.iyer2506@example.com,9119845014,Delhi,Delhi,Gold,2024-10-03,2026-07-01T09:00:00
C002507,Rahul,Reddy,rahul.reddy2507@example.com,9119852933,Kolkata,West Bengal,Platinum,2024-10-04,2026-07-01T09:00:00
C002508,Kiran,Singh,kiran.singh2508@example.com,9119860852,Ahmedabad,Gujarat,Bronze,2024-10-05,2026-07-01T09:00:00
C002509,Priya,Nair,priya.nair2509@example.com,9119868771,Jaipur,Rajasthan,Silver,2024-10-06,2026-07-01T09:00:00
C002510,Ananya,Sharma,ananya.sharma2510@example.com,9119876690,Kochi,Kerala,Gold,2024-10-07,2026-07-01T09:00:00
C002511,Isha,Rao,isha.rao2511@example.com,9119884609,Hyderabad,Telangana,Platinum,2024-10-08,2026-07-01T09:00:00
C002512,Neha,Gupta,neha.gupta2512@example.com,9119892528,Mumbai,Maharashtra,Bronze,2024-10-09,2026-07-01T09:00:00
C002513,Sneha,Verma,sneha.verma2513@example.com,9119900447,Bengaluru,Karnataka,Silver,2024-10-10,2026-07-01T09:00:00
C002514,Pooja,Patel,pooja.patel2514@example.com,9119908366,Chennai,Tamil Nadu,Gold,2024-10-11,2026-07-01T09:00:00
C002515,Kavya,Kumar,kavya.kumar2515@example.com,9119916285,Pune,Maharashtra,Platinum,2024-10-12,2026-07-01T09:00:00
C002516,Meera,Iyer,meera.iyer2516@example.com,9119924204,Delhi,Delhi,Bronze,2024-10-13,2026-07-01T09:00:00
C002517,Nikhil,Reddy,nikhil.reddy2517@example.com,9119932123,Kolkata,West Bengal,Silver,2024-10-14,2026-07-01T09:00:00
C002518,Vikram,Singh,vikram.singh2518@example.com,9119940042,Ahmedabad,Gujarat,Gold,2024-10-15,2026-07-01T09:00:00
C002519,Akash,Nair,akash.nair2519@example.com,9119947961,Jaipur,Rajasthan,Platinum,2024-10-16,2026-07-01T09:00:00
C002520,Divya,Sharma,divya.sharma2520@example.com,9119955880,Kochi,Kerala,Bronze,2024-10-17,2026-07-01T09:00:00
C002521,Aarav,Rao,aarav.rao2521@example.com,9119963799,Hyderabad,Telangana,Silver,2024-10-18,2026-07-01T09:00:00
C002522,Vivaan,Gupta,vivaan.gupta2522@example.com,9119971718,Mumbai,Maharashtra,Gold,2024-10-19,2026-07-01T09:00:00
C002523,Aditya,Verma,aditya.verma2523@example.com,9119979637,Bengaluru,Karnataka,Platinum,2024-10-20,2026-07-01T09:00:00
C002524,Arjun,Patel,arjun.patel2524@example.com,9119987556,Chennai,Tamil Nadu,Bronze,2024-10-21,2026-07-01T09:00:00
C002525,Sai,Kumar,sai.kumar2525@example.com,9119995475,Pune,Maharashtra,Silver,2024-10-22,2026-07-01T09:00:00
C002526,Rohan,Iyer,rohan.iyer2526@example.com,9120003394,Delhi,Delhi,Gold,2024-10-23,2026-07-01T09:00:00
C002527,Rahul,Reddy,rahul.reddy2527@example.com,9120011313,Kolkata,West Bengal,Platinum,2024-10-24,2026-07-01T09:00:00
C002528,Kiran,Singh,kiran.singh2528@example.com,9120019232,Ahmedabad,Gujarat,Bronze,2024-10-25,2026-07-01T09:00:00
C002529,Priya,Nair,priya.nair2529@example.com,9120027151,Jaipur,Rajasthan,Silver,2024-10-26,2026-07-01T09:00:00
C002530,Ananya,Sharma,ananya.sharma2530@example.com,9120035070,Kochi,Kerala,Gold,2024-10-27,2026-07-01T09:00:00
C002531,Isha,Rao,isha.rao2531@example.com,9120042989,Hyderabad,Telangana,Platinum,2024-10-28,2026-07-01T09:00:00
C002532,Neha,Gupta,neha.gupta2532@example.com,9120050908,Mumbai,Maharashtra,Bronze,2024-10-29,2026-07-01T09:00:00
C002533,Sneha,Verma,sneha.verma2533@example.com,9120058827,Bengaluru,Karnataka,Silver,2024-10-30,2026-07-01T09:00:00
C002534,Pooja,Patel,pooja.patel2534@example.com,9120066746,Chennai,Tamil Nadu,Gold,2024-10-31,2026-07-01T09:00:00
C002535,Kavya,Kumar,kavya.kumar2535@example.com,9120074665,Pune,Maharashtra,Platinum,2024-11-01,2026-07-01T09:00:00
C002536,Meera,Iyer,meera.iyer2536@example.com,9120082584,Delhi,Delhi,Bronze,2024-11-02,2026-07-01T09:00:00
C002537,Nikhil,Reddy,nikhil.reddy2537@example.com,9120090503,Kolkata,West Bengal,Silver,2024-11-03,2026-07-01T09:00:00
C002538,Vikram,Singh,vikram.singh2538@example.com,9120098422,Ahmedabad,Gujarat,Gold,2024-11-04,2026-07-01T09:00:00
C002539,Akash,Nair,akash.nair2539@example.com,9120106341,Jaipur,Rajasthan,Platinum,2024-11-05,2026-07-01T09:00:00
C002540,Divya,Sharma,divya.sharma2540@example.com,9120114260,Kochi,Kerala,Bronze,2024-11-06,2026-07-01T09:00:00
C002541,Aarav,Rao,aarav.rao2541@example.com,9120122179,Hyderabad,Telangana,Silver,2024-11-07,2026-07-01T09:00:00
C002542,Vivaan,Gupta,vivaan.gupta2542@example.com,9120130098,Mumbai,Maharashtra,Gold,2024-11-08,2026-07-01T09:00:00
C002543,Aditya,Verma,aditya.verma2543@example.com,9120138017,Bengaluru,Karnataka,Platinum,2024-11-09,2026-07-01T09:00:00
C002544,Arjun,Patel,arjun.patel2544@example.com,9120145936,Chennai,Tamil Nadu,Bronze,2024-11-10,2026-07-01T09:00:00
C002545,Sai,Kumar,sai.kumar2545@example.com,9120153855,Pune,Maharashtra,Silver,2024-11-11,2026-07-01T09:00:00
C002546,Rohan,Iyer,rohan.iyer2546@example.com,9120161774,Delhi,Delhi,Gold,2024-11-12,2026-07-01T09:00:00
C002547,Rahul,Reddy,rahul.reddy2547@example.com,9120169693,Kolkata,West Bengal,Platinum,2024-11-13,2026-07-01T09:00:00
C002548,Kiran,Singh,kiran.singh2548@example.com,9120177612,Ahmedabad,Gujarat,Bronze,2024-11-14,2026-07-01T09:00:00
C002549,Priya,Nair,priya.nair2549@example.com,9120185531,Jaipur,Rajasthan,Silver,2024-11-15,2026-07-01T09:00:00
C002550,Ananya,Sharma,ananya.sharma2550@example.com,9120193450,Kochi,Kerala,Gold,2024-11-16,2026-07-01T09:00:00
C002551,Isha,Rao,isha.rao2551@example.com,9120201369,Hyderabad,Telangana,Platinum,2024-11-17,2026-07-01T09:00:00
C002552,Neha,Gupta,neha.gupta2552@example.com,9120209288,Mumbai,Maharashtra,Bronze,2024-11-18,2026-07-01T09:00:00
C002553,Sneha,Verma,sneha.verma2553@example.com,9120217207,Bengaluru,Karnataka,Silver,2024-11-19,2026-07-01T09:00:00
C002554,Pooja,Patel,pooja.patel2554@example.com,9120225126,Chennai,Tamil Nadu,Gold,2024-11-20,2026-07-01T09:00:00
C002555,Kavya,Kumar,kavya.kumar2555@example.com,9120233045,Pune,Maharashtra,Platinum,2024-11-21,2026-07-01T09:00:00
C002556,Meera,Iyer,meera.iyer2556@example.com,9120240964,Delhi,Delhi,Bronze,2024-11-22,2026-07-01T09:00:00
C002557,Nikhil,Reddy,nikhil.reddy2557@example.com,9120248883,Kolkata,West Bengal,Silver,2024-11-23,2026-07-01T09:00:00
C002558,Vikram,Singh,vikram.singh2558@example.com,9120256802,Ahmedabad,Gujarat,Gold,2024-11-24,2026-07-01T09:00:00
C002559,Akash,Nair,akash.nair2559@example.com,9120264721,Jaipur,Rajasthan,Platinum,2024-11-25,2026-07-01T09:00:00
C002560,Divya,Sharma,divya.sharma2560@example.com,9120272640,Kochi,Kerala,Bronze,2024-11-26,2026-07-01T09:00:00
C002561,Aarav,Rao,aarav.rao2561@example.com,9120280559,Hyderabad,Telangana,Silver,2024-11-27,2026-07-01T09:00:00
C002562,Vivaan,Gupta,vivaan.gupta2562@example.com,9120288478,Mumbai,Maharashtra,Gold,2024-11-28,2026-07-01T09:00:00
C002563,Aditya,Verma,aditya.verma2563@example.com,9120296397,Bengaluru,Karnataka,Platinum,2024-11-29,2026-07-01T09:00:00
C002564,Arjun,Patel,arjun.patel2564@example.com,9120304316,Chennai,Tamil Nadu,Bronze,2024-11-30,2026-07-01T09:00:00
C002565,Sai,Kumar,sai.kumar2565@example.com,9120312235,Pune,Maharashtra,Silver,2024-12-01,2026-07-01T09:00:00
C002566,Rohan,Iyer,rohan.iyer2566@example.com,9120320154,Delhi,Delhi,Gold,2024-12-02,2026-07-01T09:00:00
C002567,Rahul,Reddy,rahul.reddy2567@example.com,9120328073,Kolkata,West Bengal,Platinum,2024-12-03,2026-07-01T09:00:00
C002568,Kiran,Singh,kiran.singh2568@example.com,9120335992,Ahmedabad,Gujarat,Bronze,2024-12-04,2026-07-01T09:00:00
C002569,Priya,Nair,priya.nair2569@example.com,9120343911,Jaipur,Rajasthan,Silver,2024-12-05,2026-07-01T09:00:00
C002570,Ananya,Sharma,ananya.sharma2570@example.com,9120351830,Kochi,Kerala,Gold,2024-12-06,2026-07-01T09:00:00
C002571,Isha,Rao,isha.rao2571@example.com,9120359749,Hyderabad,Telangana,Platinum,2024-12-07,2026-07-01T09:00:00
C002572,Neha,Gupta,neha.gupta2572@example.com,9120367668,Mumbai,Maharashtra,Bronze,2024-12-08,2026-07-01T09:00:00
C002573,Sneha,Verma,sneha.verma2573@example.com,9120375587,Bengaluru,Karnataka,Silver,2024-12-09,2026-07-01T09:00:00
C002574,Pooja,Patel,pooja.patel2574@example.com,9120383506,Chennai,Tamil Nadu,Gold,2024-12-10,2026-07-01T09:00:00
C002575,Kavya,Kumar,kavya.kumar2575@example.com,9120391425,Pune,Maharashtra,Platinum,2024-12-11,2026-07-01T09:00:00
C002576,Meera,Iyer,meera.iyer2576@example.com,9120399344,Delhi,Delhi,Bronze,2024-12-12,2026-07-01T09:00:00
C002577,Nikhil,Reddy,nikhil.reddy2577@example.com,9120407263,Kolkata,West Bengal,Silver,2024-12-13,2026-07-01T09:00:00
C002578,Vikram,Singh,vikram.singh2578@example.com,9120415182,Ahmedabad,Gujarat,Gold,2024-12-14,2026-07-01T09:00:00
C002579,Akash,Nair,akash.nair2579@example.com,9120423101,Jaipur,Rajasthan,Platinum,2024-12-15,2026-07-01T09:00:00
C002580,Divya,Sharma,divya.sharma2580@example.com,9120431020,Kochi,Kerala,Bronze,2024-12-16,2026-07-01T09:00:00
C002581,Aarav,Rao,aarav.rao2581@example.com,9120438939,Hyderabad,Telangana,Silver,2024-12-17,2026-07-01T09:00:00
C002582,Vivaan,Gupta,vivaan.gupta2582@example.com,9120446858,Mumbai,Maharashtra,Gold,2024-12-18,2026-07-01T09:00:00
C002583,Aditya,Verma,aditya.verma2583@example.com,9120454777,Bengaluru,Karnataka,Platinum,2024-12-19,2026-07-01T09:00:00
C002584,Arjun,Patel,arjun.patel2584@example.com,9120462696,Chennai,Tamil Nadu,Bronze,2024-12-20,2026-07-01T09:00:00
C002585,Sai,Kumar,sai.kumar2585@example.com,9120470615,Pune,Maharashtra,Silver,2024-12-21,2026-07-01T09:00:00
C002586,Rohan,Iyer,rohan.iyer2586@example.com,9120478534,Delhi,Delhi,Gold,2024-12-22,2026-07-01T09:00:00
C002587,Rahul,Reddy,rahul.reddy2587@example.com,9120486453,Kolkata,West Bengal,Platinum,2024-12-23,2026-07-01T09:00:00
C002588,Kiran,Singh,kiran.singh2588@example.com,9120494372,Ahmedabad,Gujarat,Bronze,2024-12-24,2026-07-01T09:00:00
C002589,Priya,Nair,priya.nair2589@example.com,9120502291,Jaipur,Rajasthan,Silver,2024-12-25,2026-07-01T09:00:00
C002590,Ananya,Sharma,ananya.sharma2590@example.com,9120510210,Kochi,Kerala,Gold,2024-12-26,2026-07-01T09:00:00
C002591,Isha,Rao,isha.rao2591@example.com,9120518129,Hyderabad,Telangana,Platinum,2024-12-27,2026-07-01T09:00:00
C002592,Neha,Gupta,neha.gupta2592@example.com,9120526048,Mumbai,Maharashtra,Bronze,2024-12-28,2026-07-01T09:00:00
C002593,Sneha,Verma,sneha.verma2593@example.com,9120533967,Bengaluru,Karnataka,Silver,2024-12-29,2026-07-01T09:00:00
C002594,Pooja,Patel,pooja.patel2594@example.com,9120541886,Chennai,Tamil Nadu,Gold,2024-12-30,2026-07-01T09:00:00
C002595,Kavya,Kumar,kavya.kumar2595@example.com,9120549805,Pune,Maharashtra,Platinum,2024-12-31,2026-07-01T09:00:00
C002596,Meera,Iyer,meera.iyer2596@example.com,9120557724,Delhi,Delhi,Bronze,2025-01-01,2026-07-01T09:00:00
C002597,Nikhil,Reddy,nikhil.reddy2597@example.com,9120565643,Kolkata,West Bengal,Silver,2025-01-02,2026-07-01T09:00:00
C002598,Vikram,Singh,vikram.singh2598@example.com,9120573562,Ahmedabad,Gujarat,Gold,2025-01-03,2026-07-01T09:00:00
C002599,Akash,Nair,akash.nair2599@example.com,9120581481,Jaipur,Rajasthan,Platinum,2025-01-04,2026-07-01T09:00:00
C002600,Divya,Sharma,divya.sharma2600@example.com,9120589400,Kochi,Kerala,Bronze,2025-01-05,2026-07-01T09:00:00
C002601,Aarav,Rao,aarav.rao2601@example.com,9120597319,Hyderabad,Telangana,Silver,2025-01-06,2026-07-01T09:00:00
C002602,Vivaan,Gupta,vivaan.gupta2602@example.com,9120605238,Mumbai,Maharashtra,Gold,2025-01-07,2026-07-01T09:00:00
C002603,Aditya,Verma,aditya.verma2603@example.com,9120613157,Bengaluru,Karnataka,Platinum,2025-01-08,2026-07-01T09:00:00
C002604,Arjun,Patel,arjun.patel2604@example.com,9120621076,Chennai,Tamil Nadu,Bronze,2025-01-09,2026-07-01T09:00:00
C002605,Sai,Kumar,sai.kumar2605@example.com,9120628995,Pune,Maharashtra,Silver,2025-01-10,2026-07-01T09:00:00
C002606,Rohan,Iyer,rohan.iyer2606@example.com,9120636914,Delhi,Delhi,Gold,2025-01-11,2026-07-01T09:00:00
C002607,Rahul,Reddy,rahul.reddy2607@example.com,9120644833,Kolkata,West Bengal,Platinum,2025-01-12,2026-07-01T09:00:00
C002608,Kiran,Singh,kiran.singh2608@example.com,9120652752,Ahmedabad,Gujarat,Bronze,2025-01-13,2026-07-01T09:00:00
C002609,Priya,Nair,priya.nair2609@example.com,9120660671,Jaipur,Rajasthan,Silver,2025-01-14,2026-07-01T09:00:00
C002610,Ananya,Sharma,ananya.sharma2610@example.com,9120668590,Kochi,Kerala,Gold,2025-01-15,2026-07-01T09:00:00
C002611,Isha,Rao,isha.rao2611@example.com,9120676509,Hyderabad,Telangana,Platinum,2025-01-16,2026-07-01T09:00:00
C002612,Neha,Gupta,neha.gupta2612@example.com,9120684428,Mumbai,Maharashtra,Bronze,2025-01-17,2026-07-01T09:00:00
C002613,Sneha,Verma,sneha.verma2613@example.com,9120692347,Bengaluru,Karnataka,Silver,2025-01-18,2026-07-01T09:00:00
C002614,Pooja,Patel,pooja.patel2614@example.com,9120700266,Chennai,Tamil Nadu,Gold,2025-01-19,2026-07-01T09:00:00
C002615,Kavya,Kumar,kavya.kumar2615@example.com,9120708185,Pune,Maharashtra,Platinum,2025-01-20,2026-07-01T09:00:00
C002616,Meera,Iyer,meera.iyer2616@example.com,9120716104,Delhi,Delhi,Bronze,2025-01-21,2026-07-01T09:00:00
C002617,Nikhil,Reddy,nikhil.reddy2617@example.com,9120724023,Kolkata,West Bengal,Silver,2025-01-22,2026-07-01T09:00:00
C002618,Vikram,Singh,vikram.singh2618@example.com,9120731942,Ahmedabad,Gujarat,Gold,2025-01-23,2026-07-01T09:00:00
C002619,Akash,Nair,akash.nair2619@example.com,9120739861,Jaipur,Rajasthan,Platinum,2025-01-24,2026-07-01T09:00:00
C002620,Divya,Sharma,divya.sharma2620@example.com,9120747780,Kochi,Kerala,Bronze,2025-01-25,2026-07-01T09:00:00
C002621,Aarav,Rao,aarav.rao2621@example.com,9120755699,Hyderabad,Telangana,Silver,2025-01-26,2026-07-01T09:00:00
C002622,Vivaan,Gupta,vivaan.gupta2622@example.com,9120763618,Mumbai,Maharashtra,Gold,2025-01-27,2026-07-01T09:00:00
C002623,Aditya,Verma,aditya.verma2623@example.com,9120771537,Bengaluru,Karnataka,Platinum,2025-01-28,2026-07-01T09:00:00
C002624,Arjun,Patel,arjun.patel2624@example.com,9120779456,Chennai,Tamil Nadu,Bronze,2025-01-29,2026-07-01T09:00:00
C002625,Sai,Kumar,sai.kumar2625@example.com,9120787375,Pune,Maharashtra,Silver,2025-01-30,2026-07-01T09:00:00
C002626,Rohan,Iyer,rohan.iyer2626@example.com,9120795294,Delhi,Delhi,Gold,2025-01-31,2026-07-01T09:00:00
C002627,Rahul,Reddy,rahul.reddy2627@example.com,9120803213,Kolkata,West Bengal,Platinum,2025-02-01,2026-07-01T09:00:00
C002628,Kiran,Singh,kiran.singh2628@example.com,9120811132,Ahmedabad,Gujarat,Bronze,2025-02-02,2026-07-01T09:00:00
C002629,Priya,Nair,priya.nair2629@example.com,9120819051,Jaipur,Rajasthan,Silver,2025-02-03,2026-07-01T09:00:00
C002630,Ananya,Sharma,ananya.sharma2630@example.com,9120826970,Kochi,Kerala,Gold,2025-02-04,2026-07-01T09:00:00
C002631,Isha,Rao,isha.rao2631@example.com,9120834889,Hyderabad,Telangana,Platinum,2025-02-05,2026-07-01T09:00:00
C002632,Neha,Gupta,neha.gupta2632@example.com,9120842808,Mumbai,Maharashtra,Bronze,2025-02-06,2026-07-01T09:00:00
C002633,Sneha,Verma,sneha.verma2633@example.com,9120850727,Bengaluru,Karnataka,Silver,2025-02-07,2026-07-01T09:00:00
C002634,Pooja,Patel,pooja.patel2634@example.com,9120858646,Chennai,Tamil Nadu,Gold,2025-02-08,2026-07-01T09:00:00
C002635,Kavya,Kumar,kavya.kumar2635@example.com,9120866565,Pune,Maharashtra,Platinum,2025-02-09,2026-07-01T09:00:00
C002636,Meera,Iyer,meera.iyer2636@example.com,9120874484,Delhi,Delhi,Bronze,2025-02-10,2026-07-01T09:00:00
C002637,Nikhil,Reddy,nikhil.reddy2637@example.com,9120882403,Kolkata,West Bengal,Silver,2025-02-11,2026-07-01T09:00:00
C002638,Vikram,Singh,vikram.singh2638@example.com,9120890322,Ahmedabad,Gujarat,Gold,2025-02-12,2026-07-01T09:00:00
C002639,Akash,Nair,akash.nair2639@example.com,9120898241,Jaipur,Rajasthan,Platinum,2025-02-13,2026-07-01T09:00:00
C002640,Divya,Sharma,divya.sharma2640@example.com,9120906160,Kochi,Kerala,Bronze,2025-02-14,2026-07-01T09:00:00
C002641,Aarav,Rao,aarav.rao2641@example.com,9120914079,Hyderabad,Telangana,Silver,2025-02-15,2026-07-01T09:00:00
C002642,Vivaan,Gupta,vivaan.gupta2642@example.com,9120921998,Mumbai,Maharashtra,Gold,2025-02-16,2026-07-01T09:00:00
C002643,Aditya,Verma,aditya.verma2643@example.com,9120929917,Bengaluru,Karnataka,Platinum,2025-02-17,2026-07-01T09:00:00
C002644,Arjun,Patel,arjun.patel2644@example.com,9120937836,Chennai,Tamil Nadu,Bronze,2025-02-18,2026-07-01T09:00:00
C002645,Sai,Kumar,sai.kumar2645@example.com,9120945755,Pune,Maharashtra,Silver,2025-02-19,2026-07-01T09:00:00
C002646,Rohan,Iyer,rohan.iyer2646@example.com,9120953674,Delhi,Delhi,Gold,2025-02-20,2026-07-01T09:00:00
C002647,Rahul,Reddy,rahul.reddy2647@example.com,9120961593,Kolkata,West Bengal,Platinum,2025-02-21,2026-07-01T09:00:00
C002648,Kiran,Singh,kiran.singh2648@example.com,9120969512,Ahmedabad,Gujarat,Bronze,2025-02-22,2026-07-01T09:00:00
C002649,Priya,Nair,priya.nair2649@example.com,9120977431,Jaipur,Rajasthan,Silver,2025-02-23,2026-07-01T09:00:00
C002650,Ananya,Sharma,ananya.sharma2650@example.com,9120985350,Kochi,Kerala,Gold,2025-02-24,2026-07-01T09:00:00
C002651,Isha,Rao,isha.rao2651@example.com,9120993269,Hyderabad,Telangana,Platinum,2025-02-25,2026-07-01T09:00:00
C002652,Neha,Gupta,neha.gupta2652@example.com,9121001188,Mumbai,Maharashtra,Bronze,2025-02-26,2026-07-01T09:00:00
C002653,Sneha,Verma,sneha.verma2653@example.com,9121009107,Bengaluru,Karnataka,Silver,2025-02-27,2026-07-01T09:00:00
C002654,Pooja,Patel,pooja.patel2654@example.com,9121017026,Chennai,Tamil Nadu,Gold,2025-02-28,2026-07-01T09:00:00
C002655,Kavya,Kumar,kavya.kumar2655@example.com,9121024945,Pune,Maharashtra,Platinum,2025-03-01,2026-07-01T09:00:00
C002656,Meera,Iyer,meera.iyer2656@example.com,9121032864,Delhi,Delhi,Bronze,2025-03-02,2026-07-01T09:00:00
C002657,Nikhil,Reddy,nikhil.reddy2657@example.com,9121040783,Kolkata,West Bengal,Silver,2025-03-03,2026-07-01T09:00:00
C002658,Vikram,Singh,vikram.singh2658@example.com,9121048702,Ahmedabad,Gujarat,Gold,2025-03-04,2026-07-01T09:00:00
C002659,Akash,Nair,akash.nair2659@example.com,9121056621,Jaipur,Rajasthan,Platinum,2025-03-05,2026-07-01T09:00:00
C002660,Divya,Sharma,divya.sharma2660@example.com,9121064540,Kochi,Kerala,Bronze,2025-03-06,2026-07-01T09:00:00
C002661,Aarav,Rao,aarav.rao2661@example.com,9121072459,Hyderabad,Telangana,Silver,2025-03-07,2026-07-01T09:00:00
C002662,Vivaan,Gupta,vivaan.gupta2662@example.com,9121080378,Mumbai,Maharashtra,Gold,2025-03-08,2026-07-01T09:00:00
C002663,Aditya,Verma,aditya.verma2663@example.com,9121088297,Bengaluru,Karnataka,Platinum,2025-03-09,2026-07-01T09:00:00
C002664,Arjun,Patel,arjun.patel2664@example.com,9121096216,Chennai,Tamil Nadu,Bronze,2025-03-10,2026-07-01T09:00:00
C002665,Sai,Kumar,sai.kumar2665@example.com,9121104135,Pune,Maharashtra,Silver,2025-03-11,2026-07-01T09:00:00
C002666,Rohan,Iyer,rohan.iyer2666@example.com,9121112054,Delhi,Delhi,Gold,2025-03-12,2026-07-01T09:00:00
C002667,Rahul,Reddy,rahul.reddy2667@example.com,9121119973,Kolkata,West Bengal,Platinum,2025-03-13,2026-07-01T09:00:00
C002668,Kiran,Singh,kiran.singh2668@example.com,9121127892,Ahmedabad,Gujarat,Bronze,2025-03-14,2026-07-01T09:00:00
C002669,Priya,Nair,priya.nair2669@example.com,9121135811,Jaipur,Rajasthan,Silver,2025-03-15,2026-07-01T09:00:00
C002670,Ananya,Sharma,ananya.sharma2670@example.com,9121143730,Kochi,Kerala,Gold,2025-03-16,2026-07-01T09:00:00
C002671,Isha,Rao,isha.rao2671@example.com,9121151649,Hyderabad,Telangana,Platinum,2025-03-17,2026-07-01T09:00:00
C002672,Neha,Gupta,neha.gupta2672@example.com,9121159568,Mumbai,Maharashtra,Bronze,2025-03-18,2026-07-01T09:00:00
C002673,Sneha,Verma,sneha.verma2673@example.com,9121167487,Bengaluru,Karnataka,Silver,2025-03-19,2026-07-01T09:00:00
C002674,Pooja,Patel,pooja.patel2674@example.com,9121175406,Chennai,Tamil Nadu,Gold,2025-03-20,2026-07-01T09:00:00
C002675,Kavya,Kumar,kavya.kumar2675@example.com,9121183325,Pune,Maharashtra,Platinum,2025-03-21,2026-07-01T09:00:00
C002676,Meera,Iyer,meera.iyer2676@example.com,9121191244,Delhi,Delhi,Bronze,2025-03-22,2026-07-01T09:00:00
C002677,Nikhil,Reddy,nikhil.reddy2677@example.com,9121199163,Kolkata,West Bengal,Silver,2025-03-23,2026-07-01T09:00:00
C002678,Vikram,Singh,vikram.singh2678@example.com,9121207082,Ahmedabad,Gujarat,Gold,2025-03-24,2026-07-01T09:00:00
C002679,Akash,Nair,akash.nair2679@example.com,9121215001,Jaipur,Rajasthan,Platinum,2025-03-25,2026-07-01T09:00:00
C002680,Divya,Sharma,divya.sharma2680@example.com,9121222920,Kochi,Kerala,Bronze,2025-03-26,2026-07-01T09:00:00
C002681,Aarav,Rao,aarav.rao2681@example.com,9121230839,Hyderabad,Telangana,Silver,2025-03-27,2026-07-01T09:00:00
C002682,Vivaan,Gupta,vivaan.gupta2682@example.com,9121238758,Mumbai,Maharashtra,Gold,2025-03-28,2026-07-01T09:00:00
C002683,Aditya,Verma,aditya.verma2683@example.com,9121246677,Bengaluru,Karnataka,Platinum,2025-03-29,2026-07-01T09:00:00
C002684,Arjun,Patel,arjun.patel2684@example.com,9121254596,Chennai,Tamil Nadu,Bronze,2025-03-30,2026-07-01T09:00:00
C002685,Sai,Kumar,sai.kumar2685@example.com,9121262515,Pune,Maharashtra,Silver,2025-03-31,2026-07-01T09:00:00
C002686,Rohan,Iyer,rohan.iyer2686@example.com,9121270434,Delhi,Delhi,Gold,2025-04-01,2026-07-01T09:00:00
C002687,Rahul,Reddy,rahul.reddy2687@example.com,9121278353,Kolkata,West Bengal,Platinum,2025-04-02,2026-07-01T09:00:00
C002688,Kiran,Singh,kiran.singh2688@example.com,9121286272,Ahmedabad,Gujarat,Bronze,2025-04-03,2026-07-01T09:00:00
C002689,Priya,Nair,priya.nair2689@example.com,9121294191,Jaipur,Rajasthan,Silver,2025-04-04,2026-07-01T09:00:00
C002690,Ananya,Sharma,ananya.sharma2690@example.com,9121302110,Kochi,Kerala,Gold,2025-04-05,2026-07-01T09:00:00
C002691,Isha,Rao,isha.rao2691@example.com,9121310029,Hyderabad,Telangana,Platinum,2025-04-06,2026-07-01T09:00:00
C002692,Neha,Gupta,neha.gupta2692@example.com,9121317948,Mumbai,Maharashtra,Bronze,2025-04-07,2026-07-01T09:00:00
C002693,Sneha,Verma,sneha.verma2693@example.com,9121325867,Bengaluru,Karnataka,Silver,2025-04-08,2026-07-01T09:00:00
C002694,Pooja,Patel,pooja.patel2694@example.com,9121333786,Chennai,Tamil Nadu,Gold,2025-04-09,2026-07-01T09:00:00
C002695,Kavya,Kumar,kavya.kumar2695@example.com,9121341705,Pune,Maharashtra,Platinum,2025-04-10,2026-07-01T09:00:00
C002696,Meera,Iyer,meera.iyer2696@example.com,9121349624,Delhi,Delhi,Bronze,2025-04-11,2026-07-01T09:00:00
C002697,Nikhil,Reddy,nikhil.reddy2697@example.com,9121357543,Kolkata,West Bengal,Silver,2025-04-12,2026-07-01T09:00:00
C002698,Vikram,Singh,vikram.singh2698@example.com,9121365462,Ahmedabad,Gujarat,Gold,2025-04-13,2026-07-01T09:00:00
C002699,Akash,Nair,akash.nair2699@example.com,9121373381,Jaipur,Rajasthan,Platinum,2025-04-14,2026-07-01T09:00:00
C002700,Divya,Sharma,divya.sharma2700@example.com,9121381300,Kochi,Kerala,Bronze,2025-04-15,2026-07-01T09:00:00
C002701,Aarav,Rao,aarav.rao2701@example.com,9121389219,Hyderabad,Telangana,Silver,2025-04-16,2026-07-01T09:00:00
C002702,Vivaan,Gupta,vivaan.gupta2702@example.com,9121397138,Mumbai,Maharashtra,Gold,2025-04-17,2026-07-01T09:00:00
C002703,Aditya,Verma,aditya.verma2703@example.com,9121405057,Bengaluru,Karnataka,Platinum,2025-04-18,2026-07-01T09:00:00
C002704,Arjun,Patel,arjun.patel2704@example.com,9121412976,Chennai,Tamil Nadu,Bronze,2025-04-19,2026-07-01T09:00:00
C002705,Sai,Kumar,sai.kumar2705@example.com,9121420895,Pune,Maharashtra,Silver,2025-04-20,2026-07-01T09:00:00
C002706,Rohan,Iyer,rohan.iyer2706@example.com,9121428814,Delhi,Delhi,Gold,2025-04-21,2026-07-01T09:00:00
C002707,Rahul,Reddy,rahul.reddy2707@example.com,9121436733,Kolkata,West Bengal,Platinum,2025-04-22,2026-07-01T09:00:00
C002708,Kiran,Singh,kiran.singh2708@example.com,9121444652,Ahmedabad,Gujarat,Bronze,2025-04-23,2026-07-01T09:00:00
C002709,Priya,Nair,priya.nair2709@example.com,9121452571,Jaipur,Rajasthan,Silver,2025-04-24,2026-07-01T09:00:00
C002710,Ananya,Sharma,ananya.sharma2710@example.com,9121460490,Kochi,Kerala,Gold,2025-04-25,2026-07-01T09:00:00
C002711,Isha,Rao,isha.rao2711@example.com,9121468409,Hyderabad,Telangana,Platinum,2025-04-26,2026-07-01T09:00:00
C002712,Neha,Gupta,neha.gupta2712@example.com,9121476328,Mumbai,Maharashtra,Bronze,2025-04-27,2026-07-01T09:00:00
C002713,Sneha,Verma,sneha.verma2713@example.com,9121484247,Bengaluru,Karnataka,Silver,2025-04-28,2026-07-01T09:00:00
C002714,Pooja,Patel,pooja.patel2714@example.com,9121492166,Chennai,Tamil Nadu,Gold,2025-04-29,2026-07-01T09:00:00
C002715,Kavya,Kumar,kavya.kumar2715@example.com,9121500085,Pune,Maharashtra,Platinum,2025-04-30,2026-07-01T09:00:00
C002716,Meera,Iyer,meera.iyer2716@example.com,9121508004,Delhi,Delhi,Bronze,2025-05-01,2026-07-01T09:00:00
C002717,Nikhil,Reddy,nikhil.reddy2717@example.com,9121515923,Kolkata,West Bengal,Silver,2025-05-02,2026-07-01T09:00:00
C002718,Vikram,Singh,vikram.singh2718@example.com,9121523842,Ahmedabad,Gujarat,Gold,2025-05-03,2026-07-01T09:00:00
C002719,Akash,Nair,akash.nair2719@example.com,9121531761,Jaipur,Rajasthan,Platinum,2025-05-04,2026-07-01T09:00:00
C002720,Divya,Sharma,divya.sharma2720@example.com,9121539680,Kochi,Kerala,Bronze,2025-05-05,2026-07-01T09:00:00
C002721,Aarav,Rao,aarav.rao2721@example.com,9121547599,Hyderabad,Telangana,Silver,2025-05-06,2026-07-01T09:00:00
C002722,Vivaan,Gupta,vivaan.gupta2722@example.com,9121555518,Mumbai,Maharashtra,Gold,2025-05-07,2026-07-01T09:00:00
C002723,Aditya,Verma,aditya.verma2723@example.com,9121563437,Bengaluru,Karnataka,Platinum,2025-05-08,2026-07-01T09:00:00
C002724,Arjun,Patel,arjun.patel2724@example.com,9121571356,Chennai,Tamil Nadu,Bronze,2025-05-09,2026-07-01T09:00:00
C002725,Sai,Kumar,sai.kumar2725@example.com,9121579275,Pune,Maharashtra,Silver,2025-05-10,2026-07-01T09:00:00
C002726,Rohan,Iyer,rohan.iyer2726@example.com,9121587194,Delhi,Delhi,Gold,2025-05-11,2026-07-01T09:00:00
C002727,Rahul,Reddy,rahul.reddy2727@example.com,9121595113,Kolkata,West Bengal,Platinum,2025-05-12,2026-07-01T09:00:00
C002728,Kiran,Singh,kiran.singh2728@example.com,9121603032,Ahmedabad,Gujarat,Bronze,2025-05-13,2026-07-01T09:00:00
C002729,Priya,Nair,priya.nair2729@example.com,9121610951,Jaipur,Rajasthan,Silver,2025-05-14,2026-07-01T09:00:00
C002730,Ananya,Sharma,ananya.sharma2730@example.com,9121618870,Kochi,Kerala,Gold,2025-05-15,2026-07-01T09:00:00
C002731,Isha,Rao,isha.rao2731@example.com,9121626789,Hyderabad,Telangana,Platinum,2025-05-16,2026-07-01T09:00:00
C002732,Neha,Gupta,neha.gupta2732@example.com,9121634708,Mumbai,Maharashtra,Bronze,2025-05-17,2026-07-01T09:00:00
C002733,Sneha,Verma,sneha.verma2733@example.com,9121642627,Bengaluru,Karnataka,Silver,2025-05-18,2026-07-01T09:00:00
C002734,Pooja,Patel,pooja.patel2734@example.com,9121650546,Chennai,Tamil Nadu,Gold,2025-05-19,2026-07-01T09:00:00
C002735,Kavya,Kumar,kavya.kumar2735@example.com,9121658465,Pune,Maharashtra,Platinum,2025-05-20,2026-07-01T09:00:00
C002736,Meera,Iyer,meera.iyer2736@example.com,9121666384,Delhi,Delhi,Bronze,2025-05-21,2026-07-01T09:00:00
C002737,Nikhil,Reddy,nikhil.reddy2737@example.com,9121674303,Kolkata,West Bengal,Silver,2025-05-22,2026-07-01T09:00:00
C002738,Vikram,Singh,vikram.singh2738@example.com,9121682222,Ahmedabad,Gujarat,Gold,2025-05-23,2026-07-01T09:00:00
C002739,Akash,Nair,akash.nair2739@example.com,9121690141,Jaipur,Rajasthan,Platinum,2025-05-24,2026-07-01T09:00:00
C002740,Divya,Sharma,divya.sharma2740@example.com,9121698060,Kochi,Kerala,Bronze,2025-05-25,2026-07-01T09:00:00
C002741,Aarav,Rao,aarav.rao2741@example.com,9121705979,Hyderabad,Telangana,Silver,2025-05-26,2026-07-01T09:00:00
C002742,Vivaan,Gupta,vivaan.gupta2742@example.com,9121713898,Mumbai,Maharashtra,Gold,2025-05-27,2026-07-01T09:00:00
C002743,Aditya,Verma,aditya.verma2743@example.com,9121721817,Bengaluru,Karnataka,Platinum,2025-05-28,2026-07-01T09:00:00
C002744,Arjun,Patel,arjun.patel2744@example.com,9121729736,Chennai,Tamil Nadu,Bronze,2025-05-29,2026-07-01T09:00:00
C002745,Sai,Kumar,sai.kumar2745@example.com,9121737655,Pune,Maharashtra,Silver,2025-05-30,2026-07-01T09:00:00
C002746,Rohan,Iyer,rohan.iyer2746@example.com,9121745574,Delhi,Delhi,Gold,2025-05-31,2026-07-01T09:00:00
C002747,Rahul,Reddy,rahul.reddy2747@example.com,9121753493,Kolkata,West Bengal,Platinum,2025-06-01,2026-07-01T09:00:00
C002748,Kiran,Singh,kiran.singh2748@example.com,9121761412,Ahmedabad,Gujarat,Bronze,2025-06-02,2026-07-01T09:00:00
C002749,Priya,Nair,priya.nair2749@example.com,9121769331,Jaipur,Rajasthan,Silver,2025-06-03,2026-07-01T09:00:00
C002750,Ananya,Sharma,ananya.sharma2750@example.com,9121777250,Kochi,Kerala,Gold,2025-06-04,2026-07-01T09:00:00
C002751,Isha,Rao,isha.rao2751@example.com,9121785169,Hyderabad,Telangana,Platinum,2025-06-05,2026-07-01T09:00:00
C002752,Neha,Gupta,neha.gupta2752@example.com,9121793088,Mumbai,Maharashtra,Bronze,2025-06-06,2026-07-01T09:00:00
C002753,Sneha,Verma,sneha.verma2753@example.com,9121801007,Bengaluru,Karnataka,Silver,2025-06-07,2026-07-01T09:00:00
C002754,Pooja,Patel,pooja.patel2754@example.com,9121808926,Chennai,Tamil Nadu,Gold,2025-06-08,2026-07-01T09:00:00
C002755,Kavya,Kumar,kavya.kumar2755@example.com,9121816845,Pune,Maharashtra,Platinum,2025-06-09,2026-07-01T09:00:00
C002756,Meera,Iyer,meera.iyer2756@example.com,9121824764,Delhi,Delhi,Bronze,2025-06-10,2026-07-01T09:00:00
C002757,Nikhil,Reddy,nikhil.reddy2757@example.com,9121832683,Kolkata,West Bengal,Silver,2025-06-11,2026-07-01T09:00:00
C002758,Vikram,Singh,vikram.singh2758@example.com,9121840602,Ahmedabad,Gujarat,Gold,2025-06-12,2026-07-01T09:00:00
C002759,Akash,Nair,akash.nair2759@example.com,9121848521,Jaipur,Rajasthan,Platinum,2025-06-13,2026-07-01T09:00:00
C002760,Divya,Sharma,divya.sharma2760@example.com,9121856440,Kochi,Kerala,Bronze,2025-06-14,2026-07-01T09:00:00
C002761,Aarav,Rao,aarav.rao2761@example.com,9121864359,Hyderabad,Telangana,Silver,2025-06-15,2026-07-01T09:00:00
C002762,Vivaan,Gupta,vivaan.gupta2762@example.com,9121872278,Mumbai,Maharashtra,Gold,2025-06-16,2026-07-01T09:00:00
C002763,Aditya,Verma,aditya.verma2763@example.com,9121880197,Bengaluru,Karnataka,Platinum,2025-06-17,2026-07-01T09:00:00
C002764,Arjun,Patel,arjun.patel2764@example.com,9121888116,Chennai,Tamil Nadu,Bronze,2025-06-18,2026-07-01T09:00:00
C002765,Sai,Kumar,sai.kumar2765@example.com,9121896035,Pune,Maharashtra,Silver,2025-06-19,2026-07-01T09:00:00
C002766,Rohan,Iyer,rohan.iyer2766@example.com,9121903954,Delhi,Delhi,Gold,2025-06-20,2026-07-01T09:00:00
C002767,Rahul,Reddy,rahul.reddy2767@example.com,9121911873,Kolkata,West Bengal,Platinum,2025-06-21,2026-07-01T09:00:00
C002768,Kiran,Singh,kiran.singh2768@example.com,9121919792,Ahmedabad,Gujarat,Bronze,2025-06-22,2026-07-01T09:00:00
C002769,Priya,Nair,priya.nair2769@example.com,9121927711,Jaipur,Rajasthan,Silver,2025-06-23,2026-07-01T09:00:00
C002770,Ananya,Sharma,ananya.sharma2770@example.com,9121935630,Kochi,Kerala,Gold,2025-06-24,2026-07-01T09:00:00
C002771,Isha,Rao,isha.rao2771@example.com,9121943549,Hyderabad,Telangana,Platinum,2025-06-25,2026-07-01T09:00:00
C002772,Neha,Gupta,neha.gupta2772@example.com,9121951468,Mumbai,Maharashtra,Bronze,2025-06-26,2026-07-01T09:00:00
C002773,Sneha,Verma,sneha.verma2773@example.com,9121959387,Bengaluru,Karnataka,Silver,2025-06-27,2026-07-01T09:00:00
C002774,Pooja,Patel,pooja.patel2774@example.com,9121967306,Chennai,Tamil Nadu,Gold,2025-06-28,2026-07-01T09:00:00
C002775,Kavya,Kumar,kavya.kumar2775@example.com,9121975225,Pune,Maharashtra,Platinum,2025-06-29,2026-07-01T09:00:00
C002776,Meera,Iyer,meera.iyer2776@example.com,9121983144,Delhi,Delhi,Bronze,2025-06-30,2026-07-01T09:00:00
C002777,Nikhil,Reddy,nikhil.reddy2777@example.com,9121991063,Kolkata,West Bengal,Silver,2025-07-01,2026-07-01T09:00:00
C002778,Vikram,Singh,vikram.singh2778@example.com,9121998982,Ahmedabad,Gujarat,Gold,2025-07-02,2026-07-01T09:00:00
C002779,Akash,Nair,akash.nair2779@example.com,9122006901,Jaipur,Rajasthan,Platinum,2025-07-03,2026-07-01T09:00:00
C002780,Divya,Sharma,divya.sharma2780@example.com,9122014820,Kochi,Kerala,Bronze,2025-07-04,2026-07-01T09:00:00
C002781,Aarav,Rao,aarav.rao2781@example.com,9122022739,Hyderabad,Telangana,Silver,2025-07-05,2026-07-01T09:00:00
C002782,Vivaan,Gupta,vivaan.gupta2782@example.com,9122030658,Mumbai,Maharashtra,Gold,2025-07-06,2026-07-01T09:00:00
C002783,Aditya,Verma,aditya.verma2783@example.com,9122038577,Bengaluru,Karnataka,Platinum,2025-07-07,2026-07-01T09:00:00
C002784,Arjun,Patel,arjun.patel2784@example.com,9122046496,Chennai,Tamil Nadu,Bronze,2025-07-08,2026-07-01T09:00:00
C002785,Sai,Kumar,sai.kumar2785@example.com,9122054415,Pune,Maharashtra,Silver,2025-07-09,2026-07-01T09:00:00
C002786,Rohan,Iyer,rohan.iyer2786@example.com,9122062334,Delhi,Delhi,Gold,2025-07-10,2026-07-01T09:00:00
C002787,Rahul,Reddy,rahul.reddy2787@example.com,9122070253,Kolkata,West Bengal,Platinum,2025-07-11,2026-07-01T09:00:00
C002788,Kiran,Singh,kiran.singh2788@example.com,9122078172,Ahmedabad,Gujarat,Bronze,2025-07-12,2026-07-01T09:00:00
C002789,Priya,Nair,priya.nair2789@example.com,9122086091,Jaipur,Rajasthan,Silver,2025-07-13,2026-07-01T09:00:00
C002790,Ananya,Sharma,ananya.sharma2790@example.com,9122094010,Kochi,Kerala,Gold,2025-07-14,2026-07-01T09:00:00
C002791,Isha,Rao,isha.rao2791@example.com,9122101929,Hyderabad,Telangana,Platinum,2025-07-15,2026-07-01T09:00:00
C002792,Neha,Gupta,neha.gupta2792@example.com,9122109848,Mumbai,Maharashtra,Bronze,2025-07-16,2026-07-01T09:00:00
C002793,Sneha,Verma,sneha.verma2793@example.com,9122117767,Bengaluru,Karnataka,Silver,2025-07-17,2026-07-01T09:00:00
C002794,Pooja,Patel,pooja.patel2794@example.com,9122125686,Chennai,Tamil Nadu,Gold,2025-07-18,2026-07-01T09:00:00
C002795,Kavya,Kumar,kavya.kumar2795@example.com,9122133605,Pune,Maharashtra,Platinum,2025-07-19,2026-07-01T09:00:00
C002796,Meera,Iyer,meera.iyer2796@example.com,9122141524,Delhi,Delhi,Bronze,2025-07-20,2026-07-01T09:00:00
C002797,Nikhil,Reddy,nikhil.reddy2797@example.com,9122149443,Kolkata,West Bengal,Silver,2025-07-21,2026-07-01T09:00:00
C002798,Vikram,Singh,vikram.singh2798@example.com,9122157362,Ahmedabad,Gujarat,Gold,2025-07-22,2026-07-01T09:00:00
C002799,Akash,Nair,akash.nair2799@example.com,9122165281,Jaipur,Rajasthan,Platinum,2025-07-23,2026-07-01T09:00:00
C002800,Divya,Sharma,divya.sharma2800@example.com,9122173200,Kochi,Kerala,Bronze,2025-07-24,2026-07-01T09:00:00
C002801,Aarav,Rao,aarav.rao2801@example.com,9122181119,Hyderabad,Telangana,Silver,2025-07-25,2026-07-01T09:00:00
C002802,Vivaan,Gupta,vivaan.gupta2802@example.com,9122189038,Mumbai,Maharashtra,Gold,2025-07-26,2026-07-01T09:00:00
C002803,Aditya,Verma,aditya.verma2803@example.com,9122196957,Bengaluru,Karnataka,Platinum,2025-07-27,2026-07-01T09:00:00
C002804,Arjun,Patel,arjun.patel2804@example.com,9122204876,Chennai,Tamil Nadu,Bronze,2025-07-28,2026-07-01T09:00:00
C002805,Sai,Kumar,sai.kumar2805@example.com,9122212795,Pune,Maharashtra,Silver,2025-07-29,2026-07-01T09:00:00
C002806,Rohan,Iyer,rohan.iyer2806@example.com,9122220714,Delhi,Delhi,Gold,2025-07-30,2026-07-01T09:00:00
C002807,Rahul,Reddy,rahul.reddy2807@example.com,9122228633,Kolkata,West Bengal,Platinum,2025-07-31,2026-07-01T09:00:00
C002808,Kiran,Singh,kiran.singh2808@example.com,9122236552,Ahmedabad,Gujarat,Bronze,2025-08-01,2026-07-01T09:00:00
C002809,Priya,Nair,priya.nair2809@example.com,9122244471,Jaipur,Rajasthan,Silver,2025-08-02,2026-07-01T09:00:00
C002810,Ananya,Sharma,ananya.sharma2810@example.com,9122252390,Kochi,Kerala,Gold,2025-08-03,2026-07-01T09:00:00
C002811,Isha,Rao,isha.rao2811@example.com,9122260309,Hyderabad,Telangana,Platinum,2025-08-04,2026-07-01T09:00:00
C002812,Neha,Gupta,neha.gupta2812@example.com,9122268228,Mumbai,Maharashtra,Bronze,2025-08-05,2026-07-01T09:00:00
C002813,Sneha,Verma,sneha.verma2813@example.com,9122276147,Bengaluru,Karnataka,Silver,2025-08-06,2026-07-01T09:00:00
C002814,Pooja,Patel,pooja.patel2814@example.com,9122284066,Chennai,Tamil Nadu,Gold,2025-08-07,2026-07-01T09:00:00
C002815,Kavya,Kumar,kavya.kumar2815@example.com,9122291985,Pune,Maharashtra,Platinum,2025-08-08,2026-07-01T09:00:00
C002816,Meera,Iyer,meera.iyer2816@example.com,9122299904,Delhi,Delhi,Bronze,2025-08-09,2026-07-01T09:00:00
C002817,Nikhil,Reddy,nikhil.reddy2817@example.com,9122307823,Kolkata,West Bengal,Silver,2025-08-10,2026-07-01T09:00:00
C002818,Vikram,Singh,vikram.singh2818@example.com,9122315742,Ahmedabad,Gujarat,Gold,2025-08-11,2026-07-01T09:00:00
C002819,Akash,Nair,akash.nair2819@example.com,9122323661,Jaipur,Rajasthan,Platinum,2025-08-12,2026-07-01T09:00:00
C002820,Divya,Sharma,divya.sharma2820@example.com,9122331580,Kochi,Kerala,Bronze,2025-08-13,2026-07-01T09:00:00
C002821,Aarav,Rao,aarav.rao2821@example.com,9122339499,Hyderabad,Telangana,Silver,2025-08-14,2026-07-01T09:00:00
C002822,Vivaan,Gupta,vivaan.gupta2822@example.com,9122347418,Mumbai,Maharashtra,Gold,2025-08-15,2026-07-01T09:00:00
C002823,Aditya,Verma,aditya.verma2823@example.com,9122355337,Bengaluru,Karnataka,Platinum,2025-08-16,2026-07-01T09:00:00
C002824,Arjun,Patel,arjun.patel2824@example.com,9122363256,Chennai,Tamil Nadu,Bronze,2025-08-17,2026-07-01T09:00:00
C002825,Sai,Kumar,sai.kumar2825@example.com,9122371175,Pune,Maharashtra,Silver,2025-08-18,2026-07-01T09:00:00
C002826,Rohan,Iyer,rohan.iyer2826@example.com,9122379094,Delhi,Delhi,Gold,2025-08-19,2026-07-01T09:00:00
C002827,Rahul,Reddy,rahul.reddy2827@example.com,9122387013,Kolkata,West Bengal,Platinum,2025-08-20,2026-07-01T09:00:00
C002828,Kiran,Singh,kiran.singh2828@example.com,9122394932,Ahmedabad,Gujarat,Bronze,2025-08-21,2026-07-01T09:00:00
C002829,Priya,Nair,priya.nair2829@example.com,9122402851,Jaipur,Rajasthan,Silver,2025-08-22,2026-07-01T09:00:00
C002830,Ananya,Sharma,ananya.sharma2830@example.com,9122410770,Kochi,Kerala,Gold,2025-08-23,2026-07-01T09:00:00
C002831,Isha,Rao,isha.rao2831@example.com,9122418689,Hyderabad,Telangana,Platinum,2025-08-24,2026-07-01T09:00:00
C002832,Neha,Gupta,neha.gupta2832@example.com,9122426608,Mumbai,Maharashtra,Bronze,2025-08-25,2026-07-01T09:00:00
C002833,Sneha,Verma,sneha.verma2833@example.com,9122434527,Bengaluru,Karnataka,Silver,2025-08-26,2026-07-01T09:00:00
C002834,Pooja,Patel,pooja.patel2834@example.com,9122442446,Chennai,Tamil Nadu,Gold,2025-08-27,2026-07-01T09:00:00
C002835,Kavya,Kumar,kavya.kumar2835@example.com,9122450365,Pune,Maharashtra,Platinum,2025-08-28,2026-07-01T09:00:00
C002836,Meera,Iyer,meera.iyer2836@example.com,9122458284,Delhi,Delhi,Bronze,2025-08-29,2026-07-01T09:00:00
C002837,Nikhil,Reddy,nikhil.reddy2837@example.com,9122466203,Kolkata,West Bengal,Silver,2025-08-30,2026-07-01T09:00:00
C002838,Vikram,Singh,vikram.singh2838@example.com,9122474122,Ahmedabad,Gujarat,Gold,2025-08-31,2026-07-01T09:00:00
C002839,Akash,Nair,akash.nair2839@example.com,9122482041,Jaipur,Rajasthan,Platinum,2025-09-01,2026-07-01T09:00:00
C002840,Divya,Sharma,divya.sharma2840@example.com,9122489960,Kochi,Kerala,Bronze,2025-09-02,2026-07-01T09:00:00
C002841,Aarav,Rao,aarav.rao2841@example.com,9122497879,Hyderabad,Telangana,Silver,2025-09-03,2026-07-01T09:00:00
C002842,Vivaan,Gupta,vivaan.gupta2842@example.com,9122505798,Mumbai,Maharashtra,Gold,2025-09-04,2026-07-01T09:00:00
C002843,Aditya,Verma,aditya.verma2843@example.com,9122513717,Bengaluru,Karnataka,Platinum,2025-09-05,2026-07-01T09:00:00
C002844,Arjun,Patel,arjun.patel2844@example.com,9122521636,Chennai,Tamil Nadu,Bronze,2025-09-06,2026-07-01T09:00:00
C002845,Sai,Kumar,sai.kumar2845@example.com,9122529555,Pune,Maharashtra,Silver,2025-09-07,2026-07-01T09:00:00
C002846,Rohan,Iyer,rohan.iyer2846@example.com,9122537474,Delhi,Delhi,Gold,2025-09-08,2026-07-01T09:00:00
C002847,Rahul,Reddy,rahul.reddy2847@example.com,9122545393,Kolkata,West Bengal,Platinum,2025-09-09,2026-07-01T09:00:00
C002848,Kiran,Singh,kiran.singh2848@example.com,9122553312,Ahmedabad,Gujarat,Bronze,2025-09-10,2026-07-01T09:00:00
C002849,Priya,Nair,priya.nair2849@example.com,9122561231,Jaipur,Rajasthan,Silver,2025-09-11,2026-07-01T09:00:00
C002850,Ananya,Sharma,ananya.sharma2850@example.com,9122569150,Kochi,Kerala,Gold,2025-09-12,2026-07-01T09:00:00
C002851,Isha,Rao,isha.rao2851@example.com,9122577069,Hyderabad,Telangana,Platinum,2025-09-13,2026-07-01T09:00:00
C002852,Neha,Gupta,neha.gupta2852@example.com,9122584988,Mumbai,Maharashtra,Bronze,2025-09-14,2026-07-01T09:00:00
C002853,Sneha,Verma,sneha.verma2853@example.com,9122592907,Bengaluru,Karnataka,Silver,2025-09-15,2026-07-01T09:00:00
C002854,Pooja,Patel,pooja.patel2854@example.com,9122600826,Chennai,Tamil Nadu,Gold,2025-09-16,2026-07-01T09:00:00
C002855,Kavya,Kumar,kavya.kumar2855@example.com,9122608745,Pune,Maharashtra,Platinum,2025-09-17,2026-07-01T09:00:00
C002856,Meera,Iyer,meera.iyer2856@example.com,9122616664,Delhi,Delhi,Bronze,2025-09-18,2026-07-01T09:00:00
C002857,Nikhil,Reddy,nikhil.reddy2857@example.com,9122624583,Kolkata,West Bengal,Silver,2025-09-19,2026-07-01T09:00:00
C002858,Vikram,Singh,vikram.singh2858@example.com,9122632502,Ahmedabad,Gujarat,Gold,2025-09-20,2026-07-01T09:00:00
C002859,Akash,Nair,akash.nair2859@example.com,9122640421,Jaipur,Rajasthan,Platinum,2025-09-21,2026-07-01T09:00:00
C002860,Divya,Sharma,divya.sharma2860@example.com,9122648340,Kochi,Kerala,Bronze,2025-09-22,2026-07-01T09:00:00
C002861,Aarav,Rao,aarav.rao2861@example.com,9122656259,Hyderabad,Telangana,Silver,2025-09-23,2026-07-01T09:00:00
C002862,Vivaan,Gupta,vivaan.gupta2862@example.com,9122664178,Mumbai,Maharashtra,Gold,2025-09-24,2026-07-01T09:00:00
C002863,Aditya,Verma,aditya.verma2863@example.com,9122672097,Bengaluru,Karnataka,Platinum,2025-09-25,2026-07-01T09:00:00
C002864,Arjun,Patel,arjun.patel2864@example.com,9122680016,Chennai,Tamil Nadu,Bronze,2025-09-26,2026-07-01T09:00:00
C002865,Sai,Kumar,sai.kumar2865@example.com,9122687935,Pune,Maharashtra,Silver,2025-09-27,2026-07-01T09:00:00
C002866,Rohan,Iyer,rohan.iyer2866@example.com,9122695854,Delhi,Delhi,Gold,2025-09-28,2026-07-01T09:00:00
C002867,Rahul,Reddy,rahul.reddy2867@example.com,9122703773,Kolkata,West Bengal,Platinum,2025-09-29,2026-07-01T09:00:00
C002868,Kiran,Singh,kiran.singh2868@example.com,9122711692,Ahmedabad,Gujarat,Bronze,2025-09-30,2026-07-01T09:00:00
C002869,Priya,Nair,priya.nair2869@example.com,9122719611,Jaipur,Rajasthan,Silver,2025-10-01,2026-07-01T09:00:00
C002870,Ananya,Sharma,ananya.sharma2870@example.com,9122727530,Kochi,Kerala,Gold,2025-10-02,2026-07-01T09:00:00
C002871,Isha,Rao,isha.rao2871@example.com,9122735449,Hyderabad,Telangana,Platinum,2025-10-03,2026-07-01T09:00:00
C002872,Neha,Gupta,neha.gupta2872@example.com,9122743368,Mumbai,Maharashtra,Bronze,2025-10-04,2026-07-01T09:00:00
C002873,Sneha,Verma,sneha.verma2873@example.com,9122751287,Bengaluru,Karnataka,Silver,2025-10-05,2026-07-01T09:00:00
C002874,Pooja,Patel,pooja.patel2874@example.com,9122759206,Chennai,Tamil Nadu,Gold,2025-10-06,2026-07-01T09:00:00
C002875,Kavya,Kumar,kavya.kumar2875@example.com,9122767125,Pune,Maharashtra,Platinum,2025-10-07,2026-07-01T09:00:00
C002876,Meera,Iyer,meera.iyer2876@example.com,9122775044,Delhi,Delhi,Bronze,2025-10-08,2026-07-01T09:00:00
C002877,Nikhil,Reddy,nikhil.reddy2877@example.com,9122782963,Kolkata,West Bengal,Silver,2025-10-09,2026-07-01T09:00:00
C002878,Vikram,Singh,vikram.singh2878@example.com,9122790882,Ahmedabad,Gujarat,Gold,2025-10-10,2026-07-01T09:00:00
C002879,Akash,Nair,akash.nair2879@example.com,9122798801,Jaipur,Rajasthan,Platinum,2025-10-11,2026-07-01T09:00:00
C002880,Divya,Sharma,divya.sharma2880@example.com,9122806720,Kochi,Kerala,Bronze,2025-10-12,2026-07-01T09:00:00
C002881,Aarav,Rao,aarav.rao2881@example.com,9122814639,Hyderabad,Telangana,Silver,2025-10-13,2026-07-01T09:00:00
C002882,Vivaan,Gupta,vivaan.gupta2882@example.com,9122822558,Mumbai,Maharashtra,Gold,2025-10-14,2026-07-01T09:00:00
C002883,Aditya,Verma,aditya.verma2883@example.com,9122830477,Bengaluru,Karnataka,Platinum,2025-10-15,2026-07-01T09:00:00
C002884,Arjun,Patel,arjun.patel2884@example.com,9122838396,Chennai,Tamil Nadu,Bronze,2025-10-16,2026-07-01T09:00:00
C002885,Sai,Kumar,sai.kumar2885@example.com,9122846315,Pune,Maharashtra,Silver,2025-10-17,2026-07-01T09:00:00
C002886,Rohan,Iyer,rohan.iyer2886@example.com,9122854234,Delhi,Delhi,Gold,2025-10-18,2026-07-01T09:00:00
C002887,Rahul,Reddy,rahul.reddy2887@example.com,9122862153,Kolkata,West Bengal,Platinum,2025-10-19,2026-07-01T09:00:00
C002888,Kiran,Singh,kiran.singh2888@example.com,9122870072,Ahmedabad,Gujarat,Bronze,2025-10-20,2026-07-01T09:00:00
C002889,Priya,Nair,priya.nair2889@example.com,9122877991,Jaipur,Rajasthan,Silver,2025-10-21,2026-07-01T09:00:00
C002890,Ananya,Sharma,ananya.sharma2890@example.com,9122885910,Kochi,Kerala,Gold,2025-10-22,2026-07-01T09:00:00
C002891,Isha,Rao,isha.rao2891@example.com,9122893829,Hyderabad,Telangana,Platinum,2025-10-23,2026-07-01T09:00:00
C002892,Neha,Gupta,neha.gupta2892@example.com,9122901748,Mumbai,Maharashtra,Bronze,2025-10-24,2026-07-01T09:00:00
C002893,Sneha,Verma,sneha.verma2893@example.com,9122909667,Bengaluru,Karnataka,Silver,2025-10-25,2026-07-01T09:00:00
C002894,Pooja,Patel,pooja.patel2894@example.com,9122917586,Chennai,Tamil Nadu,Gold,2025-10-26,2026-07-01T09:00:00
C002895,Kavya,Kumar,kavya.kumar2895@example.com,9122925505,Pune,Maharashtra,Platinum,2025-10-27,2026-07-01T09:00:00
C002896,Meera,Iyer,meera.iyer2896@example.com,9122933424,Delhi,Delhi,Bronze,2025-10-28,2026-07-01T09:00:00
C002897,Nikhil,Reddy,nikhil.reddy2897@example.com,9122941343,Kolkata,West Bengal,Silver,2025-10-29,2026-07-01T09:00:00
C002898,Vikram,Singh,vikram.singh2898@example.com,9122949262,Ahmedabad,Gujarat,Gold,2025-10-30,2026-07-01T09:00:00
C002899,Akash,Nair,akash.nair2899@example.com,9122957181,Jaipur,Rajasthan,Platinum,2025-10-31,2026-07-01T09:00:00
C002900,Divya,Sharma,divya.sharma2900@example.com,9122965100,Kochi,Kerala,Bronze,2025-11-01,2026-07-01T09:00:00
C002901,Aarav,Rao,aarav.rao2901@example.com,9122973019,Hyderabad,Telangana,Silver,2025-11-02,2026-07-01T09:00:00
C002902,Vivaan,Gupta,vivaan.gupta2902@example.com,9122980938,Mumbai,Maharashtra,Gold,2025-11-03,2026-07-01T09:00:00
C002903,Aditya,Verma,aditya.verma2903@example.com,9122988857,Bengaluru,Karnataka,Platinum,2025-11-04,2026-07-01T09:00:00
C002904,Arjun,Patel,arjun.patel2904@example.com,9122996776,Chennai,Tamil Nadu,Bronze,2025-11-05,2026-07-01T09:00:00
C002905,Sai,Kumar,sai.kumar2905@example.com,9123004695,Pune,Maharashtra,Silver,2025-11-06,2026-07-01T09:00:00
C002906,Rohan,Iyer,rohan.iyer2906@example.com,9123012614,Delhi,Delhi,Gold,2025-11-07,2026-07-01T09:00:00
C002907,Rahul,Reddy,rahul.reddy2907@example.com,9123020533,Kolkata,West Bengal,Platinum,2025-11-08,2026-07-01T09:00:00
C002908,Kiran,Singh,kiran.singh2908@example.com,9123028452,Ahmedabad,Gujarat,Bronze,2025-11-09,2026-07-01T09:00:00
C002909,Priya,Nair,priya.nair2909@example.com,9123036371,Jaipur,Rajasthan,Silver,2025-11-10,2026-07-01T09:00:00
C002910,Ananya,Sharma,ananya.sharma2910@example.com,9123044290,Kochi,Kerala,Gold,2025-11-11,2026-07-01T09:00:00
C002911,Isha,Rao,isha.rao2911@example.com,9123052209,Hyderabad,Telangana,Platinum,2025-11-12,2026-07-01T09:00:00
C002912,Neha,Gupta,neha.gupta2912@example.com,9123060128,Mumbai,Maharashtra,Bronze,2025-11-13,2026-07-01T09:00:00
C002913,Sneha,Verma,sneha.verma2913@example.com,9123068047,Bengaluru,Karnataka,Silver,2025-11-14,2026-07-01T09:00:00
C002914,Pooja,Patel,pooja.patel2914@example.com,9123075966,Chennai,Tamil Nadu,Gold,2025-11-15,2026-07-01T09:00:00
C002915,Kavya,Kumar,kavya.kumar2915@example.com,9123083885,Pune,Maharashtra,Platinum,2025-11-16,2026-07-01T09:00:00
C002916,Meera,Iyer,meera.iyer2916@example.com,9123091804,Delhi,Delhi,Bronze,2025-11-17,2026-07-01T09:00:00
C002917,Nikhil,Reddy,nikhil.reddy2917@example.com,9123099723,Kolkata,West Bengal,Silver,2025-11-18,2026-07-01T09:00:00
C002918,Vikram,Singh,vikram.singh2918@example.com,9123107642,Ahmedabad,Gujarat,Gold,2025-11-19,2026-07-01T09:00:00
C002919,Akash,Nair,akash.nair2919@example.com,9123115561,Jaipur,Rajasthan,Platinum,2025-11-20,2026-07-01T09:00:00
C002920,Divya,Sharma,divya.sharma2920@example.com,9123123480,Kochi,Kerala,Bronze,2025-11-21,2026-07-01T09:00:00
C002921,Aarav,Rao,aarav.rao2921@example.com,9123131399,Hyderabad,Telangana,Silver,2025-11-22,2026-07-01T09:00:00
C002922,Vivaan,Gupta,vivaan.gupta2922@example.com,9123139318,Mumbai,Maharashtra,Gold,2025-11-23,2026-07-01T09:00:00
C002923,Aditya,Verma,aditya.verma2923@example.com,9123147237,Bengaluru,Karnataka,Platinum,2025-11-24,2026-07-01T09:00:00
C002924,Arjun,Patel,arjun.patel2924@example.com,9123155156,Chennai,Tamil Nadu,Bronze,2025-11-25,2026-07-01T09:00:00
C002925,Sai,Kumar,sai.kumar2925@example.com,9123163075,Pune,Maharashtra,Silver,2025-11-26,2026-07-01T09:00:00
C002926,Rohan,Iyer,rohan.iyer2926@example.com,9123170994,Delhi,Delhi,Gold,2025-11-27,2026-07-01T09:00:00
C002927,Rahul,Reddy,rahul.reddy2927@example.com,9123178913,Kolkata,West Bengal,Platinum,2025-11-28,2026-07-01T09:00:00
C002928,Kiran,Singh,kiran.singh2928@example.com,9123186832,Ahmedabad,Gujarat,Bronze,2025-11-29,2026-07-01T09:00:00
C002929,Priya,Nair,priya.nair2929@example.com,9123194751,Jaipur,Rajasthan,Silver,2025-11-30,2026-07-01T09:00:00
C002930,Ananya,Sharma,ananya.sharma2930@example.com,9123202670,Kochi,Kerala,Gold,2025-12-01,2026-07-01T09:00:00
C002931,Isha,Rao,isha.rao2931@example.com,9123210589,Hyderabad,Telangana,Platinum,2025-12-02,2026-07-01T09:00:00
C002932,Neha,Gupta,neha.gupta2932@example.com,9123218508,Mumbai,Maharashtra,Bronze,2025-12-03,2026-07-01T09:00:00
C002933,Sneha,Verma,sneha.verma2933@example.com,9123226427,Bengaluru,Karnataka,Silver,2025-12-04,2026-07-01T09:00:00
C002934,Pooja,Patel,pooja.patel2934@example.com,9123234346,Chennai,Tamil Nadu,Gold,2025-12-05,2026-07-01T09:00:00
C002935,Kavya,Kumar,kavya.kumar2935@example.com,9123242265,Pune,Maharashtra,Platinum,2025-12-06,2026-07-01T09:00:00
C002936,Meera,Iyer,meera.iyer2936@example.com,9123250184,Delhi,Delhi,Bronze,2025-12-07,2026-07-01T09:00:00
C002937,Nikhil,Reddy,nikhil.reddy2937@example.com,9123258103,Kolkata,West Bengal,Silver,2025-12-08,2026-07-01T09:00:00
C002938,Vikram,Singh,vikram.singh2938@example.com,9123266022,Ahmedabad,Gujarat,Gold,2025-12-09,2026-07-01T09:00:00
C002939,Akash,Nair,akash.nair2939@example.com,9123273941,Jaipur,Rajasthan,Platinum,2025-12-10,2026-07-01T09:00:00
C002940,Divya,Sharma,divya.sharma2940@example.com,9123281860,Kochi,Kerala,Bronze,2025-12-11,2026-07-01T09:00:00
C002941,Aarav,Rao,aarav.rao2941@example.com,9123289779,Hyderabad,Telangana,Silver,2025-12-12,2026-07-01T09:00:00
C002942,Vivaan,Gupta,vivaan.gupta2942@example.com,9123297698,Mumbai,Maharashtra,Gold,2025-12-13,2026-07-01T09:00:00
C002943,Aditya,Verma,aditya.verma2943@example.com,9123305617,Bengaluru,Karnataka,Platinum,2025-12-14,2026-07-01T09:00:00
C002944,Arjun,Patel,arjun.patel2944@example.com,9123313536,Chennai,Tamil Nadu,Bronze,2025-12-15,2026-07-01T09:00:00
C002945,Sai,Kumar,sai.kumar2945@example.com,9123321455,Pune,Maharashtra,Silver,2025-12-16,2026-07-01T09:00:00
C002946,Rohan,Iyer,rohan.iyer2946@example.com,9123329374,Delhi,Delhi,Gold,2025-12-17,2026-07-01T09:00:00
C002947,Rahul,Reddy,rahul.reddy2947@example.com,9123337293,Kolkata,West Bengal,Platinum,2025-12-18,2026-07-01T09:00:00
C002948,Kiran,Singh,kiran.singh2948@example.com,9123345212,Ahmedabad,Gujarat,Bronze,2025-12-19,2026-07-01T09:00:00
C002949,Priya,Nair,priya.nair2949@example.com,9123353131,Jaipur,Rajasthan,Silver,2025-12-20,2026-07-01T09:00:00
C002950,Ananya,Sharma,ananya.sharma2950@example.com,9123361050,Kochi,Kerala,Gold,2025-12-21,2026-07-01T09:00:00
C002951,Isha,Rao,isha.rao2951@example.com,9123368969,Hyderabad,Telangana,Platinum,2025-12-22,2026-07-01T09:00:00
C002952,Neha,Gupta,neha.gupta2952@example.com,9123376888,Mumbai,Maharashtra,Bronze,2025-12-23,2026-07-01T09:00:00
C002953,Sneha,Verma,sneha.verma2953@example.com,9123384807,Bengaluru,Karnataka,Silver,2025-12-24,2026-07-01T09:00:00
C002954,Pooja,Patel,pooja.patel2954@example.com,9123392726,Chennai,Tamil Nadu,Gold,2025-12-25,2026-07-01T09:00:00
C002955,Kavya,Kumar,kavya.kumar2955@example.com,9123400645,Pune,Maharashtra,Platinum,2025-12-26,2026-07-01T09:00:00
C002956,Meera,Iyer,meera.iyer2956@example.com,9123408564,Delhi,Delhi,Bronze,2025-12-27,2026-07-01T09:00:00
C002957,Nikhil,Reddy,nikhil.reddy2957@example.com,9123416483,Kolkata,West Bengal,Silver,2025-12-28,2026-07-01T09:00:00
C002958,Vikram,Singh,vikram.singh2958@example.com,9123424402,Ahmedabad,Gujarat,Gold,2025-12-29,2026-07-01T09:00:00
C002959,Akash,Nair,akash.nair2959@example.com,9123432321,Jaipur,Rajasthan,Platinum,2025-12-30,2026-07-01T09:00:00
C002960,Divya,Sharma,divya.sharma2960@example.com,9123440240,Kochi,Kerala,Bronze,2025-12-31,2026-07-01T09:00:00
C002961,Aarav,Rao,aarav.rao2961@example.com,9123448159,Hyderabad,Telangana,Silver,2026-01-01,2026-07-01T09:00:00
C002962,Vivaan,Gupta,vivaan.gupta2962@example.com,9123456078,Mumbai,Maharashtra,Gold,2026-01-02,2026-07-01T09:00:00
C002963,Aditya,Verma,aditya.verma2963@example.com,9123463997,Bengaluru,Karnataka,Platinum,2026-01-03,2026-07-01T09:00:00
C002964,Arjun,Patel,arjun.patel2964@example.com,9123471916,Chennai,Tamil Nadu,Bronze,2026-01-04,2026-07-01T09:00:00
C002965,Sai,Kumar,sai.kumar2965@example.com,9123479835,Pune,Maharashtra,Silver,2026-01-05,2026-07-01T09:00:00
C002966,Rohan,Iyer,rohan.iyer2966@example.com,9123487754,Delhi,Delhi,Gold,2026-01-06,2026-07-01T09:00:00
C002967,Rahul,Reddy,rahul.reddy2967@example.com,9123495673,Kolkata,West Bengal,Platinum,2026-01-07,2026-07-01T09:00:00
C002968,Kiran,Singh,kiran.singh2968@example.com,9123503592,Ahmedabad,Gujarat,Bronze,2026-01-08,2026-07-01T09:00:00
C002969,Priya,Nair,priya.nair2969@example.com,9123511511,Jaipur,Rajasthan,Silver,2026-01-09,2026-07-01T09:00:00
C002970,Ananya,Sharma,ananya.sharma2970@example.com,9123519430,Kochi,Kerala,Gold,2026-01-10,2026-07-01T09:00:00
C002971,Isha,Rao,isha.rao2971@example.com,9123527349,Hyderabad,Telangana,Platinum,2026-01-11,2026-07-01T09:00:00
C002972,Neha,Gupta,neha.gupta2972@example.com,9123535268,Mumbai,Maharashtra,Bronze,2026-01-12,2026-07-01T09:00:00
C002973,Sneha,Verma,sneha.verma2973@example.com,9123543187,Bengaluru,Karnataka,Silver,2026-01-13,2026-07-01T09:00:00
C002974,Pooja,Patel,pooja.patel2974@example.com,9123551106,Chennai,Tamil Nadu,Gold,2026-01-14,2026-07-01T09:00:00
C002975,Kavya,Kumar,kavya.kumar2975@example.com,9123559025,Pune,Maharashtra,Platinum,2026-01-15,2026-07-01T09:00:00
C002976,Meera,Iyer,meera.iyer2976@example.com,9123566944,Delhi,Delhi,Bronze,2026-01-16,2026-07-01T09:00:00
C002977,Nikhil,Reddy,nikhil.reddy2977@example.com,9123574863,Kolkata,West Bengal,Silver,2026-01-17,2026-07-01T09:00:00
C002978,Vikram,Singh,vikram.singh2978@example.com,9123582782,Ahmedabad,Gujarat,Gold,2026-01-18,2026-07-01T09:00:00
C002979,Akash,Nair,akash.nair2979@example.com,9123590701,Jaipur,Rajasthan,Platinum,2026-01-19,2026-07-01T09:00:00
C002980,Divya,Sharma,divya.sharma2980@example.com,9123598620,Kochi,Kerala,Bronze,2026-01-20,2026-07-01T09:00:00
C002981,Aarav,Rao,aarav.rao2981@example.com,9123606539,Hyderabad,Telangana,Silver,2026-01-21,2026-07-01T09:00:00
C002982,Vivaan,Gupta,vivaan.gupta2982@example.com,9123614458,Mumbai,Maharashtra,Gold,2026-01-22,2026-07-01T09:00:00
C002983,Aditya,Verma,aditya.verma2983@example.com,9123622377,Bengaluru,Karnataka,Platinum,2026-01-23,2026-07-01T09:00:00
C002984,Arjun,Patel,arjun.patel2984@example.com,9123630296,Chennai,Tamil Nadu,Bronze,2026-01-24,2026-07-01T09:00:00
C002985,Sai,Kumar,sai.kumar2985@example.com,9123638215,Pune,Maharashtra,Silver,2026-01-25,2026-07-01T09:00:00
C002986,Rohan,Iyer,rohan.iyer2986@example.com,9123646134,Delhi,Delhi,Gold,2026-01-26,2026-07-01T09:00:00
C002987,Rahul,Reddy,rahul.reddy2987@example.com,9123654053,Kolkata,West Bengal,Platinum,2026-01-27,2026-07-01T09:00:00
C002988,Kiran,Singh,kiran.singh2988@example.com,9123661972,Ahmedabad,Gujarat,Bronze,2026-01-28,2026-07-01T09:00:00
C002989,Priya,Nair,priya.nair2989@example.com,9123669891,Jaipur,Rajasthan,Silver,2026-01-29,2026-07-01T09:00:00
C002990,Ananya,Sharma,ananya.sharma2990@example.com,9123677810,Kochi,Kerala,Gold,2026-01-30,2026-07-01T09:00:00
C002991,Isha,Rao,isha.rao2991@example.com,9123685729,Hyderabad,Telangana,Platinum,2026-01-31,2026-07-01T09:00:00
C002992,Neha,Gupta,neha.gupta2992@example.com,9123693648,Mumbai,Maharashtra,Bronze,2026-02-01,2026-07-01T09:00:00
C002993,Sneha,Verma,sneha.verma2993@example.com,9123701567,Bengaluru,Karnataka,Silver,2026-02-02,2026-07-01T09:00:00
C002994,Pooja,Patel,pooja.patel2994@example.com,9123709486,Chennai,Tamil Nadu,Gold,2026-02-03,2026-07-01T09:00:00
C002995,Kavya,Kumar,kavya.kumar2995@example.com,9123717405,Pune,Maharashtra,Platinum,2026-02-04,2026-07-01T09:00:00
C002996,Meera,Iyer,meera.iyer2996@example.com,9123725324,Delhi,Delhi,Bronze,2026-02-05,2026-07-01T09:00:00
C002997,Nikhil,Reddy,nikhil.reddy2997@example.com,9123733243,Kolkata,West Bengal,Silver,2026-02-06,2026-07-01T09:00:00
C002998,Vikram,Singh,vikram.singh2998@example.com,9123741162,Ahmedabad,Gujarat,Gold,2026-02-07,2026-07-01T09:00:00
C002999,Akash,Nair,akash.nair2999@example.com,9123749081,Jaipur,Rajasthan,Platinum,2026-02-08,2026-07-01T09:00:00
C003000,Divya,Sharma,divya.sharma3000@example.com,9123757000,Kochi,Kerala,Bronze,2022-01-01,2026-07-01T09:00:00
C003001,Aarav,Rao,aarav.rao3001@example.com,9123764919,Hyderabad,Telangana,Silver,2022-01-02,2026-07-01T09:00:00
C003002,Vivaan,Gupta,vivaan.gupta3002@example.com,9123772838,Mumbai,Maharashtra,Gold,2022-01-03,2026-07-01T09:00:00
C003003,Aditya,Verma,aditya.verma3003@example.com,9123780757,Bengaluru,Karnataka,Platinum,2022-01-04,2026-07-01T09:00:00
C003004,Arjun,Patel,arjun.patel3004@example.com,9123788676,Chennai,Tamil Nadu,Bronze,2022-01-05,2026-07-01T09:00:00
C003005,Sai,Kumar,sai.kumar3005@example.com,9123796595,Pune,Maharashtra,Silver,2022-01-06,2026-07-01T09:00:00
C003006,Rohan,Iyer,rohan.iyer3006@example.com,9123804514,Delhi,Delhi,Gold,2022-01-07,2026-07-01T09:00:00
C003007,Rahul,Reddy,rahul.reddy3007@example.com,9123812433,Kolkata,West Bengal,Platinum,2022-01-08,2026-07-01T09:00:00
C003008,Kiran,Singh,kiran.singh3008@example.com,9123820352,Ahmedabad,Gujarat,Bronze,2022-01-09,2026-07-01T09:00:00
C003009,Priya,Nair,priya.nair3009@example.com,9123828271,Jaipur,Rajasthan,Silver,2022-01-10,2026-07-01T09:00:00
C003010,Ananya,Sharma,ananya.sharma3010@example.com,9123836190,Kochi,Kerala,Gold,2022-01-11,2026-07-01T09:00:00
C003011,Isha,Rao,isha.rao3011@example.com,9123844109,Hyderabad,Telangana,Platinum,2022-01-12,2026-07-01T09:00:00
C003012,Neha,Gupta,neha.gupta3012@example.com,9123852028,Mumbai,Maharashtra,Bronze,2022-01-13,2026-07-01T09:00:00
C003013,Sneha,Verma,sneha.verma3013@example.com,9123859947,Bengaluru,Karnataka,Silver,2022-01-14,2026-07-01T09:00:00
C003014,Pooja,Patel,pooja.patel3014@example.com,9123867866,Chennai,Tamil Nadu,Gold,2022-01-15,2026-07-01T09:00:00
C003015,Kavya,Kumar,kavya.kumar3015@example.com,9123875785,Pune,Maharashtra,Platinum,2022-01-16,2026-07-01T09:00:00
C003016,Meera,Iyer,meera.iyer3016@example.com,9123883704,Delhi,Delhi,Bronze,2022-01-17,2026-07-01T09:00:00
C003017,Nikhil,Reddy,nikhil.reddy3017@example.com,9123891623,Kolkata,West Bengal,Silver,2022-01-18,2026-07-01T09:00:00
C003018,Vikram,Singh,vikram.singh3018@example.com,9123899542,Ahmedabad,Gujarat,Gold,2022-01-19,2026-07-01T09:00:00
C003019,Akash,Nair,akash.nair3019@example.com,9123907461,Jaipur,Rajasthan,Platinum,2022-01-20,2026-07-01T09:00:00
C003020,Divya,Sharma,divya.sharma3020@example.com,9123915380,Kochi,Kerala,Bronze,2022-01-21,2026-07-01T09:00:00
C003021,Aarav,Rao,aarav.rao3021@example.com,9123923299,Hyderabad,Telangana,Silver,2022-01-22,2026-07-01T09:00:00
C003022,Vivaan,Gupta,vivaan.gupta3022@example.com,9123931218,Mumbai,Maharashtra,Gold,2022-01-23,2026-07-01T09:00:00
C003023,Aditya,Verma,aditya.verma3023@example.com,9123939137,Bengaluru,Karnataka,Platinum,2022-01-24,2026-07-01T09:00:00
C003024,Arjun,Patel,arjun.patel3024@example.com,9123947056,Chennai,Tamil Nadu,Bronze,2022-01-25,2026-07-01T09:00:00
C003025,Sai,Kumar,sai.kumar3025@example.com,9123954975,Pune,Maharashtra,Silver,2022-01-26,2026-07-01T09:00:00
C003026,Rohan,Iyer,rohan.iyer3026@example.com,9123962894,Delhi,Delhi,Gold,2022-01-27,2026-07-01T09:00:00
C003027,Rahul,Reddy,rahul.reddy3027@example.com,9123970813,Kolkata,West Bengal,Platinum,2022-01-28,2026-07-01T09:00:00
C003028,Kiran,Singh,kiran.singh3028@example.com,9123978732,Ahmedabad,Gujarat,Bronze,2022-01-29,2026-07-01T09:00:00
C003029,Priya,Nair,priya.nair3029@example.com,9123986651,Jaipur,Rajasthan,Silver,2022-01-30,2026-07-01T09:00:00
C003030,Ananya,Sharma,ananya.sharma3030@example.com,9123994570,Kochi,Kerala,Gold,2022-01-31,2026-07-01T09:00:00
C003031,Isha,Rao,isha.rao3031@example.com,9124002489,Hyderabad,Telangana,Platinum,2022-02-01,2026-07-01T09:00:00
C003032,Neha,Gupta,neha.gupta3032@example.com,9124010408,Mumbai,Maharashtra,Bronze,2022-02-02,2026-07-01T09:00:00
C003033,Sneha,Verma,sneha.verma3033@example.com,9124018327,Bengaluru,Karnataka,Silver,2022-02-03,2026-07-01T09:00:00
C003034,Pooja,Patel,pooja.patel3034@example.com,9124026246,Chennai,Tamil Nadu,Gold,2022-02-04,2026-07-01T09:00:00
C003035,Kavya,Kumar,kavya.kumar3035@example.com,9124034165,Pune,Maharashtra,Platinum,2022-02-05,2026-07-01T09:00:00
C003036,Meera,Iyer,meera.iyer3036@example.com,9124042084,Delhi,Delhi,Bronze,2022-02-06,2026-07-01T09:00:00
C003037,Nikhil,Reddy,nikhil.reddy3037@example.com,9124050003,Kolkata,West Bengal,Silver,2022-02-07,2026-07-01T09:00:00
C003038,Vikram,Singh,vikram.singh3038@example.com,9124057922,Ahmedabad,Gujarat,Gold,2022-02-08,2026-07-01T09:00:00
C003039,Akash,Nair,akash.nair3039@example.com,9124065841,Jaipur,Rajasthan,Platinum,2022-02-09,2026-07-01T09:00:00
C003040,Divya,Sharma,divya.sharma3040@example.com,9124073760,Kochi,Kerala,Bronze,2022-02-10,2026-07-01T09:00:00
C003041,Aarav,Rao,aarav.rao3041@example.com,9124081679,Hyderabad,Telangana,Silver,2022-02-11,2026-07-01T09:00:00
C003042,Vivaan,Gupta,vivaan.gupta3042@example.com,9124089598,Mumbai,Maharashtra,Gold,2022-02-12,2026-07-01T09:00:00
C003043,Aditya,Verma,aditya.verma3043@example.com,9124097517,Bengaluru,Karnataka,Platinum,2022-02-13,2026-07-01T09:00:00
C003044,Arjun,Patel,arjun.patel3044@example.com,9124105436,Chennai,Tamil Nadu,Bronze,2022-02-14,2026-07-01T09:00:00
C003045,Sai,Kumar,sai.kumar3045@example.com,9124113355,Pune,Maharashtra,Silver,2022-02-15,2026-07-01T09:00:00
C003046,Rohan,Iyer,rohan.iyer3046@example.com,9124121274,Delhi,Delhi,Gold,2022-02-16,2026-07-01T09:00:00
C003047,Rahul,Reddy,rahul.reddy3047@example.com,9124129193,Kolkata,West Bengal,Platinum,2022-02-17,2026-07-01T09:00:00
C003048,Kiran,Singh,kiran.singh3048@example.com,9124137112,Ahmedabad,Gujarat,Bronze,2022-02-18,2026-07-01T09:00:00
C003049,Priya,Nair,priya.nair3049@example.com,9124145031,Jaipur,Rajasthan,Silver,2022-02-19,2026-07-01T09:00:00
C003050,Ananya,Sharma,ananya.sharma3050@example.com,9124152950,Kochi,Kerala,Gold,2022-02-20,2026-07-01T09:00:00
C003051,Isha,Rao,isha.rao3051@example.com,9124160869,Hyderabad,Telangana,Platinum,2022-02-21,2026-07-01T09:00:00
C003052,Neha,Gupta,neha.gupta3052@example.com,9124168788,Mumbai,Maharashtra,Bronze,2022-02-22,2026-07-01T09:00:00
C003053,Sneha,Verma,sneha.verma3053@example.com,9124176707,Bengaluru,Karnataka,Silver,2022-02-23,2026-07-01T09:00:00
C003054,Pooja,Patel,pooja.patel3054@example.com,9124184626,Chennai,Tamil Nadu,Gold,2022-02-24,2026-07-01T09:00:00
C003055,Kavya,Kumar,kavya.kumar3055@example.com,9124192545,Pune,Maharashtra,Platinum,2022-02-25,2026-07-01T09:00:00
C003056,Meera,Iyer,meera.iyer3056@example.com,9124200464,Delhi,Delhi,Bronze,2022-02-26,2026-07-01T09:00:00
C003057,Nikhil,Reddy,nikhil.reddy3057@example.com,9124208383,Kolkata,West Bengal,Silver,2022-02-27,2026-07-01T09:00:00
C003058,Vikram,Singh,vikram.singh3058@example.com,9124216302,Ahmedabad,Gujarat,Gold,2022-02-28,2026-07-01T09:00:00
C003059,Akash,Nair,akash.nair3059@example.com,9124224221,Jaipur,Rajasthan,Platinum,2022-03-01,2026-07-01T09:00:00
C003060,Divya,Sharma,divya.sharma3060@example.com,9124232140,Kochi,Kerala,Bronze,2022-03-02,2026-07-01T09:00:00
C003061,Aarav,Rao,aarav.rao3061@example.com,9124240059,Hyderabad,Telangana,Silver,2022-03-03,2026-07-01T09:00:00
C003062,Vivaan,Gupta,vivaan.gupta3062@example.com,9124247978,Mumbai,Maharashtra,Gold,2022-03-04,2026-07-01T09:00:00
C003063,Aditya,Verma,aditya.verma3063@example.com,9124255897,Bengaluru,Karnataka,Platinum,2022-03-05,2026-07-01T09:00:00
C003064,Arjun,Patel,arjun.patel3064@example.com,9124263816,Chennai,Tamil Nadu,Bronze,2022-03-06,2026-07-01T09:00:00
C003065,Sai,Kumar,sai.kumar3065@example.com,9124271735,Pune,Maharashtra,Silver,2022-03-07,2026-07-01T09:00:00
C003066,Rohan,Iyer,rohan.iyer3066@example.com,9124279654,Delhi,Delhi,Gold,2022-03-08,2026-07-01T09:00:00
C003067,Rahul,Reddy,rahul.reddy3067@example.com,9124287573,Kolkata,West Bengal,Platinum,2022-03-09,2026-07-01T09:00:00
C003068,Kiran,Singh,kiran.singh3068@example.com,9124295492,Ahmedabad,Gujarat,Bronze,2022-03-10,2026-07-01T09:00:00
C003069,Priya,Nair,priya.nair3069@example.com,9124303411,Jaipur,Rajasthan,Silver,2022-03-11,2026-07-01T09:00:00
C003070,Ananya,Sharma,ananya.sharma3070@example.com,9124311330,Kochi,Kerala,Gold,2022-03-12,2026-07-01T09:00:00
C003071,Isha,Rao,isha.rao3071@example.com,9124319249,Hyderabad,Telangana,Platinum,2022-03-13,2026-07-01T09:00:00
C003072,Neha,Gupta,neha.gupta3072@example.com,9124327168,Mumbai,Maharashtra,Bronze,2022-03-14,2026-07-01T09:00:00
C003073,Sneha,Verma,sneha.verma3073@example.com,9124335087,Bengaluru,Karnataka,Silver,2022-03-15,2026-07-01T09:00:00
C003074,Pooja,Patel,pooja.patel3074@example.com,9124343006,Chennai,Tamil Nadu,Gold,2022-03-16,2026-07-01T09:00:00
C003075,Kavya,Kumar,kavya.kumar3075@example.com,9124350925,Pune,Maharashtra,Platinum,2022-03-17,2026-07-01T09:00:00
C003076,Meera,Iyer,meera.iyer3076@example.com,9124358844,Delhi,Delhi,Bronze,2022-03-18,2026-07-01T09:00:00
C003077,Nikhil,Reddy,nikhil.reddy3077@example.com,9124366763,Kolkata,West Bengal,Silver,2022-03-19,2026-07-01T09:00:00
C003078,Vikram,Singh,vikram.singh3078@example.com,9124374682,Ahmedabad,Gujarat,Gold,2022-03-20,2026-07-01T09:00:00
C003079,Akash,Nair,akash.nair3079@example.com,9124382601,Jaipur,Rajasthan,Platinum,2022-03-21,2026-07-01T09:00:00
C003080,Divya,Sharma,divya.sharma3080@example.com,9124390520,Kochi,Kerala,Bronze,2022-03-22,2026-07-01T09:00:00
C003081,Aarav,Rao,aarav.rao3081@example.com,9124398439,Hyderabad,Telangana,Silver,2022-03-23,2026-07-01T09:00:00
C003082,Vivaan,Gupta,vivaan.gupta3082@example.com,9124406358,Mumbai,Maharashtra,Gold,2022-03-24,2026-07-01T09:00:00
C003083,Aditya,Verma,aditya.verma3083@example.com,9124414277,Bengaluru,Karnataka,Platinum,2022-03-25,2026-07-01T09:00:00
C003084,Arjun,Patel,arjun.patel3084@example.com,9124422196,Chennai,Tamil Nadu,Bronze,2022-03-26,2026-07-01T09:00:00
C003085,Sai,Kumar,sai.kumar3085@example.com,9124430115,Pune,Maharashtra,Silver,2022-03-27,2026-07-01T09:00:00
C003086,Rohan,Iyer,rohan.iyer3086@example.com,9124438034,Delhi,Delhi,Gold,2022-03-28,2026-07-01T09:00:00
C003087,Rahul,Reddy,rahul.reddy3087@example.com,9124445953,Kolkata,West Bengal,Platinum,2022-03-29,2026-07-01T09:00:00
C003088,Kiran,Singh,kiran.singh3088@example.com,9124453872,Ahmedabad,Gujarat,Bronze,2022-03-30,2026-07-01T09:00:00
C003089,Priya,Nair,priya.nair3089@example.com,9124461791,Jaipur,Rajasthan,Silver,2022-03-31,2026-07-01T09:00:00
C003090,Ananya,Sharma,ananya.sharma3090@example.com,9124469710,Kochi,Kerala,Gold,2022-04-01,2026-07-01T09:00:00
C003091,Isha,Rao,isha.rao3091@example.com,9124477629,Hyderabad,Telangana,Platinum,2022-04-02,2026-07-01T09:00:00
C003092,Neha,Gupta,neha.gupta3092@example.com,9124485548,Mumbai,Maharashtra,Bronze,2022-04-03,2026-07-01T09:00:00
C003093,Sneha,Verma,sneha.verma3093@example.com,9124493467,Bengaluru,Karnataka,Silver,2022-04-04,2026-07-01T09:00:00
C003094,Pooja,Patel,pooja.patel3094@example.com,9124501386,Chennai,Tamil Nadu,Gold,2022-04-05,2026-07-01T09:00:00
C003095,Kavya,Kumar,kavya.kumar3095@example.com,9124509305,Pune,Maharashtra,Platinum,2022-04-06,2026-07-01T09:00:00
C003096,Meera,Iyer,meera.iyer3096@example.com,9124517224,Delhi,Delhi,Bronze,2022-04-07,2026-07-01T09:00:00
C003097,Nikhil,Reddy,nikhil.reddy3097@example.com,9124525143,Kolkata,West Bengal,Silver,2022-04-08,2026-07-01T09:00:00
C003098,Vikram,Singh,vikram.singh3098@example.com,9124533062,Ahmedabad,Gujarat,Gold,2022-04-09,2026-07-01T09:00:00
C003099,Akash,Nair,akash.nair3099@example.com,9124540981,Jaipur,Rajasthan,Platinum,2022-04-10,2026-07-01T09:00:00
C003100,Divya,Sharma,divya.sharma3100@example.com,9124548900,Kochi,Kerala,Bronze,2022-04-11,2026-07-01T09:00:00
C003101,Aarav,Rao,aarav.rao3101@example.com,9124556819,Hyderabad,Telangana,Silver,2022-04-12,2026-07-01T09:00:00
C003102,Vivaan,Gupta,vivaan.gupta3102@example.com,9124564738,Mumbai,Maharashtra,Gold,2022-04-13,2026-07-01T09:00:00
C003103,Aditya,Verma,aditya.verma3103@example.com,9124572657,Bengaluru,Karnataka,Platinum,2022-04-14,2026-07-01T09:00:00
C003104,Arjun,Patel,arjun.patel3104@example.com,9124580576,Chennai,Tamil Nadu,Bronze,2022-04-15,2026-07-01T09:00:00
C003105,Sai,Kumar,sai.kumar3105@example.com,9124588495,Pune,Maharashtra,Silver,2022-04-16,2026-07-01T09:00:00
C003106,Rohan,Iyer,rohan.iyer3106@example.com,9124596414,Delhi,Delhi,Gold,2022-04-17,2026-07-01T09:00:00
C003107,Rahul,Reddy,rahul.reddy3107@example.com,9124604333,Kolkata,West Bengal,Platinum,2022-04-18,2026-07-01T09:00:00
C003108,Kiran,Singh,kiran.singh3108@example.com,9124612252,Ahmedabad,Gujarat,Bronze,2022-04-19,2026-07-01T09:00:00
C003109,Priya,Nair,priya.nair3109@example.com,9124620171,Jaipur,Rajasthan,Silver,2022-04-20,2026-07-01T09:00:00
C003110,Ananya,Sharma,ananya.sharma3110@example.com,9124628090,Kochi,Kerala,Gold,2022-04-21,2026-07-01T09:00:00
C003111,Isha,Rao,isha.rao3111@example.com,9124636009,Hyderabad,Telangana,Platinum,2022-04-22,2026-07-01T09:00:00
C003112,Neha,Gupta,neha.gupta3112@example.com,9124643928,Mumbai,Maharashtra,Bronze,2022-04-23,2026-07-01T09:00:00
C003113,Sneha,Verma,sneha.verma3113@example.com,9124651847,Bengaluru,Karnataka,Silver,2022-04-24,2026-07-01T09:00:00
C003114,Pooja,Patel,pooja.patel3114@example.com,9124659766,Chennai,Tamil Nadu,Gold,2022-04-25,2026-07-01T09:00:00
C003115,Kavya,Kumar,kavya.kumar3115@example.com,9124667685,Pune,Maharashtra,Platinum,2022-04-26,2026-07-01T09:00:00
C003116,Meera,Iyer,meera.iyer3116@example.com,9124675604,Delhi,Delhi,Bronze,2022-04-27,2026-07-01T09:00:00
C003117,Nikhil,Reddy,nikhil.reddy3117@example.com,9124683523,Kolkata,West Bengal,Silver,2022-04-28,2026-07-01T09:00:00
C003118,Vikram,Singh,vikram.singh3118@example.com,9124691442,Ahmedabad,Gujarat,Gold,2022-04-29,2026-07-01T09:00:00
C003119,Akash,Nair,akash.nair3119@example.com,9124699361,Jaipur,Rajasthan,Platinum,2022-04-30,2026-07-01T09:00:00
C003120,Divya,Sharma,divya.sharma3120@example.com,9124707280,Kochi,Kerala,Bronze,2022-05-01,2026-07-01T09:00:00
C003121,Aarav,Rao,aarav.rao3121@example.com,9124715199,Hyderabad,Telangana,Silver,2022-05-02,2026-07-01T09:00:00
C003122,Vivaan,Gupta,vivaan.gupta3122@example.com,9124723118,Mumbai,Maharashtra,Gold,2022-05-03,2026-07-01T09:00:00
C003123,Aditya,Verma,aditya.verma3123@example.com,9124731037,Bengaluru,Karnataka,Platinum,2022-05-04,2026-07-01T09:00:00
C003124,Arjun,Patel,arjun.patel3124@example.com,9124738956,Chennai,Tamil Nadu,Bronze,2022-05-05,2026-07-01T09:00:00
C003125,Sai,Kumar,sai.kumar3125@example.com,9124746875,Pune,Maharashtra,Silver,2022-05-06,2026-07-01T09:00:00
C003126,Rohan,Iyer,rohan.iyer3126@example.com,9124754794,Delhi,Delhi,Gold,2022-05-07,2026-07-01T09:00:00
C003127,Rahul,Reddy,rahul.reddy3127@example.com,9124762713,Kolkata,West Bengal,Platinum,2022-05-08,2026-07-01T09:00:00
C003128,Kiran,Singh,kiran.singh3128@example.com,9124770632,Ahmedabad,Gujarat,Bronze,2022-05-09,2026-07-01T09:00:00
C003129,Priya,Nair,priya.nair3129@example.com,9124778551,Jaipur,Rajasthan,Silver,2022-05-10,2026-07-01T09:00:00
C003130,Ananya,Sharma,ananya.sharma3130@example.com,9124786470,Kochi,Kerala,Gold,2022-05-11,2026-07-01T09:00:00
C003131,Isha,Rao,isha.rao3131@example.com,9124794389,Hyderabad,Telangana,Platinum,2022-05-12,2026-07-01T09:00:00
C003132,Neha,Gupta,neha.gupta3132@example.com,9124802308,Mumbai,Maharashtra,Bronze,2022-05-13,2026-07-01T09:00:00
C003133,Sneha,Verma,sneha.verma3133@example.com,9124810227,Bengaluru,Karnataka,Silver,2022-05-14,2026-07-01T09:00:00
C003134,Pooja,Patel,pooja.patel3134@example.com,9124818146,Chennai,Tamil Nadu,Gold,2022-05-15,2026-07-01T09:00:00
C003135,Kavya,Kumar,kavya.kumar3135@example.com,9124826065,Pune,Maharashtra,Platinum,2022-05-16,2026-07-01T09:00:00
C003136,Meera,Iyer,meera.iyer3136@example.com,9124833984,Delhi,Delhi,Bronze,2022-05-17,2026-07-01T09:00:00
C003137,Nikhil,Reddy,nikhil.reddy3137@example.com,9124841903,Kolkata,West Bengal,Silver,2022-05-18,2026-07-01T09:00:00
C003138,Vikram,Singh,vikram.singh3138@example.com,9124849822,Ahmedabad,Gujarat,Gold,2022-05-19,2026-07-01T09:00:00
C003139,Akash,Nair,akash.nair3139@example.com,9124857741,Jaipur,Rajasthan,Platinum,2022-05-20,2026-07-01T09:00:00
C003140,Divya,Sharma,divya.sharma3140@example.com,9124865660,Kochi,Kerala,Bronze,2022-05-21,2026-07-01T09:00:00
C003141,Aarav,Rao,aarav.rao3141@example.com,9124873579,Hyderabad,Telangana,Silver,2022-05-22,2026-07-01T09:00:00
C003142,Vivaan,Gupta,vivaan.gupta3142@example.com,9124881498,Mumbai,Maharashtra,Gold,2022-05-23,2026-07-01T09:00:00
C003143,Aditya,Verma,aditya.verma3143@example.com,9124889417,Bengaluru,Karnataka,Platinum,2022-05-24,2026-07-01T09:00:00
C003144,Arjun,Patel,arjun.patel3144@example.com,9124897336,Chennai,Tamil Nadu,Bronze,2022-05-25,2026-07-01T09:00:00
C003145,Sai,Kumar,sai.kumar3145@example.com,9124905255,Pune,Maharashtra,Silver,2022-05-26,2026-07-01T09:00:00
C003146,Rohan,Iyer,rohan.iyer3146@example.com,9124913174,Delhi,Delhi,Gold,2022-05-27,2026-07-01T09:00:00
C003147,Rahul,Reddy,rahul.reddy3147@example.com,9124921093,Kolkata,West Bengal,Platinum,2022-05-28,2026-07-01T09:00:00
C003148,Kiran,Singh,kiran.singh3148@example.com,9124929012,Ahmedabad,Gujarat,Bronze,2022-05-29,2026-07-01T09:00:00
C003149,Priya,Nair,priya.nair3149@example.com,9124936931,Jaipur,Rajasthan,Silver,2022-05-30,2026-07-01T09:00:00
C003150,Ananya,Sharma,ananya.sharma3150@example.com,9124944850,Kochi,Kerala,Gold,2022-05-31,2026-07-01T09:00:00
C003151,Isha,Rao,isha.rao3151@example.com,9124952769,Hyderabad,Telangana,Platinum,2022-06-01,2026-07-01T09:00:00
C003152,Neha,Gupta,neha.gupta3152@example.com,9124960688,Mumbai,Maharashtra,Bronze,2022-06-02,2026-07-01T09:00:00
C003153,Sneha,Verma,sneha.verma3153@example.com,9124968607,Bengaluru,Karnataka,Silver,2022-06-03,2026-07-01T09:00:00
C003154,Pooja,Patel,pooja.patel3154@example.com,9124976526,Chennai,Tamil Nadu,Gold,2022-06-04,2026-07-01T09:00:00
C003155,Kavya,Kumar,kavya.kumar3155@example.com,9124984445,Pune,Maharashtra,Platinum,2022-06-05,2026-07-01T09:00:00
C003156,Meera,Iyer,meera.iyer3156@example.com,9124992364,Delhi,Delhi,Bronze,2022-06-06,2026-07-01T09:00:00
C003157,Nikhil,Reddy,nikhil.reddy3157@example.com,9125000283,Kolkata,West Bengal,Silver,2022-06-07,2026-07-01T09:00:00
C003158,Vikram,Singh,vikram.singh3158@example.com,9125008202,Ahmedabad,Gujarat,Gold,2022-06-08,2026-07-01T09:00:00
C003159,Akash,Nair,akash.nair3159@example.com,9125016121,Jaipur,Rajasthan,Platinum,2022-06-09,2026-07-01T09:00:00
C003160,Divya,Sharma,divya.sharma3160@example.com,9125024040,Kochi,Kerala,Bronze,2022-06-10,2026-07-01T09:00:00
C003161,Aarav,Rao,aarav.rao3161@example.com,9125031959,Hyderabad,Telangana,Silver,2022-06-11,2026-07-01T09:00:00
C003162,Vivaan,Gupta,vivaan.gupta3162@example.com,9125039878,Mumbai,Maharashtra,Gold,2022-06-12,2026-07-01T09:00:00
C003163,Aditya,Verma,aditya.verma3163@example.com,9125047797,Bengaluru,Karnataka,Platinum,2022-06-13,2026-07-01T09:00:00
C003164,Arjun,Patel,arjun.patel3164@example.com,9125055716,Chennai,Tamil Nadu,Bronze,2022-06-14,2026-07-01T09:00:00
C003165,Sai,Kumar,sai.kumar3165@example.com,9125063635,Pune,Maharashtra,Silver,2022-06-15,2026-07-01T09:00:00
C003166,Rohan,Iyer,rohan.iyer3166@example.com,9125071554,Delhi,Delhi,Gold,2022-06-16,2026-07-01T09:00:00
C003167,Rahul,Reddy,rahul.reddy3167@example.com,9125079473,Kolkata,West Bengal,Platinum,2022-06-17,2026-07-01T09:00:00
C003168,Kiran,Singh,kiran.singh3168@example.com,9125087392,Ahmedabad,Gujarat,Bronze,2022-06-18,2026-07-01T09:00:00
C003169,Priya,Nair,priya.nair3169@example.com,9125095311,Jaipur,Rajasthan,Silver,2022-06-19,2026-07-01T09:00:00
C003170,Ananya,Sharma,ananya.sharma3170@example.com,9125103230,Kochi,Kerala,Gold,2022-06-20,2026-07-01T09:00:00
C003171,Isha,Rao,isha.rao3171@example.com,9125111149,Hyderabad,Telangana,Platinum,2022-06-21,2026-07-01T09:00:00
C003172,Neha,Gupta,neha.gupta3172@example.com,9125119068,Mumbai,Maharashtra,Bronze,2022-06-22,2026-07-01T09:00:00
C003173,Sneha,Verma,sneha.verma3173@example.com,9125126987,Bengaluru,Karnataka,Silver,2022-06-23,2026-07-01T09:00:00
C003174,Pooja,Patel,pooja.patel3174@example.com,9125134906,Chennai,Tamil Nadu,Gold,2022-06-24,2026-07-01T09:00:00
C003175,Kavya,Kumar,kavya.kumar3175@example.com,9125142825,Pune,Maharashtra,Platinum,2022-06-25,2026-07-01T09:00:00
C003176,Meera,Iyer,meera.iyer3176@example.com,9125150744,Delhi,Delhi,Bronze,2022-06-26,2026-07-01T09:00:00
C003177,Nikhil,Reddy,nikhil.reddy3177@example.com,9125158663,Kolkata,West Bengal,Silver,2022-06-27,2026-07-01T09:00:00
C003178,Vikram,Singh,vikram.singh3178@example.com,9125166582,Ahmedabad,Gujarat,Gold,2022-06-28,2026-07-01T09:00:00
C003179,Akash,Nair,akash.nair3179@example.com,9125174501,Jaipur,Rajasthan,Platinum,2022-06-29,2026-07-01T09:00:00
C003180,Divya,Sharma,divya.sharma3180@example.com,9125182420,Kochi,Kerala,Bronze,2022-06-30,2026-07-01T09:00:00
C003181,Aarav,Rao,aarav.rao3181@example.com,9125190339,Hyderabad,Telangana,Silver,2022-07-01,2026-07-01T09:00:00
C003182,Vivaan,Gupta,vivaan.gupta3182@example.com,9125198258,Mumbai,Maharashtra,Gold,2022-07-02,2026-07-01T09:00:00
C003183,Aditya,Verma,aditya.verma3183@example.com,9125206177,Bengaluru,Karnataka,Platinum,2022-07-03,2026-07-01T09:00:00
C003184,Arjun,Patel,arjun.patel3184@example.com,9125214096,Chennai,Tamil Nadu,Bronze,2022-07-04,2026-07-01T09:00:00
C003185,Sai,Kumar,sai.kumar3185@example.com,9125222015,Pune,Maharashtra,Silver,2022-07-05,2026-07-01T09:00:00
C003186,Rohan,Iyer,rohan.iyer3186@example.com,9125229934,Delhi,Delhi,Gold,2022-07-06,2026-07-01T09:00:00
C003187,Rahul,Reddy,rahul.reddy3187@example.com,9125237853,Kolkata,West Bengal,Platinum,2022-07-07,2026-07-01T09:00:00
C003188,Kiran,Singh,kiran.singh3188@example.com,9125245772,Ahmedabad,Gujarat,Bronze,2022-07-08,2026-07-01T09:00:00
C003189,Priya,Nair,priya.nair3189@example.com,9125253691,Jaipur,Rajasthan,Silver,2022-07-09,2026-07-01T09:00:00
C003190,Ananya,Sharma,ananya.sharma3190@example.com,9125261610,Kochi,Kerala,Gold,2022-07-10,2026-07-01T09:00:00
C003191,Isha,Rao,isha.rao3191@example.com,9125269529,Hyderabad,Telangana,Platinum,2022-07-11,2026-07-01T09:00:00
C003192,Neha,Gupta,neha.gupta3192@example.com,9125277448,Mumbai,Maharashtra,Bronze,2022-07-12,2026-07-01T09:00:00
C003193,Sneha,Verma,sneha.verma3193@example.com,9125285367,Bengaluru,Karnataka,Silver,2022-07-13,2026-07-01T09:00:00
C003194,Pooja,Patel,pooja.patel3194@example.com,9125293286,Chennai,Tamil Nadu,Gold,2022-07-14,2026-07-01T09:00:00
C003195,Kavya,Kumar,kavya.kumar3195@example.com,9125301205,Pune,Maharashtra,Platinum,2022-07-15,2026-07-01T09:00:00
C003196,Meera,Iyer,meera.iyer3196@example.com,9125309124,Delhi,Delhi,Bronze,2022-07-16,2026-07-01T09:00:00
C003197,Nikhil,Reddy,nikhil.reddy3197@example.com,9125317043,Kolkata,West Bengal,Silver,2022-07-17,2026-07-01T09:00:00
C003198,Vikram,Singh,vikram.singh3198@example.com,9125324962,Ahmedabad,Gujarat,Gold,2022-07-18,2026-07-01T09:00:00
C003199,Akash,Nair,akash.nair3199@example.com,9125332881,Jaipur,Rajasthan,Platinum,2022-07-19,2026-07-01T09:00:00
C003200,Divya,Sharma,divya.sharma3200@example.com,9125340800,Kochi,Kerala,Bronze,2022-07-20,2026-07-01T09:00:00
C003201,Aarav,Rao,aarav.rao3201@example.com,9125348719,Hyderabad,Telangana,Silver,2022-07-21,2026-07-01T09:00:00
C003202,Vivaan,Gupta,vivaan.gupta3202@example.com,9125356638,Mumbai,Maharashtra,Gold,2022-07-22,2026-07-01T09:00:00
C003203,Aditya,Verma,aditya.verma3203@example.com,9125364557,Bengaluru,Karnataka,Platinum,2022-07-23,2026-07-01T09:00:00
C003204,Arjun,Patel,arjun.patel3204@example.com,9125372476,Chennai,Tamil Nadu,Bronze,2022-07-24,2026-07-01T09:00:00
C003205,Sai,Kumar,sai.kumar3205@example.com,9125380395,Pune,Maharashtra,Silver,2022-07-25,2026-07-01T09:00:00
C003206,Rohan,Iyer,rohan.iyer3206@example.com,9125388314,Delhi,Delhi,Gold,2022-07-26,2026-07-01T09:00:00
C003207,Rahul,Reddy,rahul.reddy3207@example.com,9125396233,Kolkata,West Bengal,Platinum,2022-07-27,2026-07-01T09:00:00
C003208,Kiran,Singh,kiran.singh3208@example.com,9125404152,Ahmedabad,Gujarat,Bronze,2022-07-28,2026-07-01T09:00:00
C003209,Priya,Nair,priya.nair3209@example.com,9125412071,Jaipur,Rajasthan,Silver,2022-07-29,2026-07-01T09:00:00
C003210,Ananya,Sharma,ananya.sharma3210@example.com,9125419990,Kochi,Kerala,Gold,2022-07-30,2026-07-01T09:00:00
C003211,Isha,Rao,isha.rao3211@example.com,9125427909,Hyderabad,Telangana,Platinum,2022-07-31,2026-07-01T09:00:00
C003212,Neha,Gupta,neha.gupta3212@example.com,9125435828,Mumbai,Maharashtra,Bronze,2022-08-01,2026-07-01T09:00:00
C003213,Sneha,Verma,sneha.verma3213@example.com,9125443747,Bengaluru,Karnataka,Silver,2022-08-02,2026-07-01T09:00:00
C003214,Pooja,Patel,pooja.patel3214@example.com,9125451666,Chennai,Tamil Nadu,Gold,2022-08-03,2026-07-01T09:00:00
C003215,Kavya,Kumar,kavya.kumar3215@example.com,9125459585,Pune,Maharashtra,Platinum,2022-08-04,2026-07-01T09:00:00
C003216,Meera,Iyer,meera.iyer3216@example.com,9125467504,Delhi,Delhi,Bronze,2022-08-05,2026-07-01T09:00:00
C003217,Nikhil,Reddy,nikhil.reddy3217@example.com,9125475423,Kolkata,West Bengal,Silver,2022-08-06,2026-07-01T09:00:00
C003218,Vikram,Singh,vikram.singh3218@example.com,9125483342,Ahmedabad,Gujarat,Gold,2022-08-07,2026-07-01T09:00:00
C003219,Akash,Nair,akash.nair3219@example.com,9125491261,Jaipur,Rajasthan,Platinum,2022-08-08,2026-07-01T09:00:00
C003220,Divya,Sharma,divya.sharma3220@example.com,9125499180,Kochi,Kerala,Bronze,2022-08-09,2026-07-01T09:00:00
C003221,Aarav,Rao,aarav.rao3221@example.com,9125507099,Hyderabad,Telangana,Silver,2022-08-10,2026-07-01T09:00:00
C003222,Vivaan,Gupta,vivaan.gupta3222@example.com,9125515018,Mumbai,Maharashtra,Gold,2022-08-11,2026-07-01T09:00:00
C003223,Aditya,Verma,aditya.verma3223@example.com,9125522937,Bengaluru,Karnataka,Platinum,2022-08-12,2026-07-01T09:00:00
C003224,Arjun,Patel,arjun.patel3224@example.com,9125530856,Chennai,Tamil Nadu,Bronze,2022-08-13,2026-07-01T09:00:00
C003225,Sai,Kumar,sai.kumar3225@example.com,9125538775,Pune,Maharashtra,Silver,2022-08-14,2026-07-01T09:00:00
C003226,Rohan,Iyer,rohan.iyer3226@example.com,9125546694,Delhi,Delhi,Gold,2022-08-15,2026-07-01T09:00:00
C003227,Rahul,Reddy,rahul.reddy3227@example.com,9125554613,Kolkata,West Bengal,Platinum,2022-08-16,2026-07-01T09:00:00
C003228,Kiran,Singh,kiran.singh3228@example.com,9125562532,Ahmedabad,Gujarat,Bronze,2022-08-17,2026-07-01T09:00:00
C003229,Priya,Nair,priya.nair3229@example.com,9125570451,Jaipur,Rajasthan,Silver,2022-08-18,2026-07-01T09:00:00
C003230,Ananya,Sharma,ananya.sharma3230@example.com,9125578370,Kochi,Kerala,Gold,2022-08-19,2026-07-01T09:00:00
C003231,Isha,Rao,isha.rao3231@example.com,9125586289,Hyderabad,Telangana,Platinum,2022-08-20,2026-07-01T09:00:00
C003232,Neha,Gupta,neha.gupta3232@example.com,9125594208,Mumbai,Maharashtra,Bronze,2022-08-21,2026-07-01T09:00:00
C003233,Sneha,Verma,sneha.verma3233@example.com,9125602127,Bengaluru,Karnataka,Silver,2022-08-22,2026-07-01T09:00:00
C003234,Pooja,Patel,pooja.patel3234@example.com,9125610046,Chennai,Tamil Nadu,Gold,2022-08-23,2026-07-01T09:00:00
C003235,Kavya,Kumar,kavya.kumar3235@example.com,9125617965,Pune,Maharashtra,Platinum,2022-08-24,2026-07-01T09:00:00
C003236,Meera,Iyer,meera.iyer3236@example.com,9125625884,Delhi,Delhi,Bronze,2022-08-25,2026-07-01T09:00:00
C003237,Nikhil,Reddy,nikhil.reddy3237@example.com,9125633803,Kolkata,West Bengal,Silver,2022-08-26,2026-07-01T09:00:00
C003238,Vikram,Singh,vikram.singh3238@example.com,9125641722,Ahmedabad,Gujarat,Gold,2022-08-27,2026-07-01T09:00:00
C003239,Akash,Nair,akash.nair3239@example.com,9125649641,Jaipur,Rajasthan,Platinum,2022-08-28,2026-07-01T09:00:00
C003240,Divya,Sharma,divya.sharma3240@example.com,9125657560,Kochi,Kerala,Bronze,2022-08-29,2026-07-01T09:00:00
C003241,Aarav,Rao,aarav.rao3241@example.com,9125665479,Hyderabad,Telangana,Silver,2022-08-30,2026-07-01T09:00:00
C003242,Vivaan,Gupta,vivaan.gupta3242@example.com,9125673398,Mumbai,Maharashtra,Gold,2022-08-31,2026-07-01T09:00:00
C003243,Aditya,Verma,aditya.verma3243@example.com,9125681317,Bengaluru,Karnataka,Platinum,2022-09-01,2026-07-01T09:00:00
C003244,Arjun,Patel,arjun.patel3244@example.com,9125689236,Chennai,Tamil Nadu,Bronze,2022-09-02,2026-07-01T09:00:00
C003245,Sai,Kumar,sai.kumar3245@example.com,9125697155,Pune,Maharashtra,Silver,2022-09-03,2026-07-01T09:00:00
C003246,Rohan,Iyer,rohan.iyer3246@example.com,9125705074,Delhi,Delhi,Gold,2022-09-04,2026-07-01T09:00:00
C003247,Rahul,Reddy,rahul.reddy3247@example.com,9125712993,Kolkata,West Bengal,Platinum,2022-09-05,2026-07-01T09:00:00
C003248,Kiran,Singh,kiran.singh3248@example.com,9125720912,Ahmedabad,Gujarat,Bronze,2022-09-06,2026-07-01T09:00:00
C003249,Priya,Nair,priya.nair3249@example.com,9125728831,Jaipur,Rajasthan,Silver,2022-09-07,2026-07-01T09:00:00
C003250,Ananya,Sharma,ananya.sharma3250@example.com,9125736750,Kochi,Kerala,Gold,2022-09-08,2026-07-01T09:00:00
C003251,Isha,Rao,isha.rao3251@example.com,9125744669,Hyderabad,Telangana,Platinum,2022-09-09,2026-07-01T09:00:00
C003252,Neha,Gupta,neha.gupta3252@example.com,9125752588,Mumbai,Maharashtra,Bronze,2022-09-10,2026-07-01T09:00:00
C003253,Sneha,Verma,sneha.verma3253@example.com,9125760507,Bengaluru,Karnataka,Silver,2022-09-11,2026-07-01T09:00:00
C003254,Pooja,Patel,pooja.patel3254@example.com,9125768426,Chennai,Tamil Nadu,Gold,2022-09-12,2026-07-01T09:00:00
C003255,Kavya,Kumar,kavya.kumar3255@example.com,9125776345,Pune,Maharashtra,Platinum,2022-09-13,2026-07-01T09:00:00
C003256,Meera,Iyer,meera.iyer3256@example.com,9125784264,Delhi,Delhi,Bronze,2022-09-14,2026-07-01T09:00:00
C003257,Nikhil,Reddy,nikhil.reddy3257@example.com,9125792183,Kolkata,West Bengal,Silver,2022-09-15,2026-07-01T09:00:00
C003258,Vikram,Singh,vikram.singh3258@example.com,9125800102,Ahmedabad,Gujarat,Gold,2022-09-16,2026-07-01T09:00:00
C003259,Akash,Nair,akash.nair3259@example.com,9125808021,Jaipur,Rajasthan,Platinum,2022-09-17,2026-07-01T09:00:00
C003260,Divya,Sharma,divya.sharma3260@example.com,9125815940,Kochi,Kerala,Bronze,2022-09-18,2026-07-01T09:00:00
C003261,Aarav,Rao,aarav.rao3261@example.com,9125823859,Hyderabad,Telangana,Silver,2022-09-19,2026-07-01T09:00:00
C003262,Vivaan,Gupta,vivaan.gupta3262@example.com,9125831778,Mumbai,Maharashtra,Gold,2022-09-20,2026-07-01T09:00:00
C003263,Aditya,Verma,aditya.verma3263@example.com,9125839697,Bengaluru,Karnataka,Platinum,2022-09-21,2026-07-01T09:00:00
C003264,Arjun,Patel,arjun.patel3264@example.com,9125847616,Chennai,Tamil Nadu,Bronze,2022-09-22,2026-07-01T09:00:00
C003265,Sai,Kumar,sai.kumar3265@example.com,9125855535,Pune,Maharashtra,Silver,2022-09-23,2026-07-01T09:00:00
C003266,Rohan,Iyer,rohan.iyer3266@example.com,9125863454,Delhi,Delhi,Gold,2022-09-24,2026-07-01T09:00:00
C003267,Rahul,Reddy,rahul.reddy3267@example.com,9125871373,Kolkata,West Bengal,Platinum,2022-09-25,2026-07-01T09:00:00
C003268,Kiran,Singh,kiran.singh3268@example.com,9125879292,Ahmedabad,Gujarat,Bronze,2022-09-26,2026-07-01T09:00:00
C003269,Priya,Nair,priya.nair3269@example.com,9125887211,Jaipur,Rajasthan,Silver,2022-09-27,2026-07-01T09:00:00
C003270,Ananya,Sharma,ananya.sharma3270@example.com,9125895130,Kochi,Kerala,Gold,2022-09-28,2026-07-01T09:00:00
C003271,Isha,Rao,isha.rao3271@example.com,9125903049,Hyderabad,Telangana,Platinum,2022-09-29,2026-07-01T09:00:00
C003272,Neha,Gupta,neha.gupta3272@example.com,9125910968,Mumbai,Maharashtra,Bronze,2022-09-30,2026-07-01T09:00:00
C003273,Sneha,Verma,sneha.verma3273@example.com,9125918887,Bengaluru,Karnataka,Silver,2022-10-01,2026-07-01T09:00:00
C003274,Pooja,Patel,pooja.patel3274@example.com,9125926806,Chennai,Tamil Nadu,Gold,2022-10-02,2026-07-01T09:00:00
C003275,Kavya,Kumar,kavya.kumar3275@example.com,9125934725,Pune,Maharashtra,Platinum,2022-10-03,2026-07-01T09:00:00
C003276,Meera,Iyer,meera.iyer3276@example.com,9125942644,Delhi,Delhi,Bronze,2022-10-04,2026-07-01T09:00:00
C003277,Nikhil,Reddy,nikhil.reddy3277@example.com,9125950563,Kolkata,West Bengal,Silver,2022-10-05,2026-07-01T09:00:00
C003278,Vikram,Singh,vikram.singh3278@example.com,9125958482,Ahmedabad,Gujarat,Gold,2022-10-06,2026-07-01T09:00:00
C003279,Akash,Nair,akash.nair3279@example.com,9125966401,Jaipur,Rajasthan,Platinum,2022-10-07,2026-07-01T09:00:00
C003280,Divya,Sharma,divya.sharma3280@example.com,9125974320,Kochi,Kerala,Bronze,2022-10-08,2026-07-01T09:00:00
C003281,Aarav,Rao,aarav.rao3281@example.com,9125982239,Hyderabad,Telangana,Silver,2022-10-09,2026-07-01T09:00:00
C003282,Vivaan,Gupta,vivaan.gupta3282@example.com,9125990158,Mumbai,Maharashtra,Gold,2022-10-10,2026-07-01T09:00:00
C003283,Aditya,Verma,aditya.verma3283@example.com,9125998077,Bengaluru,Karnataka,Platinum,2022-10-11,2026-07-01T09:00:00
C003284,Arjun,Patel,arjun.patel3284@example.com,9126005996,Chennai,Tamil Nadu,Bronze,2022-10-12,2026-07-01T09:00:00
C003285,Sai,Kumar,sai.kumar3285@example.com,9126013915,Pune,Maharashtra,Silver,2022-10-13,2026-07-01T09:00:00
C003286,Rohan,Iyer,rohan.iyer3286@example.com,9126021834,Delhi,Delhi,Gold,2022-10-14,2026-07-01T09:00:00
C003287,Rahul,Reddy,rahul.reddy3287@example.com,9126029753,Kolkata,West Bengal,Platinum,2022-10-15,2026-07-01T09:00:00
C003288,Kiran,Singh,kiran.singh3288@example.com,9126037672,Ahmedabad,Gujarat,Bronze,2022-10-16,2026-07-01T09:00:00
C003289,Priya,Nair,priya.nair3289@example.com,9126045591,Jaipur,Rajasthan,Silver,2022-10-17,2026-07-01T09:00:00
C003290,Ananya,Sharma,ananya.sharma3290@example.com,9126053510,Kochi,Kerala,Gold,2022-10-18,2026-07-01T09:00:00
C003291,Isha,Rao,isha.rao3291@example.com,9126061429,Hyderabad,Telangana,Platinum,2022-10-19,2026-07-01T09:00:00
C003292,Neha,Gupta,neha.gupta3292@example.com,9126069348,Mumbai,Maharashtra,Bronze,2022-10-20,2026-07-01T09:00:00
C003293,Sneha,Verma,sneha.verma3293@example.com,9126077267,Bengaluru,Karnataka,Silver,2022-10-21,2026-07-01T09:00:00
C003294,Pooja,Patel,pooja.patel3294@example.com,9126085186,Chennai,Tamil Nadu,Gold,2022-10-22,2026-07-01T09:00:00
C003295,Kavya,Kumar,kavya.kumar3295@example.com,9126093105,Pune,Maharashtra,Platinum,2022-10-23,2026-07-01T09:00:00
C003296,Meera,Iyer,meera.iyer3296@example.com,9126101024,Delhi,Delhi,Bronze,2022-10-24,2026-07-01T09:00:00
C003297,Nikhil,Reddy,nikhil.reddy3297@example.com,9126108943,Kolkata,West Bengal,Silver,2022-10-25,2026-07-01T09:00:00
C003298,Vikram,Singh,vikram.singh3298@example.com,9126116862,Ahmedabad,Gujarat,Gold,2022-10-26,2026-07-01T09:00:00
C003299,Akash,Nair,akash.nair3299@example.com,9126124781,Jaipur,Rajasthan,Platinum,2022-10-27,2026-07-01T09:00:00
C003300,Divya,Sharma,divya.sharma3300@example.com,9126132700,Kochi,Kerala,Bronze,2022-10-28,2026-07-01T09:00:00
C003301,Aarav,Rao,aarav.rao3301@example.com,9126140619,Hyderabad,Telangana,Silver,2022-10-29,2026-07-01T09:00:00
C003302,Vivaan,Gupta,vivaan.gupta3302@example.com,9126148538,Mumbai,Maharashtra,Gold,2022-10-30,2026-07-01T09:00:00
C003303,Aditya,Verma,aditya.verma3303@example.com,9126156457,Bengaluru,Karnataka,Platinum,2022-10-31,2026-07-01T09:00:00
C003304,Arjun,Patel,arjun.patel3304@example.com,9126164376,Chennai,Tamil Nadu,Bronze,2022-11-01,2026-07-01T09:00:00
C003305,Sai,Kumar,sai.kumar3305@example.com,9126172295,Pune,Maharashtra,Silver,2022-11-02,2026-07-01T09:00:00
C003306,Rohan,Iyer,rohan.iyer3306@example.com,9126180214,Delhi,Delhi,Gold,2022-11-03,2026-07-01T09:00:00
C003307,Rahul,Reddy,rahul.reddy3307@example.com,9126188133,Kolkata,West Bengal,Platinum,2022-11-04,2026-07-01T09:00:00
C003308,Kiran,Singh,kiran.singh3308@example.com,9126196052,Ahmedabad,Gujarat,Bronze,2022-11-05,2026-07-01T09:00:00
C003309,Priya,Nair,priya.nair3309@example.com,9126203971,Jaipur,Rajasthan,Silver,2022-11-06,2026-07-01T09:00:00
C003310,Ananya,Sharma,ananya.sharma3310@example.com,9126211890,Kochi,Kerala,Gold,2022-11-07,2026-07-01T09:00:00
C003311,Isha,Rao,isha.rao3311@example.com,9126219809,Hyderabad,Telangana,Platinum,2022-11-08,2026-07-01T09:00:00
C003312,Neha,Gupta,neha.gupta3312@example.com,9126227728,Mumbai,Maharashtra,Bronze,2022-11-09,2026-07-01T09:00:00
C003313,Sneha,Verma,sneha.verma3313@example.com,9126235647,Bengaluru,Karnataka,Silver,2022-11-10,2026-07-01T09:00:00
C003314,Pooja,Patel,pooja.patel3314@example.com,9126243566,Chennai,Tamil Nadu,Gold,2022-11-11,2026-07-01T09:00:00
C003315,Kavya,Kumar,kavya.kumar3315@example.com,9126251485,Pune,Maharashtra,Platinum,2022-11-12,2026-07-01T09:00:00
C003316,Meera,Iyer,meera.iyer3316@example.com,9126259404,Delhi,Delhi,Bronze,2022-11-13,2026-07-01T09:00:00
C003317,Nikhil,Reddy,nikhil.reddy3317@example.com,9126267323,Kolkata,West Bengal,Silver,2022-11-14,2026-07-01T09:00:00
C003318,Vikram,Singh,vikram.singh3318@example.com,9126275242,Ahmedabad,Gujarat,Gold,2022-11-15,2026-07-01T09:00:00
C003319,Akash,Nair,akash.nair3319@example.com,9126283161,Jaipur,Rajasthan,Platinum,2022-11-16,2026-07-01T09:00:00
C003320,Divya,Sharma,divya.sharma3320@example.com,9126291080,Kochi,Kerala,Bronze,2022-11-17,2026-07-01T09:00:00
C003321,Aarav,Rao,aarav.rao3321@example.com,9126298999,Hyderabad,Telangana,Silver,2022-11-18,2026-07-01T09:00:00
C003322,Vivaan,Gupta,vivaan.gupta3322@example.com,9126306918,Mumbai,Maharashtra,Gold,2022-11-19,2026-07-01T09:00:00
C003323,Aditya,Verma,aditya.verma3323@example.com,9126314837,Bengaluru,Karnataka,Platinum,2022-11-20,2026-07-01T09:00:00
C003324,Arjun,Patel,arjun.patel3324@example.com,9126322756,Chennai,Tamil Nadu,Bronze,2022-11-21,2026-07-01T09:00:00
C003325,Sai,Kumar,sai.kumar3325@example.com,9126330675,Pune,Maharashtra,Silver,2022-11-22,2026-07-01T09:00:00
C003326,Rohan,Iyer,rohan.iyer3326@example.com,9126338594,Delhi,Delhi,Gold,2022-11-23,2026-07-01T09:00:00
C003327,Rahul,Reddy,rahul.reddy3327@example.com,9126346513,Kolkata,West Bengal,Platinum,2022-11-24,2026-07-01T09:00:00
C003328,Kiran,Singh,kiran.singh3328@example.com,9126354432,Ahmedabad,Gujarat,Bronze,2022-11-25,2026-07-01T09:00:00
C003329,Priya,Nair,priya.nair3329@example.com,9126362351,Jaipur,Rajasthan,Silver,2022-11-26,2026-07-01T09:00:00
C003330,Ananya,Sharma,ananya.sharma3330@example.com,9126370270,Kochi,Kerala,Gold,2022-11-27,2026-07-01T09:00:00
C003331,Isha,Rao,isha.rao3331@example.com,9126378189,Hyderabad,Telangana,Platinum,2022-11-28,2026-07-01T09:00:00
C003332,Neha,Gupta,neha.gupta3332@example.com,9126386108,Mumbai,Maharashtra,Bronze,2022-11-29,2026-07-01T09:00:00
C003333,Sneha,Verma,sneha.verma3333@example.com,9126394027,Bengaluru,Karnataka,Silver,2022-11-30,2026-07-01T09:00:00
C003334,Pooja,Patel,pooja.patel3334@example.com,9126401946,Chennai,Tamil Nadu,Gold,2022-12-01,2026-07-01T09:00:00
C003335,Kavya,Kumar,kavya.kumar3335@example.com,9126409865,Pune,Maharashtra,Platinum,2022-12-02,2026-07-01T09:00:00
C003336,Meera,Iyer,meera.iyer3336@example.com,9126417784,Delhi,Delhi,Bronze,2022-12-03,2026-07-01T09:00:00
C003337,Nikhil,Reddy,nikhil.reddy3337@example.com,9126425703,Kolkata,West Bengal,Silver,2022-12-04,2026-07-01T09:00:00
C003338,Vikram,Singh,vikram.singh3338@example.com,9126433622,Ahmedabad,Gujarat,Gold,2022-12-05,2026-07-01T09:00:00
C003339,Akash,Nair,akash.nair3339@example.com,9126441541,Jaipur,Rajasthan,Platinum,2022-12-06,2026-07-01T09:00:00
C003340,Divya,Sharma,divya.sharma3340@example.com,9126449460,Kochi,Kerala,Bronze,2022-12-07,2026-07-01T09:00:00
C003341,Aarav,Rao,aarav.rao3341@example.com,9126457379,Hyderabad,Telangana,Silver,2022-12-08,2026-07-01T09:00:00
C003342,Vivaan,Gupta,vivaan.gupta3342@example.com,9126465298,Mumbai,Maharashtra,Gold,2022-12-09,2026-07-01T09:00:00
C003343,Aditya,Verma,aditya.verma3343@example.com,9126473217,Bengaluru,Karnataka,Platinum,2022-12-10,2026-07-01T09:00:00
C003344,Arjun,Patel,arjun.patel3344@example.com,9126481136,Chennai,Tamil Nadu,Bronze,2022-12-11,2026-07-01T09:00:00
C003345,Sai,Kumar,sai.kumar3345@example.com,9126489055,Pune,Maharashtra,Silver,2022-12-12,2026-07-01T09:00:00
C003346,Rohan,Iyer,rohan.iyer3346@example.com,9126496974,Delhi,Delhi,Gold,2022-12-13,2026-07-01T09:00:00
C003347,Rahul,Reddy,rahul.reddy3347@example.com,9126504893,Kolkata,West Bengal,Platinum,2022-12-14,2026-07-01T09:00:00
C003348,Kiran,Singh,kiran.singh3348@example.com,9126512812,Ahmedabad,Gujarat,Bronze,2022-12-15,2026-07-01T09:00:00
C003349,Priya,Nair,priya.nair3349@example.com,9126520731,Jaipur,Rajasthan,Silver,2022-12-16,2026-07-01T09:00:00
C003350,Ananya,Sharma,ananya.sharma3350@example.com,9126528650,Kochi,Kerala,Gold,2022-12-17,2026-07-01T09:00:00
C003351,Isha,Rao,isha.rao3351@example.com,9126536569,Hyderabad,Telangana,Platinum,2022-12-18,2026-07-01T09:00:00
C003352,Neha,Gupta,neha.gupta3352@example.com,9126544488,Mumbai,Maharashtra,Bronze,2022-12-19,2026-07-01T09:00:00
C003353,Sneha,Verma,sneha.verma3353@example.com,9126552407,Bengaluru,Karnataka,Silver,2022-12-20,2026-07-01T09:00:00
C003354,Pooja,Patel,pooja.patel3354@example.com,9126560326,Chennai,Tamil Nadu,Gold,2022-12-21,2026-07-01T09:00:00
C003355,Kavya,Kumar,kavya.kumar3355@example.com,9126568245,Pune,Maharashtra,Platinum,2022-12-22,2026-07-01T09:00:00
C003356,Meera,Iyer,meera.iyer3356@example.com,9126576164,Delhi,Delhi,Bronze,2022-12-23,2026-07-01T09:00:00
C003357,Nikhil,Reddy,nikhil.reddy3357@example.com,9126584083,Kolkata,West Bengal,Silver,2022-12-24,2026-07-01T09:00:00
C003358,Vikram,Singh,vikram.singh3358@example.com,9126592002,Ahmedabad,Gujarat,Gold,2022-12-25,2026-07-01T09:00:00
C003359,Akash,Nair,akash.nair3359@example.com,9126599921,Jaipur,Rajasthan,Platinum,2022-12-26,2026-07-01T09:00:00
C003360,Divya,Sharma,divya.sharma3360@example.com,9126607840,Kochi,Kerala,Bronze,2022-12-27,2026-07-01T09:00:00
C003361,Aarav,Rao,aarav.rao3361@example.com,9126615759,Hyderabad,Telangana,Silver,2022-12-28,2026-07-01T09:00:00
C003362,Vivaan,Gupta,vivaan.gupta3362@example.com,9126623678,Mumbai,Maharashtra,Gold,2022-12-29,2026-07-01T09:00:00
C003363,Aditya,Verma,aditya.verma3363@example.com,9126631597,Bengaluru,Karnataka,Platinum,2022-12-30,2026-07-01T09:00:00
C003364,Arjun,Patel,arjun.patel3364@example.com,9126639516,Chennai,Tamil Nadu,Bronze,2022-12-31,2026-07-01T09:00:00
C003365,Sai,Kumar,sai.kumar3365@example.com,9126647435,Pune,Maharashtra,Silver,2023-01-01,2026-07-01T09:00:00
C003366,Rohan,Iyer,rohan.iyer3366@example.com,9126655354,Delhi,Delhi,Gold,2023-01-02,2026-07-01T09:00:00
C003367,Rahul,Reddy,rahul.reddy3367@example.com,9126663273,Kolkata,West Bengal,Platinum,2023-01-03,2026-07-01T09:00:00
C003368,Kiran,Singh,kiran.singh3368@example.com,9126671192,Ahmedabad,Gujarat,Bronze,2023-01-04,2026-07-01T09:00:00
C003369,Priya,Nair,priya.nair3369@example.com,9126679111,Jaipur,Rajasthan,Silver,2023-01-05,2026-07-01T09:00:00
C003370,Ananya,Sharma,ananya.sharma3370@example.com,9126687030,Kochi,Kerala,Gold,2023-01-06,2026-07-01T09:00:00
C003371,Isha,Rao,isha.rao3371@example.com,9126694949,Hyderabad,Telangana,Platinum,2023-01-07,2026-07-01T09:00:00
C003372,Neha,Gupta,neha.gupta3372@example.com,9126702868,Mumbai,Maharashtra,Bronze,2023-01-08,2026-07-01T09:00:00
C003373,Sneha,Verma,sneha.verma3373@example.com,9126710787,Bengaluru,Karnataka,Silver,2023-01-09,2026-07-01T09:00:00
C003374,Pooja,Patel,pooja.patel3374@example.com,9126718706,Chennai,Tamil Nadu,Gold,2023-01-10,2026-07-01T09:00:00
C003375,Kavya,Kumar,kavya.kumar3375@example.com,9126726625,Pune,Maharashtra,Platinum,2023-01-11,2026-07-01T09:00:00
C003376,Meera,Iyer,meera.iyer3376@example.com,9126734544,Delhi,Delhi,Bronze,2023-01-12,2026-07-01T09:00:00
C003377,Nikhil,Reddy,nikhil.reddy3377@example.com,9126742463,Kolkata,West Bengal,Silver,2023-01-13,2026-07-01T09:00:00
C003378,Vikram,Singh,vikram.singh3378@example.com,9126750382,Ahmedabad,Gujarat,Gold,2023-01-14,2026-07-01T09:00:00
C003379,Akash,Nair,akash.nair3379@example.com,9126758301,Jaipur,Rajasthan,Platinum,2023-01-15,2026-07-01T09:00:00
C003380,Divya,Sharma,divya.sharma3380@example.com,9126766220,Kochi,Kerala,Bronze,2023-01-16,2026-07-01T09:00:00
C003381,Aarav,Rao,aarav.rao3381@example.com,9126774139,Hyderabad,Telangana,Silver,2023-01-17,2026-07-01T09:00:00
C003382,Vivaan,Gupta,vivaan.gupta3382@example.com,9126782058,Mumbai,Maharashtra,Gold,2023-01-18,2026-07-01T09:00:00
C003383,Aditya,Verma,aditya.verma3383@example.com,9126789977,Bengaluru,Karnataka,Platinum,2023-01-19,2026-07-01T09:00:00
C003384,Arjun,Patel,arjun.patel3384@example.com,9126797896,Chennai,Tamil Nadu,Bronze,2023-01-20,2026-07-01T09:00:00
C003385,Sai,Kumar,sai.kumar3385@example.com,9126805815,Pune,Maharashtra,Silver,2023-01-21,2026-07-01T09:00:00
C003386,Rohan,Iyer,rohan.iyer3386@example.com,9126813734,Delhi,Delhi,Gold,2023-01-22,2026-07-01T09:00:00
C003387,Rahul,Reddy,rahul.reddy3387@example.com,9126821653,Kolkata,West Bengal,Platinum,2023-01-23,2026-07-01T09:00:00
C003388,Kiran,Singh,kiran.singh3388@example.com,9126829572,Ahmedabad,Gujarat,Bronze,2023-01-24,2026-07-01T09:00:00
C003389,Priya,Nair,priya.nair3389@example.com,9126837491,Jaipur,Rajasthan,Silver,2023-01-25,2026-07-01T09:00:00
C003390,Ananya,Sharma,ananya.sharma3390@example.com,9126845410,Kochi,Kerala,Gold,2023-01-26,2026-07-01T09:00:00
C003391,Isha,Rao,isha.rao3391@example.com,9126853329,Hyderabad,Telangana,Platinum,2023-01-27,2026-07-01T09:00:00
C003392,Neha,Gupta,neha.gupta3392@example.com,9126861248,Mumbai,Maharashtra,Bronze,2023-01-28,2026-07-01T09:00:00
C003393,Sneha,Verma,sneha.verma3393@example.com,9126869167,Bengaluru,Karnataka,Silver,2023-01-29,2026-07-01T09:00:00
C003394,Pooja,Patel,pooja.patel3394@example.com,9126877086,Chennai,Tamil Nadu,Gold,2023-01-30,2026-07-01T09:00:00
C003395,Kavya,Kumar,kavya.kumar3395@example.com,9126885005,Pune,Maharashtra,Platinum,2023-01-31,2026-07-01T09:00:00
C003396,Meera,Iyer,meera.iyer3396@example.com,9126892924,Delhi,Delhi,Bronze,2023-02-01,2026-07-01T09:00:00
C003397,Nikhil,Reddy,nikhil.reddy3397@example.com,9126900843,Kolkata,West Bengal,Silver,2023-02-02,2026-07-01T09:00:00
C003398,Vikram,Singh,vikram.singh3398@example.com,9126908762,Ahmedabad,Gujarat,Gold,2023-02-03,2026-07-01T09:00:00
C003399,Akash,Nair,akash.nair3399@example.com,9126916681,Jaipur,Rajasthan,Platinum,2023-02-04,2026-07-01T09:00:00
C003400,Divya,Sharma,divya.sharma3400@example.com,9126924600,Kochi,Kerala,Bronze,2023-02-05,2026-07-01T09:00:00
C003401,Aarav,Rao,aarav.rao3401@example.com,9126932519,Hyderabad,Telangana,Silver,2023-02-06,2026-07-01T09:00:00
C003402,Vivaan,Gupta,vivaan.gupta3402@example.com,9126940438,Mumbai,Maharashtra,Gold,2023-02-07,2026-07-01T09:00:00
C003403,Aditya,Verma,aditya.verma3403@example.com,9126948357,Bengaluru,Karnataka,Platinum,2023-02-08,2026-07-01T09:00:00
C003404,Arjun,Patel,arjun.patel3404@example.com,9126956276,Chennai,Tamil Nadu,Bronze,2023-02-09,2026-07-01T09:00:00
C003405,Sai,Kumar,sai.kumar3405@example.com,9126964195,Pune,Maharashtra,Silver,2023-02-10,2026-07-01T09:00:00
C003406,Rohan,Iyer,rohan.iyer3406@example.com,9126972114,Delhi,Delhi,Gold,2023-02-11,2026-07-01T09:00:00
C003407,Rahul,Reddy,rahul.reddy3407@example.com,9126980033,Kolkata,West Bengal,Platinum,2023-02-12,2026-07-01T09:00:00
C003408,Kiran,Singh,kiran.singh3408@example.com,9126987952,Ahmedabad,Gujarat,Bronze,2023-02-13,2026-07-01T09:00:00
C003409,Priya,Nair,priya.nair3409@example.com,9126995871,Jaipur,Rajasthan,Silver,2023-02-14,2026-07-01T09:00:00
C003410,Ananya,Sharma,ananya.sharma3410@example.com,9127003790,Kochi,Kerala,Gold,2023-02-15,2026-07-01T09:00:00
C003411,Isha,Rao,isha.rao3411@example.com,9127011709,Hyderabad,Telangana,Platinum,2023-02-16,2026-07-01T09:00:00
C003412,Neha,Gupta,neha.gupta3412@example.com,9127019628,Mumbai,Maharashtra,Bronze,2023-02-17,2026-07-01T09:00:00
C003413,Sneha,Verma,sneha.verma3413@example.com,9127027547,Bengaluru,Karnataka,Silver,2023-02-18,2026-07-01T09:00:00
C003414,Pooja,Patel,pooja.patel3414@example.com,9127035466,Chennai,Tamil Nadu,Gold,2023-02-19,2026-07-01T09:00:00
C003415,Kavya,Kumar,kavya.kumar3415@example.com,9127043385,Pune,Maharashtra,Platinum,2023-02-20,2026-07-01T09:00:00
C003416,Meera,Iyer,meera.iyer3416@example.com,9127051304,Delhi,Delhi,Bronze,2023-02-21,2026-07-01T09:00:00
C003417,Nikhil,Reddy,nikhil.reddy3417@example.com,9127059223,Kolkata,West Bengal,Silver,2023-02-22,2026-07-01T09:00:00
C003418,Vikram,Singh,vikram.singh3418@example.com,9127067142,Ahmedabad,Gujarat,Gold,2023-02-23,2026-07-01T09:00:00
C003419,Akash,Nair,akash.nair3419@example.com,9127075061,Jaipur,Rajasthan,Platinum,2023-02-24,2026-07-01T09:00:00
C003420,Divya,Sharma,divya.sharma3420@example.com,9127082980,Kochi,Kerala,Bronze,2023-02-25,2026-07-01T09:00:00
C003421,Aarav,Rao,aarav.rao3421@example.com,9127090899,Hyderabad,Telangana,Silver,2023-02-26,2026-07-01T09:00:00
C003422,Vivaan,Gupta,vivaan.gupta3422@example.com,9127098818,Mumbai,Maharashtra,Gold,2023-02-27,2026-07-01T09:00:00
C003423,Aditya,Verma,aditya.verma3423@example.com,9127106737,Bengaluru,Karnataka,Platinum,2023-02-28,2026-07-01T09:00:00
C003424,Arjun,Patel,arjun.patel3424@example.com,9127114656,Chennai,Tamil Nadu,Bronze,2023-03-01,2026-07-01T09:00:00
C003425,Sai,Kumar,sai.kumar3425@example.com,9127122575,Pune,Maharashtra,Silver,2023-03-02,2026-07-01T09:00:00
C003426,Rohan,Iyer,rohan.iyer3426@example.com,9127130494,Delhi,Delhi,Gold,2023-03-03,2026-07-01T09:00:00
C003427,Rahul,Reddy,rahul.reddy3427@example.com,9127138413,Kolkata,West Bengal,Platinum,2023-03-04,2026-07-01T09:00:00
C003428,Kiran,Singh,kiran.singh3428@example.com,9127146332,Ahmedabad,Gujarat,Bronze,2023-03-05,2026-07-01T09:00:00
C003429,Priya,Nair,priya.nair3429@example.com,9127154251,Jaipur,Rajasthan,Silver,2023-03-06,2026-07-01T09:00:00
C003430,Ananya,Sharma,ananya.sharma3430@example.com,9127162170,Kochi,Kerala,Gold,2023-03-07,2026-07-01T09:00:00
C003431,Isha,Rao,isha.rao3431@example.com,9127170089,Hyderabad,Telangana,Platinum,2023-03-08,2026-07-01T09:00:00
C003432,Neha,Gupta,neha.gupta3432@example.com,9127178008,Mumbai,Maharashtra,Bronze,2023-03-09,2026-07-01T09:00:00
C003433,Sneha,Verma,sneha.verma3433@example.com,9127185927,Bengaluru,Karnataka,Silver,2023-03-10,2026-07-01T09:00:00
C003434,Pooja,Patel,pooja.patel3434@example.com,9127193846,Chennai,Tamil Nadu,Gold,2023-03-11,2026-07-01T09:00:00
C003435,Kavya,Kumar,kavya.kumar3435@example.com,9127201765,Pune,Maharashtra,Platinum,2023-03-12,2026-07-01T09:00:00
C003436,Meera,Iyer,meera.iyer3436@example.com,9127209684,Delhi,Delhi,Bronze,2023-03-13,2026-07-01T09:00:00
C003437,Nikhil,Reddy,nikhil.reddy3437@example.com,9127217603,Kolkata,West Bengal,Silver,2023-03-14,2026-07-01T09:00:00
C003438,Vikram,Singh,vikram.singh3438@example.com,9127225522,Ahmedabad,Gujarat,Gold,2023-03-15,2026-07-01T09:00:00
C003439,Akash,Nair,akash.nair3439@example.com,9127233441,Jaipur,Rajasthan,Platinum,2023-03-16,2026-07-01T09:00:00
C003440,Divya,Sharma,divya.sharma3440@example.com,9127241360,Kochi,Kerala,Bronze,2023-03-17,2026-07-01T09:00:00
C003441,Aarav,Rao,aarav.rao3441@example.com,9127249279,Hyderabad,Telangana,Silver,2023-03-18,2026-07-01T09:00:00
C003442,Vivaan,Gupta,vivaan.gupta3442@example.com,9127257198,Mumbai,Maharashtra,Gold,2023-03-19,2026-07-01T09:00:00
C003443,Aditya,Verma,aditya.verma3443@example.com,9127265117,Bengaluru,Karnataka,Platinum,2023-03-20,2026-07-01T09:00:00
C003444,Arjun,Patel,arjun.patel3444@example.com,9127273036,Chennai,Tamil Nadu,Bronze,2023-03-21,2026-07-01T09:00:00
C003445,Sai,Kumar,sai.kumar3445@example.com,9127280955,Pune,Maharashtra,Silver,2023-03-22,2026-07-01T09:00:00
C003446,Rohan,Iyer,rohan.iyer3446@example.com,9127288874,Delhi,Delhi,Gold,2023-03-23,2026-07-01T09:00:00
C003447,Rahul,Reddy,rahul.reddy3447@example.com,9127296793,Kolkata,West Bengal,Platinum,2023-03-24,2026-07-01T09:00:00
C003448,Kiran,Singh,kiran.singh3448@example.com,9127304712,Ahmedabad,Gujarat,Bronze,2023-03-25,2026-07-01T09:00:00
C003449,Priya,Nair,priya.nair3449@example.com,9127312631,Jaipur,Rajasthan,Silver,2023-03-26,2026-07-01T09:00:00
C003450,Ananya,Sharma,ananya.sharma3450@example.com,9127320550,Kochi,Kerala,Gold,2023-03-27,2026-07-01T09:00:00
C003451,Isha,Rao,isha.rao3451@example.com,9127328469,Hyderabad,Telangana,Platinum,2023-03-28,2026-07-01T09:00:00
C003452,Neha,Gupta,neha.gupta3452@example.com,9127336388,Mumbai,Maharashtra,Bronze,2023-03-29,2026-07-01T09:00:00
C003453,Sneha,Verma,sneha.verma3453@example.com,9127344307,Bengaluru,Karnataka,Silver,2023-03-30,2026-07-01T09:00:00
C003454,Pooja,Patel,pooja.patel3454@example.com,9127352226,Chennai,Tamil Nadu,Gold,2023-03-31,2026-07-01T09:00:00
C003455,Kavya,Kumar,kavya.kumar3455@example.com,9127360145,Pune,Maharashtra,Platinum,2023-04-01,2026-07-01T09:00:00
C003456,Meera,Iyer,meera.iyer3456@example.com,9127368064,Delhi,Delhi,Bronze,2023-04-02,2026-07-01T09:00:00
C003457,Nikhil,Reddy,nikhil.reddy3457@example.com,9127375983,Kolkata,West Bengal,Silver,2023-04-03,2026-07-01T09:00:00
C003458,Vikram,Singh,vikram.singh3458@example.com,9127383902,Ahmedabad,Gujarat,Gold,2023-04-04,2026-07-01T09:00:00
C003459,Akash,Nair,akash.nair3459@example.com,9127391821,Jaipur,Rajasthan,Platinum,2023-04-05,2026-07-01T09:00:00
C003460,Divya,Sharma,divya.sharma3460@example.com,9127399740,Kochi,Kerala,Bronze,2023-04-06,2026-07-01T09:00:00
C003461,Aarav,Rao,aarav.rao3461@example.com,9127407659,Hyderabad,Telangana,Silver,2023-04-07,2026-07-01T09:00:00
C003462,Vivaan,Gupta,vivaan.gupta3462@example.com,9127415578,Mumbai,Maharashtra,Gold,2023-04-08,2026-07-01T09:00:00
C003463,Aditya,Verma,aditya.verma3463@example.com,9127423497,Bengaluru,Karnataka,Platinum,2023-04-09,2026-07-01T09:00:00
C003464,Arjun,Patel,arjun.patel3464@example.com,9127431416,Chennai,Tamil Nadu,Bronze,2023-04-10,2026-07-01T09:00:00
C003465,Sai,Kumar,sai.kumar3465@example.com,9127439335,Pune,Maharashtra,Silver,2023-04-11,2026-07-01T09:00:00
C003466,Rohan,Iyer,rohan.iyer3466@example.com,9127447254,Delhi,Delhi,Gold,2023-04-12,2026-07-01T09:00:00
C003467,Rahul,Reddy,rahul.reddy3467@example.com,9127455173,Kolkata,West Bengal,Platinum,2023-04-13,2026-07-01T09:00:00
C003468,Kiran,Singh,kiran.singh3468@example.com,9127463092,Ahmedabad,Gujarat,Bronze,2023-04-14,2026-07-01T09:00:00
C003469,Priya,Nair,priya.nair3469@example.com,9127471011,Jaipur,Rajasthan,Silver,2023-04-15,2026-07-01T09:00:00
C003470,Ananya,Sharma,ananya.sharma3470@example.com,9127478930,Kochi,Kerala,Gold,2023-04-16,2026-07-01T09:00:00
C003471,Isha,Rao,isha.rao3471@example.com,9127486849,Hyderabad,Telangana,Platinum,2023-04-17,2026-07-01T09:00:00
C003472,Neha,Gupta,neha.gupta3472@example.com,9127494768,Mumbai,Maharashtra,Bronze,2023-04-18,2026-07-01T09:00:00
C003473,Sneha,Verma,sneha.verma3473@example.com,9127502687,Bengaluru,Karnataka,Silver,2023-04-19,2026-07-01T09:00:00
C003474,Pooja,Patel,pooja.patel3474@example.com,9127510606,Chennai,Tamil Nadu,Gold,2023-04-20,2026-07-01T09:00:00
C003475,Kavya,Kumar,kavya.kumar3475@example.com,9127518525,Pune,Maharashtra,Platinum,2023-04-21,2026-07-01T09:00:00
C003476,Meera,Iyer,meera.iyer3476@example.com,9127526444,Delhi,Delhi,Bronze,2023-04-22,2026-07-01T09:00:00
C003477,Nikhil,Reddy,nikhil.reddy3477@example.com,9127534363,Kolkata,West Bengal,Silver,2023-04-23,2026-07-01T09:00:00
C003478,Vikram,Singh,vikram.singh3478@example.com,9127542282,Ahmedabad,Gujarat,Gold,2023-04-24,2026-07-01T09:00:00
C003479,Akash,Nair,akash.nair3479@example.com,9127550201,Jaipur,Rajasthan,Platinum,2023-04-25,2026-07-01T09:00:00
C003480,Divya,Sharma,divya.sharma3480@example.com,9127558120,Kochi,Kerala,Bronze,2023-04-26,2026-07-01T09:00:00
C003481,Aarav,Rao,aarav.rao3481@example.com,9127566039,Hyderabad,Telangana,Silver,2023-04-27,2026-07-01T09:00:00
C003482,Vivaan,Gupta,vivaan.gupta3482@example.com,9127573958,Mumbai,Maharashtra,Gold,2023-04-28,2026-07-01T09:00:00
C003483,Aditya,Verma,aditya.verma3483@example.com,9127581877,Bengaluru,Karnataka,Platinum,2023-04-29,2026-07-01T09:00:00
C003484,Arjun,Patel,arjun.patel3484@example.com,9127589796,Chennai,Tamil Nadu,Bronze,2023-04-30,2026-07-01T09:00:00
C003485,Sai,Kumar,sai.kumar3485@example.com,9127597715,Pune,Maharashtra,Silver,2023-05-01,2026-07-01T09:00:00
C003486,Rohan,Iyer,rohan.iyer3486@example.com,9127605634,Delhi,Delhi,Gold,2023-05-02,2026-07-01T09:00:00
C003487,Rahul,Reddy,rahul.reddy3487@example.com,9127613553,Kolkata,West Bengal,Platinum,2023-05-03,2026-07-01T09:00:00
C003488,Kiran,Singh,kiran.singh3488@example.com,9127621472,Ahmedabad,Gujarat,Bronze,2023-05-04,2026-07-01T09:00:00
C003489,Priya,Nair,priya.nair3489@example.com,9127629391,Jaipur,Rajasthan,Silver,2023-05-05,2026-07-01T09:00:00
C003490,Ananya,Sharma,ananya.sharma3490@example.com,9127637310,Kochi,Kerala,Gold,2023-05-06,2026-07-01T09:00:00
C003491,Isha,Rao,isha.rao3491@example.com,9127645229,Hyderabad,Telangana,Platinum,2023-05-07,2026-07-01T09:00:00
C003492,Neha,Gupta,neha.gupta3492@example.com,9127653148,Mumbai,Maharashtra,Bronze,2023-05-08,2026-07-01T09:00:00
C003493,Sneha,Verma,sneha.verma3493@example.com,9127661067,Bengaluru,Karnataka,Silver,2023-05-09,2026-07-01T09:00:00
C003494,Pooja,Patel,pooja.patel3494@example.com,9127668986,Chennai,Tamil Nadu,Gold,2023-05-10,2026-07-01T09:00:00
C003495,Kavya,Kumar,kavya.kumar3495@example.com,9127676905,Pune,Maharashtra,Platinum,2023-05-11,2026-07-01T09:00:00
C003496,Meera,Iyer,meera.iyer3496@example.com,9127684824,Delhi,Delhi,Bronze,2023-05-12,2026-07-01T09:00:00
C003497,Nikhil,Reddy,nikhil.reddy3497@example.com,9127692743,Kolkata,West Bengal,Silver,2023-05-13,2026-07-01T09:00:00
C003498,Vikram,Singh,vikram.singh3498@example.com,9127700662,Ahmedabad,Gujarat,Gold,2023-05-14,2026-07-01T09:00:00
C003499,Akash,Nair,akash.nair3499@example.com,9127708581,Jaipur,Rajasthan,Platinum,2023-05-15,2026-07-01T09:00:00
C003500,Divya,Sharma,divya.sharma3500@example.com,9127716500,Kochi,Kerala,Bronze,2023-05-16,2026-07-01T09:00:00
C003501,Aarav,Rao,aarav.rao3501@example.com,9127724419,Hyderabad,Telangana,Silver,2023-05-17,2026-07-01T09:00:00
C003502,Vivaan,Gupta,vivaan.gupta3502@example.com,9127732338,Mumbai,Maharashtra,Gold,2023-05-18,2026-07-01T09:00:00
C003503,Aditya,Verma,aditya.verma3503@example.com,9127740257,Bengaluru,Karnataka,Platinum,2023-05-19,2026-07-01T09:00:00
C003504,Arjun,Patel,arjun.patel3504@example.com,9127748176,Chennai,Tamil Nadu,Bronze,2023-05-20,2026-07-01T09:00:00
C003505,Sai,Kumar,sai.kumar3505@example.com,9127756095,Pune,Maharashtra,Silver,2023-05-21,2026-07-01T09:00:00
C003506,Rohan,Iyer,rohan.iyer3506@example.com,9127764014,Delhi,Delhi,Gold,2023-05-22,2026-07-01T09:00:00
C003507,Rahul,Reddy,rahul.reddy3507@example.com,9127771933,Kolkata,West Bengal,Platinum,2023-05-23,2026-07-01T09:00:00
C003508,Kiran,Singh,kiran.singh3508@example.com,9127779852,Ahmedabad,Gujarat,Bronze,2023-05-24,2026-07-01T09:00:00
C003509,Priya,Nair,priya.nair3509@example.com,9127787771,Jaipur,Rajasthan,Silver,2023-05-25,2026-07-01T09:00:00
C003510,Ananya,Sharma,ananya.sharma3510@example.com,9127795690,Kochi,Kerala,Gold,2023-05-26,2026-07-01T09:00:00
C003511,Isha,Rao,isha.rao3511@example.com,9127803609,Hyderabad,Telangana,Platinum,2023-05-27,2026-07-01T09:00:00
C003512,Neha,Gupta,neha.gupta3512@example.com,9127811528,Mumbai,Maharashtra,Bronze,2023-05-28,2026-07-01T09:00:00
C003513,Sneha,Verma,sneha.verma3513@example.com,9127819447,Bengaluru,Karnataka,Silver,2023-05-29,2026-07-01T09:00:00
C003514,Pooja,Patel,pooja.patel3514@example.com,9127827366,Chennai,Tamil Nadu,Gold,2023-05-30,2026-07-01T09:00:00
C003515,Kavya,Kumar,kavya.kumar3515@example.com,9127835285,Pune,Maharashtra,Platinum,2023-05-31,2026-07-01T09:00:00
C003516,Meera,Iyer,meera.iyer3516@example.com,9127843204,Delhi,Delhi,Bronze,2023-06-01,2026-07-01T09:00:00
C003517,Nikhil,Reddy,nikhil.reddy3517@example.com,9127851123,Kolkata,West Bengal,Silver,2023-06-02,2026-07-01T09:00:00
C003518,Vikram,Singh,vikram.singh3518@example.com,9127859042,Ahmedabad,Gujarat,Gold,2023-06-03,2026-07-01T09:00:00
C003519,Akash,Nair,akash.nair3519@example.com,9127866961,Jaipur,Rajasthan,Platinum,2023-06-04,2026-07-01T09:00:00
C003520,Divya,Sharma,divya.sharma3520@example.com,9127874880,Kochi,Kerala,Bronze,2023-06-05,2026-07-01T09:00:00
C003521,Aarav,Rao,aarav.rao3521@example.com,9127882799,Hyderabad,Telangana,Silver,2023-06-06,2026-07-01T09:00:00
C003522,Vivaan,Gupta,vivaan.gupta3522@example.com,9127890718,Mumbai,Maharashtra,Gold,2023-06-07,2026-07-01T09:00:00
C003523,Aditya,Verma,aditya.verma3523@example.com,9127898637,Bengaluru,Karnataka,Platinum,2023-06-08,2026-07-01T09:00:00
C003524,Arjun,Patel,arjun.patel3524@example.com,9127906556,Chennai,Tamil Nadu,Bronze,2023-06-09,2026-07-01T09:00:00
C003525,Sai,Kumar,sai.kumar3525@example.com,9127914475,Pune,Maharashtra,Silver,2023-06-10,2026-07-01T09:00:00
C003526,Rohan,Iyer,rohan.iyer3526@example.com,9127922394,Delhi,Delhi,Gold,2023-06-11,2026-07-01T09:00:00
C003527,Rahul,Reddy,rahul.reddy3527@example.com,9127930313,Kolkata,West Bengal,Platinum,2023-06-12,2026-07-01T09:00:00
C003528,Kiran,Singh,kiran.singh3528@example.com,9127938232,Ahmedabad,Gujarat,Bronze,2023-06-13,2026-07-01T09:00:00
C003529,Priya,Nair,priya.nair3529@example.com,9127946151,Jaipur,Rajasthan,Silver,2023-06-14,2026-07-01T09:00:00
C003530,Ananya,Sharma,ananya.sharma3530@example.com,9127954070,Kochi,Kerala,Gold,2023-06-15,2026-07-01T09:00:00
C003531,Isha,Rao,isha.rao3531@example.com,9127961989,Hyderabad,Telangana,Platinum,2023-06-16,2026-07-01T09:00:00
C003532,Neha,Gupta,neha.gupta3532@example.com,9127969908,Mumbai,Maharashtra,Bronze,2023-06-17,2026-07-01T09:00:00
C003533,Sneha,Verma,sneha.verma3533@example.com,9127977827,Bengaluru,Karnataka,Silver,2023-06-18,2026-07-01T09:00:00
C003534,Pooja,Patel,pooja.patel3534@example.com,9127985746,Chennai,Tamil Nadu,Gold,2023-06-19,2026-07-01T09:00:00
C003535,Kavya,Kumar,kavya.kumar3535@example.com,9127993665,Pune,Maharashtra,Platinum,2023-06-20,2026-07-01T09:00:00
C003536,Meera,Iyer,meera.iyer3536@example.com,9128001584,Delhi,Delhi,Bronze,2023-06-21,2026-07-01T09:00:00
C003537,Nikhil,Reddy,nikhil.reddy3537@example.com,9128009503,Kolkata,West Bengal,Silver,2023-06-22,2026-07-01T09:00:00
C003538,Vikram,Singh,vikram.singh3538@example.com,9128017422,Ahmedabad,Gujarat,Gold,2023-06-23,2026-07-01T09:00:00
C003539,Akash,Nair,akash.nair3539@example.com,9128025341,Jaipur,Rajasthan,Platinum,2023-06-24,2026-07-01T09:00:00
C003540,Divya,Sharma,divya.sharma3540@example.com,9128033260,Kochi,Kerala,Bronze,2023-06-25,2026-07-01T09:00:00
C003541,Aarav,Rao,aarav.rao3541@example.com,9128041179,Hyderabad,Telangana,Silver,2023-06-26,2026-07-01T09:00:00
C003542,Vivaan,Gupta,vivaan.gupta3542@example.com,9128049098,Mumbai,Maharashtra,Gold,2023-06-27,2026-07-01T09:00:00
C003543,Aditya,Verma,aditya.verma3543@example.com,9128057017,Bengaluru,Karnataka,Platinum,2023-06-28,2026-07-01T09:00:00
C003544,Arjun,Patel,arjun.patel3544@example.com,9128064936,Chennai,Tamil Nadu,Bronze,2023-06-29,2026-07-01T09:00:00
C003545,Sai,Kumar,sai.kumar3545@example.com,9128072855,Pune,Maharashtra,Silver,2023-06-30,2026-07-01T09:00:00
C003546,Rohan,Iyer,rohan.iyer3546@example.com,9128080774,Delhi,Delhi,Gold,2023-07-01,2026-07-01T09:00:00
C003547,Rahul,Reddy,rahul.reddy3547@example.com,9128088693,Kolkata,West Bengal,Platinum,2023-07-02,2026-07-01T09:00:00
C003548,Kiran,Singh,kiran.singh3548@example.com,9128096612,Ahmedabad,Gujarat,Bronze,2023-07-03,2026-07-01T09:00:00
C003549,Priya,Nair,priya.nair3549@example.com,9128104531,Jaipur,Rajasthan,Silver,2023-07-04,2026-07-01T09:00:00
C003550,Ananya,Sharma,ananya.sharma3550@example.com,9128112450,Kochi,Kerala,Gold,2023-07-05,2026-07-01T09:00:00
C003551,Isha,Rao,isha.rao3551@example.com,9128120369,Hyderabad,Telangana,Platinum,2023-07-06,2026-07-01T09:00:00
C003552,Neha,Gupta,neha.gupta3552@example.com,9128128288,Mumbai,Maharashtra,Bronze,2023-07-07,2026-07-01T09:00:00
C003553,Sneha,Verma,sneha.verma3553@example.com,9128136207,Bengaluru,Karnataka,Silver,2023-07-08,2026-07-01T09:00:00
C003554,Pooja,Patel,pooja.patel3554@example.com,9128144126,Chennai,Tamil Nadu,Gold,2023-07-09,2026-07-01T09:00:00
C003555,Kavya,Kumar,kavya.kumar3555@example.com,9128152045,Pune,Maharashtra,Platinum,2023-07-10,2026-07-01T09:00:00
C003556,Meera,Iyer,meera.iyer3556@example.com,9128159964,Delhi,Delhi,Bronze,2023-07-11,2026-07-01T09:00:00
C003557,Nikhil,Reddy,nikhil.reddy3557@example.com,9128167883,Kolkata,West Bengal,Silver,2023-07-12,2026-07-01T09:00:00
C003558,Vikram,Singh,vikram.singh3558@example.com,9128175802,Ahmedabad,Gujarat,Gold,2023-07-13,2026-07-01T09:00:00
C003559,Akash,Nair,akash.nair3559@example.com,9128183721,Jaipur,Rajasthan,Platinum,2023-07-14,2026-07-01T09:00:00
C003560,Divya,Sharma,divya.sharma3560@example.com,9128191640,Kochi,Kerala,Bronze,2023-07-15,2026-07-01T09:00:00
C003561,Aarav,Rao,aarav.rao3561@example.com,9128199559,Hyderabad,Telangana,Silver,2023-07-16,2026-07-01T09:00:00
C003562,Vivaan,Gupta,vivaan.gupta3562@example.com,9128207478,Mumbai,Maharashtra,Gold,2023-07-17,2026-07-01T09:00:00
C003563,Aditya,Verma,aditya.verma3563@example.com,9128215397,Bengaluru,Karnataka,Platinum,2023-07-18,2026-07-01T09:00:00
C003564,Arjun,Patel,arjun.patel3564@example.com,9128223316,Chennai,Tamil Nadu,Bronze,2023-07-19,2026-07-01T09:00:00
C003565,Sai,Kumar,sai.kumar3565@example.com,9128231235,Pune,Maharashtra,Silver,2023-07-20,2026-07-01T09:00:00
C003566,Rohan,Iyer,rohan.iyer3566@example.com,9128239154,Delhi,Delhi,Gold,2023-07-21,2026-07-01T09:00:00
C003567,Rahul,Reddy,rahul.reddy3567@example.com,9128247073,Kolkata,West Bengal,Platinum,2023-07-22,2026-07-01T09:00:00
C003568,Kiran,Singh,kiran.singh3568@example.com,9128254992,Ahmedabad,Gujarat,Bronze,2023-07-23,2026-07-01T09:00:00
C003569,Priya,Nair,priya.nair3569@example.com,9128262911,Jaipur,Rajasthan,Silver,2023-07-24,2026-07-01T09:00:00
C003570,Ananya,Sharma,ananya.sharma3570@example.com,9128270830,Kochi,Kerala,Gold,2023-07-25,2026-07-01T09:00:00
C003571,Isha,Rao,isha.rao3571@example.com,9128278749,Hyderabad,Telangana,Platinum,2023-07-26,2026-07-01T09:00:00
C003572,Neha,Gupta,neha.gupta3572@example.com,9128286668,Mumbai,Maharashtra,Bronze,2023-07-27,2026-07-01T09:00:00
C003573,Sneha,Verma,sneha.verma3573@example.com,9128294587,Bengaluru,Karnataka,Silver,2023-07-28,2026-07-01T09:00:00
C003574,Pooja,Patel,pooja.patel3574@example.com,9128302506,Chennai,Tamil Nadu,Gold,2023-07-29,2026-07-01T09:00:00
C003575,Kavya,Kumar,kavya.kumar3575@example.com,9128310425,Pune,Maharashtra,Platinum,2023-07-30,2026-07-01T09:00:00
C003576,Meera,Iyer,meera.iyer3576@example.com,9128318344,Delhi,Delhi,Bronze,2023-07-31,2026-07-01T09:00:00
C003577,Nikhil,Reddy,nikhil.reddy3577@example.com,9128326263,Kolkata,West Bengal,Silver,2023-08-01,2026-07-01T09:00:00
C003578,Vikram,Singh,vikram.singh3578@example.com,9128334182,Ahmedabad,Gujarat,Gold,2023-08-02,2026-07-01T09:00:00
C003579,Akash,Nair,akash.nair3579@example.com,9128342101,Jaipur,Rajasthan,Platinum,2023-08-03,2026-07-01T09:00:00
C003580,Divya,Sharma,divya.sharma3580@example.com,9128350020,Kochi,Kerala,Bronze,2023-08-04,2026-07-01T09:00:00
C003581,Aarav,Rao,aarav.rao3581@example.com,9128357939,Hyderabad,Telangana,Silver,2023-08-05,2026-07-01T09:00:00
C003582,Vivaan,Gupta,vivaan.gupta3582@example.com,9128365858,Mumbai,Maharashtra,Gold,2023-08-06,2026-07-01T09:00:00
C003583,Aditya,Verma,aditya.verma3583@example.com,9128373777,Bengaluru,Karnataka,Platinum,2023-08-07,2026-07-01T09:00:00
C003584,Arjun,Patel,arjun.patel3584@example.com,9128381696,Chennai,Tamil Nadu,Bronze,2023-08-08,2026-07-01T09:00:00
C003585,Sai,Kumar,sai.kumar3585@example.com,9128389615,Pune,Maharashtra,Silver,2023-08-09,2026-07-01T09:00:00
C003586,Rohan,Iyer,rohan.iyer3586@example.com,9128397534,Delhi,Delhi,Gold,2023-08-10,2026-07-01T09:00:00
C003587,Rahul,Reddy,rahul.reddy3587@example.com,9128405453,Kolkata,West Bengal,Platinum,2023-08-11,2026-07-01T09:00:00
C003588,Kiran,Singh,kiran.singh3588@example.com,9128413372,Ahmedabad,Gujarat,Bronze,2023-08-12,2026-07-01T09:00:00
C003589,Priya,Nair,priya.nair3589@example.com,9128421291,Jaipur,Rajasthan,Silver,2023-08-13,2026-07-01T09:00:00
C003590,Ananya,Sharma,ananya.sharma3590@example.com,9128429210,Kochi,Kerala,Gold,2023-08-14,2026-07-01T09:00:00
C003591,Isha,Rao,isha.rao3591@example.com,9128437129,Hyderabad,Telangana,Platinum,2023-08-15,2026-07-01T09:00:00
C003592,Neha,Gupta,neha.gupta3592@example.com,9128445048,Mumbai,Maharashtra,Bronze,2023-08-16,2026-07-01T09:00:00
C003593,Sneha,Verma,sneha.verma3593@example.com,9128452967,Bengaluru,Karnataka,Silver,2023-08-17,2026-07-01T09:00:00
C003594,Pooja,Patel,pooja.patel3594@example.com,9128460886,Chennai,Tamil Nadu,Gold,2023-08-18,2026-07-01T09:00:00
C003595,Kavya,Kumar,kavya.kumar3595@example.com,9128468805,Pune,Maharashtra,Platinum,2023-08-19,2026-07-01T09:00:00
C003596,Meera,Iyer,meera.iyer3596@example.com,9128476724,Delhi,Delhi,Bronze,2023-08-20,2026-07-01T09:00:00
C003597,Nikhil,Reddy,nikhil.reddy3597@example.com,9128484643,Kolkata,West Bengal,Silver,2023-08-21,2026-07-01T09:00:00
C003598,Vikram,Singh,vikram.singh3598@example.com,9128492562,Ahmedabad,Gujarat,Gold,2023-08-22,2026-07-01T09:00:00
C003599,Akash,Nair,akash.nair3599@example.com,9128500481,Jaipur,Rajasthan,Platinum,2023-08-23,2026-07-01T09:00:00
C003600,Divya,Sharma,divya.sharma3600@example.com,9128508400,Kochi,Kerala,Bronze,2023-08-24,2026-07-01T09:00:00
C003601,Aarav,Rao,aarav.rao3601@example.com,9128516319,Hyderabad,Telangana,Silver,2023-08-25,2026-07-01T09:00:00
C003602,Vivaan,Gupta,vivaan.gupta3602@example.com,9128524238,Mumbai,Maharashtra,Gold,2023-08-26,2026-07-01T09:00:00
C003603,Aditya,Verma,aditya.verma3603@example.com,9128532157,Bengaluru,Karnataka,Platinum,2023-08-27,2026-07-01T09:00:00
C003604,Arjun,Patel,arjun.patel3604@example.com,9128540076,Chennai,Tamil Nadu,Bronze,2023-08-28,2026-07-01T09:00:00
C003605,Sai,Kumar,sai.kumar3605@example.com,9128547995,Pune,Maharashtra,Silver,2023-08-29,2026-07-01T09:00:00
C003606,Rohan,Iyer,rohan.iyer3606@example.com,9128555914,Delhi,Delhi,Gold,2023-08-30,2026-07-01T09:00:00
C003607,Rahul,Reddy,rahul.reddy3607@example.com,9128563833,Kolkata,West Bengal,Platinum,2023-08-31,2026-07-01T09:00:00
C003608,Kiran,Singh,kiran.singh3608@example.com,9128571752,Ahmedabad,Gujarat,Bronze,2023-09-01,2026-07-01T09:00:00
C003609,Priya,Nair,priya.nair3609@example.com,9128579671,Jaipur,Rajasthan,Silver,2023-09-02,2026-07-01T09:00:00
C003610,Ananya,Sharma,ananya.sharma3610@example.com,9128587590,Kochi,Kerala,Gold,2023-09-03,2026-07-01T09:00:00
C003611,Isha,Rao,isha.rao3611@example.com,9128595509,Hyderabad,Telangana,Platinum,2023-09-04,2026-07-01T09:00:00
C003612,Neha,Gupta,neha.gupta3612@example.com,9128603428,Mumbai,Maharashtra,Bronze,2023-09-05,2026-07-01T09:00:00
C003613,Sneha,Verma,sneha.verma3613@example.com,9128611347,Bengaluru,Karnataka,Silver,2023-09-06,2026-07-01T09:00:00
C003614,Pooja,Patel,pooja.patel3614@example.com,9128619266,Chennai,Tamil Nadu,Gold,2023-09-07,2026-07-01T09:00:00
C003615,Kavya,Kumar,kavya.kumar3615@example.com,9128627185,Pune,Maharashtra,Platinum,2023-09-08,2026-07-01T09:00:00
C003616,Meera,Iyer,meera.iyer3616@example.com,9128635104,Delhi,Delhi,Bronze,2023-09-09,2026-07-01T09:00:00
C003617,Nikhil,Reddy,nikhil.reddy3617@example.com,9128643023,Kolkata,West Bengal,Silver,2023-09-10,2026-07-01T09:00:00
C003618,Vikram,Singh,vikram.singh3618@example.com,9128650942,Ahmedabad,Gujarat,Gold,2023-09-11,2026-07-01T09:00:00
C003619,Akash,Nair,akash.nair3619@example.com,9128658861,Jaipur,Rajasthan,Platinum,2023-09-12,2026-07-01T09:00:00
C003620,Divya,Sharma,divya.sharma3620@example.com,9128666780,Kochi,Kerala,Bronze,2023-09-13,2026-07-01T09:00:00
C003621,Aarav,Rao,aarav.rao3621@example.com,9128674699,Hyderabad,Telangana,Silver,2023-09-14,2026-07-01T09:00:00
C003622,Vivaan,Gupta,vivaan.gupta3622@example.com,9128682618,Mumbai,Maharashtra,Gold,2023-09-15,2026-07-01T09:00:00
C003623,Aditya,Verma,aditya.verma3623@example.com,9128690537,Bengaluru,Karnataka,Platinum,2023-09-16,2026-07-01T09:00:00
C003624,Arjun,Patel,arjun.patel3624@example.com,9128698456,Chennai,Tamil Nadu,Bronze,2023-09-17,2026-07-01T09:00:00
C003625,Sai,Kumar,sai.kumar3625@example.com,9128706375,Pune,Maharashtra,Silver,2023-09-18,2026-07-01T09:00:00
C003626,Rohan,Iyer,rohan.iyer3626@example.com,9128714294,Delhi,Delhi,Gold,2023-09-19,2026-07-01T09:00:00
C003627,Rahul,Reddy,rahul.reddy3627@example.com,9128722213,Kolkata,West Bengal,Platinum,2023-09-20,2026-07-01T09:00:00
C003628,Kiran,Singh,kiran.singh3628@example.com,9128730132,Ahmedabad,Gujarat,Bronze,2023-09-21,2026-07-01T09:00:00
C003629,Priya,Nair,priya.nair3629@example.com,9128738051,Jaipur,Rajasthan,Silver,2023-09-22,2026-07-01T09:00:00
C003630,Ananya,Sharma,ananya.sharma3630@example.com,9128745970,Kochi,Kerala,Gold,2023-09-23,2026-07-01T09:00:00
C003631,Isha,Rao,isha.rao3631@example.com,9128753889,Hyderabad,Telangana,Platinum,2023-09-24,2026-07-01T09:00:00
C003632,Neha,Gupta,neha.gupta3632@example.com,9128761808,Mumbai,Maharashtra,Bronze,2023-09-25,2026-07-01T09:00:00
C003633,Sneha,Verma,sneha.verma3633@example.com,9128769727,Bengaluru,Karnataka,Silver,2023-09-26,2026-07-01T09:00:00
C003634,Pooja,Patel,pooja.patel3634@example.com,9128777646,Chennai,Tamil Nadu,Gold,2023-09-27,2026-07-01T09:00:00
C003635,Kavya,Kumar,kavya.kumar3635@example.com,9128785565,Pune,Maharashtra,Platinum,2023-09-28,2026-07-01T09:00:00
C003636,Meera,Iyer,meera.iyer3636@example.com,9128793484,Delhi,Delhi,Bronze,2023-09-29,2026-07-01T09:00:00
C003637,Nikhil,Reddy,nikhil.reddy3637@example.com,9128801403,Kolkata,West Bengal,Silver,2023-09-30,2026-07-01T09:00:00
C003638,Vikram,Singh,vikram.singh3638@example.com,9128809322,Ahmedabad,Gujarat,Gold,2023-10-01,2026-07-01T09:00:00
C003639,Akash,Nair,akash.nair3639@example.com,9128817241,Jaipur,Rajasthan,Platinum,2023-10-02,2026-07-01T09:00:00
C003640,Divya,Sharma,divya.sharma3640@example.com,9128825160,Kochi,Kerala,Bronze,2023-10-03,2026-07-01T09:00:00
C003641,Aarav,Rao,aarav.rao3641@example.com,9128833079,Hyderabad,Telangana,Silver,2023-10-04,2026-07-01T09:00:00
C003642,Vivaan,Gupta,vivaan.gupta3642@example.com,9128840998,Mumbai,Maharashtra,Gold,2023-10-05,2026-07-01T09:00:00
C003643,Aditya,Verma,aditya.verma3643@example.com,9128848917,Bengaluru,Karnataka,Platinum,2023-10-06,2026-07-01T09:00:00
C003644,Arjun,Patel,arjun.patel3644@example.com,9128856836,Chennai,Tamil Nadu,Bronze,2023-10-07,2026-07-01T09:00:00
C003645,Sai,Kumar,sai.kumar3645@example.com,9128864755,Pune,Maharashtra,Silver,2023-10-08,2026-07-01T09:00:00
C003646,Rohan,Iyer,rohan.iyer3646@example.com,9128872674,Delhi,Delhi,Gold,2023-10-09,2026-07-01T09:00:00
C003647,Rahul,Reddy,rahul.reddy3647@example.com,9128880593,Kolkata,West Bengal,Platinum,2023-10-10,2026-07-01T09:00:00
C003648,Kiran,Singh,kiran.singh3648@example.com,9128888512,Ahmedabad,Gujarat,Bronze,2023-10-11,2026-07-01T09:00:00
C003649,Priya,Nair,priya.nair3649@example.com,9128896431,Jaipur,Rajasthan,Silver,2023-10-12,2026-07-01T09:00:00
C003650,Ananya,Sharma,ananya.sharma3650@example.com,9128904350,Kochi,Kerala,Gold,2023-10-13,2026-07-01T09:00:00
C003651,Isha,Rao,isha.rao3651@example.com,9128912269,Hyderabad,Telangana,Platinum,2023-10-14,2026-07-01T09:00:00
C003652,Neha,Gupta,neha.gupta3652@example.com,9128920188,Mumbai,Maharashtra,Bronze,2023-10-15,2026-07-01T09:00:00
C003653,Sneha,Verma,sneha.verma3653@example.com,9128928107,Bengaluru,Karnataka,Silver,2023-10-16,2026-07-01T09:00:00
C003654,Pooja,Patel,pooja.patel3654@example.com,9128936026,Chennai,Tamil Nadu,Gold,2023-10-17,2026-07-01T09:00:00
C003655,Kavya,Kumar,kavya.kumar3655@example.com,9128943945,Pune,Maharashtra,Platinum,2023-10-18,2026-07-01T09:00:00
C003656,Meera,Iyer,meera.iyer3656@example.com,9128951864,Delhi,Delhi,Bronze,2023-10-19,2026-07-01T09:00:00
C003657,Nikhil,Reddy,nikhil.reddy3657@example.com,9128959783,Kolkata,West Bengal,Silver,2023-10-20,2026-07-01T09:00:00
C003658,Vikram,Singh,vikram.singh3658@example.com,9128967702,Ahmedabad,Gujarat,Gold,2023-10-21,2026-07-01T09:00:00
C003659,Akash,Nair,akash.nair3659@example.com,9128975621,Jaipur,Rajasthan,Platinum,2023-10-22,2026-07-01T09:00:00
C003660,Divya,Sharma,divya.sharma3660@example.com,9128983540,Kochi,Kerala,Bronze,2023-10-23,2026-07-01T09:00:00
C003661,Aarav,Rao,aarav.rao3661@example.com,9128991459,Hyderabad,Telangana,Silver,2023-10-24,2026-07-01T09:00:00
C003662,Vivaan,Gupta,vivaan.gupta3662@example.com,9128999378,Mumbai,Maharashtra,Gold,2023-10-25,2026-07-01T09:00:00
C003663,Aditya,Verma,aditya.verma3663@example.com,9129007297,Bengaluru,Karnataka,Platinum,2023-10-26,2026-07-01T09:00:00
C003664,Arjun,Patel,arjun.patel3664@example.com,9129015216,Chennai,Tamil Nadu,Bronze,2023-10-27,2026-07-01T09:00:00
C003665,Sai,Kumar,sai.kumar3665@example.com,9129023135,Pune,Maharashtra,Silver,2023-10-28,2026-07-01T09:00:00
C003666,Rohan,Iyer,rohan.iyer3666@example.com,9129031054,Delhi,Delhi,Gold,2023-10-29,2026-07-01T09:00:00
C003667,Rahul,Reddy,rahul.reddy3667@example.com,9129038973,Kolkata,West Bengal,Platinum,2023-10-30,2026-07-01T09:00:00
C003668,Kiran,Singh,kiran.singh3668@example.com,9129046892,Ahmedabad,Gujarat,Bronze,2023-10-31,2026-07-01T09:00:00
C003669,Priya,Nair,priya.nair3669@example.com,9129054811,Jaipur,Rajasthan,Silver,2023-11-01,2026-07-01T09:00:00
C003670,Ananya,Sharma,ananya.sharma3670@example.com,9129062730,Kochi,Kerala,Gold,2023-11-02,2026-07-01T09:00:00
C003671,Isha,Rao,isha.rao3671@example.com,9129070649,Hyderabad,Telangana,Platinum,2023-11-03,2026-07-01T09:00:00
C003672,Neha,Gupta,neha.gupta3672@example.com,9129078568,Mumbai,Maharashtra,Bronze,2023-11-04,2026-07-01T09:00:00
C003673,Sneha,Verma,sneha.verma3673@example.com,9129086487,Bengaluru,Karnataka,Silver,2023-11-05,2026-07-01T09:00:00
C003674,Pooja,Patel,pooja.patel3674@example.com,9129094406,Chennai,Tamil Nadu,Gold,2023-11-06,2026-07-01T09:00:00
C003675,Kavya,Kumar,kavya.kumar3675@example.com,9129102325,Pune,Maharashtra,Platinum,2023-11-07,2026-07-01T09:00:00
C003676,Meera,Iyer,meera.iyer3676@example.com,9129110244,Delhi,Delhi,Bronze,2023-11-08,2026-07-01T09:00:00
C003677,Nikhil,Reddy,nikhil.reddy3677@example.com,9129118163,Kolkata,West Bengal,Silver,2023-11-09,2026-07-01T09:00:00
C003678,Vikram,Singh,vikram.singh3678@example.com,9129126082,Ahmedabad,Gujarat,Gold,2023-11-10,2026-07-01T09:00:00
C003679,Akash,Nair,akash.nair3679@example.com,9129134001,Jaipur,Rajasthan,Platinum,2023-11-11,2026-07-01T09:00:00
C003680,Divya,Sharma,divya.sharma3680@example.com,9129141920,Kochi,Kerala,Bronze,2023-11-12,2026-07-01T09:00:00
C003681,Aarav,Rao,aarav.rao3681@example.com,9129149839,Hyderabad,Telangana,Silver,2023-11-13,2026-07-01T09:00:00
C003682,Vivaan,Gupta,vivaan.gupta3682@example.com,9129157758,Mumbai,Maharashtra,Gold,2023-11-14,2026-07-01T09:00:00
C003683,Aditya,Verma,aditya.verma3683@example.com,9129165677,Bengaluru,Karnataka,Platinum,2023-11-15,2026-07-01T09:00:00
C003684,Arjun,Patel,arjun.patel3684@example.com,9129173596,Chennai,Tamil Nadu,Bronze,2023-11-16,2026-07-01T09:00:00
C003685,Sai,Kumar,sai.kumar3685@example.com,9129181515,Pune,Maharashtra,Silver,2023-11-17,2026-07-01T09:00:00
C003686,Rohan,Iyer,rohan.iyer3686@example.com,9129189434,Delhi,Delhi,Gold,2023-11-18,2026-07-01T09:00:00
C003687,Rahul,Reddy,rahul.reddy3687@example.com,9129197353,Kolkata,West Bengal,Platinum,2023-11-19,2026-07-01T09:00:00
C003688,Kiran,Singh,kiran.singh3688@example.com,9129205272,Ahmedabad,Gujarat,Bronze,2023-11-20,2026-07-01T09:00:00
C003689,Priya,Nair,priya.nair3689@example.com,9129213191,Jaipur,Rajasthan,Silver,2023-11-21,2026-07-01T09:00:00
C003690,Ananya,Sharma,ananya.sharma3690@example.com,9129221110,Kochi,Kerala,Gold,2023-11-22,2026-07-01T09:00:00
C003691,Isha,Rao,isha.rao3691@example.com,9129229029,Hyderabad,Telangana,Platinum,2023-11-23,2026-07-01T09:00:00
C003692,Neha,Gupta,neha.gupta3692@example.com,9129236948,Mumbai,Maharashtra,Bronze,2023-11-24,2026-07-01T09:00:00
C003693,Sneha,Verma,sneha.verma3693@example.com,9129244867,Bengaluru,Karnataka,Silver,2023-11-25,2026-07-01T09:00:00
C003694,Pooja,Patel,pooja.patel3694@example.com,9129252786,Chennai,Tamil Nadu,Gold,2023-11-26,2026-07-01T09:00:00
C003695,Kavya,Kumar,kavya.kumar3695@example.com,9129260705,Pune,Maharashtra,Platinum,2023-11-27,2026-07-01T09:00:00
C003696,Meera,Iyer,meera.iyer3696@example.com,9129268624,Delhi,Delhi,Bronze,2023-11-28,2026-07-01T09:00:00
C003697,Nikhil,Reddy,nikhil.reddy3697@example.com,9129276543,Kolkata,West Bengal,Silver,2023-11-29,2026-07-01T09:00:00
C003698,Vikram,Singh,vikram.singh3698@example.com,9129284462,Ahmedabad,Gujarat,Gold,2023-11-30,2026-07-01T09:00:00
C003699,Akash,Nair,akash.nair3699@example.com,9129292381,Jaipur,Rajasthan,Platinum,2023-12-01,2026-07-01T09:00:00
C003700,Divya,Sharma,divya.sharma3700@example.com,9129300300,Kochi,Kerala,Bronze,2023-12-02,2026-07-01T09:00:00
C003701,Aarav,Rao,aarav.rao3701@example.com,9129308219,Hyderabad,Telangana,Silver,2023-12-03,2026-07-01T09:00:00
C003702,Vivaan,Gupta,vivaan.gupta3702@example.com,9129316138,Mumbai,Maharashtra,Gold,2023-12-04,2026-07-01T09:00:00
C003703,Aditya,Verma,aditya.verma3703@example.com,9129324057,Bengaluru,Karnataka,Platinum,2023-12-05,2026-07-01T09:00:00
C003704,Arjun,Patel,arjun.patel3704@example.com,9129331976,Chennai,Tamil Nadu,Bronze,2023-12-06,2026-07-01T09:00:00
C003705,Sai,Kumar,sai.kumar3705@example.com,9129339895,Pune,Maharashtra,Silver,2023-12-07,2026-07-01T09:00:00
C003706,Rohan,Iyer,rohan.iyer3706@example.com,9129347814,Delhi,Delhi,Gold,2023-12-08,2026-07-01T09:00:00
C003707,Rahul,Reddy,rahul.reddy3707@example.com,9129355733,Kolkata,West Bengal,Platinum,2023-12-09,2026-07-01T09:00:00
C003708,Kiran,Singh,kiran.singh3708@example.com,9129363652,Ahmedabad,Gujarat,Bronze,2023-12-10,2026-07-01T09:00:00
C003709,Priya,Nair,priya.nair3709@example.com,9129371571,Jaipur,Rajasthan,Silver,2023-12-11,2026-07-01T09:00:00
C003710,Ananya,Sharma,ananya.sharma3710@example.com,9129379490,Kochi,Kerala,Gold,2023-12-12,2026-07-01T09:00:00
C003711,Isha,Rao,isha.rao3711@example.com,9129387409,Hyderabad,Telangana,Platinum,2023-12-13,2026-07-01T09:00:00
C003712,Neha,Gupta,neha.gupta3712@example.com,9129395328,Mumbai,Maharashtra,Bronze,2023-12-14,2026-07-01T09:00:00
C003713,Sneha,Verma,sneha.verma3713@example.com,9129403247,Bengaluru,Karnataka,Silver,2023-12-15,2026-07-01T09:00:00
C003714,Pooja,Patel,pooja.patel3714@example.com,9129411166,Chennai,Tamil Nadu,Gold,2023-12-16,2026-07-01T09:00:00
C003715,Kavya,Kumar,kavya.kumar3715@example.com,9129419085,Pune,Maharashtra,Platinum,2023-12-17,2026-07-01T09:00:00
C003716,Meera,Iyer,meera.iyer3716@example.com,9129427004,Delhi,Delhi,Bronze,2023-12-18,2026-07-01T09:00:00
C003717,Nikhil,Reddy,nikhil.reddy3717@example.com,9129434923,Kolkata,West Bengal,Silver,2023-12-19,2026-07-01T09:00:00
C003718,Vikram,Singh,vikram.singh3718@example.com,9129442842,Ahmedabad,Gujarat,Gold,2023-12-20,2026-07-01T09:00:00
C003719,Akash,Nair,akash.nair3719@example.com,9129450761,Jaipur,Rajasthan,Platinum,2023-12-21,2026-07-01T09:00:00
C003720,Divya,Sharma,divya.sharma3720@example.com,9129458680,Kochi,Kerala,Bronze,2023-12-22,2026-07-01T09:00:00
C003721,Aarav,Rao,aarav.rao3721@example.com,9129466599,Hyderabad,Telangana,Silver,2023-12-23,2026-07-01T09:00:00
C003722,Vivaan,Gupta,vivaan.gupta3722@example.com,9129474518,Mumbai,Maharashtra,Gold,2023-12-24,2026-07-01T09:00:00
C003723,Aditya,Verma,aditya.verma3723@example.com,9129482437,Bengaluru,Karnataka,Platinum,2023-12-25,2026-07-01T09:00:00
C003724,Arjun,Patel,arjun.patel3724@example.com,9129490356,Chennai,Tamil Nadu,Bronze,2023-12-26,2026-07-01T09:00:00
C003725,Sai,Kumar,sai.kumar3725@example.com,9129498275,Pune,Maharashtra,Silver,2023-12-27,2026-07-01T09:00:00
C003726,Rohan,Iyer,rohan.iyer3726@example.com,9129506194,Delhi,Delhi,Gold,2023-12-28,2026-07-01T09:00:00
C003727,Rahul,Reddy,rahul.reddy3727@example.com,9129514113,Kolkata,West Bengal,Platinum,2023-12-29,2026-07-01T09:00:00
C003728,Kiran,Singh,kiran.singh3728@example.com,9129522032,Ahmedabad,Gujarat,Bronze,2023-12-30,2026-07-01T09:00:00
C003729,Priya,Nair,priya.nair3729@example.com,9129529951,Jaipur,Rajasthan,Silver,2023-12-31,2026-07-01T09:00:00
C003730,Ananya,Sharma,ananya.sharma3730@example.com,9129537870,Kochi,Kerala,Gold,2024-01-01,2026-07-01T09:00:00
C003731,Isha,Rao,isha.rao3731@example.com,9129545789,Hyderabad,Telangana,Platinum,2024-01-02,2026-07-01T09:00:00
C003732,Neha,Gupta,neha.gupta3732@example.com,9129553708,Mumbai,Maharashtra,Bronze,2024-01-03,2026-07-01T09:00:00
C003733,Sneha,Verma,sneha.verma3733@example.com,9129561627,Bengaluru,Karnataka,Silver,2024-01-04,2026-07-01T09:00:00
C003734,Pooja,Patel,pooja.patel3734@example.com,9129569546,Chennai,Tamil Nadu,Gold,2024-01-05,2026-07-01T09:00:00
C003735,Kavya,Kumar,kavya.kumar3735@example.com,9129577465,Pune,Maharashtra,Platinum,2024-01-06,2026-07-01T09:00:00
C003736,Meera,Iyer,meera.iyer3736@example.com,9129585384,Delhi,Delhi,Bronze,2024-01-07,2026-07-01T09:00:00
C003737,Nikhil,Reddy,nikhil.reddy3737@example.com,9129593303,Kolkata,West Bengal,Silver,2024-01-08,2026-07-01T09:00:00
C003738,Vikram,Singh,vikram.singh3738@example.com,9129601222,Ahmedabad,Gujarat,Gold,2024-01-09,2026-07-01T09:00:00
C003739,Akash,Nair,akash.nair3739@example.com,9129609141,Jaipur,Rajasthan,Platinum,2024-01-10,2026-07-01T09:00:00
C003740,Divya,Sharma,divya.sharma3740@example.com,9129617060,Kochi,Kerala,Bronze,2024-01-11,2026-07-01T09:00:00
C003741,Aarav,Rao,aarav.rao3741@example.com,9129624979,Hyderabad,Telangana,Silver,2024-01-12,2026-07-01T09:00:00
C003742,Vivaan,Gupta,vivaan.gupta3742@example.com,9129632898,Mumbai,Maharashtra,Gold,2024-01-13,2026-07-01T09:00:00
C003743,Aditya,Verma,aditya.verma3743@example.com,9129640817,Bengaluru,Karnataka,Platinum,2024-01-14,2026-07-01T09:00:00
C003744,Arjun,Patel,arjun.patel3744@example.com,9129648736,Chennai,Tamil Nadu,Bronze,2024-01-15,2026-07-01T09:00:00
C003745,Sai,Kumar,sai.kumar3745@example.com,9129656655,Pune,Maharashtra,Silver,2024-01-16,2026-07-01T09:00:00
C003746,Rohan,Iyer,rohan.iyer3746@example.com,9129664574,Delhi,Delhi,Gold,2024-01-17,2026-07-01T09:00:00
C003747,Rahul,Reddy,rahul.reddy3747@example.com,9129672493,Kolkata,West Bengal,Platinum,2024-01-18,2026-07-01T09:00:00
C003748,Kiran,Singh,kiran.singh3748@example.com,9129680412,Ahmedabad,Gujarat,Bronze,2024-01-19,2026-07-01T09:00:00
C003749,Priya,Nair,priya.nair3749@example.com,9129688331,Jaipur,Rajasthan,Silver,2024-01-20,2026-07-01T09:00:00
C003750,Ananya,Sharma,ananya.sharma3750@example.com,9129696250,Kochi,Kerala,Gold,2024-01-21,2026-07-01T09:00:00
C003751,Isha,Rao,isha.rao3751@example.com,9129704169,Hyderabad,Telangana,Platinum,2024-01-22,2026-07-01T09:00:00
C003752,Neha,Gupta,neha.gupta3752@example.com,9129712088,Mumbai,Maharashtra,Bronze,2024-01-23,2026-07-01T09:00:00
C003753,Sneha,Verma,sneha.verma3753@example.com,9129720007,Bengaluru,Karnataka,Silver,2024-01-24,2026-07-01T09:00:00
C003754,Pooja,Patel,pooja.patel3754@example.com,9129727926,Chennai,Tamil Nadu,Gold,2024-01-25,2026-07-01T09:00:00
C003755,Kavya,Kumar,kavya.kumar3755@example.com,9129735845,Pune,Maharashtra,Platinum,2024-01-26,2026-07-01T09:00:00
C003756,Meera,Iyer,meera.iyer3756@example.com,9129743764,Delhi,Delhi,Bronze,2024-01-27,2026-07-01T09:00:00
C003757,Nikhil,Reddy,nikhil.reddy3757@example.com,9129751683,Kolkata,West Bengal,Silver,2024-01-28,2026-07-01T09:00:00
C003758,Vikram,Singh,vikram.singh3758@example.com,9129759602,Ahmedabad,Gujarat,Gold,2024-01-29,2026-07-01T09:00:00
C003759,Akash,Nair,akash.nair3759@example.com,9129767521,Jaipur,Rajasthan,Platinum,2024-01-30,2026-07-01T09:00:00
C003760,Divya,Sharma,divya.sharma3760@example.com,9129775440,Kochi,Kerala,Bronze,2024-01-31,2026-07-01T09:00:00
C003761,Aarav,Rao,aarav.rao3761@example.com,9129783359,Hyderabad,Telangana,Silver,2024-02-01,2026-07-01T09:00:00
C003762,Vivaan,Gupta,vivaan.gupta3762@example.com,9129791278,Mumbai,Maharashtra,Gold,2024-02-02,2026-07-01T09:00:00
C003763,Aditya,Verma,aditya.verma3763@example.com,9129799197,Bengaluru,Karnataka,Platinum,2024-02-03,2026-07-01T09:00:00
C003764,Arjun,Patel,arjun.patel3764@example.com,9129807116,Chennai,Tamil Nadu,Bronze,2024-02-04,2026-07-01T09:00:00
C003765,Sai,Kumar,sai.kumar3765@example.com,9129815035,Pune,Maharashtra,Silver,2024-02-05,2026-07-01T09:00:00
C003766,Rohan,Iyer,rohan.iyer3766@example.com,9129822954,Delhi,Delhi,Gold,2024-02-06,2026-07-01T09:00:00
C003767,Rahul,Reddy,rahul.reddy3767@example.com,9129830873,Kolkata,West Bengal,Platinum,2024-02-07,2026-07-01T09:00:00
C003768,Kiran,Singh,kiran.singh3768@example.com,9129838792,Ahmedabad,Gujarat,Bronze,2024-02-08,2026-07-01T09:00:00
C003769,Priya,Nair,priya.nair3769@example.com,9129846711,Jaipur,Rajasthan,Silver,2024-02-09,2026-07-01T09:00:00
C003770,Ananya,Sharma,ananya.sharma3770@example.com,9129854630,Kochi,Kerala,Gold,2024-02-10,2026-07-01T09:00:00
C003771,Isha,Rao,isha.rao3771@example.com,9129862549,Hyderabad,Telangana,Platinum,2024-02-11,2026-07-01T09:00:00
C003772,Neha,Gupta,neha.gupta3772@example.com,9129870468,Mumbai,Maharashtra,Bronze,2024-02-12,2026-07-01T09:00:00
C003773,Sneha,Verma,sneha.verma3773@example.com,9129878387,Bengaluru,Karnataka,Silver,2024-02-13,2026-07-01T09:00:00
C003774,Pooja,Patel,pooja.patel3774@example.com,9129886306,Chennai,Tamil Nadu,Gold,2024-02-14,2026-07-01T09:00:00
C003775,Kavya,Kumar,kavya.kumar3775@example.com,9129894225,Pune,Maharashtra,Platinum,2024-02-15,2026-07-01T09:00:00
C003776,Meera,Iyer,meera.iyer3776@example.com,9129902144,Delhi,Delhi,Bronze,2024-02-16,2026-07-01T09:00:00
C003777,Nikhil,Reddy,nikhil.reddy3777@example.com,9129910063,Kolkata,West Bengal,Silver,2024-02-17,2026-07-01T09:00:00
C003778,Vikram,Singh,vikram.singh3778@example.com,9129917982,Ahmedabad,Gujarat,Gold,2024-02-18,2026-07-01T09:00:00
C003779,Akash,Nair,akash.nair3779@example.com,9129925901,Jaipur,Rajasthan,Platinum,2024-02-19,2026-07-01T09:00:00
C003780,Divya,Sharma,divya.sharma3780@example.com,9129933820,Kochi,Kerala,Bronze,2024-02-20,2026-07-01T09:00:00
C003781,Aarav,Rao,aarav.rao3781@example.com,9129941739,Hyderabad,Telangana,Silver,2024-02-21,2026-07-01T09:00:00
C003782,Vivaan,Gupta,vivaan.gupta3782@example.com,9129949658,Mumbai,Maharashtra,Gold,2024-02-22,2026-07-01T09:00:00
C003783,Aditya,Verma,aditya.verma3783@example.com,9129957577,Bengaluru,Karnataka,Platinum,2024-02-23,2026-07-01T09:00:00
C003784,Arjun,Patel,arjun.patel3784@example.com,9129965496,Chennai,Tamil Nadu,Bronze,2024-02-24,2026-07-01T09:00:00
C003785,Sai,Kumar,sai.kumar3785@example.com,9129973415,Pune,Maharashtra,Silver,2024-02-25,2026-07-01T09:00:00
C003786,Rohan,Iyer,rohan.iyer3786@example.com,9129981334,Delhi,Delhi,Gold,2024-02-26,2026-07-01T09:00:00
C003787,Rahul,Reddy,rahul.reddy3787@example.com,9129989253,Kolkata,West Bengal,Platinum,2024-02-27,2026-07-01T09:00:00
C003788,Kiran,Singh,kiran.singh3788@example.com,9129997172,Ahmedabad,Gujarat,Bronze,2024-02-28,2026-07-01T09:00:00
C003789,Priya,Nair,priya.nair3789@example.com,9130005091,Jaipur,Rajasthan,Silver,2024-02-29,2026-07-01T09:00:00
C003790,Ananya,Sharma,ananya.sharma3790@example.com,9130013010,Kochi,Kerala,Gold,2024-03-01,2026-07-01T09:00:00
C003791,Isha,Rao,isha.rao3791@example.com,9130020929,Hyderabad,Telangana,Platinum,2024-03-02,2026-07-01T09:00:00
C003792,Neha,Gupta,neha.gupta3792@example.com,9130028848,Mumbai,Maharashtra,Bronze,2024-03-03,2026-07-01T09:00:00
C003793,Sneha,Verma,sneha.verma3793@example.com,9130036767,Bengaluru,Karnataka,Silver,2024-03-04,2026-07-01T09:00:00
C003794,Pooja,Patel,pooja.patel3794@example.com,9130044686,Chennai,Tamil Nadu,Gold,2024-03-05,2026-07-01T09:00:00
C003795,Kavya,Kumar,kavya.kumar3795@example.com,9130052605,Pune,Maharashtra,Platinum,2024-03-06,2026-07-01T09:00:00
C003796,Meera,Iyer,meera.iyer3796@example.com,9130060524,Delhi,Delhi,Bronze,2024-03-07,2026-07-01T09:00:00
C003797,Nikhil,Reddy,nikhil.reddy3797@example.com,9130068443,Kolkata,West Bengal,Silver,2024-03-08,2026-07-01T09:00:00
C003798,Vikram,Singh,vikram.singh3798@example.com,9130076362,Ahmedabad,Gujarat,Gold,2024-03-09,2026-07-01T09:00:00
C003799,Akash,Nair,akash.nair3799@example.com,9130084281,Jaipur,Rajasthan,Platinum,2024-03-10,2026-07-01T09:00:00
C003800,Divya,Sharma,divya.sharma3800@example.com,9130092200,Kochi,Kerala,Bronze,2024-03-11,2026-07-01T09:00:00
C003801,Aarav,Rao,aarav.rao3801@example.com,9130100119,Hyderabad,Telangana,Silver,2024-03-12,2026-07-01T09:00:00
C003802,Vivaan,Gupta,vivaan.gupta3802@example.com,9130108038,Mumbai,Maharashtra,Gold,2024-03-13,2026-07-01T09:00:00
C003803,Aditya,Verma,aditya.verma3803@example.com,9130115957,Bengaluru,Karnataka,Platinum,2024-03-14,2026-07-01T09:00:00
C003804,Arjun,Patel,arjun.patel3804@example.com,9130123876,Chennai,Tamil Nadu,Bronze,2024-03-15,2026-07-01T09:00:00
C003805,Sai,Kumar,sai.kumar3805@example.com,9130131795,Pune,Maharashtra,Silver,2024-03-16,2026-07-01T09:00:00
C003806,Rohan,Iyer,rohan.iyer3806@example.com,9130139714,Delhi,Delhi,Gold,2024-03-17,2026-07-01T09:00:00
C003807,Rahul,Reddy,rahul.reddy3807@example.com,9130147633,Kolkata,West Bengal,Platinum,2024-03-18,2026-07-01T09:00:00
C003808,Kiran,Singh,kiran.singh3808@example.com,9130155552,Ahmedabad,Gujarat,Bronze,2024-03-19,2026-07-01T09:00:00
C003809,Priya,Nair,priya.nair3809@example.com,9130163471,Jaipur,Rajasthan,Silver,2024-03-20,2026-07-01T09:00:00
C003810,Ananya,Sharma,ananya.sharma3810@example.com,9130171390,Kochi,Kerala,Gold,2024-03-21,2026-07-01T09:00:00
C003811,Isha,Rao,isha.rao3811@example.com,9130179309,Hyderabad,Telangana,Platinum,2024-03-22,2026-07-01T09:00:00
C003812,Neha,Gupta,neha.gupta3812@example.com,9130187228,Mumbai,Maharashtra,Bronze,2024-03-23,2026-07-01T09:00:00
C003813,Sneha,Verma,sneha.verma3813@example.com,9130195147,Bengaluru,Karnataka,Silver,2024-03-24,2026-07-01T09:00:00
C003814,Pooja,Patel,pooja.patel3814@example.com,9130203066,Chennai,Tamil Nadu,Gold,2024-03-25,2026-07-01T09:00:00
C003815,Kavya,Kumar,kavya.kumar3815@example.com,9130210985,Pune,Maharashtra,Platinum,2024-03-26,2026-07-01T09:00:00
C003816,Meera,Iyer,meera.iyer3816@example.com,9130218904,Delhi,Delhi,Bronze,2024-03-27,2026-07-01T09:00:00
C003817,Nikhil,Reddy,nikhil.reddy3817@example.com,9130226823,Kolkata,West Bengal,Silver,2024-03-28,2026-07-01T09:00:00
C003818,Vikram,Singh,vikram.singh3818@example.com,9130234742,Ahmedabad,Gujarat,Gold,2024-03-29,2026-07-01T09:00:00
C003819,Akash,Nair,akash.nair3819@example.com,9130242661,Jaipur,Rajasthan,Platinum,2024-03-30,2026-07-01T09:00:00
C003820,Divya,Sharma,divya.sharma3820@example.com,9130250580,Kochi,Kerala,Bronze,2024-03-31,2026-07-01T09:00:00
C003821,Aarav,Rao,aarav.rao3821@example.com,9130258499,Hyderabad,Telangana,Silver,2024-04-01,2026-07-01T09:00:00
C003822,Vivaan,Gupta,vivaan.gupta3822@example.com,9130266418,Mumbai,Maharashtra,Gold,2024-04-02,2026-07-01T09:00:00
C003823,Aditya,Verma,aditya.verma3823@example.com,9130274337,Bengaluru,Karnataka,Platinum,2024-04-03,2026-07-01T09:00:00
C003824,Arjun,Patel,arjun.patel3824@example.com,9130282256,Chennai,Tamil Nadu,Bronze,2024-04-04,2026-07-01T09:00:00
C003825,Sai,Kumar,sai.kumar3825@example.com,9130290175,Pune,Maharashtra,Silver,2024-04-05,2026-07-01T09:00:00
C003826,Rohan,Iyer,rohan.iyer3826@example.com,9130298094,Delhi,Delhi,Gold,2024-04-06,2026-07-01T09:00:00
C003827,Rahul,Reddy,rahul.reddy3827@example.com,9130306013,Kolkata,West Bengal,Platinum,2024-04-07,2026-07-01T09:00:00
C003828,Kiran,Singh,kiran.singh3828@example.com,9130313932,Ahmedabad,Gujarat,Bronze,2024-04-08,2026-07-01T09:00:00
C003829,Priya,Nair,priya.nair3829@example.com,9130321851,Jaipur,Rajasthan,Silver,2024-04-09,2026-07-01T09:00:00
C003830,Ananya,Sharma,ananya.sharma3830@example.com,9130329770,Kochi,Kerala,Gold,2024-04-10,2026-07-01T09:00:00
C003831,Isha,Rao,isha.rao3831@example.com,9130337689,Hyderabad,Telangana,Platinum,2024-04-11,2026-07-01T09:00:00
C003832,Neha,Gupta,neha.gupta3832@example.com,9130345608,Mumbai,Maharashtra,Bronze,2024-04-12,2026-07-01T09:00:00
C003833,Sneha,Verma,sneha.verma3833@example.com,9130353527,Bengaluru,Karnataka,Silver,2024-04-13,2026-07-01T09:00:00
C003834,Pooja,Patel,pooja.patel3834@example.com,9130361446,Chennai,Tamil Nadu,Gold,2024-04-14,2026-07-01T09:00:00
C003835,Kavya,Kumar,kavya.kumar3835@example.com,9130369365,Pune,Maharashtra,Platinum,2024-04-15,2026-07-01T09:00:00
C003836,Meera,Iyer,meera.iyer3836@example.com,9130377284,Delhi,Delhi,Bronze,2024-04-16,2026-07-01T09:00:00
C003837,Nikhil,Reddy,nikhil.reddy3837@example.com,9130385203,Kolkata,West Bengal,Silver,2024-04-17,2026-07-01T09:00:00
C003838,Vikram,Singh,vikram.singh3838@example.com,9130393122,Ahmedabad,Gujarat,Gold,2024-04-18,2026-07-01T09:00:00
C003839,Akash,Nair,akash.nair3839@example.com,9130401041,Jaipur,Rajasthan,Platinum,2024-04-19,2026-07-01T09:00:00
C003840,Divya,Sharma,divya.sharma3840@example.com,9130408960,Kochi,Kerala,Bronze,2024-04-20,2026-07-01T09:00:00
C003841,Aarav,Rao,aarav.rao3841@example.com,9130416879,Hyderabad,Telangana,Silver,2024-04-21,2026-07-01T09:00:00
C003842,Vivaan,Gupta,vivaan.gupta3842@example.com,9130424798,Mumbai,Maharashtra,Gold,2024-04-22,2026-07-01T09:00:00
C003843,Aditya,Verma,aditya.verma3843@example.com,9130432717,Bengaluru,Karnataka,Platinum,2024-04-23,2026-07-01T09:00:00
C003844,Arjun,Patel,arjun.patel3844@example.com,9130440636,Chennai,Tamil Nadu,Bronze,2024-04-24,2026-07-01T09:00:00
C003845,Sai,Kumar,sai.kumar3845@example.com,9130448555,Pune,Maharashtra,Silver,2024-04-25,2026-07-01T09:00:00
C003846,Rohan,Iyer,rohan.iyer3846@example.com,9130456474,Delhi,Delhi,Gold,2024-04-26,2026-07-01T09:00:00
C003847,Rahul,Reddy,rahul.reddy3847@example.com,9130464393,Kolkata,West Bengal,Platinum,2024-04-27,2026-07-01T09:00:00
C003848,Kiran,Singh,kiran.singh3848@example.com,9130472312,Ahmedabad,Gujarat,Bronze,2024-04-28,2026-07-01T09:00:00
C003849,Priya,Nair,priya.nair3849@example.com,9130480231,Jaipur,Rajasthan,Silver,2024-04-29,2026-07-01T09:00:00
C003850,Ananya,Sharma,ananya.sharma3850@example.com,9130488150,Kochi,Kerala,Gold,2024-04-30,2026-07-01T09:00:00
C003851,Isha,Rao,isha.rao3851@example.com,9130496069,Hyderabad,Telangana,Platinum,2024-05-01,2026-07-01T09:00:00
C003852,Neha,Gupta,neha.gupta3852@example.com,9130503988,Mumbai,Maharashtra,Bronze,2024-05-02,2026-07-01T09:00:00
C003853,Sneha,Verma,sneha.verma3853@example.com,9130511907,Bengaluru,Karnataka,Silver,2024-05-03,2026-07-01T09:00:00
C003854,Pooja,Patel,pooja.patel3854@example.com,9130519826,Chennai,Tamil Nadu,Gold,2024-05-04,2026-07-01T09:00:00
C003855,Kavya,Kumar,kavya.kumar3855@example.com,9130527745,Pune,Maharashtra,Platinum,2024-05-05,2026-07-01T09:00:00
C003856,Meera,Iyer,meera.iyer3856@example.com,9130535664,Delhi,Delhi,Bronze,2024-05-06,2026-07-01T09:00:00
C003857,Nikhil,Reddy,nikhil.reddy3857@example.com,9130543583,Kolkata,West Bengal,Silver,2024-05-07,2026-07-01T09:00:00
C003858,Vikram,Singh,vikram.singh3858@example.com,9130551502,Ahmedabad,Gujarat,Gold,2024-05-08,2026-07-01T09:00:00
C003859,Akash,Nair,akash.nair3859@example.com,9130559421,Jaipur,Rajasthan,Platinum,2024-05-09,2026-07-01T09:00:00
C003860,Divya,Sharma,divya.sharma3860@example.com,9130567340,Kochi,Kerala,Bronze,2024-05-10,2026-07-01T09:00:00
C003861,Aarav,Rao,aarav.rao3861@example.com,9130575259,Hyderabad,Telangana,Silver,2024-05-11,2026-07-01T09:00:00
C003862,Vivaan,Gupta,vivaan.gupta3862@example.com,9130583178,Mumbai,Maharashtra,Gold,2024-05-12,2026-07-01T09:00:00
C003863,Aditya,Verma,aditya.verma3863@example.com,9130591097,Bengaluru,Karnataka,Platinum,2024-05-13,2026-07-01T09:00:00
C003864,Arjun,Patel,arjun.patel3864@example.com,9130599016,Chennai,Tamil Nadu,Bronze,2024-05-14,2026-07-01T09:00:00
C003865,Sai,Kumar,sai.kumar3865@example.com,9130606935,Pune,Maharashtra,Silver,2024-05-15,2026-07-01T09:00:00
C003866,Rohan,Iyer,rohan.iyer3866@example.com,9130614854,Delhi,Delhi,Gold,2024-05-16,2026-07-01T09:00:00
C003867,Rahul,Reddy,rahul.reddy3867@example.com,9130622773,Kolkata,West Bengal,Platinum,2024-05-17,2026-07-01T09:00:00
C003868,Kiran,Singh,kiran.singh3868@example.com,9130630692,Ahmedabad,Gujarat,Bronze,2024-05-18,2026-07-01T09:00:00
C003869,Priya,Nair,priya.nair3869@example.com,9130638611,Jaipur,Rajasthan,Silver,2024-05-19,2026-07-01T09:00:00
C003870,Ananya,Sharma,ananya.sharma3870@example.com,9130646530,Kochi,Kerala,Gold,2024-05-20,2026-07-01T09:00:00
C003871,Isha,Rao,isha.rao3871@example.com,9130654449,Hyderabad,Telangana,Platinum,2024-05-21,2026-07-01T09:00:00
C003872,Neha,Gupta,neha.gupta3872@example.com,9130662368,Mumbai,Maharashtra,Bronze,2024-05-22,2026-07-01T09:00:00
C003873,Sneha,Verma,sneha.verma3873@example.com,9130670287,Bengaluru,Karnataka,Silver,2024-05-23,2026-07-01T09:00:00
C003874,Pooja,Patel,pooja.patel3874@example.com,9130678206,Chennai,Tamil Nadu,Gold,2024-05-24,2026-07-01T09:00:00
C003875,Kavya,Kumar,kavya.kumar3875@example.com,9130686125,Pune,Maharashtra,Platinum,2024-05-25,2026-07-01T09:00:00
C003876,Meera,Iyer,meera.iyer3876@example.com,9130694044,Delhi,Delhi,Bronze,2024-05-26,2026-07-01T09:00:00
C003877,Nikhil,Reddy,nikhil.reddy3877@example.com,9130701963,Kolkata,West Bengal,Silver,2024-05-27,2026-07-01T09:00:00
C003878,Vikram,Singh,vikram.singh3878@example.com,9130709882,Ahmedabad,Gujarat,Gold,2024-05-28,2026-07-01T09:00:00
C003879,Akash,Nair,akash.nair3879@example.com,9130717801,Jaipur,Rajasthan,Platinum,2024-05-29,2026-07-01T09:00:00
C003880,Divya,Sharma,divya.sharma3880@example.com,9130725720,Kochi,Kerala,Bronze,2024-05-30,2026-07-01T09:00:00
C003881,Aarav,Rao,aarav.rao3881@example.com,9130733639,Hyderabad,Telangana,Silver,2024-05-31,2026-07-01T09:00:00
C003882,Vivaan,Gupta,vivaan.gupta3882@example.com,9130741558,Mumbai,Maharashtra,Gold,2024-06-01,2026-07-01T09:00:00
C003883,Aditya,Verma,aditya.verma3883@example.com,9130749477,Bengaluru,Karnataka,Platinum,2024-06-02,2026-07-01T09:00:00
C003884,Arjun,Patel,arjun.patel3884@example.com,9130757396,Chennai,Tamil Nadu,Bronze,2024-06-03,2026-07-01T09:00:00
C003885,Sai,Kumar,sai.kumar3885@example.com,9130765315,Pune,Maharashtra,Silver,2024-06-04,2026-07-01T09:00:00
C003886,Rohan,Iyer,rohan.iyer3886@example.com,9130773234,Delhi,Delhi,Gold,2024-06-05,2026-07-01T09:00:00
C003887,Rahul,Reddy,rahul.reddy3887@example.com,9130781153,Kolkata,West Bengal,Platinum,2024-06-06,2026-07-01T09:00:00
C003888,Kiran,Singh,kiran.singh3888@example.com,9130789072,Ahmedabad,Gujarat,Bronze,2024-06-07,2026-07-01T09:00:00
C003889,Priya,Nair,priya.nair3889@example.com,9130796991,Jaipur,Rajasthan,Silver,2024-06-08,2026-07-01T09:00:00
C003890,Ananya,Sharma,ananya.sharma3890@example.com,9130804910,Kochi,Kerala,Gold,2024-06-09,2026-07-01T09:00:00
C003891,Isha,Rao,isha.rao3891@example.com,9130812829,Hyderabad,Telangana,Platinum,2024-06-10,2026-07-01T09:00:00
C003892,Neha,Gupta,neha.gupta3892@example.com,9130820748,Mumbai,Maharashtra,Bronze,2024-06-11,2026-07-01T09:00:00
C003893,Sneha,Verma,sneha.verma3893@example.com,9130828667,Bengaluru,Karnataka,Silver,2024-06-12,2026-07-01T09:00:00
C003894,Pooja,Patel,pooja.patel3894@example.com,9130836586,Chennai,Tamil Nadu,Gold,2024-06-13,2026-07-01T09:00:00
C003895,Kavya,Kumar,kavya.kumar3895@example.com,9130844505,Pune,Maharashtra,Platinum,2024-06-14,2026-07-01T09:00:00
C003896,Meera,Iyer,meera.iyer3896@example.com,9130852424,Delhi,Delhi,Bronze,2024-06-15,2026-07-01T09:00:00
C003897,Nikhil,Reddy,nikhil.reddy3897@example.com,9130860343,Kolkata,West Bengal,Silver,2024-06-16,2026-07-01T09:00:00
C003898,Vikram,Singh,vikram.singh3898@example.com,9130868262,Ahmedabad,Gujarat,Gold,2024-06-17,2026-07-01T09:00:00
C003899,Akash,Nair,akash.nair3899@example.com,9130876181,Jaipur,Rajasthan,Platinum,2024-06-18,2026-07-01T09:00:00
C003900,Divya,Sharma,divya.sharma3900@example.com,9130884100,Kochi,Kerala,Bronze,2024-06-19,2026-07-01T09:00:00
C003901,Aarav,Rao,aarav.rao3901@example.com,9130892019,Hyderabad,Telangana,Silver,2024-06-20,2026-07-01T09:00:00
C003902,Vivaan,Gupta,vivaan.gupta3902@example.com,9130899938,Mumbai,Maharashtra,Gold,2024-06-21,2026-07-01T09:00:00
C003903,Aditya,Verma,aditya.verma3903@example.com,9130907857,Bengaluru,Karnataka,Platinum,2024-06-22,2026-07-01T09:00:00
C003904,Arjun,Patel,arjun.patel3904@example.com,9130915776,Chennai,Tamil Nadu,Bronze,2024-06-23,2026-07-01T09:00:00
C003905,Sai,Kumar,sai.kumar3905@example.com,9130923695,Pune,Maharashtra,Silver,2024-06-24,2026-07-01T09:00:00
C003906,Rohan,Iyer,rohan.iyer3906@example.com,9130931614,Delhi,Delhi,Gold,2024-06-25,2026-07-01T09:00:00
C003907,Rahul,Reddy,rahul.reddy3907@example.com,9130939533,Kolkata,West Bengal,Platinum,2024-06-26,2026-07-01T09:00:00
C003908,Kiran,Singh,kiran.singh3908@example.com,9130947452,Ahmedabad,Gujarat,Bronze,2024-06-27,2026-07-01T09:00:00
C003909,Priya,Nair,priya.nair3909@example.com,9130955371,Jaipur,Rajasthan,Silver,2024-06-28,2026-07-01T09:00:00
C003910,Ananya,Sharma,ananya.sharma3910@example.com,9130963290,Kochi,Kerala,Gold,2024-06-29,2026-07-01T09:00:00
C003911,Isha,Rao,isha.rao3911@example.com,9130971209,Hyderabad,Telangana,Platinum,2024-06-30,2026-07-01T09:00:00
C003912,Neha,Gupta,neha.gupta3912@example.com,9130979128,Mumbai,Maharashtra,Bronze,2024-07-01,2026-07-01T09:00:00
C003913,Sneha,Verma,sneha.verma3913@example.com,9130987047,Bengaluru,Karnataka,Silver,2024-07-02,2026-07-01T09:00:00
C003914,Pooja,Patel,pooja.patel3914@example.com,9130994966,Chennai,Tamil Nadu,Gold,2024-07-03,2026-07-01T09:00:00
C003915,Kavya,Kumar,kavya.kumar3915@example.com,9131002885,Pune,Maharashtra,Platinum,2024-07-04,2026-07-01T09:00:00
C003916,Meera,Iyer,meera.iyer3916@example.com,9131010804,Delhi,Delhi,Bronze,2024-07-05,2026-07-01T09:00:00
C003917,Nikhil,Reddy,nikhil.reddy3917@example.com,9131018723,Kolkata,West Bengal,Silver,2024-07-06,2026-07-01T09:00:00
C003918,Vikram,Singh,vikram.singh3918@example.com,9131026642,Ahmedabad,Gujarat,Gold,2024-07-07,2026-07-01T09:00:00
C003919,Akash,Nair,akash.nair3919@example.com,9131034561,Jaipur,Rajasthan,Platinum,2024-07-08,2026-07-01T09:00:00
C003920,Divya,Sharma,divya.sharma3920@example.com,9131042480,Kochi,Kerala,Bronze,2024-07-09,2026-07-01T09:00:00
C003921,Aarav,Rao,aarav.rao3921@example.com,9131050399,Hyderabad,Telangana,Silver,2024-07-10,2026-07-01T09:00:00
C003922,Vivaan,Gupta,vivaan.gupta3922@example.com,9131058318,Mumbai,Maharashtra,Gold,2024-07-11,2026-07-01T09:00:00
C003923,Aditya,Verma,aditya.verma3923@example.com,9131066237,Bengaluru,Karnataka,Platinum,2024-07-12,2026-07-01T09:00:00
C003924,Arjun,Patel,arjun.patel3924@example.com,9131074156,Chennai,Tamil Nadu,Bronze,2024-07-13,2026-07-01T09:00:00
C003925,Sai,Kumar,sai.kumar3925@example.com,9131082075,Pune,Maharashtra,Silver,2024-07-14,2026-07-01T09:00:00
C003926,Rohan,Iyer,rohan.iyer3926@example.com,9131089994,Delhi,Delhi,Gold,2024-07-15,2026-07-01T09:00:00
C003927,Rahul,Reddy,rahul.reddy3927@example.com,9131097913,Kolkata,West Bengal,Platinum,2024-07-16,2026-07-01T09:00:00
C003928,Kiran,Singh,kiran.singh3928@example.com,9131105832,Ahmedabad,Gujarat,Bronze,2024-07-17,2026-07-01T09:00:00
C003929,Priya,Nair,priya.nair3929@example.com,9131113751,Jaipur,Rajasthan,Silver,2024-07-18,2026-07-01T09:00:00
C003930,Ananya,Sharma,ananya.sharma3930@example.com,9131121670,Kochi,Kerala,Gold,2024-07-19,2026-07-01T09:00:00
C003931,Isha,Rao,isha.rao3931@example.com,9131129589,Hyderabad,Telangana,Platinum,2024-07-20,2026-07-01T09:00:00
C003932,Neha,Gupta,neha.gupta3932@example.com,9131137508,Mumbai,Maharashtra,Bronze,2024-07-21,2026-07-01T09:00:00
C003933,Sneha,Verma,sneha.verma3933@example.com,9131145427,Bengaluru,Karnataka,Silver,2024-07-22,2026-07-01T09:00:00
C003934,Pooja,Patel,pooja.patel3934@example.com,9131153346,Chennai,Tamil Nadu,Gold,2024-07-23,2026-07-01T09:00:00
C003935,Kavya,Kumar,kavya.kumar3935@example.com,9131161265,Pune,Maharashtra,Platinum,2024-07-24,2026-07-01T09:00:00
C003936,Meera,Iyer,meera.iyer3936@example.com,9131169184,Delhi,Delhi,Bronze,2024-07-25,2026-07-01T09:00:00
C003937,Nikhil,Reddy,nikhil.reddy3937@example.com,9131177103,Kolkata,West Bengal,Silver,2024-07-26,2026-07-01T09:00:00
C003938,Vikram,Singh,vikram.singh3938@example.com,9131185022,Ahmedabad,Gujarat,Gold,2024-07-27,2026-07-01T09:00:00
C003939,Akash,Nair,akash.nair3939@example.com,9131192941,Jaipur,Rajasthan,Platinum,2024-07-28,2026-07-01T09:00:00
C003940,Divya,Sharma,divya.sharma3940@example.com,9131200860,Kochi,Kerala,Bronze,2024-07-29,2026-07-01T09:00:00
C003941,Aarav,Rao,aarav.rao3941@example.com,9131208779,Hyderabad,Telangana,Silver,2024-07-30,2026-07-01T09:00:00
C003942,Vivaan,Gupta,vivaan.gupta3942@example.com,9131216698,Mumbai,Maharashtra,Gold,2024-07-31,2026-07-01T09:00:00
C003943,Aditya,Verma,aditya.verma3943@example.com,9131224617,Bengaluru,Karnataka,Platinum,2024-08-01,2026-07-01T09:00:00
C003944,Arjun,Patel,arjun.patel3944@example.com,9131232536,Chennai,Tamil Nadu,Bronze,2024-08-02,2026-07-01T09:00:00
C003945,Sai,Kumar,sai.kumar3945@example.com,9131240455,Pune,Maharashtra,Silver,2024-08-03,2026-07-01T09:00:00
C003946,Rohan,Iyer,rohan.iyer3946@example.com,9131248374,Delhi,Delhi,Gold,2024-08-04,2026-07-01T09:00:00
C003947,Rahul,Reddy,rahul.reddy3947@example.com,9131256293,Kolkata,West Bengal,Platinum,2024-08-05,2026-07-01T09:00:00
C003948,Kiran,Singh,kiran.singh3948@example.com,9131264212,Ahmedabad,Gujarat,Bronze,2024-08-06,2026-07-01T09:00:00
C003949,Priya,Nair,priya.nair3949@example.com,9131272131,Jaipur,Rajasthan,Silver,2024-08-07,2026-07-01T09:00:00
C003950,Ananya,Sharma,ananya.sharma3950@example.com,9131280050,Kochi,Kerala,Gold,2024-08-08,2026-07-01T09:00:00
C003951,Isha,Rao,isha.rao3951@example.com,9131287969,Hyderabad,Telangana,Platinum,2024-08-09,2026-07-01T09:00:00
C003952,Neha,Gupta,neha.gupta3952@example.com,9131295888,Mumbai,Maharashtra,Bronze,2024-08-10,2026-07-01T09:00:00
C003953,Sneha,Verma,sneha.verma3953@example.com,9131303807,Bengaluru,Karnataka,Silver,2024-08-11,2026-07-01T09:00:00
C003954,Pooja,Patel,pooja.patel3954@example.com,9131311726,Chennai,Tamil Nadu,Gold,2024-08-12,2026-07-01T09:00:00
C003955,Kavya,Kumar,kavya.kumar3955@example.com,9131319645,Pune,Maharashtra,Platinum,2024-08-13,2026-07-01T09:00:00
C003956,Meera,Iyer,meera.iyer3956@example.com,9131327564,Delhi,Delhi,Bronze,2024-08-14,2026-07-01T09:00:00
C003957,Nikhil,Reddy,nikhil.reddy3957@example.com,9131335483,Kolkata,West Bengal,Silver,2024-08-15,2026-07-01T09:00:00
C003958,Vikram,Singh,vikram.singh3958@example.com,9131343402,Ahmedabad,Gujarat,Gold,2024-08-16,2026-07-01T09:00:00
C003959,Akash,Nair,akash.nair3959@example.com,9131351321,Jaipur,Rajasthan,Platinum,2024-08-17,2026-07-01T09:00:00
C003960,Divya,Sharma,divya.sharma3960@example.com,9131359240,Kochi,Kerala,Bronze,2024-08-18,2026-07-01T09:00:00
C003961,Aarav,Rao,aarav.rao3961@example.com,9131367159,Hyderabad,Telangana,Silver,2024-08-19,2026-07-01T09:00:00
C003962,Vivaan,Gupta,vivaan.gupta3962@example.com,9131375078,Mumbai,Maharashtra,Gold,2024-08-20,2026-07-01T09:00:00
C003963,Aditya,Verma,aditya.verma3963@example.com,9131382997,Bengaluru,Karnataka,Platinum,2024-08-21,2026-07-01T09:00:00
C003964,Arjun,Patel,arjun.patel3964@example.com,9131390916,Chennai,Tamil Nadu,Bronze,2024-08-22,2026-07-01T09:00:00
C003965,Sai,Kumar,sai.kumar3965@example.com,9131398835,Pune,Maharashtra,Silver,2024-08-23,2026-07-01T09:00:00
C003966,Rohan,Iyer,rohan.iyer3966@example.com,9131406754,Delhi,Delhi,Gold,2024-08-24,2026-07-01T09:00:00
C003967,Rahul,Reddy,rahul.reddy3967@example.com,9131414673,Kolkata,West Bengal,Platinum,2024-08-25,2026-07-01T09:00:00
C003968,Kiran,Singh,kiran.singh3968@example.com,9131422592,Ahmedabad,Gujarat,Bronze,2024-08-26,2026-07-01T09:00:00
C003969,Priya,Nair,priya.nair3969@example.com,9131430511,Jaipur,Rajasthan,Silver,2024-08-27,2026-07-01T09:00:00
C003970,Ananya,Sharma,ananya.sharma3970@example.com,9131438430,Kochi,Kerala,Gold,2024-08-28,2026-07-01T09:00:00
C003971,Isha,Rao,isha.rao3971@example.com,9131446349,Hyderabad,Telangana,Platinum,2024-08-29,2026-07-01T09:00:00
C003972,Neha,Gupta,neha.gupta3972@example.com,9131454268,Mumbai,Maharashtra,Bronze,2024-08-30,2026-07-01T09:00:00
C003973,Sneha,Verma,sneha.verma3973@example.com,9131462187,Bengaluru,Karnataka,Silver,2024-08-31,2026-07-01T09:00:00
C003974,Pooja,Patel,pooja.patel3974@example.com,9131470106,Chennai,Tamil Nadu,Gold,2024-09-01,2026-07-01T09:00:00
C003975,Kavya,Kumar,kavya.kumar3975@example.com,9131478025,Pune,Maharashtra,Platinum,2024-09-02,2026-07-01T09:00:00
C003976,Meera,Iyer,meera.iyer3976@example.com,9131485944,Delhi,Delhi,Bronze,2024-09-03,2026-07-01T09:00:00
C003977,Nikhil,Reddy,nikhil.reddy3977@example.com,9131493863,Kolkata,West Bengal,Silver,2024-09-04,2026-07-01T09:00:00
C003978,Vikram,Singh,vikram.singh3978@example.com,9131501782,Ahmedabad,Gujarat,Gold,2024-09-05,2026-07-01T09:00:00
C003979,Akash,Nair,akash.nair3979@example.com,9131509701,Jaipur,Rajasthan,Platinum,2024-09-06,2026-07-01T09:00:00
C003980,Divya,Sharma,divya.sharma3980@example.com,9131517620,Kochi,Kerala,Bronze,2024-09-07,2026-07-01T09:00:00
C003981,Aarav,Rao,aarav.rao3981@example.com,9131525539,Hyderabad,Telangana,Silver,2024-09-08,2026-07-01T09:00:00
C003982,Vivaan,Gupta,vivaan.gupta3982@example.com,9131533458,Mumbai,Maharashtra,Gold,2024-09-09,2026-07-01T09:00:00
C003983,Aditya,Verma,aditya.verma3983@example.com,9131541377,Bengaluru,Karnataka,Platinum,2024-09-10,2026-07-01T09:00:00
C003984,Arjun,Patel,arjun.patel3984@example.com,9131549296,Chennai,Tamil Nadu,Bronze,2024-09-11,2026-07-01T09:00:00
C003985,Sai,Kumar,sai.kumar3985@example.com,9131557215,Pune,Maharashtra,Silver,2024-09-12,2026-07-01T09:00:00
C003986,Rohan,Iyer,rohan.iyer3986@example.com,9131565134,Delhi,Delhi,Gold,2024-09-13,2026-07-01T09:00:00
C003987,Rahul,Reddy,rahul.reddy3987@example.com,9131573053,Kolkata,West Bengal,Platinum,2024-09-14,2026-07-01T09:00:00
C003988,Kiran,Singh,kiran.singh3988@example.com,9131580972,Ahmedabad,Gujarat,Bronze,2024-09-15,2026-07-01T09:00:00
C003989,Priya,Nair,priya.nair3989@example.com,9131588891,Jaipur,Rajasthan,Silver,2024-09-16,2026-07-01T09:00:00
C003990,Ananya,Sharma,ananya.sharma3990@example.com,9131596810,Kochi,Kerala,Gold,2024-09-17,2026-07-01T09:00:00
C003991,Isha,Rao,isha.rao3991@example.com,9131604729,Hyderabad,Telangana,Platinum,2024-09-18,2026-07-01T09:00:00
C003992,Neha,Gupta,neha.gupta3992@example.com,9131612648,Mumbai,Maharashtra,Bronze,2024-09-19,2026-07-01T09:00:00
C003993,Sneha,Verma,sneha.verma3993@example.com,9131620567,Bengaluru,Karnataka,Silver,2024-09-20,2026-07-01T09:00:00
C003994,Pooja,Patel,pooja.patel3994@example.com,9131628486,Chennai,Tamil Nadu,Gold,2024-09-21,2026-07-01T09:00:00
C003995,Kavya,Kumar,kavya.kumar3995@example.com,9131636405,Pune,Maharashtra,Platinum,2024-09-22,2026-07-01T09:00:00
C003996,Meera,Iyer,meera.iyer3996@example.com,9131644324,Delhi,Delhi,Bronze,2024-09-23,2026-07-01T09:00:00
C003997,Nikhil,Reddy,nikhil.reddy3997@example.com,9131652243,Kolkata,West Bengal,Silver,2024-09-24,2026-07-01T09:00:00
C003998,Vikram,Singh,vikram.singh3998@example.com,9131660162,Ahmedabad,Gujarat,Gold,2024-09-25,2026-07-01T09:00:00
C003999,Akash,Nair,akash.nair3999@example.com,9131668081,Jaipur,Rajasthan,Platinum,2024-09-26,2026-07-01T09:00:00
C004000,Divya,Sharma,divya.sharma4000@example.com,9131676000,Kochi,Kerala,Bronze,2024-09-27,2026-07-01T09:00:00
C004001,Aarav,Rao,aarav.rao4001@example.com,9131683919,Hyderabad,Telangana,Silver,2024-09-28,2026-07-01T09:00:00
C004002,Vivaan,Gupta,vivaan.gupta4002@example.com,9131691838,Mumbai,Maharashtra,Gold,2024-09-29,2026-07-01T09:00:00
C004003,Aditya,Verma,aditya.verma4003@example.com,9131699757,Bengaluru,Karnataka,Platinum,2024-09-30,2026-07-01T09:00:00
C004004,Arjun,Patel,arjun.patel4004@example.com,9131707676,Chennai,Tamil Nadu,Bronze,2024-10-01,2026-07-01T09:00:00
C004005,Sai,Kumar,sai.kumar4005@example.com,9131715595,Pune,Maharashtra,Silver,2024-10-02,2026-07-01T09:00:00
C004006,Rohan,Iyer,rohan.iyer4006@example.com,9131723514,Delhi,Delhi,Gold,2024-10-03,2026-07-01T09:00:00
C004007,Rahul,Reddy,rahul.reddy4007@example.com,9131731433,Kolkata,West Bengal,Platinum,2024-10-04,2026-07-01T09:00:00
C004008,Kiran,Singh,kiran.singh4008@example.com,9131739352,Ahmedabad,Gujarat,Bronze,2024-10-05,2026-07-01T09:00:00
C004009,Priya,Nair,priya.nair4009@example.com,9131747271,Jaipur,Rajasthan,Silver,2024-10-06,2026-07-01T09:00:00
C004010,Ananya,Sharma,ananya.sharma4010@example.com,9131755190,Kochi,Kerala,Gold,2024-10-07,2026-07-01T09:00:00
C004011,Isha,Rao,isha.rao4011@example.com,9131763109,Hyderabad,Telangana,Platinum,2024-10-08,2026-07-01T09:00:00
C004012,Neha,Gupta,neha.gupta4012@example.com,9131771028,Mumbai,Maharashtra,Bronze,2024-10-09,2026-07-01T09:00:00
C004013,Sneha,Verma,sneha.verma4013@example.com,9131778947,Bengaluru,Karnataka,Silver,2024-10-10,2026-07-01T09:00:00
C004014,Pooja,Patel,pooja.patel4014@example.com,9131786866,Chennai,Tamil Nadu,Gold,2024-10-11,2026-07-01T09:00:00
C004015,Kavya,Kumar,kavya.kumar4015@example.com,9131794785,Pune,Maharashtra,Platinum,2024-10-12,2026-07-01T09:00:00
C004016,Meera,Iyer,meera.iyer4016@example.com,9131802704,Delhi,Delhi,Bronze,2024-10-13,2026-07-01T09:00:00
C004017,Nikhil,Reddy,nikhil.reddy4017@example.com,9131810623,Kolkata,West Bengal,Silver,2024-10-14,2026-07-01T09:00:00
C004018,Vikram,Singh,vikram.singh4018@example.com,9131818542,Ahmedabad,Gujarat,Gold,2024-10-15,2026-07-01T09:00:00
C004019,Akash,Nair,akash.nair4019@example.com,9131826461,Jaipur,Rajasthan,Platinum,2024-10-16,2026-07-01T09:00:00
C004020,Divya,Sharma,divya.sharma4020@example.com,9131834380,Kochi,Kerala,Bronze,2024-10-17,2026-07-01T09:00:00
C004021,Aarav,Rao,aarav.rao4021@example.com,9131842299,Hyderabad,Telangana,Silver,2024-10-18,2026-07-01T09:00:00
C004022,Vivaan,Gupta,vivaan.gupta4022@example.com,9131850218,Mumbai,Maharashtra,Gold,2024-10-19,2026-07-01T09:00:00
C004023,Aditya,Verma,aditya.verma4023@example.com,9131858137,Bengaluru,Karnataka,Platinum,2024-10-20,2026-07-01T09:00:00
C004024,Arjun,Patel,arjun.patel4024@example.com,9131866056,Chennai,Tamil Nadu,Bronze,2024-10-21,2026-07-01T09:00:00
C004025,Sai,Kumar,sai.kumar4025@example.com,9131873975,Pune,Maharashtra,Silver,2024-10-22,2026-07-01T09:00:00
C004026,Rohan,Iyer,rohan.iyer4026@example.com,9131881894,Delhi,Delhi,Gold,2024-10-23,2026-07-01T09:00:00
C004027,Rahul,Reddy,rahul.reddy4027@example.com,9131889813,Kolkata,West Bengal,Platinum,2024-10-24,2026-07-01T09:00:00
C004028,Kiran,Singh,kiran.singh4028@example.com,9131897732,Ahmedabad,Gujarat,Bronze,2024-10-25,2026-07-01T09:00:00
C004029,Priya,Nair,priya.nair4029@example.com,9131905651,Jaipur,Rajasthan,Silver,2024-10-26,2026-07-01T09:00:00
C004030,Ananya,Sharma,ananya.sharma4030@example.com,9131913570,Kochi,Kerala,Gold,2024-10-27,2026-07-01T09:00:00
C004031,Isha,Rao,isha.rao4031@example.com,9131921489,Hyderabad,Telangana,Platinum,2024-10-28,2026-07-01T09:00:00
C004032,Neha,Gupta,neha.gupta4032@example.com,9131929408,Mumbai,Maharashtra,Bronze,2024-10-29,2026-07-01T09:00:00
C004033,Sneha,Verma,sneha.verma4033@example.com,9131937327,Bengaluru,Karnataka,Silver,2024-10-30,2026-07-01T09:00:00
C004034,Pooja,Patel,pooja.patel4034@example.com,9131945246,Chennai,Tamil Nadu,Gold,2024-10-31,2026-07-01T09:00:00
C004035,Kavya,Kumar,kavya.kumar4035@example.com,9131953165,Pune,Maharashtra,Platinum,2024-11-01,2026-07-01T09:00:00
C004036,Meera,Iyer,meera.iyer4036@example.com,9131961084,Delhi,Delhi,Bronze,2024-11-02,2026-07-01T09:00:00
C004037,Nikhil,Reddy,nikhil.reddy4037@example.com,9131969003,Kolkata,West Bengal,Silver,2024-11-03,2026-07-01T09:00:00
C004038,Vikram,Singh,vikram.singh4038@example.com,9131976922,Ahmedabad,Gujarat,Gold,2024-11-04,2026-07-01T09:00:00
C004039,Akash,Nair,akash.nair4039@example.com,9131984841,Jaipur,Rajasthan,Platinum,2024-11-05,2026-07-01T09:00:00
C004040,Divya,Sharma,divya.sharma4040@example.com,9131992760,Kochi,Kerala,Bronze,2024-11-06,2026-07-01T09:00:00
C004041,Aarav,Rao,aarav.rao4041@example.com,9132000679,Hyderabad,Telangana,Silver,2024-11-07,2026-07-01T09:00:00
C004042,Vivaan,Gupta,vivaan.gupta4042@example.com,9132008598,Mumbai,Maharashtra,Gold,2024-11-08,2026-07-01T09:00:00
C004043,Aditya,Verma,aditya.verma4043@example.com,9132016517,Bengaluru,Karnataka,Platinum,2024-11-09,2026-07-01T09:00:00
C004044,Arjun,Patel,arjun.patel4044@example.com,9132024436,Chennai,Tamil Nadu,Bronze,2024-11-10,2026-07-01T09:00:00
C004045,Sai,Kumar,sai.kumar4045@example.com,9132032355,Pune,Maharashtra,Silver,2024-11-11,2026-07-01T09:00:00
C004046,Rohan,Iyer,rohan.iyer4046@example.com,9132040274,Delhi,Delhi,Gold,2024-11-12,2026-07-01T09:00:00
C004047,Rahul,Reddy,rahul.reddy4047@example.com,9132048193,Kolkata,West Bengal,Platinum,2024-11-13,2026-07-01T09:00:00
C004048,Kiran,Singh,kiran.singh4048@example.com,9132056112,Ahmedabad,Gujarat,Bronze,2024-11-14,2026-07-01T09:00:00
C004049,Priya,Nair,priya.nair4049@example.com,9132064031,Jaipur,Rajasthan,Silver,2024-11-15,2026-07-01T09:00:00
C004050,Ananya,Sharma,ananya.sharma4050@example.com,9132071950,Kochi,Kerala,Gold,2024-11-16,2026-07-01T09:00:00
C004051,Isha,Rao,isha.rao4051@example.com,9132079869,Hyderabad,Telangana,Platinum,2024-11-17,2026-07-01T09:00:00
C004052,Neha,Gupta,neha.gupta4052@example.com,9132087788,Mumbai,Maharashtra,Bronze,2024-11-18,2026-07-01T09:00:00
C004053,Sneha,Verma,sneha.verma4053@example.com,9132095707,Bengaluru,Karnataka,Silver,2024-11-19,2026-07-01T09:00:00
C004054,Pooja,Patel,pooja.patel4054@example.com,9132103626,Chennai,Tamil Nadu,Gold,2024-11-20,2026-07-01T09:00:00
C004055,Kavya,Kumar,kavya.kumar4055@example.com,9132111545,Pune,Maharashtra,Platinum,2024-11-21,2026-07-01T09:00:00
C004056,Meera,Iyer,meera.iyer4056@example.com,9132119464,Delhi,Delhi,Bronze,2024-11-22,2026-07-01T09:00:00
C004057,Nikhil,Reddy,nikhil.reddy4057@example.com,9132127383,Kolkata,West Bengal,Silver,2024-11-23,2026-07-01T09:00:00
C004058,Vikram,Singh,vikram.singh4058@example.com,9132135302,Ahmedabad,Gujarat,Gold,2024-11-24,2026-07-01T09:00:00
C004059,Akash,Nair,akash.nair4059@example.com,9132143221,Jaipur,Rajasthan,Platinum,2024-11-25,2026-07-01T09:00:00
C004060,Divya,Sharma,divya.sharma4060@example.com,9132151140,Kochi,Kerala,Bronze,2024-11-26,2026-07-01T09:00:00
C004061,Aarav,Rao,aarav.rao4061@example.com,9132159059,Hyderabad,Telangana,Silver,2024-11-27,2026-07-01T09:00:00
C004062,Vivaan,Gupta,vivaan.gupta4062@example.com,9132166978,Mumbai,Maharashtra,Gold,2024-11-28,2026-07-01T09:00:00
C004063,Aditya,Verma,aditya.verma4063@example.com,9132174897,Bengaluru,Karnataka,Platinum,2024-11-29,2026-07-01T09:00:00
C004064,Arjun,Patel,arjun.patel4064@example.com,9132182816,Chennai,Tamil Nadu,Bronze,2024-11-30,2026-07-01T09:00:00
C004065,Sai,Kumar,sai.kumar4065@example.com,9132190735,Pune,Maharashtra,Silver,2024-12-01,2026-07-01T09:00:00
C004066,Rohan,Iyer,rohan.iyer4066@example.com,9132198654,Delhi,Delhi,Gold,2024-12-02,2026-07-01T09:00:00
C004067,Rahul,Reddy,rahul.reddy4067@example.com,9132206573,Kolkata,West Bengal,Platinum,2024-12-03,2026-07-01T09:00:00
C004068,Kiran,Singh,kiran.singh4068@example.com,9132214492,Ahmedabad,Gujarat,Bronze,2024-12-04,2026-07-01T09:00:00
C004069,Priya,Nair,priya.nair4069@example.com,9132222411,Jaipur,Rajasthan,Silver,2024-12-05,2026-07-01T09:00:00
C004070,Ananya,Sharma,ananya.sharma4070@example.com,9132230330,Kochi,Kerala,Gold,2024-12-06,2026-07-01T09:00:00
C004071,Isha,Rao,isha.rao4071@example.com,9132238249,Hyderabad,Telangana,Platinum,2024-12-07,2026-07-01T09:00:00
C004072,Neha,Gupta,neha.gupta4072@example.com,9132246168,Mumbai,Maharashtra,Bronze,2024-12-08,2026-07-01T09:00:00
C004073,Sneha,Verma,sneha.verma4073@example.com,9132254087,Bengaluru,Karnataka,Silver,2024-12-09,2026-07-01T09:00:00
C004074,Pooja,Patel,pooja.patel4074@example.com,9132262006,Chennai,Tamil Nadu,Gold,2024-12-10,2026-07-01T09:00:00
C004075,Kavya,Kumar,kavya.kumar4075@example.com,9132269925,Pune,Maharashtra,Platinum,2024-12-11,2026-07-01T09:00:00
C004076,Meera,Iyer,meera.iyer4076@example.com,9132277844,Delhi,Delhi,Bronze,2024-12-12,2026-07-01T09:00:00
C004077,Nikhil,Reddy,nikhil.reddy4077@example.com,9132285763,Kolkata,West Bengal,Silver,2024-12-13,2026-07-01T09:00:00
C004078,Vikram,Singh,vikram.singh4078@example.com,9132293682,Ahmedabad,Gujarat,Gold,2024-12-14,2026-07-01T09:00:00
C004079,Akash,Nair,akash.nair4079@example.com,9132301601,Jaipur,Rajasthan,Platinum,2024-12-15,2026-07-01T09:00:00
C004080,Divya,Sharma,divya.sharma4080@example.com,9132309520,Kochi,Kerala,Bronze,2024-12-16,2026-07-01T09:00:00
C004081,Aarav,Rao,aarav.rao4081@example.com,9132317439,Hyderabad,Telangana,Silver,2024-12-17,2026-07-01T09:00:00
C004082,Vivaan,Gupta,vivaan.gupta4082@example.com,9132325358,Mumbai,Maharashtra,Gold,2024-12-18,2026-07-01T09:00:00
C004083,Aditya,Verma,aditya.verma4083@example.com,9132333277,Bengaluru,Karnataka,Platinum,2024-12-19,2026-07-01T09:00:00
C004084,Arjun,Patel,arjun.patel4084@example.com,9132341196,Chennai,Tamil Nadu,Bronze,2024-12-20,2026-07-01T09:00:00
C004085,Sai,Kumar,sai.kumar4085@example.com,9132349115,Pune,Maharashtra,Silver,2024-12-21,2026-07-01T09:00:00
C004086,Rohan,Iyer,rohan.iyer4086@example.com,9132357034,Delhi,Delhi,Gold,2024-12-22,2026-07-01T09:00:00
C004087,Rahul,Reddy,rahul.reddy4087@example.com,9132364953,Kolkata,West Bengal,Platinum,2024-12-23,2026-07-01T09:00:00
C004088,Kiran,Singh,kiran.singh4088@example.com,9132372872,Ahmedabad,Gujarat,Bronze,2024-12-24,2026-07-01T09:00:00
C004089,Priya,Nair,priya.nair4089@example.com,9132380791,Jaipur,Rajasthan,Silver,2024-12-25,2026-07-01T09:00:00
C004090,Ananya,Sharma,ananya.sharma4090@example.com,9132388710,Kochi,Kerala,Gold,2024-12-26,2026-07-01T09:00:00
C004091,Isha,Rao,isha.rao4091@example.com,9132396629,Hyderabad,Telangana,Platinum,2024-12-27,2026-07-01T09:00:00
C004092,Neha,Gupta,neha.gupta4092@example.com,9132404548,Mumbai,Maharashtra,Bronze,2024-12-28,2026-07-01T09:00:00
C004093,Sneha,Verma,sneha.verma4093@example.com,9132412467,Bengaluru,Karnataka,Silver,2024-12-29,2026-07-01T09:00:00
C004094,Pooja,Patel,pooja.patel4094@example.com,9132420386,Chennai,Tamil Nadu,Gold,2024-12-30,2026-07-01T09:00:00
C004095,Kavya,Kumar,kavya.kumar4095@example.com,9132428305,Pune,Maharashtra,Platinum,2024-12-31,2026-07-01T09:00:00
C004096,Meera,Iyer,meera.iyer4096@example.com,9132436224,Delhi,Delhi,Bronze,2025-01-01,2026-07-01T09:00:00
C004097,Nikhil,Reddy,nikhil.reddy4097@example.com,9132444143,Kolkata,West Bengal,Silver,2025-01-02,2026-07-01T09:00:00
C004098,Vikram,Singh,vikram.singh4098@example.com,9132452062,Ahmedabad,Gujarat,Gold,2025-01-03,2026-07-01T09:00:00
C004099,Akash,Nair,akash.nair4099@example.com,9132459981,Jaipur,Rajasthan,Platinum,2025-01-04,2026-07-01T09:00:00
C004100,Divya,Sharma,divya.sharma4100@example.com,9132467900,Kochi,Kerala,Bronze,2025-01-05,2026-07-01T09:00:00
C004101,Aarav,Rao,aarav.rao4101@example.com,9132475819,Hyderabad,Telangana,Silver,2025-01-06,2026-07-01T09:00:00
C004102,Vivaan,Gupta,vivaan.gupta4102@example.com,9132483738,Mumbai,Maharashtra,Gold,2025-01-07,2026-07-01T09:00:00
C004103,Aditya,Verma,aditya.verma4103@example.com,9132491657,Bengaluru,Karnataka,Platinum,2025-01-08,2026-07-01T09:00:00
C004104,Arjun,Patel,arjun.patel4104@example.com,9132499576,Chennai,Tamil Nadu,Bronze,2025-01-09,2026-07-01T09:00:00
C004105,Sai,Kumar,sai.kumar4105@example.com,9132507495,Pune,Maharashtra,Silver,2025-01-10,2026-07-01T09:00:00
C004106,Rohan,Iyer,rohan.iyer4106@example.com,9132515414,Delhi,Delhi,Gold,2025-01-11,2026-07-01T09:00:00
C004107,Rahul,Reddy,rahul.reddy4107@example.com,9132523333,Kolkata,West Bengal,Platinum,2025-01-12,2026-07-01T09:00:00
C004108,Kiran,Singh,kiran.singh4108@example.com,9132531252,Ahmedabad,Gujarat,Bronze,2025-01-13,2026-07-01T09:00:00
C004109,Priya,Nair,priya.nair4109@example.com,9132539171,Jaipur,Rajasthan,Silver,2025-01-14,2026-07-01T09:00:00
C004110,Ananya,Sharma,ananya.sharma4110@example.com,9132547090,Kochi,Kerala,Gold,2025-01-15,2026-07-01T09:00:00
C004111,Isha,Rao,isha.rao4111@example.com,9132555009,Hyderabad,Telangana,Platinum,2025-01-16,2026-07-01T09:00:00
C004112,Neha,Gupta,neha.gupta4112@example.com,9132562928,Mumbai,Maharashtra,Bronze,2025-01-17,2026-07-01T09:00:00
C004113,Sneha,Verma,sneha.verma4113@example.com,9132570847,Bengaluru,Karnataka,Silver,2025-01-18,2026-07-01T09:00:00
C004114,Pooja,Patel,pooja.patel4114@example.com,9132578766,Chennai,Tamil Nadu,Gold,2025-01-19,2026-07-01T09:00:00
C004115,Kavya,Kumar,kavya.kumar4115@example.com,9132586685,Pune,Maharashtra,Platinum,2025-01-20,2026-07-01T09:00:00
C004116,Meera,Iyer,meera.iyer4116@example.com,9132594604,Delhi,Delhi,Bronze,2025-01-21,2026-07-01T09:00:00
C004117,Nikhil,Reddy,nikhil.reddy4117@example.com,9132602523,Kolkata,West Bengal,Silver,2025-01-22,2026-07-01T09:00:00
C004118,Vikram,Singh,vikram.singh4118@example.com,9132610442,Ahmedabad,Gujarat,Gold,2025-01-23,2026-07-01T09:00:00
C004119,Akash,Nair,akash.nair4119@example.com,9132618361,Jaipur,Rajasthan,Platinum,2025-01-24,2026-07-01T09:00:00
C004120,Divya,Sharma,divya.sharma4120@example.com,9132626280,Kochi,Kerala,Bronze,2025-01-25,2026-07-01T09:00:00
C004121,Aarav,Rao,aarav.rao4121@example.com,9132634199,Hyderabad,Telangana,Silver,2025-01-26,2026-07-01T09:00:00
C004122,Vivaan,Gupta,vivaan.gupta4122@example.com,9132642118,Mumbai,Maharashtra,Gold,2025-01-27,2026-07-01T09:00:00
C004123,Aditya,Verma,aditya.verma4123@example.com,9132650037,Bengaluru,Karnataka,Platinum,2025-01-28,2026-07-01T09:00:00
C004124,Arjun,Patel,arjun.patel4124@example.com,9132657956,Chennai,Tamil Nadu,Bronze,2025-01-29,2026-07-01T09:00:00
C004125,Sai,Kumar,sai.kumar4125@example.com,9132665875,Pune,Maharashtra,Silver,2025-01-30,2026-07-01T09:00:00
C004126,Rohan,Iyer,rohan.iyer4126@example.com,9132673794,Delhi,Delhi,Gold,2025-01-31,2026-07-01T09:00:00
C004127,Rahul,Reddy,rahul.reddy4127@example.com,9132681713,Kolkata,West Bengal,Platinum,2025-02-01,2026-07-01T09:00:00
C004128,Kiran,Singh,kiran.singh4128@example.com,9132689632,Ahmedabad,Gujarat,Bronze,2025-02-02,2026-07-01T09:00:00
C004129,Priya,Nair,priya.nair4129@example.com,9132697551,Jaipur,Rajasthan,Silver,2025-02-03,2026-07-01T09:00:00
C004130,Ananya,Sharma,ananya.sharma4130@example.com,9132705470,Kochi,Kerala,Gold,2025-02-04,2026-07-01T09:00:00
C004131,Isha,Rao,isha.rao4131@example.com,9132713389,Hyderabad,Telangana,Platinum,2025-02-05,2026-07-01T09:00:00
C004132,Neha,Gupta,neha.gupta4132@example.com,9132721308,Mumbai,Maharashtra,Bronze,2025-02-06,2026-07-01T09:00:00
C004133,Sneha,Verma,sneha.verma4133@example.com,9132729227,Bengaluru,Karnataka,Silver,2025-02-07,2026-07-01T09:00:00
C004134,Pooja,Patel,pooja.patel4134@example.com,9132737146,Chennai,Tamil Nadu,Gold,2025-02-08,2026-07-01T09:00:00
C004135,Kavya,Kumar,kavya.kumar4135@example.com,9132745065,Pune,Maharashtra,Platinum,2025-02-09,2026-07-01T09:00:00
C004136,Meera,Iyer,meera.iyer4136@example.com,9132752984,Delhi,Delhi,Bronze,2025-02-10,2026-07-01T09:00:00
C004137,Nikhil,Reddy,nikhil.reddy4137@example.com,9132760903,Kolkata,West Bengal,Silver,2025-02-11,2026-07-01T09:00:00
C004138,Vikram,Singh,vikram.singh4138@example.com,9132768822,Ahmedabad,Gujarat,Gold,2025-02-12,2026-07-01T09:00:00
C004139,Akash,Nair,akash.nair4139@example.com,9132776741,Jaipur,Rajasthan,Platinum,2025-02-13,2026-07-01T09:00:00
C004140,Divya,Sharma,divya.sharma4140@example.com,9132784660,Kochi,Kerala,Bronze,2025-02-14,2026-07-01T09:00:00
C004141,Aarav,Rao,aarav.rao4141@example.com,9132792579,Hyderabad,Telangana,Silver,2025-02-15,2026-07-01T09:00:00
C004142,Vivaan,Gupta,vivaan.gupta4142@example.com,9132800498,Mumbai,Maharashtra,Gold,2025-02-16,2026-07-01T09:00:00
C004143,Aditya,Verma,aditya.verma4143@example.com,9132808417,Bengaluru,Karnataka,Platinum,2025-02-17,2026-07-01T09:00:00
C004144,Arjun,Patel,arjun.patel4144@example.com,9132816336,Chennai,Tamil Nadu,Bronze,2025-02-18,2026-07-01T09:00:00
C004145,Sai,Kumar,sai.kumar4145@example.com,9132824255,Pune,Maharashtra,Silver,2025-02-19,2026-07-01T09:00:00
C004146,Rohan,Iyer,rohan.iyer4146@example.com,9132832174,Delhi,Delhi,Gold,2025-02-20,2026-07-01T09:00:00
C004147,Rahul,Reddy,rahul.reddy4147@example.com,9132840093,Kolkata,West Bengal,Platinum,2025-02-21,2026-07-01T09:00:00
C004148,Kiran,Singh,kiran.singh4148@example.com,9132848012,Ahmedabad,Gujarat,Bronze,2025-02-22,2026-07-01T09:00:00
C004149,Priya,Nair,priya.nair4149@example.com,9132855931,Jaipur,Rajasthan,Silver,2025-02-23,2026-07-01T09:00:00
C004150,Ananya,Sharma,ananya.sharma4150@example.com,9132863850,Kochi,Kerala,Gold,2025-02-24,2026-07-01T09:00:00
C004151,Isha,Rao,isha.rao4151@example.com,9132871769,Hyderabad,Telangana,Platinum,2025-02-25,2026-07-01T09:00:00
C004152,Neha,Gupta,neha.gupta4152@example.com,9132879688,Mumbai,Maharashtra,Bronze,2025-02-26,2026-07-01T09:00:00
C004153,Sneha,Verma,sneha.verma4153@example.com,9132887607,Bengaluru,Karnataka,Silver,2025-02-27,2026-07-01T09:00:00
C004154,Pooja,Patel,pooja.patel4154@example.com,9132895526,Chennai,Tamil Nadu,Gold,2025-02-28,2026-07-01T09:00:00
C004155,Kavya,Kumar,kavya.kumar4155@example.com,9132903445,Pune,Maharashtra,Platinum,2025-03-01,2026-07-01T09:00:00
C004156,Meera,Iyer,meera.iyer4156@example.com,9132911364,Delhi,Delhi,Bronze,2025-03-02,2026-07-01T09:00:00
C004157,Nikhil,Reddy,nikhil.reddy4157@example.com,9132919283,Kolkata,West Bengal,Silver,2025-03-03,2026-07-01T09:00:00
C004158,Vikram,Singh,vikram.singh4158@example.com,9132927202,Ahmedabad,Gujarat,Gold,2025-03-04,2026-07-01T09:00:00
C004159,Akash,Nair,akash.nair4159@example.com,9132935121,Jaipur,Rajasthan,Platinum,2025-03-05,2026-07-01T09:00:00
C004160,Divya,Sharma,divya.sharma4160@example.com,9132943040,Kochi,Kerala,Bronze,2025-03-06,2026-07-01T09:00:00
C004161,Aarav,Rao,aarav.rao4161@example.com,9132950959,Hyderabad,Telangana,Silver,2025-03-07,2026-07-01T09:00:00
C004162,Vivaan,Gupta,vivaan.gupta4162@example.com,9132958878,Mumbai,Maharashtra,Gold,2025-03-08,2026-07-01T09:00:00
C004163,Aditya,Verma,aditya.verma4163@example.com,9132966797,Bengaluru,Karnataka,Platinum,2025-03-09,2026-07-01T09:00:00
C004164,Arjun,Patel,arjun.patel4164@example.com,9132974716,Chennai,Tamil Nadu,Bronze,2025-03-10,2026-07-01T09:00:00
C004165,Sai,Kumar,sai.kumar4165@example.com,9132982635,Pune,Maharashtra,Silver,2025-03-11,2026-07-01T09:00:00
C004166,Rohan,Iyer,rohan.iyer4166@example.com,9132990554,Delhi,Delhi,Gold,2025-03-12,2026-07-01T09:00:00
C004167,Rahul,Reddy,rahul.reddy4167@example.com,9132998473,Kolkata,West Bengal,Platinum,2025-03-13,2026-07-01T09:00:00
C004168,Kiran,Singh,kiran.singh4168@example.com,9133006392,Ahmedabad,Gujarat,Bronze,2025-03-14,2026-07-01T09:00:00
C004169,Priya,Nair,priya.nair4169@example.com,9133014311,Jaipur,Rajasthan,Silver,2025-03-15,2026-07-01T09:00:00
C004170,Ananya,Sharma,ananya.sharma4170@example.com,9133022230,Kochi,Kerala,Gold,2025-03-16,2026-07-01T09:00:00
C004171,Isha,Rao,isha.rao4171@example.com,9133030149,Hyderabad,Telangana,Platinum,2025-03-17,2026-07-01T09:00:00
C004172,Neha,Gupta,neha.gupta4172@example.com,9133038068,Mumbai,Maharashtra,Bronze,2025-03-18,2026-07-01T09:00:00
C004173,Sneha,Verma,sneha.verma4173@example.com,9133045987,Bengaluru,Karnataka,Silver,2025-03-19,2026-07-01T09:00:00
C004174,Pooja,Patel,pooja.patel4174@example.com,9133053906,Chennai,Tamil Nadu,Gold,2025-03-20,2026-07-01T09:00:00
C004175,Kavya,Kumar,kavya.kumar4175@example.com,9133061825,Pune,Maharashtra,Platinum,2025-03-21,2026-07-01T09:00:00
C004176,Meera,Iyer,meera.iyer4176@example.com,9133069744,Delhi,Delhi,Bronze,2025-03-22,2026-07-01T09:00:00
C004177,Nikhil,Reddy,nikhil.reddy4177@example.com,9133077663,Kolkata,West Bengal,Silver,2025-03-23,2026-07-01T09:00:00
C004178,Vikram,Singh,vikram.singh4178@example.com,9133085582,Ahmedabad,Gujarat,Gold,2025-03-24,2026-07-01T09:00:00
C004179,Akash,Nair,akash.nair4179@example.com,9133093501,Jaipur,Rajasthan,Platinum,2025-03-25,2026-07-01T09:00:00
C004180,Divya,Sharma,divya.sharma4180@example.com,9133101420,Kochi,Kerala,Bronze,2025-03-26,2026-07-01T09:00:00
C004181,Aarav,Rao,aarav.rao4181@example.com,9133109339,Hyderabad,Telangana,Silver,2025-03-27,2026-07-01T09:00:00
C004182,Vivaan,Gupta,vivaan.gupta4182@example.com,9133117258,Mumbai,Maharashtra,Gold,2025-03-28,2026-07-01T09:00:00
C004183,Aditya,Verma,aditya.verma4183@example.com,9133125177,Bengaluru,Karnataka,Platinum,2025-03-29,2026-07-01T09:00:00
C004184,Arjun,Patel,arjun.patel4184@example.com,9133133096,Chennai,Tamil Nadu,Bronze,2025-03-30,2026-07-01T09:00:00
C004185,Sai,Kumar,sai.kumar4185@example.com,9133141015,Pune,Maharashtra,Silver,2025-03-31,2026-07-01T09:00:00
C004186,Rohan,Iyer,rohan.iyer4186@example.com,9133148934,Delhi,Delhi,Gold,2025-04-01,2026-07-01T09:00:00
C004187,Rahul,Reddy,rahul.reddy4187@example.com,9133156853,Kolkata,West Bengal,Platinum,2025-04-02,2026-07-01T09:00:00
C004188,Kiran,Singh,kiran.singh4188@example.com,9133164772,Ahmedabad,Gujarat,Bronze,2025-04-03,2026-07-01T09:00:00
C004189,Priya,Nair,priya.nair4189@example.com,9133172691,Jaipur,Rajasthan,Silver,2025-04-04,2026-07-01T09:00:00
C004190,Ananya,Sharma,ananya.sharma4190@example.com,9133180610,Kochi,Kerala,Gold,2025-04-05,2026-07-01T09:00:00
C004191,Isha,Rao,isha.rao4191@example.com,9133188529,Hyderabad,Telangana,Platinum,2025-04-06,2026-07-01T09:00:00
C004192,Neha,Gupta,neha.gupta4192@example.com,9133196448,Mumbai,Maharashtra,Bronze,2025-04-07,2026-07-01T09:00:00
C004193,Sneha,Verma,sneha.verma4193@example.com,9133204367,Bengaluru,Karnataka,Silver,2025-04-08,2026-07-01T09:00:00
C004194,Pooja,Patel,pooja.patel4194@example.com,9133212286,Chennai,Tamil Nadu,Gold,2025-04-09,2026-07-01T09:00:00
C004195,Kavya,Kumar,kavya.kumar4195@example.com,9133220205,Pune,Maharashtra,Platinum,2025-04-10,2026-07-01T09:00:00
C004196,Meera,Iyer,meera.iyer4196@example.com,9133228124,Delhi,Delhi,Bronze,2025-04-11,2026-07-01T09:00:00
C004197,Nikhil,Reddy,nikhil.reddy4197@example.com,9133236043,Kolkata,West Bengal,Silver,2025-04-12,2026-07-01T09:00:00
C004198,Vikram,Singh,vikram.singh4198@example.com,9133243962,Ahmedabad,Gujarat,Gold,2025-04-13,2026-07-01T09:00:00
C004199,Akash,Nair,akash.nair4199@example.com,9133251881,Jaipur,Rajasthan,Platinum,2025-04-14,2026-07-01T09:00:00
C004200,Divya,Sharma,divya.sharma4200@example.com,9133259800,Kochi,Kerala,Bronze,2025-04-15,2026-07-01T09:00:00
C004201,Aarav,Rao,aarav.rao4201@example.com,9133267719,Hyderabad,Telangana,Silver,2025-04-16,2026-07-01T09:00:00
C004202,Vivaan,Gupta,vivaan.gupta4202@example.com,9133275638,Mumbai,Maharashtra,Gold,2025-04-17,2026-07-01T09:00:00
C004203,Aditya,Verma,aditya.verma4203@example.com,9133283557,Bengaluru,Karnataka,Platinum,2025-04-18,2026-07-01T09:00:00
C004204,Arjun,Patel,arjun.patel4204@example.com,9133291476,Chennai,Tamil Nadu,Bronze,2025-04-19,2026-07-01T09:00:00
C004205,Sai,Kumar,sai.kumar4205@example.com,9133299395,Pune,Maharashtra,Silver,2025-04-20,2026-07-01T09:00:00
C004206,Rohan,Iyer,rohan.iyer4206@example.com,9133307314,Delhi,Delhi,Gold,2025-04-21,2026-07-01T09:00:00
C004207,Rahul,Reddy,rahul.reddy4207@example.com,9133315233,Kolkata,West Bengal,Platinum,2025-04-22,2026-07-01T09:00:00
C004208,Kiran,Singh,kiran.singh4208@example.com,9133323152,Ahmedabad,Gujarat,Bronze,2025-04-23,2026-07-01T09:00:00
C004209,Priya,Nair,priya.nair4209@example.com,9133331071,Jaipur,Rajasthan,Silver,2025-04-24,2026-07-01T09:00:00
C004210,Ananya,Sharma,ananya.sharma4210@example.com,9133338990,Kochi,Kerala,Gold,2025-04-25,2026-07-01T09:00:00
C004211,Isha,Rao,isha.rao4211@example.com,9133346909,Hyderabad,Telangana,Platinum,2025-04-26,2026-07-01T09:00:00
C004212,Neha,Gupta,neha.gupta4212@example.com,9133354828,Mumbai,Maharashtra,Bronze,2025-04-27,2026-07-01T09:00:00
C004213,Sneha,Verma,sneha.verma4213@example.com,9133362747,Bengaluru,Karnataka,Silver,2025-04-28,2026-07-01T09:00:00
C004214,Pooja,Patel,pooja.patel4214@example.com,9133370666,Chennai,Tamil Nadu,Gold,2025-04-29,2026-07-01T09:00:00
C004215,Kavya,Kumar,kavya.kumar4215@example.com,9133378585,Pune,Maharashtra,Platinum,2025-04-30,2026-07-01T09:00:00
C004216,Meera,Iyer,meera.iyer4216@example.com,9133386504,Delhi,Delhi,Bronze,2025-05-01,2026-07-01T09:00:00
C004217,Nikhil,Reddy,nikhil.reddy4217@example.com,9133394423,Kolkata,West Bengal,Silver,2025-05-02,2026-07-01T09:00:00
C004218,Vikram,Singh,vikram.singh4218@example.com,9133402342,Ahmedabad,Gujarat,Gold,2025-05-03,2026-07-01T09:00:00
C004219,Akash,Nair,akash.nair4219@example.com,9133410261,Jaipur,Rajasthan,Platinum,2025-05-04,2026-07-01T09:00:00
C004220,Divya,Sharma,divya.sharma4220@example.com,9133418180,Kochi,Kerala,Bronze,2025-05-05,2026-07-01T09:00:00
C004221,Aarav,Rao,aarav.rao4221@example.com,9133426099,Hyderabad,Telangana,Silver,2025-05-06,2026-07-01T09:00:00
C004222,Vivaan,Gupta,vivaan.gupta4222@example.com,9133434018,Mumbai,Maharashtra,Gold,2025-05-07,2026-07-01T09:00:00
C004223,Aditya,Verma,aditya.verma4223@example.com,9133441937,Bengaluru,Karnataka,Platinum,2025-05-08,2026-07-01T09:00:00
C004224,Arjun,Patel,arjun.patel4224@example.com,9133449856,Chennai,Tamil Nadu,Bronze,2025-05-09,2026-07-01T09:00:00
C004225,Sai,Kumar,sai.kumar4225@example.com,9133457775,Pune,Maharashtra,Silver,2025-05-10,2026-07-01T09:00:00
C004226,Rohan,Iyer,rohan.iyer4226@example.com,9133465694,Delhi,Delhi,Gold,2025-05-11,2026-07-01T09:00:00
C004227,Rahul,Reddy,rahul.reddy4227@example.com,9133473613,Kolkata,West Bengal,Platinum,2025-05-12,2026-07-01T09:00:00
C004228,Kiran,Singh,kiran.singh4228@example.com,9133481532,Ahmedabad,Gujarat,Bronze,2025-05-13,2026-07-01T09:00:00
C004229,Priya,Nair,priya.nair4229@example.com,9133489451,Jaipur,Rajasthan,Silver,2025-05-14,2026-07-01T09:00:00
C004230,Ananya,Sharma,ananya.sharma4230@example.com,9133497370,Kochi,Kerala,Gold,2025-05-15,2026-07-01T09:00:00
C004231,Isha,Rao,isha.rao4231@example.com,9133505289,Hyderabad,Telangana,Platinum,2025-05-16,2026-07-01T09:00:00
C004232,Neha,Gupta,neha.gupta4232@example.com,9133513208,Mumbai,Maharashtra,Bronze,2025-05-17,2026-07-01T09:00:00
C004233,Sneha,Verma,sneha.verma4233@example.com,9133521127,Bengaluru,Karnataka,Silver,2025-05-18,2026-07-01T09:00:00
C004234,Pooja,Patel,pooja.patel4234@example.com,9133529046,Chennai,Tamil Nadu,Gold,2025-05-19,2026-07-01T09:00:00
C004235,Kavya,Kumar,kavya.kumar4235@example.com,9133536965,Pune,Maharashtra,Platinum,2025-05-20,2026-07-01T09:00:00
C004236,Meera,Iyer,meera.iyer4236@example.com,9133544884,Delhi,Delhi,Bronze,2025-05-21,2026-07-01T09:00:00
C004237,Nikhil,Reddy,nikhil.reddy4237@example.com,9133552803,Kolkata,West Bengal,Silver,2025-05-22,2026-07-01T09:00:00
C004238,Vikram,Singh,vikram.singh4238@example.com,9133560722,Ahmedabad,Gujarat,Gold,2025-05-23,2026-07-01T09:00:00
C004239,Akash,Nair,akash.nair4239@example.com,9133568641,Jaipur,Rajasthan,Platinum,2025-05-24,2026-07-01T09:00:00
C004240,Divya,Sharma,divya.sharma4240@example.com,9133576560,Kochi,Kerala,Bronze,2025-05-25,2026-07-01T09:00:00
C004241,Aarav,Rao,aarav.rao4241@example.com,9133584479,Hyderabad,Telangana,Silver,2025-05-26,2026-07-01T09:00:00
C004242,Vivaan,Gupta,vivaan.gupta4242@example.com,9133592398,Mumbai,Maharashtra,Gold,2025-05-27,2026-07-01T09:00:00
C004243,Aditya,Verma,aditya.verma4243@example.com,9133600317,Bengaluru,Karnataka,Platinum,2025-05-28,2026-07-01T09:00:00
C004244,Arjun,Patel,arjun.patel4244@example.com,9133608236,Chennai,Tamil Nadu,Bronze,2025-05-29,2026-07-01T09:00:00
C004245,Sai,Kumar,sai.kumar4245@example.com,9133616155,Pune,Maharashtra,Silver,2025-05-30,2026-07-01T09:00:00
C004246,Rohan,Iyer,rohan.iyer4246@example.com,9133624074,Delhi,Delhi,Gold,2025-05-31,2026-07-01T09:00:00
C004247,Rahul,Reddy,rahul.reddy4247@example.com,9133631993,Kolkata,West Bengal,Platinum,2025-06-01,2026-07-01T09:00:00
C004248,Kiran,Singh,kiran.singh4248@example.com,9133639912,Ahmedabad,Gujarat,Bronze,2025-06-02,2026-07-01T09:00:00
C004249,Priya,Nair,priya.nair4249@example.com,9133647831,Jaipur,Rajasthan,Silver,2025-06-03,2026-07-01T09:00:00
C004250,Ananya,Sharma,ananya.sharma4250@example.com,9133655750,Kochi,Kerala,Gold,2025-06-04,2026-07-01T09:00:00
C004251,Isha,Rao,isha.rao4251@example.com,9133663669,Hyderabad,Telangana,Platinum,2025-06-05,2026-07-01T09:00:00
C004252,Neha,Gupta,neha.gupta4252@example.com,9133671588,Mumbai,Maharashtra,Bronze,2025-06-06,2026-07-01T09:00:00
C004253,Sneha,Verma,sneha.verma4253@example.com,9133679507,Bengaluru,Karnataka,Silver,2025-06-07,2026-07-01T09:00:00
C004254,Pooja,Patel,pooja.patel4254@example.com,9133687426,Chennai,Tamil Nadu,Gold,2025-06-08,2026-07-01T09:00:00
C004255,Kavya,Kumar,kavya.kumar4255@example.com,9133695345,Pune,Maharashtra,Platinum,2025-06-09,2026-07-01T09:00:00
C004256,Meera,Iyer,meera.iyer4256@example.com,9133703264,Delhi,Delhi,Bronze,2025-06-10,2026-07-01T09:00:00
C004257,Nikhil,Reddy,nikhil.reddy4257@example.com,9133711183,Kolkata,West Bengal,Silver,2025-06-11,2026-07-01T09:00:00
C004258,Vikram,Singh,vikram.singh4258@example.com,9133719102,Ahmedabad,Gujarat,Gold,2025-06-12,2026-07-01T09:00:00
C004259,Akash,Nair,akash.nair4259@example.com,9133727021,Jaipur,Rajasthan,Platinum,2025-06-13,2026-07-01T09:00:00
C004260,Divya,Sharma,divya.sharma4260@example.com,9133734940,Kochi,Kerala,Bronze,2025-06-14,2026-07-01T09:00:00
C004261,Aarav,Rao,aarav.rao4261@example.com,9133742859,Hyderabad,Telangana,Silver,2025-06-15,2026-07-01T09:00:00
C004262,Vivaan,Gupta,vivaan.gupta4262@example.com,9133750778,Mumbai,Maharashtra,Gold,2025-06-16,2026-07-01T09:00:00
C004263,Aditya,Verma,aditya.verma4263@example.com,9133758697,Bengaluru,Karnataka,Platinum,2025-06-17,2026-07-01T09:00:00
C004264,Arjun,Patel,arjun.patel4264@example.com,9133766616,Chennai,Tamil Nadu,Bronze,2025-06-18,2026-07-01T09:00:00
C004265,Sai,Kumar,sai.kumar4265@example.com,9133774535,Pune,Maharashtra,Silver,2025-06-19,2026-07-01T09:00:00
C004266,Rohan,Iyer,rohan.iyer4266@example.com,9133782454,Delhi,Delhi,Gold,2025-06-20,2026-07-01T09:00:00
C004267,Rahul,Reddy,rahul.reddy4267@example.com,9133790373,Kolkata,West Bengal,Platinum,2025-06-21,2026-07-01T09:00:00
C004268,Kiran,Singh,kiran.singh4268@example.com,9133798292,Ahmedabad,Gujarat,Bronze,2025-06-22,2026-07-01T09:00:00
C004269,Priya,Nair,priya.nair4269@example.com,9133806211,Jaipur,Rajasthan,Silver,2025-06-23,2026-07-01T09:00:00
C004270,Ananya,Sharma,ananya.sharma4270@example.com,9133814130,Kochi,Kerala,Gold,2025-06-24,2026-07-01T09:00:00
C004271,Isha,Rao,isha.rao4271@example.com,9133822049,Hyderabad,Telangana,Platinum,2025-06-25,2026-07-01T09:00:00
C004272,Neha,Gupta,neha.gupta4272@example.com,9133829968,Mumbai,Maharashtra,Bronze,2025-06-26,2026-07-01T09:00:00
C004273,Sneha,Verma,sneha.verma4273@example.com,9133837887,Bengaluru,Karnataka,Silver,2025-06-27,2026-07-01T09:00:00
C004274,Pooja,Patel,pooja.patel4274@example.com,9133845806,Chennai,Tamil Nadu,Gold,2025-06-28,2026-07-01T09:00:00
C004275,Kavya,Kumar,kavya.kumar4275@example.com,9133853725,Pune,Maharashtra,Platinum,2025-06-29,2026-07-01T09:00:00
C004276,Meera,Iyer,meera.iyer4276@example.com,9133861644,Delhi,Delhi,Bronze,2025-06-30,2026-07-01T09:00:00
C004277,Nikhil,Reddy,nikhil.reddy4277@example.com,9133869563,Kolkata,West Bengal,Silver,2025-07-01,2026-07-01T09:00:00
C004278,Vikram,Singh,vikram.singh4278@example.com,9133877482,Ahmedabad,Gujarat,Gold,2025-07-02,2026-07-01T09:00:00
C004279,Akash,Nair,akash.nair4279@example.com,9133885401,Jaipur,Rajasthan,Platinum,2025-07-03,2026-07-01T09:00:00
C004280,Divya,Sharma,divya.sharma4280@example.com,9133893320,Kochi,Kerala,Bronze,2025-07-04,2026-07-01T09:00:00
C004281,Aarav,Rao,aarav.rao4281@example.com,9133901239,Hyderabad,Telangana,Silver,2025-07-05,2026-07-01T09:00:00
C004282,Vivaan,Gupta,vivaan.gupta4282@example.com,9133909158,Mumbai,Maharashtra,Gold,2025-07-06,2026-07-01T09:00:00
C004283,Aditya,Verma,aditya.verma4283@example.com,9133917077,Bengaluru,Karnataka,Platinum,2025-07-07,2026-07-01T09:00:00
C004284,Arjun,Patel,arjun.patel4284@example.com,9133924996,Chennai,Tamil Nadu,Bronze,2025-07-08,2026-07-01T09:00:00
C004285,Sai,Kumar,sai.kumar4285@example.com,9133932915,Pune,Maharashtra,Silver,2025-07-09,2026-07-01T09:00:00
C004286,Rohan,Iyer,rohan.iyer4286@example.com,9133940834,Delhi,Delhi,Gold,2025-07-10,2026-07-01T09:00:00
C004287,Rahul,Reddy,rahul.reddy4287@example.com,9133948753,Kolkata,West Bengal,Platinum,2025-07-11,2026-07-01T09:00:00
C004288,Kiran,Singh,kiran.singh4288@example.com,9133956672,Ahmedabad,Gujarat,Bronze,2025-07-12,2026-07-01T09:00:00
C004289,Priya,Nair,priya.nair4289@example.com,9133964591,Jaipur,Rajasthan,Silver,2025-07-13,2026-07-01T09:00:00
C004290,Ananya,Sharma,ananya.sharma4290@example.com,9133972510,Kochi,Kerala,Gold,2025-07-14,2026-07-01T09:00:00
C004291,Isha,Rao,isha.rao4291@example.com,9133980429,Hyderabad,Telangana,Platinum,2025-07-15,2026-07-01T09:00:00
C004292,Neha,Gupta,neha.gupta4292@example.com,9133988348,Mumbai,Maharashtra,Bronze,2025-07-16,2026-07-01T09:00:00
C004293,Sneha,Verma,sneha.verma4293@example.com,9133996267,Bengaluru,Karnataka,Silver,2025-07-17,2026-07-01T09:00:00
C004294,Pooja,Patel,pooja.patel4294@example.com,9134004186,Chennai,Tamil Nadu,Gold,2025-07-18,2026-07-01T09:00:00
C004295,Kavya,Kumar,kavya.kumar4295@example.com,9134012105,Pune,Maharashtra,Platinum,2025-07-19,2026-07-01T09:00:00
C004296,Meera,Iyer,meera.iyer4296@example.com,9134020024,Delhi,Delhi,Bronze,2025-07-20,2026-07-01T09:00:00
C004297,Nikhil,Reddy,nikhil.reddy4297@example.com,9134027943,Kolkata,West Bengal,Silver,2025-07-21,2026-07-01T09:00:00
C004298,Vikram,Singh,vikram.singh4298@example.com,9134035862,Ahmedabad,Gujarat,Gold,2025-07-22,2026-07-01T09:00:00
C004299,Akash,Nair,akash.nair4299@example.com,9134043781,Jaipur,Rajasthan,Platinum,2025-07-23,2026-07-01T09:00:00
C004300,Divya,Sharma,divya.sharma4300@example.com,9134051700,Kochi,Kerala,Bronze,2025-07-24,2026-07-01T09:00:00
C004301,Aarav,Rao,aarav.rao4301@example.com,9134059619,Hyderabad,Telangana,Silver,2025-07-25,2026-07-01T09:00:00
C004302,Vivaan,Gupta,vivaan.gupta4302@example.com,9134067538,Mumbai,Maharashtra,Gold,2025-07-26,2026-07-01T09:00:00
C004303,Aditya,Verma,aditya.verma4303@example.com,9134075457,Bengaluru,Karnataka,Platinum,2025-07-27,2026-07-01T09:00:00
C004304,Arjun,Patel,arjun.patel4304@example.com,9134083376,Chennai,Tamil Nadu,Bronze,2025-07-28,2026-07-01T09:00:00
C004305,Sai,Kumar,sai.kumar4305@example.com,9134091295,Pune,Maharashtra,Silver,2025-07-29,2026-07-01T09:00:00
C004306,Rohan,Iyer,rohan.iyer4306@example.com,9134099214,Delhi,Delhi,Gold,2025-07-30,2026-07-01T09:00:00
C004307,Rahul,Reddy,rahul.reddy4307@example.com,9134107133,Kolkata,West Bengal,Platinum,2025-07-31,2026-07-01T09:00:00
C004308,Kiran,Singh,kiran.singh4308@example.com,9134115052,Ahmedabad,Gujarat,Bronze,2025-08-01,2026-07-01T09:00:00
C004309,Priya,Nair,priya.nair4309@example.com,9134122971,Jaipur,Rajasthan,Silver,2025-08-02,2026-07-01T09:00:00
C004310,Ananya,Sharma,ananya.sharma4310@example.com,9134130890,Kochi,Kerala,Gold,2025-08-03,2026-07-01T09:00:00
C004311,Isha,Rao,isha.rao4311@example.com,9134138809,Hyderabad,Telangana,Platinum,2025-08-04,2026-07-01T09:00:00
C004312,Neha,Gupta,neha.gupta4312@example.com,9134146728,Mumbai,Maharashtra,Bronze,2025-08-05,2026-07-01T09:00:00
C004313,Sneha,Verma,sneha.verma4313@example.com,9134154647,Bengaluru,Karnataka,Silver,2025-08-06,2026-07-01T09:00:00
C004314,Pooja,Patel,pooja.patel4314@example.com,9134162566,Chennai,Tamil Nadu,Gold,2025-08-07,2026-07-01T09:00:00
C004315,Kavya,Kumar,kavya.kumar4315@example.com,9134170485,Pune,Maharashtra,Platinum,2025-08-08,2026-07-01T09:00:00
C004316,Meera,Iyer,meera.iyer4316@example.com,9134178404,Delhi,Delhi,Bronze,2025-08-09,2026-07-01T09:00:00
C004317,Nikhil,Reddy,nikhil.reddy4317@example.com,9134186323,Kolkata,West Bengal,Silver,2025-08-10,2026-07-01T09:00:00
C004318,Vikram,Singh,vikram.singh4318@example.com,9134194242,Ahmedabad,Gujarat,Gold,2025-08-11,2026-07-01T09:00:00
C004319,Akash,Nair,akash.nair4319@example.com,9134202161,Jaipur,Rajasthan,Platinum,2025-08-12,2026-07-01T09:00:00
C004320,Divya,Sharma,divya.sharma4320@example.com,9134210080,Kochi,Kerala,Bronze,2025-08-13,2026-07-01T09:00:00
C004321,Aarav,Rao,aarav.rao4321@example.com,9134217999,Hyderabad,Telangana,Silver,2025-08-14,2026-07-01T09:00:00
C004322,Vivaan,Gupta,vivaan.gupta4322@example.com,9134225918,Mumbai,Maharashtra,Gold,2025-08-15,2026-07-01T09:00:00
C004323,Aditya,Verma,aditya.verma4323@example.com,9134233837,Bengaluru,Karnataka,Platinum,2025-08-16,2026-07-01T09:00:00
C004324,Arjun,Patel,arjun.patel4324@example.com,9134241756,Chennai,Tamil Nadu,Bronze,2025-08-17,2026-07-01T09:00:00
C004325,Sai,Kumar,sai.kumar4325@example.com,9134249675,Pune,Maharashtra,Silver,2025-08-18,2026-07-01T09:00:00
C004326,Rohan,Iyer,rohan.iyer4326@example.com,9134257594,Delhi,Delhi,Gold,2025-08-19,2026-07-01T09:00:00
C004327,Rahul,Reddy,rahul.reddy4327@example.com,9134265513,Kolkata,West Bengal,Platinum,2025-08-20,2026-07-01T09:00:00
C004328,Kiran,Singh,kiran.singh4328@example.com,9134273432,Ahmedabad,Gujarat,Bronze,2025-08-21,2026-07-01T09:00:00
C004329,Priya,Nair,priya.nair4329@example.com,9134281351,Jaipur,Rajasthan,Silver,2025-08-22,2026-07-01T09:00:00
C004330,Ananya,Sharma,ananya.sharma4330@example.com,9134289270,Kochi,Kerala,Gold,2025-08-23,2026-07-01T09:00:00
C004331,Isha,Rao,isha.rao4331@example.com,9134297189,Hyderabad,Telangana,Platinum,2025-08-24,2026-07-01T09:00:00
C004332,Neha,Gupta,neha.gupta4332@example.com,9134305108,Mumbai,Maharashtra,Bronze,2025-08-25,2026-07-01T09:00:00
C004333,Sneha,Verma,sneha.verma4333@example.com,9134313027,Bengaluru,Karnataka,Silver,2025-08-26,2026-07-01T09:00:00
C004334,Pooja,Patel,pooja.patel4334@example.com,9134320946,Chennai,Tamil Nadu,Gold,2025-08-27,2026-07-01T09:00:00
C004335,Kavya,Kumar,kavya.kumar4335@example.com,9134328865,Pune,Maharashtra,Platinum,2025-08-28,2026-07-01T09:00:00
C004336,Meera,Iyer,meera.iyer4336@example.com,9134336784,Delhi,Delhi,Bronze,2025-08-29,2026-07-01T09:00:00
C004337,Nikhil,Reddy,nikhil.reddy4337@example.com,9134344703,Kolkata,West Bengal,Silver,2025-08-30,2026-07-01T09:00:00
C004338,Vikram,Singh,vikram.singh4338@example.com,9134352622,Ahmedabad,Gujarat,Gold,2025-08-31,2026-07-01T09:00:00
C004339,Akash,Nair,akash.nair4339@example.com,9134360541,Jaipur,Rajasthan,Platinum,2025-09-01,2026-07-01T09:00:00
C004340,Divya,Sharma,divya.sharma4340@example.com,9134368460,Kochi,Kerala,Bronze,2025-09-02,2026-07-01T09:00:00
C004341,Aarav,Rao,aarav.rao4341@example.com,9134376379,Hyderabad,Telangana,Silver,2025-09-03,2026-07-01T09:00:00
C004342,Vivaan,Gupta,vivaan.gupta4342@example.com,9134384298,Mumbai,Maharashtra,Gold,2025-09-04,2026-07-01T09:00:00
C004343,Aditya,Verma,aditya.verma4343@example.com,9134392217,Bengaluru,Karnataka,Platinum,2025-09-05,2026-07-01T09:00:00
C004344,Arjun,Patel,arjun.patel4344@example.com,9134400136,Chennai,Tamil Nadu,Bronze,2025-09-06,2026-07-01T09:00:00
C004345,Sai,Kumar,sai.kumar4345@example.com,9134408055,Pune,Maharashtra,Silver,2025-09-07,2026-07-01T09:00:00
C004346,Rohan,Iyer,rohan.iyer4346@example.com,9134415974,Delhi,Delhi,Gold,2025-09-08,2026-07-01T09:00:00
C004347,Rahul,Reddy,rahul.reddy4347@example.com,9134423893,Kolkata,West Bengal,Platinum,2025-09-09,2026-07-01T09:00:00
C004348,Kiran,Singh,kiran.singh4348@example.com,9134431812,Ahmedabad,Gujarat,Bronze,2025-09-10,2026-07-01T09:00:00
C004349,Priya,Nair,priya.nair4349@example.com,9134439731,Jaipur,Rajasthan,Silver,2025-09-11,2026-07-01T09:00:00
C004350,Ananya,Sharma,ananya.sharma4350@example.com,9134447650,Kochi,Kerala,Gold,2025-09-12,2026-07-01T09:00:00
C004351,Isha,Rao,isha.rao4351@example.com,9134455569,Hyderabad,Telangana,Platinum,2025-09-13,2026-07-01T09:00:00
C004352,Neha,Gupta,neha.gupta4352@example.com,9134463488,Mumbai,Maharashtra,Bronze,2025-09-14,2026-07-01T09:00:00
C004353,Sneha,Verma,sneha.verma4353@example.com,9134471407,Bengaluru,Karnataka,Silver,2025-09-15,2026-07-01T09:00:00
C004354,Pooja,Patel,pooja.patel4354@example.com,9134479326,Chennai,Tamil Nadu,Gold,2025-09-16,2026-07-01T09:00:00
C004355,Kavya,Kumar,kavya.kumar4355@example.com,9134487245,Pune,Maharashtra,Platinum,2025-09-17,2026-07-01T09:00:00
C004356,Meera,Iyer,meera.iyer4356@example.com,9134495164,Delhi,Delhi,Bronze,2025-09-18,2026-07-01T09:00:00
C004357,Nikhil,Reddy,nikhil.reddy4357@example.com,9134503083,Kolkata,West Bengal,Silver,2025-09-19,2026-07-01T09:00:00
C004358,Vikram,Singh,vikram.singh4358@example.com,9134511002,Ahmedabad,Gujarat,Gold,2025-09-20,2026-07-01T09:00:00
C004359,Akash,Nair,akash.nair4359@example.com,9134518921,Jaipur,Rajasthan,Platinum,2025-09-21,2026-07-01T09:00:00
C004360,Divya,Sharma,divya.sharma4360@example.com,9134526840,Kochi,Kerala,Bronze,2025-09-22,2026-07-01T09:00:00
C004361,Aarav,Rao,aarav.rao4361@example.com,9134534759,Hyderabad,Telangana,Silver,2025-09-23,2026-07-01T09:00:00
C004362,Vivaan,Gupta,vivaan.gupta4362@example.com,9134542678,Mumbai,Maharashtra,Gold,2025-09-24,2026-07-01T09:00:00
C004363,Aditya,Verma,aditya.verma4363@example.com,9134550597,Bengaluru,Karnataka,Platinum,2025-09-25,2026-07-01T09:00:00
C004364,Arjun,Patel,arjun.patel4364@example.com,9134558516,Chennai,Tamil Nadu,Bronze,2025-09-26,2026-07-01T09:00:00
C004365,Sai,Kumar,sai.kumar4365@example.com,9134566435,Pune,Maharashtra,Silver,2025-09-27,2026-07-01T09:00:00
C004366,Rohan,Iyer,rohan.iyer4366@example.com,9134574354,Delhi,Delhi,Gold,2025-09-28,2026-07-01T09:00:00
C004367,Rahul,Reddy,rahul.reddy4367@example.com,9134582273,Kolkata,West Bengal,Platinum,2025-09-29,2026-07-01T09:00:00
C004368,Kiran,Singh,kiran.singh4368@example.com,9134590192,Ahmedabad,Gujarat,Bronze,2025-09-30,2026-07-01T09:00:00
C004369,Priya,Nair,priya.nair4369@example.com,9134598111,Jaipur,Rajasthan,Silver,2025-10-01,2026-07-01T09:00:00
C004370,Ananya,Sharma,ananya.sharma4370@example.com,9134606030,Kochi,Kerala,Gold,2025-10-02,2026-07-01T09:00:00
C004371,Isha,Rao,isha.rao4371@example.com,9134613949,Hyderabad,Telangana,Platinum,2025-10-03,2026-07-01T09:00:00
C004372,Neha,Gupta,neha.gupta4372@example.com,9134621868,Mumbai,Maharashtra,Bronze,2025-10-04,2026-07-01T09:00:00
C004373,Sneha,Verma,sneha.verma4373@example.com,9134629787,Bengaluru,Karnataka,Silver,2025-10-05,2026-07-01T09:00:00
C004374,Pooja,Patel,pooja.patel4374@example.com,9134637706,Chennai,Tamil Nadu,Gold,2025-10-06,2026-07-01T09:00:00
C004375,Kavya,Kumar,kavya.kumar4375@example.com,9134645625,Pune,Maharashtra,Platinum,2025-10-07,2026-07-01T09:00:00
C004376,Meera,Iyer,meera.iyer4376@example.com,9134653544,Delhi,Delhi,Bronze,2025-10-08,2026-07-01T09:00:00
C004377,Nikhil,Reddy,nikhil.reddy4377@example.com,9134661463,Kolkata,West Bengal,Silver,2025-10-09,2026-07-01T09:00:00
C004378,Vikram,Singh,vikram.singh4378@example.com,9134669382,Ahmedabad,Gujarat,Gold,2025-10-10,2026-07-01T09:00:00
C004379,Akash,Nair,akash.nair4379@example.com,9134677301,Jaipur,Rajasthan,Platinum,2025-10-11,2026-07-01T09:00:00
C004380,Divya,Sharma,divya.sharma4380@example.com,9134685220,Kochi,Kerala,Bronze,2025-10-12,2026-07-01T09:00:00
C004381,Aarav,Rao,aarav.rao4381@example.com,9134693139,Hyderabad,Telangana,Silver,2025-10-13,2026-07-01T09:00:00
C004382,Vivaan,Gupta,vivaan.gupta4382@example.com,9134701058,Mumbai,Maharashtra,Gold,2025-10-14,2026-07-01T09:00:00
C004383,Aditya,Verma,aditya.verma4383@example.com,9134708977,Bengaluru,Karnataka,Platinum,2025-10-15,2026-07-01T09:00:00
C004384,Arjun,Patel,arjun.patel4384@example.com,9134716896,Chennai,Tamil Nadu,Bronze,2025-10-16,2026-07-01T09:00:00
C004385,Sai,Kumar,sai.kumar4385@example.com,9134724815,Pune,Maharashtra,Silver,2025-10-17,2026-07-01T09:00:00
C004386,Rohan,Iyer,rohan.iyer4386@example.com,9134732734,Delhi,Delhi,Gold,2025-10-18,2026-07-01T09:00:00
C004387,Rahul,Reddy,rahul.reddy4387@example.com,9134740653,Kolkata,West Bengal,Platinum,2025-10-19,2026-07-01T09:00:00
C004388,Kiran,Singh,kiran.singh4388@example.com,9134748572,Ahmedabad,Gujarat,Bronze,2025-10-20,2026-07-01T09:00:00
C004389,Priya,Nair,priya.nair4389@example.com,9134756491,Jaipur,Rajasthan,Silver,2025-10-21,2026-07-01T09:00:00
C004390,Ananya,Sharma,ananya.sharma4390@example.com,9134764410,Kochi,Kerala,Gold,2025-10-22,2026-07-01T09:00:00
C004391,Isha,Rao,isha.rao4391@example.com,9134772329,Hyderabad,Telangana,Platinum,2025-10-23,2026-07-01T09:00:00
C004392,Neha,Gupta,neha.gupta4392@example.com,9134780248,Mumbai,Maharashtra,Bronze,2025-10-24,2026-07-01T09:00:00
C004393,Sneha,Verma,sneha.verma4393@example.com,9134788167,Bengaluru,Karnataka,Silver,2025-10-25,2026-07-01T09:00:00
C004394,Pooja,Patel,pooja.patel4394@example.com,9134796086,Chennai,Tamil Nadu,Gold,2025-10-26,2026-07-01T09:00:00
C004395,Kavya,Kumar,kavya.kumar4395@example.com,9134804005,Pune,Maharashtra,Platinum,2025-10-27,2026-07-01T09:00:00
C004396,Meera,Iyer,meera.iyer4396@example.com,9134811924,Delhi,Delhi,Bronze,2025-10-28,2026-07-01T09:00:00
C004397,Nikhil,Reddy,nikhil.reddy4397@example.com,9134819843,Kolkata,West Bengal,Silver,2025-10-29,2026-07-01T09:00:00
C004398,Vikram,Singh,vikram.singh4398@example.com,9134827762,Ahmedabad,Gujarat,Gold,2025-10-30,2026-07-01T09:00:00
C004399,Akash,Nair,akash.nair4399@example.com,9134835681,Jaipur,Rajasthan,Platinum,2025-10-31,2026-07-01T09:00:00
C004400,Divya,Sharma,divya.sharma4400@example.com,9134843600,Kochi,Kerala,Bronze,2025-11-01,2026-07-01T09:00:00
C004401,Aarav,Rao,aarav.rao4401@example.com,9134851519,Hyderabad,Telangana,Silver,2025-11-02,2026-07-01T09:00:00
C004402,Vivaan,Gupta,vivaan.gupta4402@example.com,9134859438,Mumbai,Maharashtra,Gold,2025-11-03,2026-07-01T09:00:00
C004403,Aditya,Verma,aditya.verma4403@example.com,9134867357,Bengaluru,Karnataka,Platinum,2025-11-04,2026-07-01T09:00:00
C004404,Arjun,Patel,arjun.patel4404@example.com,9134875276,Chennai,Tamil Nadu,Bronze,2025-11-05,2026-07-01T09:00:00
C004405,Sai,Kumar,sai.kumar4405@example.com,9134883195,Pune,Maharashtra,Silver,2025-11-06,2026-07-01T09:00:00
C004406,Rohan,Iyer,rohan.iyer4406@example.com,9134891114,Delhi,Delhi,Gold,2025-11-07,2026-07-01T09:00:00
C004407,Rahul,Reddy,rahul.reddy4407@example.com,9134899033,Kolkata,West Bengal,Platinum,2025-11-08,2026-07-01T09:00:00
C004408,Kiran,Singh,kiran.singh4408@example.com,9134906952,Ahmedabad,Gujarat,Bronze,2025-11-09,2026-07-01T09:00:00
C004409,Priya,Nair,priya.nair4409@example.com,9134914871,Jaipur,Rajasthan,Silver,2025-11-10,2026-07-01T09:00:00
C004410,Ananya,Sharma,ananya.sharma4410@example.com,9134922790,Kochi,Kerala,Gold,2025-11-11,2026-07-01T09:00:00
C004411,Isha,Rao,isha.rao4411@example.com,9134930709,Hyderabad,Telangana,Platinum,2025-11-12,2026-07-01T09:00:00
C004412,Neha,Gupta,neha.gupta4412@example.com,9134938628,Mumbai,Maharashtra,Bronze,2025-11-13,2026-07-01T09:00:00
C004413,Sneha,Verma,sneha.verma4413@example.com,9134946547,Bengaluru,Karnataka,Silver,2025-11-14,2026-07-01T09:00:00
C004414,Pooja,Patel,pooja.patel4414@example.com,9134954466,Chennai,Tamil Nadu,Gold,2025-11-15,2026-07-01T09:00:00
C004415,Kavya,Kumar,kavya.kumar4415@example.com,9134962385,Pune,Maharashtra,Platinum,2025-11-16,2026-07-01T09:00:00
C004416,Meera,Iyer,meera.iyer4416@example.com,9134970304,Delhi,Delhi,Bronze,2025-11-17,2026-07-01T09:00:00
C004417,Nikhil,Reddy,nikhil.reddy4417@example.com,9134978223,Kolkata,West Bengal,Silver,2025-11-18,2026-07-01T09:00:00
C004418,Vikram,Singh,vikram.singh4418@example.com,9134986142,Ahmedabad,Gujarat,Gold,2025-11-19,2026-07-01T09:00:00
C004419,Akash,Nair,akash.nair4419@example.com,9134994061,Jaipur,Rajasthan,Platinum,2025-11-20,2026-07-01T09:00:00
C004420,Divya,Sharma,divya.sharma4420@example.com,9135001980,Kochi,Kerala,Bronze,2025-11-21,2026-07-01T09:00:00
C004421,Aarav,Rao,aarav.rao4421@example.com,9135009899,Hyderabad,Telangana,Silver,2025-11-22,2026-07-01T09:00:00
C004422,Vivaan,Gupta,vivaan.gupta4422@example.com,9135017818,Mumbai,Maharashtra,Gold,2025-11-23,2026-07-01T09:00:00
C004423,Aditya,Verma,aditya.verma4423@example.com,9135025737,Bengaluru,Karnataka,Platinum,2025-11-24,2026-07-01T09:00:00
C004424,Arjun,Patel,arjun.patel4424@example.com,9135033656,Chennai,Tamil Nadu,Bronze,2025-11-25,2026-07-01T09:00:00
C004425,Sai,Kumar,sai.kumar4425@example.com,9135041575,Pune,Maharashtra,Silver,2025-11-26,2026-07-01T09:00:00
C004426,Rohan,Iyer,rohan.iyer4426@example.com,9135049494,Delhi,Delhi,Gold,2025-11-27,2026-07-01T09:00:00
C004427,Rahul,Reddy,rahul.reddy4427@example.com,9135057413,Kolkata,West Bengal,Platinum,2025-11-28,2026-07-01T09:00:00
C004428,Kiran,Singh,kiran.singh4428@example.com,9135065332,Ahmedabad,Gujarat,Bronze,2025-11-29,2026-07-01T09:00:00
C004429,Priya,Nair,priya.nair4429@example.com,9135073251,Jaipur,Rajasthan,Silver,2025-11-30,2026-07-01T09:00:00
C004430,Ananya,Sharma,ananya.sharma4430@example.com,9135081170,Kochi,Kerala,Gold,2025-12-01,2026-07-01T09:00:00
C004431,Isha,Rao,isha.rao4431@example.com,9135089089,Hyderabad,Telangana,Platinum,2025-12-02,2026-07-01T09:00:00
C004432,Neha,Gupta,neha.gupta4432@example.com,9135097008,Mumbai,Maharashtra,Bronze,2025-12-03,2026-07-01T09:00:00
C004433,Sneha,Verma,sneha.verma4433@example.com,9135104927,Bengaluru,Karnataka,Silver,2025-12-04,2026-07-01T09:00:00
C004434,Pooja,Patel,pooja.patel4434@example.com,9135112846,Chennai,Tamil Nadu,Gold,2025-12-05,2026-07-01T09:00:00
C004435,Kavya,Kumar,kavya.kumar4435@example.com,9135120765,Pune,Maharashtra,Platinum,2025-12-06,2026-07-01T09:00:00
C004436,Meera,Iyer,meera.iyer4436@example.com,9135128684,Delhi,Delhi,Bronze,2025-12-07,2026-07-01T09:00:00
C004437,Nikhil,Reddy,nikhil.reddy4437@example.com,9135136603,Kolkata,West Bengal,Silver,2025-12-08,2026-07-01T09:00:00
C004438,Vikram,Singh,vikram.singh4438@example.com,9135144522,Ahmedabad,Gujarat,Gold,2025-12-09,2026-07-01T09:00:00
C004439,Akash,Nair,akash.nair4439@example.com,9135152441,Jaipur,Rajasthan,Platinum,2025-12-10,2026-07-01T09:00:00
C004440,Divya,Sharma,divya.sharma4440@example.com,9135160360,Kochi,Kerala,Bronze,2025-12-11,2026-07-01T09:00:00
C004441,Aarav,Rao,aarav.rao4441@example.com,9135168279,Hyderabad,Telangana,Silver,2025-12-12,2026-07-01T09:00:00
C004442,Vivaan,Gupta,vivaan.gupta4442@example.com,9135176198,Mumbai,Maharashtra,Gold,2025-12-13,2026-07-01T09:00:00
C004443,Aditya,Verma,aditya.verma4443@example.com,9135184117,Bengaluru,Karnataka,Platinum,2025-12-14,2026-07-01T09:00:00
C004444,Arjun,Patel,arjun.patel4444@example.com,9135192036,Chennai,Tamil Nadu,Bronze,2025-12-15,2026-07-01T09:00:00
C004445,Sai,Kumar,sai.kumar4445@example.com,9135199955,Pune,Maharashtra,Silver,2025-12-16,2026-07-01T09:00:00
C004446,Rohan,Iyer,rohan.iyer4446@example.com,9135207874,Delhi,Delhi,Gold,2025-12-17,2026-07-01T09:00:00
C004447,Rahul,Reddy,rahul.reddy4447@example.com,9135215793,Kolkata,West Bengal,Platinum,2025-12-18,2026-07-01T09:00:00
C004448,Kiran,Singh,kiran.singh4448@example.com,9135223712,Ahmedabad,Gujarat,Bronze,2025-12-19,2026-07-01T09:00:00
C004449,Priya,Nair,priya.nair4449@example.com,9135231631,Jaipur,Rajasthan,Silver,2025-12-20,2026-07-01T09:00:00
C004450,Ananya,Sharma,ananya.sharma4450@example.com,9135239550,Kochi,Kerala,Gold,2025-12-21,2026-07-01T09:00:00
C004451,Isha,Rao,isha.rao4451@example.com,9135247469,Hyderabad,Telangana,Platinum,2025-12-22,2026-07-01T09:00:00
C004452,Neha,Gupta,neha.gupta4452@example.com,9135255388,Mumbai,Maharashtra,Bronze,2025-12-23,2026-07-01T09:00:00
C004453,Sneha,Verma,sneha.verma4453@example.com,9135263307,Bengaluru,Karnataka,Silver,2025-12-24,2026-07-01T09:00:00
C004454,Pooja,Patel,pooja.patel4454@example.com,9135271226,Chennai,Tamil Nadu,Gold,2025-12-25,2026-07-01T09:00:00
C004455,Kavya,Kumar,kavya.kumar4455@example.com,9135279145,Pune,Maharashtra,Platinum,2025-12-26,2026-07-01T09:00:00
C004456,Meera,Iyer,meera.iyer4456@example.com,9135287064,Delhi,Delhi,Bronze,2025-12-27,2026-07-01T09:00:00
C004457,Nikhil,Reddy,nikhil.reddy4457@example.com,9135294983,Kolkata,West Bengal,Silver,2025-12-28,2026-07-01T09:00:00
C004458,Vikram,Singh,vikram.singh4458@example.com,9135302902,Ahmedabad,Gujarat,Gold,2025-12-29,2026-07-01T09:00:00
C004459,Akash,Nair,akash.nair4459@example.com,9135310821,Jaipur,Rajasthan,Platinum,2025-12-30,2026-07-01T09:00:00
C004460,Divya,Sharma,divya.sharma4460@example.com,9135318740,Kochi,Kerala,Bronze,2025-12-31,2026-07-01T09:00:00
C004461,Aarav,Rao,aarav.rao4461@example.com,9135326659,Hyderabad,Telangana,Silver,2026-01-01,2026-07-01T09:00:00
C004462,Vivaan,Gupta,vivaan.gupta4462@example.com,9135334578,Mumbai,Maharashtra,Gold,2026-01-02,2026-07-01T09:00:00
C004463,Aditya,Verma,aditya.verma4463@example.com,9135342497,Bengaluru,Karnataka,Platinum,2026-01-03,2026-07-01T09:00:00
C004464,Arjun,Patel,arjun.patel4464@example.com,9135350416,Chennai,Tamil Nadu,Bronze,2026-01-04,2026-07-01T09:00:00
C004465,Sai,Kumar,sai.kumar4465@example.com,9135358335,Pune,Maharashtra,Silver,2026-01-05,2026-07-01T09:00:00
C004466,Rohan,Iyer,rohan.iyer4466@example.com,9135366254,Delhi,Delhi,Gold,2026-01-06,2026-07-01T09:00:00
C004467,Rahul,Reddy,rahul.reddy4467@example.com,9135374173,Kolkata,West Bengal,Platinum,2026-01-07,2026-07-01T09:00:00
C004468,Kiran,Singh,kiran.singh4468@example.com,9135382092,Ahmedabad,Gujarat,Bronze,2026-01-08,2026-07-01T09:00:00
C004469,Priya,Nair,priya.nair4469@example.com,9135390011,Jaipur,Rajasthan,Silver,2026-01-09,2026-07-01T09:00:00
C004470,Ananya,Sharma,ananya.sharma4470@example.com,9135397930,Kochi,Kerala,Gold,2026-01-10,2026-07-01T09:00:00
C004471,Isha,Rao,isha.rao4471@example.com,9135405849,Hyderabad,Telangana,Platinum,2026-01-11,2026-07-01T09:00:00
C004472,Neha,Gupta,neha.gupta4472@example.com,9135413768,Mumbai,Maharashtra,Bronze,2026-01-12,2026-07-01T09:00:00
C004473,Sneha,Verma,sneha.verma4473@example.com,9135421687,Bengaluru,Karnataka,Silver,2026-01-13,2026-07-01T09:00:00
C004474,Pooja,Patel,pooja.patel4474@example.com,9135429606,Chennai,Tamil Nadu,Gold,2026-01-14,2026-07-01T09:00:00
C004475,Kavya,Kumar,kavya.kumar4475@example.com,9135437525,Pune,Maharashtra,Platinum,2026-01-15,2026-07-01T09:00:00
C004476,Meera,Iyer,meera.iyer4476@example.com,9135445444,Delhi,Delhi,Bronze,2026-01-16,2026-07-01T09:00:00
C004477,Nikhil,Reddy,nikhil.reddy4477@example.com,9135453363,Kolkata,West Bengal,Silver,2026-01-17,2026-07-01T09:00:00
C004478,Vikram,Singh,vikram.singh4478@example.com,9135461282,Ahmedabad,Gujarat,Gold,2026-01-18,2026-07-01T09:00:00
C004479,Akash,Nair,akash.nair4479@example.com,9135469201,Jaipur,Rajasthan,Platinum,2026-01-19,2026-07-01T09:00:00
C004480,Divya,Sharma,divya.sharma4480@example.com,9135477120,Kochi,Kerala,Bronze,2026-01-20,2026-07-01T09:00:00
C004481,Aarav,Rao,aarav.rao4481@example.com,9135485039,Hyderabad,Telangana,Silver,2026-01-21,2026-07-01T09:00:00
C004482,Vivaan,Gupta,vivaan.gupta4482@example.com,9135492958,Mumbai,Maharashtra,Gold,2026-01-22,2026-07-01T09:00:00
C004483,Aditya,Verma,aditya.verma4483@example.com,9135500877,Bengaluru,Karnataka,Platinum,2026-01-23,2026-07-01T09:00:00
C004484,Arjun,Patel,arjun.patel4484@example.com,9135508796,Chennai,Tamil Nadu,Bronze,2026-01-24,2026-07-01T09:00:00
C004485,Sai,Kumar,sai.kumar4485@example.com,9135516715,Pune,Maharashtra,Silver,2026-01-25,2026-07-01T09:00:00
C004486,Rohan,Iyer,rohan.iyer4486@example.com,9135524634,Delhi,Delhi,Gold,2026-01-26,2026-07-01T09:00:00
C004487,Rahul,Reddy,rahul.reddy4487@example.com,9135532553,Kolkata,West Bengal,Platinum,2026-01-27,2026-07-01T09:00:00
C004488,Kiran,Singh,kiran.singh4488@example.com,9135540472,Ahmedabad,Gujarat,Bronze,2026-01-28,2026-07-01T09:00:00
C004489,Priya,Nair,priya.nair4489@example.com,9135548391,Jaipur,Rajasthan,Silver,2026-01-29,2026-07-01T09:00:00
C004490,Ananya,Sharma,ananya.sharma4490@example.com,9135556310,Kochi,Kerala,Gold,2026-01-30,2026-07-01T09:00:00
C004491,Isha,Rao,isha.rao4491@example.com,9135564229,Hyderabad,Telangana,Platinum,2026-01-31,2026-07-01T09:00:00
C004492,Neha,Gupta,neha.gupta4492@example.com,9135572148,Mumbai,Maharashtra,Bronze,2026-02-01,2026-07-01T09:00:00
C004493,Sneha,Verma,sneha.verma4493@example.com,9135580067,Bengaluru,Karnataka,Silver,2026-02-02,2026-07-01T09:00:00
C004494,Pooja,Patel,pooja.patel4494@example.com,9135587986,Chennai,Tamil Nadu,Gold,2026-02-03,2026-07-01T09:00:00
C004495,Kavya,Kumar,kavya.kumar4495@example.com,9135595905,Pune,Maharashtra,Platinum,2026-02-04,2026-07-01T09:00:00
C004496,Meera,Iyer,meera.iyer4496@example.com,9135603824,Delhi,Delhi,Bronze,2026-02-05,2026-07-01T09:00:00
C004497,Nikhil,Reddy,nikhil.reddy4497@example.com,9135611743,Kolkata,West Bengal,Silver,2026-02-06,2026-07-01T09:00:00
C004498,Vikram,Singh,vikram.singh4498@example.com,9135619662,Ahmedabad,Gujarat,Gold,2026-02-07,2026-07-01T09:00:00
C004499,Akash,Nair,akash.nair4499@example.com,9135627581,Jaipur,Rajasthan,Platinum,2026-02-08,2026-07-01T09:00:00
C004500,Divya,Sharma,divya.sharma4500@example.com,9135635500,Kochi,Kerala,Bronze,2022-01-01,2026-07-01T09:00:00
C004501,Aarav,Rao,aarav.rao4501@example.com,9135643419,Hyderabad,Telangana,Silver,2022-01-02,2026-07-01T09:00:00
C004502,Vivaan,Gupta,vivaan.gupta4502@example.com,9135651338,Mumbai,Maharashtra,Gold,2022-01-03,2026-07-01T09:00:00
C004503,Aditya,Verma,aditya.verma4503@example.com,9135659257,Bengaluru,Karnataka,Platinum,2022-01-04,2026-07-01T09:00:00
C004504,Arjun,Patel,arjun.patel4504@example.com,9135667176,Chennai,Tamil Nadu,Bronze,2022-01-05,2026-07-01T09:00:00
C004505,Sai,Kumar,sai.kumar4505@example.com,9135675095,Pune,Maharashtra,Silver,2022-01-06,2026-07-01T09:00:00
C004506,Rohan,Iyer,rohan.iyer4506@example.com,9135683014,Delhi,Delhi,Gold,2022-01-07,2026-07-01T09:00:00
C004507,Rahul,Reddy,rahul.reddy4507@example.com,9135690933,Kolkata,West Bengal,Platinum,2022-01-08,2026-07-01T09:00:00
C004508,Kiran,Singh,kiran.singh4508@example.com,9135698852,Ahmedabad,Gujarat,Bronze,2022-01-09,2026-07-01T09:00:00
C004509,Priya,Nair,priya.nair4509@example.com,9135706771,Jaipur,Rajasthan,Silver,2022-01-10,2026-07-01T09:00:00
C004510,Ananya,Sharma,ananya.sharma4510@example.com,9135714690,Kochi,Kerala,Gold,2022-01-11,2026-07-01T09:00:00
C004511,Isha,Rao,isha.rao4511@example.com,9135722609,Hyderabad,Telangana,Platinum,2022-01-12,2026-07-01T09:00:00
C004512,Neha,Gupta,neha.gupta4512@example.com,9135730528,Mumbai,Maharashtra,Bronze,2022-01-13,2026-07-01T09:00:00
C004513,Sneha,Verma,sneha.verma4513@example.com,9135738447,Bengaluru,Karnataka,Silver,2022-01-14,2026-07-01T09:00:00
C004514,Pooja,Patel,pooja.patel4514@example.com,9135746366,Chennai,Tamil Nadu,Gold,2022-01-15,2026-07-01T09:00:00
C004515,Kavya,Kumar,kavya.kumar4515@example.com,9135754285,Pune,Maharashtra,Platinum,2022-01-16,2026-07-01T09:00:00
C004516,Meera,Iyer,meera.iyer4516@example.com,9135762204,Delhi,Delhi,Bronze,2022-01-17,2026-07-01T09:00:00
C004517,Nikhil,Reddy,nikhil.reddy4517@example.com,9135770123,Kolkata,West Bengal,Silver,2022-01-18,2026-07-01T09:00:00
C004518,Vikram,Singh,vikram.singh4518@example.com,9135778042,Ahmedabad,Gujarat,Gold,2022-01-19,2026-07-01T09:00:00
C004519,Akash,Nair,akash.nair4519@example.com,9135785961,Jaipur,Rajasthan,Platinum,2022-01-20,2026-07-01T09:00:00
C004520,Divya,Sharma,divya.sharma4520@example.com,9135793880,Kochi,Kerala,Bronze,2022-01-21,2026-07-01T09:00:00
C004521,Aarav,Rao,aarav.rao4521@example.com,9135801799,Hyderabad,Telangana,Silver,2022-01-22,2026-07-01T09:00:00
C004522,Vivaan,Gupta,vivaan.gupta4522@example.com,9135809718,Mumbai,Maharashtra,Gold,2022-01-23,2026-07-01T09:00:00
C004523,Aditya,Verma,aditya.verma4523@example.com,9135817637,Bengaluru,Karnataka,Platinum,2022-01-24,2026-07-01T09:00:00
C004524,Arjun,Patel,arjun.patel4524@example.com,9135825556,Chennai,Tamil Nadu,Bronze,2022-01-25,2026-07-01T09:00:00
C004525,Sai,Kumar,sai.kumar4525@example.com,9135833475,Pune,Maharashtra,Silver,2022-01-26,2026-07-01T09:00:00
C004526,Rohan,Iyer,rohan.iyer4526@example.com,9135841394,Delhi,Delhi,Gold,2022-01-27,2026-07-01T09:00:00
C004527,Rahul,Reddy,rahul.reddy4527@example.com,9135849313,Kolkata,West Bengal,Platinum,2022-01-28,2026-07-01T09:00:00
C004528,Kiran,Singh,kiran.singh4528@example.com,9135857232,Ahmedabad,Gujarat,Bronze,2022-01-29,2026-07-01T09:00:00
C004529,Priya,Nair,priya.nair4529@example.com,9135865151,Jaipur,Rajasthan,Silver,2022-01-30,2026-07-01T09:00:00
C004530,Ananya,Sharma,ananya.sharma4530@example.com,9135873070,Kochi,Kerala,Gold,2022-01-31,2026-07-01T09:00:00
C004531,Isha,Rao,isha.rao4531@example.com,9135880989,Hyderabad,Telangana,Platinum,2022-02-01,2026-07-01T09:00:00
C004532,Neha,Gupta,neha.gupta4532@example.com,9135888908,Mumbai,Maharashtra,Bronze,2022-02-02,2026-07-01T09:00:00
C004533,Sneha,Verma,sneha.verma4533@example.com,9135896827,Bengaluru,Karnataka,Silver,2022-02-03,2026-07-01T09:00:00
C004534,Pooja,Patel,pooja.patel4534@example.com,9135904746,Chennai,Tamil Nadu,Gold,2022-02-04,2026-07-01T09:00:00
C004535,Kavya,Kumar,kavya.kumar4535@example.com,9135912665,Pune,Maharashtra,Platinum,2022-02-05,2026-07-01T09:00:00
C004536,Meera,Iyer,meera.iyer4536@example.com,9135920584,Delhi,Delhi,Bronze,2022-02-06,2026-07-01T09:00:00
C004537,Nikhil,Reddy,nikhil.reddy4537@example.com,9135928503,Kolkata,West Bengal,Silver,2022-02-07,2026-07-01T09:00:00
C004538,Vikram,Singh,vikram.singh4538@example.com,9135936422,Ahmedabad,Gujarat,Gold,2022-02-08,2026-07-01T09:00:00
C004539,Akash,Nair,akash.nair4539@example.com,9135944341,Jaipur,Rajasthan,Platinum,2022-02-09,2026-07-01T09:00:00
C004540,Divya,Sharma,divya.sharma4540@example.com,9135952260,Kochi,Kerala,Bronze,2022-02-10,2026-07-01T09:00:00
C004541,Aarav,Rao,aarav.rao4541@example.com,9135960179,Hyderabad,Telangana,Silver,2022-02-11,2026-07-01T09:00:00
C004542,Vivaan,Gupta,vivaan.gupta4542@example.com,9135968098,Mumbai,Maharashtra,Gold,2022-02-12,2026-07-01T09:00:00
C004543,Aditya,Verma,aditya.verma4543@example.com,9135976017,Bengaluru,Karnataka,Platinum,2022-02-13,2026-07-01T09:00:00
C004544,Arjun,Patel,arjun.patel4544@example.com,9135983936,Chennai,Tamil Nadu,Bronze,2022-02-14,2026-07-01T09:00:00
C004545,Sai,Kumar,sai.kumar4545@example.com,9135991855,Pune,Maharashtra,Silver,2022-02-15,2026-07-01T09:00:00
C004546,Rohan,Iyer,rohan.iyer4546@example.com,9135999774,Delhi,Delhi,Gold,2022-02-16,2026-07-01T09:00:00
C004547,Rahul,Reddy,rahul.reddy4547@example.com,9136007693,Kolkata,West Bengal,Platinum,2022-02-17,2026-07-01T09:00:00
C004548,Kiran,Singh,kiran.singh4548@example.com,9136015612,Ahmedabad,Gujarat,Bronze,2022-02-18,2026-07-01T09:00:00
C004549,Priya,Nair,priya.nair4549@example.com,9136023531,Jaipur,Rajasthan,Silver,2022-02-19,2026-07-01T09:00:00
C004550,Ananya,Sharma,ananya.sharma4550@example.com,9136031450,Kochi,Kerala,Gold,2022-02-20,2026-07-01T09:00:00
C004551,Isha,Rao,isha.rao4551@example.com,9136039369,Hyderabad,Telangana,Platinum,2022-02-21,2026-07-01T09:00:00
C004552,Neha,Gupta,neha.gupta4552@example.com,9136047288,Mumbai,Maharashtra,Bronze,2022-02-22,2026-07-01T09:00:00
C004553,Sneha,Verma,sneha.verma4553@example.com,9136055207,Bengaluru,Karnataka,Silver,2022-02-23,2026-07-01T09:00:00
C004554,Pooja,Patel,pooja.patel4554@example.com,9136063126,Chennai,Tamil Nadu,Gold,2022-02-24,2026-07-01T09:00:00
C004555,Kavya,Kumar,kavya.kumar4555@example.com,9136071045,Pune,Maharashtra,Platinum,2022-02-25,2026-07-01T09:00:00
C004556,Meera,Iyer,meera.iyer4556@example.com,9136078964,Delhi,Delhi,Bronze,2022-02-26,2026-07-01T09:00:00
C004557,Nikhil,Reddy,nikhil.reddy4557@example.com,9136086883,Kolkata,West Bengal,Silver,2022-02-27,2026-07-01T09:00:00
C004558,Vikram,Singh,vikram.singh4558@example.com,9136094802,Ahmedabad,Gujarat,Gold,2022-02-28,2026-07-01T09:00:00
C004559,Akash,Nair,akash.nair4559@example.com,9136102721,Jaipur,Rajasthan,Platinum,2022-03-01,2026-07-01T09:00:00
C004560,Divya,Sharma,divya.sharma4560@example.com,9136110640,Kochi,Kerala,Bronze,2022-03-02,2026-07-01T09:00:00
C004561,Aarav,Rao,aarav.rao4561@example.com,9136118559,Hyderabad,Telangana,Silver,2022-03-03,2026-07-01T09:00:00
C004562,Vivaan,Gupta,vivaan.gupta4562@example.com,9136126478,Mumbai,Maharashtra,Gold,2022-03-04,2026-07-01T09:00:00
C004563,Aditya,Verma,aditya.verma4563@example.com,9136134397,Bengaluru,Karnataka,Platinum,2022-03-05,2026-07-01T09:00:00
C004564,Arjun,Patel,arjun.patel4564@example.com,9136142316,Chennai,Tamil Nadu,Bronze,2022-03-06,2026-07-01T09:00:00
C004565,Sai,Kumar,sai.kumar4565@example.com,9136150235,Pune,Maharashtra,Silver,2022-03-07,2026-07-01T09:00:00
C004566,Rohan,Iyer,rohan.iyer4566@example.com,9136158154,Delhi,Delhi,Gold,2022-03-08,2026-07-01T09:00:00
C004567,Rahul,Reddy,rahul.reddy4567@example.com,9136166073,Kolkata,West Bengal,Platinum,2022-03-09,2026-07-01T09:00:00
C004568,Kiran,Singh,kiran.singh4568@example.com,9136173992,Ahmedabad,Gujarat,Bronze,2022-03-10,2026-07-01T09:00:00
C004569,Priya,Nair,priya.nair4569@example.com,9136181911,Jaipur,Rajasthan,Silver,2022-03-11,2026-07-01T09:00:00
C004570,Ananya,Sharma,ananya.sharma4570@example.com,9136189830,Kochi,Kerala,Gold,2022-03-12,2026-07-01T09:00:00
C004571,Isha,Rao,isha.rao4571@example.com,9136197749,Hyderabad,Telangana,Platinum,2022-03-13,2026-07-01T09:00:00
C004572,Neha,Gupta,neha.gupta4572@example.com,9136205668,Mumbai,Maharashtra,Bronze,2022-03-14,2026-07-01T09:00:00
C004573,Sneha,Verma,sneha.verma4573@example.com,9136213587,Bengaluru,Karnataka,Silver,2022-03-15,2026-07-01T09:00:00
C004574,Pooja,Patel,pooja.patel4574@example.com,9136221506,Chennai,Tamil Nadu,Gold,2022-03-16,2026-07-01T09:00:00
C004575,Kavya,Kumar,kavya.kumar4575@example.com,9136229425,Pune,Maharashtra,Platinum,2022-03-17,2026-07-01T09:00:00
C004576,Meera,Iyer,meera.iyer4576@example.com,9136237344,Delhi,Delhi,Bronze,2022-03-18,2026-07-01T09:00:00
C004577,Nikhil,Reddy,nikhil.reddy4577@example.com,9136245263,Kolkata,West Bengal,Silver,2022-03-19,2026-07-01T09:00:00
C004578,Vikram,Singh,vikram.singh4578@example.com,9136253182,Ahmedabad,Gujarat,Gold,2022-03-20,2026-07-01T09:00:00
C004579,Akash,Nair,akash.nair4579@example.com,9136261101,Jaipur,Rajasthan,Platinum,2022-03-21,2026-07-01T09:00:00
C004580,Divya,Sharma,divya.sharma4580@example.com,9136269020,Kochi,Kerala,Bronze,2022-03-22,2026-07-01T09:00:00
C004581,Aarav,Rao,aarav.rao4581@example.com,9136276939,Hyderabad,Telangana,Silver,2022-03-23,2026-07-01T09:00:00
C004582,Vivaan,Gupta,vivaan.gupta4582@example.com,9136284858,Mumbai,Maharashtra,Gold,2022-03-24,2026-07-01T09:00:00
C004583,Aditya,Verma,aditya.verma4583@example.com,9136292777,Bengaluru,Karnataka,Platinum,2022-03-25,2026-07-01T09:00:00
C004584,Arjun,Patel,arjun.patel4584@example.com,9136300696,Chennai,Tamil Nadu,Bronze,2022-03-26,2026-07-01T09:00:00
C004585,Sai,Kumar,sai.kumar4585@example.com,9136308615,Pune,Maharashtra,Silver,2022-03-27,2026-07-01T09:00:00
C004586,Rohan,Iyer,rohan.iyer4586@example.com,9136316534,Delhi,Delhi,Gold,2022-03-28,2026-07-01T09:00:00
C004587,Rahul,Reddy,rahul.reddy4587@example.com,9136324453,Kolkata,West Bengal,Platinum,2022-03-29,2026-07-01T09:00:00
C004588,Kiran,Singh,kiran.singh4588@example.com,9136332372,Ahmedabad,Gujarat,Bronze,2022-03-30,2026-07-01T09:00:00
C004589,Priya,Nair,priya.nair4589@example.com,9136340291,Jaipur,Rajasthan,Silver,2022-03-31,2026-07-01T09:00:00
C004590,Ananya,Sharma,ananya.sharma4590@example.com,9136348210,Kochi,Kerala,Gold,2022-04-01,2026-07-01T09:00:00
C004591,Isha,Rao,isha.rao4591@example.com,9136356129,Hyderabad,Telangana,Platinum,2022-04-02,2026-07-01T09:00:00
C004592,Neha,Gupta,neha.gupta4592@example.com,9136364048,Mumbai,Maharashtra,Bronze,2022-04-03,2026-07-01T09:00:00
C004593,Sneha,Verma,sneha.verma4593@example.com,9136371967,Bengaluru,Karnataka,Silver,2022-04-04,2026-07-01T09:00:00
C004594,Pooja,Patel,pooja.patel4594@example.com,9136379886,Chennai,Tamil Nadu,Gold,2022-04-05,2026-07-01T09:00:00
C004595,Kavya,Kumar,kavya.kumar4595@example.com,9136387805,Pune,Maharashtra,Platinum,2022-04-06,2026-07-01T09:00:00
C004596,Meera,Iyer,meera.iyer4596@example.com,9136395724,Delhi,Delhi,Bronze,2022-04-07,2026-07-01T09:00:00
C004597,Nikhil,Reddy,nikhil.reddy4597@example.com,9136403643,Kolkata,West Bengal,Silver,2022-04-08,2026-07-01T09:00:00
C004598,Vikram,Singh,vikram.singh4598@example.com,9136411562,Ahmedabad,Gujarat,Gold,2022-04-09,2026-07-01T09:00:00
C004599,Akash,Nair,akash.nair4599@example.com,9136419481,Jaipur,Rajasthan,Platinum,2022-04-10,2026-07-01T09:00:00
C004600,Divya,Sharma,divya.sharma4600@example.com,9136427400,Kochi,Kerala,Bronze,2022-04-11,2026-07-01T09:00:00
C004601,Aarav,Rao,aarav.rao4601@example.com,9136435319,Hyderabad,Telangana,Silver,2022-04-12,2026-07-01T09:00:00
C004602,Vivaan,Gupta,vivaan.gupta4602@example.com,9136443238,Mumbai,Maharashtra,Gold,2022-04-13,2026-07-01T09:00:00
C004603,Aditya,Verma,aditya.verma4603@example.com,9136451157,Bengaluru,Karnataka,Platinum,2022-04-14,2026-07-01T09:00:00
C004604,Arjun,Patel,arjun.patel4604@example.com,9136459076,Chennai,Tamil Nadu,Bronze,2022-04-15,2026-07-01T09:00:00
C004605,Sai,Kumar,sai.kumar4605@example.com,9136466995,Pune,Maharashtra,Silver,2022-04-16,2026-07-01T09:00:00
C004606,Rohan,Iyer,rohan.iyer4606@example.com,9136474914,Delhi,Delhi,Gold,2022-04-17,2026-07-01T09:00:00
C004607,Rahul,Reddy,rahul.reddy4607@example.com,9136482833,Kolkata,West Bengal,Platinum,2022-04-18,2026-07-01T09:00:00
C004608,Kiran,Singh,kiran.singh4608@example.com,9136490752,Ahmedabad,Gujarat,Bronze,2022-04-19,2026-07-01T09:00:00
C004609,Priya,Nair,priya.nair4609@example.com,9136498671,Jaipur,Rajasthan,Silver,2022-04-20,2026-07-01T09:00:00
C004610,Ananya,Sharma,ananya.sharma4610@example.com,9136506590,Kochi,Kerala,Gold,2022-04-21,2026-07-01T09:00:00
C004611,Isha,Rao,isha.rao4611@example.com,9136514509,Hyderabad,Telangana,Platinum,2022-04-22,2026-07-01T09:00:00
C004612,Neha,Gupta,neha.gupta4612@example.com,9136522428,Mumbai,Maharashtra,Bronze,2022-04-23,2026-07-01T09:00:00
C004613,Sneha,Verma,sneha.verma4613@example.com,9136530347,Bengaluru,Karnataka,Silver,2022-04-24,2026-07-01T09:00:00
C004614,Pooja,Patel,pooja.patel4614@example.com,9136538266,Chennai,Tamil Nadu,Gold,2022-04-25,2026-07-01T09:00:00
C004615,Kavya,Kumar,kavya.kumar4615@example.com,9136546185,Pune,Maharashtra,Platinum,2022-04-26,2026-07-01T09:00:00
C004616,Meera,Iyer,meera.iyer4616@example.com,9136554104,Delhi,Delhi,Bronze,2022-04-27,2026-07-01T09:00:00
C004617,Nikhil,Reddy,nikhil.reddy4617@example.com,9136562023,Kolkata,West Bengal,Silver,2022-04-28,2026-07-01T09:00:00
C004618,Vikram,Singh,vikram.singh4618@example.com,9136569942,Ahmedabad,Gujarat,Gold,2022-04-29,2026-07-01T09:00:00
C004619,Akash,Nair,akash.nair4619@example.com,9136577861,Jaipur,Rajasthan,Platinum,2022-04-30,2026-07-01T09:00:00
C004620,Divya,Sharma,divya.sharma4620@example.com,9136585780,Kochi,Kerala,Bronze,2022-05-01,2026-07-01T09:00:00
C004621,Aarav,Rao,aarav.rao4621@example.com,9136593699,Hyderabad,Telangana,Silver,2022-05-02,2026-07-01T09:00:00
C004622,Vivaan,Gupta,vivaan.gupta4622@example.com,9136601618,Mumbai,Maharashtra,Gold,2022-05-03,2026-07-01T09:00:00
C004623,Aditya,Verma,aditya.verma4623@example.com,9136609537,Bengaluru,Karnataka,Platinum,2022-05-04,2026-07-01T09:00:00
C004624,Arjun,Patel,arjun.patel4624@example.com,9136617456,Chennai,Tamil Nadu,Bronze,2022-05-05,2026-07-01T09:00:00
C004625,Sai,Kumar,sai.kumar4625@example.com,9136625375,Pune,Maharashtra,Silver,2022-05-06,2026-07-01T09:00:00
C004626,Rohan,Iyer,rohan.iyer4626@example.com,9136633294,Delhi,Delhi,Gold,2022-05-07,2026-07-01T09:00:00
C004627,Rahul,Reddy,rahul.reddy4627@example.com,9136641213,Kolkata,West Bengal,Platinum,2022-05-08,2026-07-01T09:00:00
C004628,Kiran,Singh,kiran.singh4628@example.com,9136649132,Ahmedabad,Gujarat,Bronze,2022-05-09,2026-07-01T09:00:00
C004629,Priya,Nair,priya.nair4629@example.com,9136657051,Jaipur,Rajasthan,Silver,2022-05-10,2026-07-01T09:00:00
C004630,Ananya,Sharma,ananya.sharma4630@example.com,9136664970,Kochi,Kerala,Gold,2022-05-11,2026-07-01T09:00:00
C004631,Isha,Rao,isha.rao4631@example.com,9136672889,Hyderabad,Telangana,Platinum,2022-05-12,2026-07-01T09:00:00
C004632,Neha,Gupta,neha.gupta4632@example.com,9136680808,Mumbai,Maharashtra,Bronze,2022-05-13,2026-07-01T09:00:00
C004633,Sneha,Verma,sneha.verma4633@example.com,9136688727,Bengaluru,Karnataka,Silver,2022-05-14,2026-07-01T09:00:00
C004634,Pooja,Patel,pooja.patel4634@example.com,9136696646,Chennai,Tamil Nadu,Gold,2022-05-15,2026-07-01T09:00:00
C004635,Kavya,Kumar,kavya.kumar4635@example.com,9136704565,Pune,Maharashtra,Platinum,2022-05-16,2026-07-01T09:00:00
C004636,Meera,Iyer,meera.iyer4636@example.com,9136712484,Delhi,Delhi,Bronze,2022-05-17,2026-07-01T09:00:00
C004637,Nikhil,Reddy,nikhil.reddy4637@example.com,9136720403,Kolkata,West Bengal,Silver,2022-05-18,2026-07-01T09:00:00
C004638,Vikram,Singh,vikram.singh4638@example.com,9136728322,Ahmedabad,Gujarat,Gold,2022-05-19,2026-07-01T09:00:00
C004639,Akash,Nair,akash.nair4639@example.com,9136736241,Jaipur,Rajasthan,Platinum,2022-05-20,2026-07-01T09:00:00
C004640,Divya,Sharma,divya.sharma4640@example.com,9136744160,Kochi,Kerala,Bronze,2022-05-21,2026-07-01T09:00:00
C004641,Aarav,Rao,aarav.rao4641@example.com,9136752079,Hyderabad,Telangana,Silver,2022-05-22,2026-07-01T09:00:00
C004642,Vivaan,Gupta,vivaan.gupta4642@example.com,9136759998,Mumbai,Maharashtra,Gold,2022-05-23,2026-07-01T09:00:00
C004643,Aditya,Verma,aditya.verma4643@example.com,9136767917,Bengaluru,Karnataka,Platinum,2022-05-24,2026-07-01T09:00:00
C004644,Arjun,Patel,arjun.patel4644@example.com,9136775836,Chennai,Tamil Nadu,Bronze,2022-05-25,2026-07-01T09:00:00
C004645,Sai,Kumar,sai.kumar4645@example.com,9136783755,Pune,Maharashtra,Silver,2022-05-26,2026-07-01T09:00:00
C004646,Rohan,Iyer,rohan.iyer4646@example.com,9136791674,Delhi,Delhi,Gold,2022-05-27,2026-07-01T09:00:00
C004647,Rahul,Reddy,rahul.reddy4647@example.com,9136799593,Kolkata,West Bengal,Platinum,2022-05-28,2026-07-01T09:00:00
C004648,Kiran,Singh,kiran.singh4648@example.com,9136807512,Ahmedabad,Gujarat,Bronze,2022-05-29,2026-07-01T09:00:00
C004649,Priya,Nair,priya.nair4649@example.com,9136815431,Jaipur,Rajasthan,Silver,2022-05-30,2026-07-01T09:00:00
C004650,Ananya,Sharma,ananya.sharma4650@example.com,9136823350,Kochi,Kerala,Gold,2022-05-31,2026-07-01T09:00:00
C004651,Isha,Rao,isha.rao4651@example.com,9136831269,Hyderabad,Telangana,Platinum,2022-06-01,2026-07-01T09:00:00
C004652,Neha,Gupta,neha.gupta4652@example.com,9136839188,Mumbai,Maharashtra,Bronze,2022-06-02,2026-07-01T09:00:00
C004653,Sneha,Verma,sneha.verma4653@example.com,9136847107,Bengaluru,Karnataka,Silver,2022-06-03,2026-07-01T09:00:00
C004654,Pooja,Patel,pooja.patel4654@example.com,9136855026,Chennai,Tamil Nadu,Gold,2022-06-04,2026-07-01T09:00:00
C004655,Kavya,Kumar,kavya.kumar4655@example.com,9136862945,Pune,Maharashtra,Platinum,2022-06-05,2026-07-01T09:00:00
C004656,Meera,Iyer,meera.iyer4656@example.com,9136870864,Delhi,Delhi,Bronze,2022-06-06,2026-07-01T09:00:00
C004657,Nikhil,Reddy,nikhil.reddy4657@example.com,9136878783,Kolkata,West Bengal,Silver,2022-06-07,2026-07-01T09:00:00
C004658,Vikram,Singh,vikram.singh4658@example.com,9136886702,Ahmedabad,Gujarat,Gold,2022-06-08,2026-07-01T09:00:00
C004659,Akash,Nair,akash.nair4659@example.com,9136894621,Jaipur,Rajasthan,Platinum,2022-06-09,2026-07-01T09:00:00
C004660,Divya,Sharma,divya.sharma4660@example.com,9136902540,Kochi,Kerala,Bronze,2022-06-10,2026-07-01T09:00:00
C004661,Aarav,Rao,aarav.rao4661@example.com,9136910459,Hyderabad,Telangana,Silver,2022-06-11,2026-07-01T09:00:00
C004662,Vivaan,Gupta,vivaan.gupta4662@example.com,9136918378,Mumbai,Maharashtra,Gold,2022-06-12,2026-07-01T09:00:00
C004663,Aditya,Verma,aditya.verma4663@example.com,9136926297,Bengaluru,Karnataka,Platinum,2022-06-13,2026-07-01T09:00:00
C004664,Arjun,Patel,arjun.patel4664@example.com,9136934216,Chennai,Tamil Nadu,Bronze,2022-06-14,2026-07-01T09:00:00
C004665,Sai,Kumar,sai.kumar4665@example.com,9136942135,Pune,Maharashtra,Silver,2022-06-15,2026-07-01T09:00:00
C004666,Rohan,Iyer,rohan.iyer4666@example.com,9136950054,Delhi,Delhi,Gold,2022-06-16,2026-07-01T09:00:00
C004667,Rahul,Reddy,rahul.reddy4667@example.com,9136957973,Kolkata,West Bengal,Platinum,2022-06-17,2026-07-01T09:00:00
C004668,Kiran,Singh,kiran.singh4668@example.com,9136965892,Ahmedabad,Gujarat,Bronze,2022-06-18,2026-07-01T09:00:00
C004669,Priya,Nair,priya.nair4669@example.com,9136973811,Jaipur,Rajasthan,Silver,2022-06-19,2026-07-01T09:00:00
C004670,Ananya,Sharma,ananya.sharma4670@example.com,9136981730,Kochi,Kerala,Gold,2022-06-20,2026-07-01T09:00:00
C004671,Isha,Rao,isha.rao4671@example.com,9136989649,Hyderabad,Telangana,Platinum,2022-06-21,2026-07-01T09:00:00
C004672,Neha,Gupta,neha.gupta4672@example.com,9136997568,Mumbai,Maharashtra,Bronze,2022-06-22,2026-07-01T09:00:00
C004673,Sneha,Verma,sneha.verma4673@example.com,9137005487,Bengaluru,Karnataka,Silver,2022-06-23,2026-07-01T09:00:00
C004674,Pooja,Patel,pooja.patel4674@example.com,9137013406,Chennai,Tamil Nadu,Gold,2022-06-24,2026-07-01T09:00:00
C004675,Kavya,Kumar,kavya.kumar4675@example.com,9137021325,Pune,Maharashtra,Platinum,2022-06-25,2026-07-01T09:00:00
C004676,Meera,Iyer,meera.iyer4676@example.com,9137029244,Delhi,Delhi,Bronze,2022-06-26,2026-07-01T09:00:00
C004677,Nikhil,Reddy,nikhil.reddy4677@example.com,9137037163,Kolkata,West Bengal,Silver,2022-06-27,2026-07-01T09:00:00
C004678,Vikram,Singh,vikram.singh4678@example.com,9137045082,Ahmedabad,Gujarat,Gold,2022-06-28,2026-07-01T09:00:00
C004679,Akash,Nair,akash.nair4679@example.com,9137053001,Jaipur,Rajasthan,Platinum,2022-06-29,2026-07-01T09:00:00
C004680,Divya,Sharma,divya.sharma4680@example.com,9137060920,Kochi,Kerala,Bronze,2022-06-30,2026-07-01T09:00:00
C004681,Aarav,Rao,aarav.rao4681@example.com,9137068839,Hyderabad,Telangana,Silver,2022-07-01,2026-07-01T09:00:00
C004682,Vivaan,Gupta,vivaan.gupta4682@example.com,9137076758,Mumbai,Maharashtra,Gold,2022-07-02,2026-07-01T09:00:00
C004683,Aditya,Verma,aditya.verma4683@example.com,9137084677,Bengaluru,Karnataka,Platinum,2022-07-03,2026-07-01T09:00:00
C004684,Arjun,Patel,arjun.patel4684@example.com,9137092596,Chennai,Tamil Nadu,Bronze,2022-07-04,2026-07-01T09:00:00
C004685,Sai,Kumar,sai.kumar4685@example.com,9137100515,Pune,Maharashtra,Silver,2022-07-05,2026-07-01T09:00:00
C004686,Rohan,Iyer,rohan.iyer4686@example.com,9137108434,Delhi,Delhi,Gold,2022-07-06,2026-07-01T09:00:00
C004687,Rahul,Reddy,rahul.reddy4687@example.com,9137116353,Kolkata,West Bengal,Platinum,2022-07-07,2026-07-01T09:00:00
C004688,Kiran,Singh,kiran.singh4688@example.com,9137124272,Ahmedabad,Gujarat,Bronze,2022-07-08,2026-07-01T09:00:00
C004689,Priya,Nair,priya.nair4689@example.com,9137132191,Jaipur,Rajasthan,Silver,2022-07-09,2026-07-01T09:00:00
C004690,Ananya,Sharma,ananya.sharma4690@example.com,9137140110,Kochi,Kerala,Gold,2022-07-10,2026-07-01T09:00:00
C004691,Isha,Rao,isha.rao4691@example.com,9137148029,Hyderabad,Telangana,Platinum,2022-07-11,2026-07-01T09:00:00
C004692,Neha,Gupta,neha.gupta4692@example.com,9137155948,Mumbai,Maharashtra,Bronze,2022-07-12,2026-07-01T09:00:00
C004693,Sneha,Verma,sneha.verma4693@example.com,9137163867,Bengaluru,Karnataka,Silver,2022-07-13,2026-07-01T09:00:00
C004694,Pooja,Patel,pooja.patel4694@example.com,9137171786,Chennai,Tamil Nadu,Gold,2022-07-14,2026-07-01T09:00:00
C004695,Kavya,Kumar,kavya.kumar4695@example.com,9137179705,Pune,Maharashtra,Platinum,2022-07-15,2026-07-01T09:00:00
C004696,Meera,Iyer,meera.iyer4696@example.com,9137187624,Delhi,Delhi,Bronze,2022-07-16,2026-07-01T09:00:00
C004697,Nikhil,Reddy,nikhil.reddy4697@example.com,9137195543,Kolkata,West Bengal,Silver,2022-07-17,2026-07-01T09:00:00
C004698,Vikram,Singh,vikram.singh4698@example.com,9137203462,Ahmedabad,Gujarat,Gold,2022-07-18,2026-07-01T09:00:00
C004699,Akash,Nair,akash.nair4699@example.com,9137211381,Jaipur,Rajasthan,Platinum,2022-07-19,2026-07-01T09:00:00
C004700,Divya,Sharma,divya.sharma4700@example.com,9137219300,Kochi,Kerala,Bronze,2022-07-20,2026-07-01T09:00:00
C004701,Aarav,Rao,aarav.rao4701@example.com,9137227219,Hyderabad,Telangana,Silver,2022-07-21,2026-07-01T09:00:00
C004702,Vivaan,Gupta,vivaan.gupta4702@example.com,9137235138,Mumbai,Maharashtra,Gold,2022-07-22,2026-07-01T09:00:00
C004703,Aditya,Verma,aditya.verma4703@example.com,9137243057,Bengaluru,Karnataka,Platinum,2022-07-23,2026-07-01T09:00:00
C004704,Arjun,Patel,arjun.patel4704@example.com,9137250976,Chennai,Tamil Nadu,Bronze,2022-07-24,2026-07-01T09:00:00
C004705,Sai,Kumar,sai.kumar4705@example.com,9137258895,Pune,Maharashtra,Silver,2022-07-25,2026-07-01T09:00:00
C004706,Rohan,Iyer,rohan.iyer4706@example.com,9137266814,Delhi,Delhi,Gold,2022-07-26,2026-07-01T09:00:00
C004707,Rahul,Reddy,rahul.reddy4707@example.com,9137274733,Kolkata,West Bengal,Platinum,2022-07-27,2026-07-01T09:00:00
C004708,Kiran,Singh,kiran.singh4708@example.com,9137282652,Ahmedabad,Gujarat,Bronze,2022-07-28,2026-07-01T09:00:00
C004709,Priya,Nair,priya.nair4709@example.com,9137290571,Jaipur,Rajasthan,Silver,2022-07-29,2026-07-01T09:00:00
C004710,Ananya,Sharma,ananya.sharma4710@example.com,9137298490,Kochi,Kerala,Gold,2022-07-30,2026-07-01T09:00:00
C004711,Isha,Rao,isha.rao4711@example.com,9137306409,Hyderabad,Telangana,Platinum,2022-07-31,2026-07-01T09:00:00
C004712,Neha,Gupta,neha.gupta4712@example.com,9137314328,Mumbai,Maharashtra,Bronze,2022-08-01,2026-07-01T09:00:00
C004713,Sneha,Verma,sneha.verma4713@example.com,9137322247,Bengaluru,Karnataka,Silver,2022-08-02,2026-07-01T09:00:00
C004714,Pooja,Patel,pooja.patel4714@example.com,9137330166,Chennai,Tamil Nadu,Gold,2022-08-03,2026-07-01T09:00:00
C004715,Kavya,Kumar,kavya.kumar4715@example.com,9137338085,Pune,Maharashtra,Platinum,2022-08-04,2026-07-01T09:00:00
C004716,Meera,Iyer,meera.iyer4716@example.com,9137346004,Delhi,Delhi,Bronze,2022-08-05,2026-07-01T09:00:00
C004717,Nikhil,Reddy,nikhil.reddy4717@example.com,9137353923,Kolkata,West Bengal,Silver,2022-08-06,2026-07-01T09:00:00
C004718,Vikram,Singh,vikram.singh4718@example.com,9137361842,Ahmedabad,Gujarat,Gold,2022-08-07,2026-07-01T09:00:00
C004719,Akash,Nair,akash.nair4719@example.com,9137369761,Jaipur,Rajasthan,Platinum,2022-08-08,2026-07-01T09:00:00
C004720,Divya,Sharma,divya.sharma4720@example.com,9137377680,Kochi,Kerala,Bronze,2022-08-09,2026-07-01T09:00:00
C004721,Aarav,Rao,aarav.rao4721@example.com,9137385599,Hyderabad,Telangana,Silver,2022-08-10,2026-07-01T09:00:00
C004722,Vivaan,Gupta,vivaan.gupta4722@example.com,9137393518,Mumbai,Maharashtra,Gold,2022-08-11,2026-07-01T09:00:00
C004723,Aditya,Verma,aditya.verma4723@example.com,9137401437,Bengaluru,Karnataka,Platinum,2022-08-12,2026-07-01T09:00:00
C004724,Arjun,Patel,arjun.patel4724@example.com,9137409356,Chennai,Tamil Nadu,Bronze,2022-08-13,2026-07-01T09:00:00
C004725,Sai,Kumar,sai.kumar4725@example.com,9137417275,Pune,Maharashtra,Silver,2022-08-14,2026-07-01T09:00:00
C004726,Rohan,Iyer,rohan.iyer4726@example.com,9137425194,Delhi,Delhi,Gold,2022-08-15,2026-07-01T09:00:00
C004727,Rahul,Reddy,rahul.reddy4727@example.com,9137433113,Kolkata,West Bengal,Platinum,2022-08-16,2026-07-01T09:00:00
C004728,Kiran,Singh,kiran.singh4728@example.com,9137441032,Ahmedabad,Gujarat,Bronze,2022-08-17,2026-07-01T09:00:00
C004729,Priya,Nair,priya.nair4729@example.com,9137448951,Jaipur,Rajasthan,Silver,2022-08-18,2026-07-01T09:00:00
C004730,Ananya,Sharma,ananya.sharma4730@example.com,9137456870,Kochi,Kerala,Gold,2022-08-19,2026-07-01T09:00:00
C004731,Isha,Rao,isha.rao4731@example.com,9137464789,Hyderabad,Telangana,Platinum,2022-08-20,2026-07-01T09:00:00
C004732,Neha,Gupta,neha.gupta4732@example.com,9137472708,Mumbai,Maharashtra,Bronze,2022-08-21,2026-07-01T09:00:00
C004733,Sneha,Verma,sneha.verma4733@example.com,9137480627,Bengaluru,Karnataka,Silver,2022-08-22,2026-07-01T09:00:00
C004734,Pooja,Patel,pooja.patel4734@example.com,9137488546,Chennai,Tamil Nadu,Gold,2022-08-23,2026-07-01T09:00:00
C004735,Kavya,Kumar,kavya.kumar4735@example.com,9137496465,Pune,Maharashtra,Platinum,2022-08-24,2026-07-01T09:00:00
C004736,Meera,Iyer,meera.iyer4736@example.com,9137504384,Delhi,Delhi,Bronze,2022-08-25,2026-07-01T09:00:00
C004737,Nikhil,Reddy,nikhil.reddy4737@example.com,9137512303,Kolkata,West Bengal,Silver,2022-08-26,2026-07-01T09:00:00
C004738,Vikram,Singh,vikram.singh4738@example.com,9137520222,Ahmedabad,Gujarat,Gold,2022-08-27,2026-07-01T09:00:00
C004739,Akash,Nair,akash.nair4739@example.com,9137528141,Jaipur,Rajasthan,Platinum,2022-08-28,2026-07-01T09:00:00
C004740,Divya,Sharma,divya.sharma4740@example.com,9137536060,Kochi,Kerala,Bronze,2022-08-29,2026-07-01T09:00:00
C004741,Aarav,Rao,aarav.rao4741@example.com,9137543979,Hyderabad,Telangana,Silver,2022-08-30,2026-07-01T09:00:00
C004742,Vivaan,Gupta,vivaan.gupta4742@example.com,9137551898,Mumbai,Maharashtra,Gold,2022-08-31,2026-07-01T09:00:00
C004743,Aditya,Verma,aditya.verma4743@example.com,9137559817,Bengaluru,Karnataka,Platinum,2022-09-01,2026-07-01T09:00:00
C004744,Arjun,Patel,arjun.patel4744@example.com,9137567736,Chennai,Tamil Nadu,Bronze,2022-09-02,2026-07-01T09:00:00
C004745,Sai,Kumar,sai.kumar4745@example.com,9137575655,Pune,Maharashtra,Silver,2022-09-03,2026-07-01T09:00:00
C004746,Rohan,Iyer,rohan.iyer4746@example.com,9137583574,Delhi,Delhi,Gold,2022-09-04,2026-07-01T09:00:00
C004747,Rahul,Reddy,rahul.reddy4747@example.com,9137591493,Kolkata,West Bengal,Platinum,2022-09-05,2026-07-01T09:00:00
C004748,Kiran,Singh,kiran.singh4748@example.com,9137599412,Ahmedabad,Gujarat,Bronze,2022-09-06,2026-07-01T09:00:00
C004749,Priya,Nair,priya.nair4749@example.com,9137607331,Jaipur,Rajasthan,Silver,2022-09-07,2026-07-01T09:00:00
C004750,Ananya,Sharma,ananya.sharma4750@example.com,9137615250,Kochi,Kerala,Gold,2022-09-08,2026-07-01T09:00:00
C004751,Isha,Rao,isha.rao4751@example.com,9137623169,Hyderabad,Telangana,Platinum,2022-09-09,2026-07-01T09:00:00
C004752,Neha,Gupta,neha.gupta4752@example.com,9137631088,Mumbai,Maharashtra,Bronze,2022-09-10,2026-07-01T09:00:00
C004753,Sneha,Verma,sneha.verma4753@example.com,9137639007,Bengaluru,Karnataka,Silver,2022-09-11,2026-07-01T09:00:00
C004754,Pooja,Patel,pooja.patel4754@example.com,9137646926,Chennai,Tamil Nadu,Gold,2022-09-12,2026-07-01T09:00:00
C004755,Kavya,Kumar,kavya.kumar4755@example.com,9137654845,Pune,Maharashtra,Platinum,2022-09-13,2026-07-01T09:00:00
C004756,Meera,Iyer,meera.iyer4756@example.com,9137662764,Delhi,Delhi,Bronze,2022-09-14,2026-07-01T09:00:00
C004757,Nikhil,Reddy,nikhil.reddy4757@example.com,9137670683,Kolkata,West Bengal,Silver,2022-09-15,2026-07-01T09:00:00
C004758,Vikram,Singh,vikram.singh4758@example.com,9137678602,Ahmedabad,Gujarat,Gold,2022-09-16,2026-07-01T09:00:00
C004759,Akash,Nair,akash.nair4759@example.com,9137686521,Jaipur,Rajasthan,Platinum,2022-09-17,2026-07-01T09:00:00
C004760,Divya,Sharma,divya.sharma4760@example.com,9137694440,Kochi,Kerala,Bronze,2022-09-18,2026-07-01T09:00:00
C004761,Aarav,Rao,aarav.rao4761@example.com,9137702359,Hyderabad,Telangana,Silver,2022-09-19,2026-07-01T09:00:00
C004762,Vivaan,Gupta,vivaan.gupta4762@example.com,9137710278,Mumbai,Maharashtra,Gold,2022-09-20,2026-07-01T09:00:00
C004763,Aditya,Verma,aditya.verma4763@example.com,9137718197,Bengaluru,Karnataka,Platinum,2022-09-21,2026-07-01T09:00:00
C004764,Arjun,Patel,arjun.patel4764@example.com,9137726116,Chennai,Tamil Nadu,Bronze,2022-09-22,2026-07-01T09:00:00
C004765,Sai,Kumar,sai.kumar4765@example.com,9137734035,Pune,Maharashtra,Silver,2022-09-23,2026-07-01T09:00:00
C004766,Rohan,Iyer,rohan.iyer4766@example.com,9137741954,Delhi,Delhi,Gold,2022-09-24,2026-07-01T09:00:00
C004767,Rahul,Reddy,rahul.reddy4767@example.com,9137749873,Kolkata,West Bengal,Platinum,2022-09-25,2026-07-01T09:00:00
C004768,Kiran,Singh,kiran.singh4768@example.com,9137757792,Ahmedabad,Gujarat,Bronze,2022-09-26,2026-07-01T09:00:00
C004769,Priya,Nair,priya.nair4769@example.com,9137765711,Jaipur,Rajasthan,Silver,2022-09-27,2026-07-01T09:00:00
C004770,Ananya,Sharma,ananya.sharma4770@example.com,9137773630,Kochi,Kerala,Gold,2022-09-28,2026-07-01T09:00:00
C004771,Isha,Rao,isha.rao4771@example.com,9137781549,Hyderabad,Telangana,Platinum,2022-09-29,2026-07-01T09:00:00
C004772,Neha,Gupta,neha.gupta4772@example.com,9137789468,Mumbai,Maharashtra,Bronze,2022-09-30,2026-07-01T09:00:00
C004773,Sneha,Verma,sneha.verma4773@example.com,9137797387,Bengaluru,Karnataka,Silver,2022-10-01,2026-07-01T09:00:00
C004774,Pooja,Patel,pooja.patel4774@example.com,9137805306,Chennai,Tamil Nadu,Gold,2022-10-02,2026-07-01T09:00:00
C004775,Kavya,Kumar,kavya.kumar4775@example.com,9137813225,Pune,Maharashtra,Platinum,2022-10-03,2026-07-01T09:00:00
C004776,Meera,Iyer,meera.iyer4776@example.com,9137821144,Delhi,Delhi,Bronze,2022-10-04,2026-07-01T09:00:00
C004777,Nikhil,Reddy,nikhil.reddy4777@example.com,9137829063,Kolkata,West Bengal,Silver,2022-10-05,2026-07-01T09:00:00
C004778,Vikram,Singh,vikram.singh4778@example.com,9137836982,Ahmedabad,Gujarat,Gold,2022-10-06,2026-07-01T09:00:00
C004779,Akash,Nair,akash.nair4779@example.com,9137844901,Jaipur,Rajasthan,Platinum,2022-10-07,2026-07-01T09:00:00
C004780,Divya,Sharma,divya.sharma4780@example.com,9137852820,Kochi,Kerala,Bronze,2022-10-08,2026-07-01T09:00:00
C004781,Aarav,Rao,aarav.rao4781@example.com,9137860739,Hyderabad,Telangana,Silver,2022-10-09,2026-07-01T09:00:00
C004782,Vivaan,Gupta,vivaan.gupta4782@example.com,9137868658,Mumbai,Maharashtra,Gold,2022-10-10,2026-07-01T09:00:00
C004783,Aditya,Verma,aditya.verma4783@example.com,9137876577,Bengaluru,Karnataka,Platinum,2022-10-11,2026-07-01T09:00:00
C004784,Arjun,Patel,arjun.patel4784@example.com,9137884496,Chennai,Tamil Nadu,Bronze,2022-10-12,2026-07-01T09:00:00
C004785,Sai,Kumar,sai.kumar4785@example.com,9137892415,Pune,Maharashtra,Silver,2022-10-13,2026-07-01T09:00:00
C004786,Rohan,Iyer,rohan.iyer4786@example.com,9137900334,Delhi,Delhi,Gold,2022-10-14,2026-07-01T09:00:00
C004787,Rahul,Reddy,rahul.reddy4787@example.com,9137908253,Kolkata,West Bengal,Platinum,2022-10-15,2026-07-01T09:00:00
C004788,Kiran,Singh,kiran.singh4788@example.com,9137916172,Ahmedabad,Gujarat,Bronze,2022-10-16,2026-07-01T09:00:00
C004789,Priya,Nair,priya.nair4789@example.com,9137924091,Jaipur,Rajasthan,Silver,2022-10-17,2026-07-01T09:00:00
C004790,Ananya,Sharma,ananya.sharma4790@example.com,9137932010,Kochi,Kerala,Gold,2022-10-18,2026-07-01T09:00:00
C004791,Isha,Rao,isha.rao4791@example.com,9137939929,Hyderabad,Telangana,Platinum,2022-10-19,2026-07-01T09:00:00
C004792,Neha,Gupta,neha.gupta4792@example.com,9137947848,Mumbai,Maharashtra,Bronze,2022-10-20,2026-07-01T09:00:00
C004793,Sneha,Verma,sneha.verma4793@example.com,9137955767,Bengaluru,Karnataka,Silver,2022-10-21,2026-07-01T09:00:00
C004794,Pooja,Patel,pooja.patel4794@example.com,9137963686,Chennai,Tamil Nadu,Gold,2022-10-22,2026-07-01T09:00:00
C004795,Kavya,Kumar,kavya.kumar4795@example.com,9137971605,Pune,Maharashtra,Platinum,2022-10-23,2026-07-01T09:00:00
C004796,Meera,Iyer,meera.iyer4796@example.com,9137979524,Delhi,Delhi,Bronze,2022-10-24,2026-07-01T09:00:00
C004797,Nikhil,Reddy,nikhil.reddy4797@example.com,9137987443,Kolkata,West Bengal,Silver,2022-10-25,2026-07-01T09:00:00
C004798,Vikram,Singh,vikram.singh4798@example.com,9137995362,Ahmedabad,Gujarat,Gold,2022-10-26,2026-07-01T09:00:00
C004799,Akash,Nair,akash.nair4799@example.com,9138003281,Jaipur,Rajasthan,Platinum,2022-10-27,2026-07-01T09:00:00
C004800,Divya,Sharma,divya.sharma4800@example.com,9138011200,Kochi,Kerala,Bronze,2022-10-28,2026-07-01T09:00:00
C004801,Aarav,Rao,aarav.rao4801@example.com,9138019119,Hyderabad,Telangana,Silver,2022-10-29,2026-07-01T09:00:00
C004802,Vivaan,Gupta,vivaan.gupta4802@example.com,9138027038,Mumbai,Maharashtra,Gold,2022-10-30,2026-07-01T09:00:00
C004803,Aditya,Verma,aditya.verma4803@example.com,9138034957,Bengaluru,Karnataka,Platinum,2022-10-31,2026-07-01T09:00:00
C004804,Arjun,Patel,arjun.patel4804@example.com,9138042876,Chennai,Tamil Nadu,Bronze,2022-11-01,2026-07-01T09:00:00
C004805,Sai,Kumar,sai.kumar4805@example.com,9138050795,Pune,Maharashtra,Silver,2022-11-02,2026-07-01T09:00:00
C004806,Rohan,Iyer,rohan.iyer4806@example.com,9138058714,Delhi,Delhi,Gold,2022-11-03,2026-07-01T09:00:00
C004807,Rahul,Reddy,rahul.reddy4807@example.com,9138066633,Kolkata,West Bengal,Platinum,2022-11-04,2026-07-01T09:00:00
C004808,Kiran,Singh,kiran.singh4808@example.com,9138074552,Ahmedabad,Gujarat,Bronze,2022-11-05,2026-07-01T09:00:00
C004809,Priya,Nair,priya.nair4809@example.com,9138082471,Jaipur,Rajasthan,Silver,2022-11-06,2026-07-01T09:00:00
C004810,Ananya,Sharma,ananya.sharma4810@example.com,9138090390,Kochi,Kerala,Gold,2022-11-07,2026-07-01T09:00:00
C004811,Isha,Rao,isha.rao4811@example.com,9138098309,Hyderabad,Telangana,Platinum,2022-11-08,2026-07-01T09:00:00
C004812,Neha,Gupta,neha.gupta4812@example.com,9138106228,Mumbai,Maharashtra,Bronze,2022-11-09,2026-07-01T09:00:00
C004813,Sneha,Verma,sneha.verma4813@example.com,9138114147,Bengaluru,Karnataka,Silver,2022-11-10,2026-07-01T09:00:00
C004814,Pooja,Patel,pooja.patel4814@example.com,9138122066,Chennai,Tamil Nadu,Gold,2022-11-11,2026-07-01T09:00:00
C004815,Kavya,Kumar,kavya.kumar4815@example.com,9138129985,Pune,Maharashtra,Platinum,2022-11-12,2026-07-01T09:00:00
C004816,Meera,Iyer,meera.iyer4816@example.com,9138137904,Delhi,Delhi,Bronze,2022-11-13,2026-07-01T09:00:00
C004817,Nikhil,Reddy,nikhil.reddy4817@example.com,9138145823,Kolkata,West Bengal,Silver,2022-11-14,2026-07-01T09:00:00
C004818,Vikram,Singh,vikram.singh4818@example.com,9138153742,Ahmedabad,Gujarat,Gold,2022-11-15,2026-07-01T09:00:00
C004819,Akash,Nair,akash.nair4819@example.com,9138161661,Jaipur,Rajasthan,Platinum,2022-11-16,2026-07-01T09:00:00
C004820,Divya,Sharma,divya.sharma4820@example.com,9138169580,Kochi,Kerala,Bronze,2022-11-17,2026-07-01T09:00:00
C004821,Aarav,Rao,aarav.rao4821@example.com,9138177499,Hyderabad,Telangana,Silver,2022-11-18,2026-07-01T09:00:00
C004822,Vivaan,Gupta,vivaan.gupta4822@example.com,9138185418,Mumbai,Maharashtra,Gold,2022-11-19,2026-07-01T09:00:00
C004823,Aditya,Verma,aditya.verma4823@example.com,9138193337,Bengaluru,Karnataka,Platinum,2022-11-20,2026-07-01T09:00:00
C004824,Arjun,Patel,arjun.patel4824@example.com,9138201256,Chennai,Tamil Nadu,Bronze,2022-11-21,2026-07-01T09:00:00
C004825,Sai,Kumar,sai.kumar4825@example.com,9138209175,Pune,Maharashtra,Silver,2022-11-22,2026-07-01T09:00:00
C004826,Rohan,Iyer,rohan.iyer4826@example.com,9138217094,Delhi,Delhi,Gold,2022-11-23,2026-07-01T09:00:00
C004827,Rahul,Reddy,rahul.reddy4827@example.com,9138225013,Kolkata,West Bengal,Platinum,2022-11-24,2026-07-01T09:00:00
C004828,Kiran,Singh,kiran.singh4828@example.com,9138232932,Ahmedabad,Gujarat,Bronze,2022-11-25,2026-07-01T09:00:00
C004829,Priya,Nair,priya.nair4829@example.com,9138240851,Jaipur,Rajasthan,Silver,2022-11-26,2026-07-01T09:00:00
C004830,Ananya,Sharma,ananya.sharma4830@example.com,9138248770,Kochi,Kerala,Gold,2022-11-27,2026-07-01T09:00:00
C004831,Isha,Rao,isha.rao4831@example.com,9138256689,Hyderabad,Telangana,Platinum,2022-11-28,2026-07-01T09:00:00
C004832,Neha,Gupta,neha.gupta4832@example.com,9138264608,Mumbai,Maharashtra,Bronze,2022-11-29,2026-07-01T09:00:00
C004833,Sneha,Verma,sneha.verma4833@example.com,9138272527,Bengaluru,Karnataka,Silver,2022-11-30,2026-07-01T09:00:00
C004834,Pooja,Patel,pooja.patel4834@example.com,9138280446,Chennai,Tamil Nadu,Gold,2022-12-01,2026-07-01T09:00:00
C004835,Kavya,Kumar,kavya.kumar4835@example.com,9138288365,Pune,Maharashtra,Platinum,2022-12-02,2026-07-01T09:00:00
C004836,Meera,Iyer,meera.iyer4836@example.com,9138296284,Delhi,Delhi,Bronze,2022-12-03,2026-07-01T09:00:00
C004837,Nikhil,Reddy,nikhil.reddy4837@example.com,9138304203,Kolkata,West Bengal,Silver,2022-12-04,2026-07-01T09:00:00
C004838,Vikram,Singh,vikram.singh4838@example.com,9138312122,Ahmedabad,Gujarat,Gold,2022-12-05,2026-07-01T09:00:00
C004839,Akash,Nair,akash.nair4839@example.com,9138320041,Jaipur,Rajasthan,Platinum,2022-12-06,2026-07-01T09:00:00
C004840,Divya,Sharma,divya.sharma4840@example.com,9138327960,Kochi,Kerala,Bronze,2022-12-07,2026-07-01T09:00:00
C004841,Aarav,Rao,aarav.rao4841@example.com,9138335879,Hyderabad,Telangana,Silver,2022-12-08,2026-07-01T09:00:00
C004842,Vivaan,Gupta,vivaan.gupta4842@example.com,9138343798,Mumbai,Maharashtra,Gold,2022-12-09,2026-07-01T09:00:00
C004843,Aditya,Verma,aditya.verma4843@example.com,9138351717,Bengaluru,Karnataka,Platinum,2022-12-10,2026-07-01T09:00:00
C004844,Arjun,Patel,arjun.patel4844@example.com,9138359636,Chennai,Tamil Nadu,Bronze,2022-12-11,2026-07-01T09:00:00
C004845,Sai,Kumar,sai.kumar4845@example.com,9138367555,Pune,Maharashtra,Silver,2022-12-12,2026-07-01T09:00:00
C004846,Rohan,Iyer,rohan.iyer4846@example.com,9138375474,Delhi,Delhi,Gold,2022-12-13,2026-07-01T09:00:00
C004847,Rahul,Reddy,rahul.reddy4847@example.com,9138383393,Kolkata,West Bengal,Platinum,2022-12-14,2026-07-01T09:00:00
C004848,Kiran,Singh,kiran.singh4848@example.com,9138391312,Ahmedabad,Gujarat,Bronze,2022-12-15,2026-07-01T09:00:00
C004849,Priya,Nair,priya.nair4849@example.com,9138399231,Jaipur,Rajasthan,Silver,2022-12-16,2026-07-01T09:00:00
C004850,Ananya,Sharma,ananya.sharma4850@example.com,9138407150,Kochi,Kerala,Gold,2022-12-17,2026-07-01T09:00:00
C004851,Isha,Rao,isha.rao4851@example.com,9138415069,Hyderabad,Telangana,Platinum,2022-12-18,2026-07-01T09:00:00
C004852,Neha,Gupta,neha.gupta4852@example.com,9138422988,Mumbai,Maharashtra,Bronze,2022-12-19,2026-07-01T09:00:00
C004853,Sneha,Verma,sneha.verma4853@example.com,9138430907,Bengaluru,Karnataka,Silver,2022-12-20,2026-07-01T09:00:00
C004854,Pooja,Patel,pooja.patel4854@example.com,9138438826,Chennai,Tamil Nadu,Gold,2022-12-21,2026-07-01T09:00:00
C004855,Kavya,Kumar,kavya.kumar4855@example.com,9138446745,Pune,Maharashtra,Platinum,2022-12-22,2026-07-01T09:00:00
C004856,Meera,Iyer,meera.iyer4856@example.com,9138454664,Delhi,Delhi,Bronze,2022-12-23,2026-07-01T09:00:00
C004857,Nikhil,Reddy,nikhil.reddy4857@example.com,9138462583,Kolkata,West Bengal,Silver,2022-12-24,2026-07-01T09:00:00
C004858,Vikram,Singh,vikram.singh4858@example.com,9138470502,Ahmedabad,Gujarat,Gold,2022-12-25,2026-07-01T09:00:00
C004859,Akash,Nair,akash.nair4859@example.com,9138478421,Jaipur,Rajasthan,Platinum,2022-12-26,2026-07-01T09:00:00
C004860,Divya,Sharma,divya.sharma4860@example.com,9138486340,Kochi,Kerala,Bronze,2022-12-27,2026-07-01T09:00:00
C004861,Aarav,Rao,aarav.rao4861@example.com,9138494259,Hyderabad,Telangana,Silver,2022-12-28,2026-07-01T09:00:00
C004862,Vivaan,Gupta,vivaan.gupta4862@example.com,9138502178,Mumbai,Maharashtra,Gold,2022-12-29,2026-07-01T09:00:00
C004863,Aditya,Verma,aditya.verma4863@example.com,9138510097,Bengaluru,Karnataka,Platinum,2022-12-30,2026-07-01T09:00:00
C004864,Arjun,Patel,arjun.patel4864@example.com,9138518016,Chennai,Tamil Nadu,Bronze,2022-12-31,2026-07-01T09:00:00
C004865,Sai,Kumar,sai.kumar4865@example.com,9138525935,Pune,Maharashtra,Silver,2023-01-01,2026-07-01T09:00:00
C004866,Rohan,Iyer,rohan.iyer4866@example.com,9138533854,Delhi,Delhi,Gold,2023-01-02,2026-07-01T09:00:00
C004867,Rahul,Reddy,rahul.reddy4867@example.com,9138541773,Kolkata,West Bengal,Platinum,2023-01-03,2026-07-01T09:00:00
C004868,Kiran,Singh,kiran.singh4868@example.com,9138549692,Ahmedabad,Gujarat,Bronze,2023-01-04,2026-07-01T09:00:00
C004869,Priya,Nair,priya.nair4869@example.com,9138557611,Jaipur,Rajasthan,Silver,2023-01-05,2026-07-01T09:00:00
C004870,Ananya,Sharma,ananya.sharma4870@example.com,9138565530,Kochi,Kerala,Gold,2023-01-06,2026-07-01T09:00:00
C004871,Isha,Rao,isha.rao4871@example.com,9138573449,Hyderabad,Telangana,Platinum,2023-01-07,2026-07-01T09:00:00
C004872,Neha,Gupta,neha.gupta4872@example.com,9138581368,Mumbai,Maharashtra,Bronze,2023-01-08,2026-07-01T09:00:00
C004873,Sneha,Verma,sneha.verma4873@example.com,9138589287,Bengaluru,Karnataka,Silver,2023-01-09,2026-07-01T09:00:00
C004874,Pooja,Patel,pooja.patel4874@example.com,9138597206,Chennai,Tamil Nadu,Gold,2023-01-10,2026-07-01T09:00:00
C004875,Kavya,Kumar,kavya.kumar4875@example.com,9138605125,Pune,Maharashtra,Platinum,2023-01-11,2026-07-01T09:00:00
C004876,Meera,Iyer,meera.iyer4876@example.com,9138613044,Delhi,Delhi,Bronze,2023-01-12,2026-07-01T09:00:00
C004877,Nikhil,Reddy,nikhil.reddy4877@example.com,9138620963,Kolkata,West Bengal,Silver,2023-01-13,2026-07-01T09:00:00
C004878,Vikram,Singh,vikram.singh4878@example.com,9138628882,Ahmedabad,Gujarat,Gold,2023-01-14,2026-07-01T09:00:00
C004879,Akash,Nair,akash.nair4879@example.com,9138636801,Jaipur,Rajasthan,Platinum,2023-01-15,2026-07-01T09:00:00
C004880,Divya,Sharma,divya.sharma4880@example.com,9138644720,Kochi,Kerala,Bronze,2023-01-16,2026-07-01T09:00:00
C004881,Aarav,Rao,aarav.rao4881@example.com,9138652639,Hyderabad,Telangana,Silver,2023-01-17,2026-07-01T09:00:00
C004882,Vivaan,Gupta,vivaan.gupta4882@example.com,9138660558,Mumbai,Maharashtra,Gold,2023-01-18,2026-07-01T09:00:00
C004883,Aditya,Verma,aditya.verma4883@example.com,9138668477,Bengaluru,Karnataka,Platinum,2023-01-19,2026-07-01T09:00:00
C004884,Arjun,Patel,arjun.patel4884@example.com,9138676396,Chennai,Tamil Nadu,Bronze,2023-01-20,2026-07-01T09:00:00
C004885,Sai,Kumar,sai.kumar4885@example.com,9138684315,Pune,Maharashtra,Silver,2023-01-21,2026-07-01T09:00:00
C004886,Rohan,Iyer,rohan.iyer4886@example.com,9138692234,Delhi,Delhi,Gold,2023-01-22,2026-07-01T09:00:00
C004887,Rahul,Reddy,rahul.reddy4887@example.com,9138700153,Kolkata,West Bengal,Platinum,2023-01-23,2026-07-01T09:00:00
C004888,Kiran,Singh,kiran.singh4888@example.com,9138708072,Ahmedabad,Gujarat,Bronze,2023-01-24,2026-07-01T09:00:00
C004889,Priya,Nair,priya.nair4889@example.com,9138715991,Jaipur,Rajasthan,Silver,2023-01-25,2026-07-01T09:00:00
C004890,Ananya,Sharma,ananya.sharma4890@example.com,9138723910,Kochi,Kerala,Gold,2023-01-26,2026-07-01T09:00:00
C004891,Isha,Rao,isha.rao4891@example.com,9138731829,Hyderabad,Telangana,Platinum,2023-01-27,2026-07-01T09:00:00
C004892,Neha,Gupta,neha.gupta4892@example.com,9138739748,Mumbai,Maharashtra,Bronze,2023-01-28,2026-07-01T09:00:00
C004893,Sneha,Verma,sneha.verma4893@example.com,9138747667,Bengaluru,Karnataka,Silver,2023-01-29,2026-07-01T09:00:00
C004894,Pooja,Patel,pooja.patel4894@example.com,9138755586,Chennai,Tamil Nadu,Gold,2023-01-30,2026-07-01T09:00:00
C004895,Kavya,Kumar,kavya.kumar4895@example.com,9138763505,Pune,Maharashtra,Platinum,2023-01-31,2026-07-01T09:00:00
C004896,Meera,Iyer,meera.iyer4896@example.com,9138771424,Delhi,Delhi,Bronze,2023-02-01,2026-07-01T09:00:00
C004897,Nikhil,Reddy,nikhil.reddy4897@example.com,9138779343,Kolkata,West Bengal,Silver,2023-02-02,2026-07-01T09:00:00
C004898,Vikram,Singh,vikram.singh4898@example.com,9138787262,Ahmedabad,Gujarat,Gold,2023-02-03,2026-07-01T09:00:00
C004899,Akash,Nair,akash.nair4899@example.com,9138795181,Jaipur,Rajasthan,Platinum,2023-02-04,2026-07-01T09:00:00
C004900,Divya,Sharma,divya.sharma4900@example.com,9138803100,Kochi,Kerala,Bronze,2023-02-05,2026-07-01T09:00:00
C004901,Aarav,Rao,aarav.rao4901@example.com,9138811019,Hyderabad,Telangana,Silver,2023-02-06,2026-07-01T09:00:00
C004902,Vivaan,Gupta,vivaan.gupta4902@example.com,9138818938,Mumbai,Maharashtra,Gold,2023-02-07,2026-07-01T09:00:00
C004903,Aditya,Verma,aditya.verma4903@example.com,9138826857,Bengaluru,Karnataka,Platinum,2023-02-08,2026-07-01T09:00:00
C004904,Arjun,Patel,arjun.patel4904@example.com,9138834776,Chennai,Tamil Nadu,Bronze,2023-02-09,2026-07-01T09:00:00
C004905,Sai,Kumar,sai.kumar4905@example.com,9138842695,Pune,Maharashtra,Silver,2023-02-10,2026-07-01T09:00:00
C004906,Rohan,Iyer,rohan.iyer4906@example.com,9138850614,Delhi,Delhi,Gold,2023-02-11,2026-07-01T09:00:00
C004907,Rahul,Reddy,rahul.reddy4907@example.com,9138858533,Kolkata,West Bengal,Platinum,2023-02-12,2026-07-01T09:00:00
C004908,Kiran,Singh,kiran.singh4908@example.com,9138866452,Ahmedabad,Gujarat,Bronze,2023-02-13,2026-07-01T09:00:00
C004909,Priya,Nair,priya.nair4909@example.com,9138874371,Jaipur,Rajasthan,Silver,2023-02-14,2026-07-01T09:00:00
C004910,Ananya,Sharma,ananya.sharma4910@example.com,9138882290,Kochi,Kerala,Gold,2023-02-15,2026-07-01T09:00:00
C004911,Isha,Rao,isha.rao4911@example.com,9138890209,Hyderabad,Telangana,Platinum,2023-02-16,2026-07-01T09:00:00
C004912,Neha,Gupta,neha.gupta4912@example.com,9138898128,Mumbai,Maharashtra,Bronze,2023-02-17,2026-07-01T09:00:00
C004913,Sneha,Verma,sneha.verma4913@example.com,9138906047,Bengaluru,Karnataka,Silver,2023-02-18,2026-07-01T09:00:00
C004914,Pooja,Patel,pooja.patel4914@example.com,9138913966,Chennai,Tamil Nadu,Gold,2023-02-19,2026-07-01T09:00:00
C004915,Kavya,Kumar,kavya.kumar4915@example.com,9138921885,Pune,Maharashtra,Platinum,2023-02-20,2026-07-01T09:00:00
C004916,Meera,Iyer,meera.iyer4916@example.com,9138929804,Delhi,Delhi,Bronze,2023-02-21,2026-07-01T09:00:00
C004917,Nikhil,Reddy,nikhil.reddy4917@example.com,9138937723,Kolkata,West Bengal,Silver,2023-02-22,2026-07-01T09:00:00
C004918,Vikram,Singh,vikram.singh4918@example.com,9138945642,Ahmedabad,Gujarat,Gold,2023-02-23,2026-07-01T09:00:00
C004919,Akash,Nair,akash.nair4919@example.com,9138953561,Jaipur,Rajasthan,Platinum,2023-02-24,2026-07-01T09:00:00
C004920,Divya,Sharma,divya.sharma4920@example.com,9138961480,Kochi,Kerala,Bronze,2023-02-25,2026-07-01T09:00:00
C004921,Aarav,Rao,aarav.rao4921@example.com,9138969399,Hyderabad,Telangana,Silver,2023-02-26,2026-07-01T09:00:00
C004922,Vivaan,Gupta,vivaan.gupta4922@example.com,9138977318,Mumbai,Maharashtra,Gold,2023-02-27,2026-07-01T09:00:00
C004923,Aditya,Verma,aditya.verma4923@example.com,9138985237,Bengaluru,Karnataka,Platinum,2023-02-28,2026-07-01T09:00:00
C004924,Arjun,Patel,arjun.patel4924@example.com,9138993156,Chennai,Tamil Nadu,Bronze,2023-03-01,2026-07-01T09:00:00
C004925,Sai,Kumar,sai.kumar4925@example.com,9139001075,Pune,Maharashtra,Silver,2023-03-02,2026-07-01T09:00:00
C004926,Rohan,Iyer,rohan.iyer4926@example.com,9139008994,Delhi,Delhi,Gold,2023-03-03,2026-07-01T09:00:00
C004927,Rahul,Reddy,rahul.reddy4927@example.com,9139016913,Kolkata,West Bengal,Platinum,2023-03-04,2026-07-01T09:00:00
C004928,Kiran,Singh,kiran.singh4928@example.com,9139024832,Ahmedabad,Gujarat,Bronze,2023-03-05,2026-07-01T09:00:00
C004929,Priya,Nair,priya.nair4929@example.com,9139032751,Jaipur,Rajasthan,Silver,2023-03-06,2026-07-01T09:00:00
C004930,Ananya,Sharma,ananya.sharma4930@example.com,9139040670,Kochi,Kerala,Gold,2023-03-07,2026-07-01T09:00:00
C004931,Isha,Rao,isha.rao4931@example.com,9139048589,Hyderabad,Telangana,Platinum,2023-03-08,2026-07-01T09:00:00
C004932,Neha,Gupta,neha.gupta4932@example.com,9139056508,Mumbai,Maharashtra,Bronze,2023-03-09,2026-07-01T09:00:00
C004933,Sneha,Verma,sneha.verma4933@example.com,9139064427,Bengaluru,Karnataka,Silver,2023-03-10,2026-07-01T09:00:00
C004934,Pooja,Patel,pooja.patel4934@example.com,9139072346,Chennai,Tamil Nadu,Gold,2023-03-11,2026-07-01T09:00:00
C004935,Kavya,Kumar,kavya.kumar4935@example.com,9139080265,Pune,Maharashtra,Platinum,2023-03-12,2026-07-01T09:00:00
C004936,Meera,Iyer,meera.iyer4936@example.com,9139088184,Delhi,Delhi,Bronze,2023-03-13,2026-07-01T09:00:00
C004937,Nikhil,Reddy,nikhil.reddy4937@example.com,9139096103,Kolkata,West Bengal,Silver,2023-03-14,2026-07-01T09:00:00
C004938,Vikram,Singh,vikram.singh4938@example.com,9139104022,Ahmedabad,Gujarat,Gold,2023-03-15,2026-07-01T09:00:00
C004939,Akash,Nair,akash.nair4939@example.com,9139111941,Jaipur,Rajasthan,Platinum,2023-03-16,2026-07-01T09:00:00
C004940,Divya,Sharma,divya.sharma4940@example.com,9139119860,Kochi,Kerala,Bronze,2023-03-17,2026-07-01T09:00:00
C004941,Aarav,Rao,aarav.rao4941@example.com,9139127779,Hyderabad,Telangana,Silver,2023-03-18,2026-07-01T09:00:00
C004942,Vivaan,Gupta,vivaan.gupta4942@example.com,9139135698,Mumbai,Maharashtra,Gold,2023-03-19,2026-07-01T09:00:00
C004943,Aditya,Verma,aditya.verma4943@example.com,9139143617,Bengaluru,Karnataka,Platinum,2023-03-20,2026-07-01T09:00:00
C004944,Arjun,Patel,arjun.patel4944@example.com,9139151536,Chennai,Tamil Nadu,Bronze,2023-03-21,2026-07-01T09:00:00
C004945,Sai,Kumar,sai.kumar4945@example.com,9139159455,Pune,Maharashtra,Silver,2023-03-22,2026-07-01T09:00:00
C004946,Rohan,Iyer,rohan.iyer4946@example.com,9139167374,Delhi,Delhi,Gold,2023-03-23,2026-07-01T09:00:00
C004947,Rahul,Reddy,rahul.reddy4947@example.com,9139175293,Kolkata,West Bengal,Platinum,2023-03-24,2026-07-01T09:00:00
C004948,Kiran,Singh,kiran.singh4948@example.com,9139183212,Ahmedabad,Gujarat,Bronze,2023-03-25,2026-07-01T09:00:00
C004949,Priya,Nair,priya.nair4949@example.com,9139191131,Jaipur,Rajasthan,Silver,2023-03-26,2026-07-01T09:00:00
C004950,Ananya,Sharma,ananya.sharma4950@example.com,9139199050,Kochi,Kerala,Gold,2023-03-27,2026-07-01T09:00:00
C004951,Isha,Rao,isha.rao4951@example.com,9139206969,Hyderabad,Telangana,Platinum,2023-03-28,2026-07-01T09:00:00
C004952,Neha,Gupta,neha.gupta4952@example.com,9139214888,Mumbai,Maharashtra,Bronze,2023-03-29,2026-07-01T09:00:00
C004953,Sneha,Verma,sneha.verma4953@example.com,9139222807,Bengaluru,Karnataka,Silver,2023-03-30,2026-07-01T09:00:00
C004954,Pooja,Patel,pooja.patel4954@example.com,9139230726,Chennai,Tamil Nadu,Gold,2023-03-31,2026-07-01T09:00:00
C004955,Kavya,Kumar,kavya.kumar4955@example.com,9139238645,Pune,Maharashtra,Platinum,2023-04-01,2026-07-01T09:00:00
C004956,Meera,Iyer,meera.iyer4956@example.com,9139246564,Delhi,Delhi,Bronze,2023-04-02,2026-07-01T09:00:00
C004957,Nikhil,Reddy,nikhil.reddy4957@example.com,9139254483,Kolkata,West Bengal,Silver,2023-04-03,2026-07-01T09:00:00
C004958,Vikram,Singh,vikram.singh4958@example.com,9139262402,Ahmedabad,Gujarat,Gold,2023-04-04,2026-07-01T09:00:00
C004959,Akash,Nair,akash.nair4959@example.com,9139270321,Jaipur,Rajasthan,Platinum,2023-04-05,2026-07-01T09:00:00
C004960,Divya,Sharma,divya.sharma4960@example.com,9139278240,Kochi,Kerala,Bronze,2023-04-06,2026-07-01T09:00:00
C004961,Aarav,Rao,aarav.rao4961@example.com,9139286159,Hyderabad,Telangana,Silver,2023-04-07,2026-07-01T09:00:00
C004962,Vivaan,Gupta,vivaan.gupta4962@example.com,9139294078,Mumbai,Maharashtra,Gold,2023-04-08,2026-07-01T09:00:00
C004963,Aditya,Verma,aditya.verma4963@example.com,9139301997,Bengaluru,Karnataka,Platinum,2023-04-09,2026-07-01T09:00:00
C004964,Arjun,Patel,arjun.patel4964@example.com,9139309916,Chennai,Tamil Nadu,Bronze,2023-04-10,2026-07-01T09:00:00
C004965,Sai,Kumar,sai.kumar4965@example.com,9139317835,Pune,Maharashtra,Silver,2023-04-11,2026-07-01T09:00:00
C004966,Rohan,Iyer,rohan.iyer4966@example.com,9139325754,Delhi,Delhi,Gold,2023-04-12,2026-07-01T09:00:00
C004967,Rahul,Reddy,rahul.reddy4967@example.com,9139333673,Kolkata,West Bengal,Platinum,2023-04-13,2026-07-01T09:00:00
C004968,Kiran,Singh,kiran.singh4968@example.com,9139341592,Ahmedabad,Gujarat,Bronze,2023-04-14,2026-07-01T09:00:00
C004969,Priya,Nair,priya.nair4969@example.com,9139349511,Jaipur,Rajasthan,Silver,2023-04-15,2026-07-01T09:00:00
C004970,Ananya,Sharma,ananya.sharma4970@example.com,9139357430,Kochi,Kerala,Gold,2023-04-16,2026-07-01T09:00:00
C004971,Isha,Rao,isha.rao4971@example.com,9139365349,Hyderabad,Telangana,Platinum,2023-04-17,2026-07-01T09:00:00
C004972,Neha,Gupta,neha.gupta4972@example.com,9139373268,Mumbai,Maharashtra,Bronze,2023-04-18,2026-07-01T09:00:00
C004973,Sneha,Verma,sneha.verma4973@example.com,9139381187,Bengaluru,Karnataka,Silver,2023-04-19,2026-07-01T09:00:00
C004974,Pooja,Patel,pooja.patel4974@example.com,9139389106,Chennai,Tamil Nadu,Gold,2023-04-20,2026-07-01T09:00:00
C004975,Kavya,Kumar,kavya.kumar4975@example.com,9139397025,Pune,Maharashtra,Platinum,2023-04-21,2026-07-01T09:00:00
C004976,Meera,Iyer,meera.iyer4976@example.com,9139404944,Delhi,Delhi,Bronze,2023-04-22,2026-07-01T09:00:00
C004977,Nikhil,Reddy,nikhil.reddy4977@example.com,9139412863,Kolkata,West Bengal,Silver,2023-04-23,2026-07-01T09:00:00
C004978,Vikram,Singh,vikram.singh4978@example.com,9139420782,Ahmedabad,Gujarat,Gold,2023-04-24,2026-07-01T09:00:00
C004979,Akash,Nair,akash.nair4979@example.com,9139428701,Jaipur,Rajasthan,Platinum,2023-04-25,2026-07-01T09:00:00
C004980,Divya,Sharma,divya.sharma4980@example.com,9139436620,Kochi,Kerala,Bronze,2023-04-26,2026-07-01T09:00:00
C004981,Aarav,Rao,aarav.rao4981@example.com,9139444539,Hyderabad,Telangana,Silver,2023-04-27,2026-07-01T09:00:00
C004982,Vivaan,Gupta,vivaan.gupta4982@example.com,9139452458,Mumbai,Maharashtra,Gold,2023-04-28,2026-07-01T09:00:00
C004983,Aditya,Verma,aditya.verma4983@example.com,9139460377,Bengaluru,Karnataka,Platinum,2023-04-29,2026-07-01T09:00:00
C004984,Arjun,Patel,arjun.patel4984@example.com,9139468296,Chennai,Tamil Nadu,Bronze,2023-04-30,2026-07-01T09:00:00
C004985,Sai,Kumar,sai.kumar4985@example.com,9139476215,Pune,Maharashtra,Silver,2023-05-01,2026-07-01T09:00:00
C004986,Rohan,Iyer,rohan.iyer4986@example.com,9139484134,Delhi,Delhi,Gold,2023-05-02,2026-07-01T09:00:00
C004987,Rahul,Reddy,rahul.reddy4987@example.com,9139492053,Kolkata,West Bengal,Platinum,2023-05-03,2026-07-01T09:00:00
C004988,Kiran,Singh,kiran.singh4988@example.com,9139499972,Ahmedabad,Gujarat,Bronze,2023-05-04,2026-07-01T09:00:00
C004989,Priya,Nair,priya.nair4989@example.com,9139507891,Jaipur,Rajasthan,Silver,2023-05-05,2026-07-01T09:00:00
C004990,Ananya,Sharma,ananya.sharma4990@example.com,9139515810,Kochi,Kerala,Gold,2023-05-06,2026-07-01T09:00:00
C004991,Isha,Rao,isha.rao4991@example.com,9139523729,Hyderabad,Telangana,Platinum,2023-05-07,2026-07-01T09:00:00
C004992,Neha,Gupta,neha.gupta4992@example.com,9139531648,Mumbai,Maharashtra,Bronze,2023-05-08,2026-07-01T09:00:00
C004993,Sneha,Verma,sneha.verma4993@example.com,9139539567,Bengaluru,Karnataka,Silver,2023-05-09,2026-07-01T09:00:00
C004994,Pooja,Patel,pooja.patel4994@example.com,9139547486,Chennai,Tamil Nadu,Gold,2023-05-10,2026-07-01T09:00:00
C004995,Kavya,Kumar,kavya.kumar4995@example.com,9139555405,Pune,Maharashtra,Platinum,2023-05-11,2026-07-01T09:00:00
C004996,Meera,Iyer,meera.iyer4996@example.com,9139563324,Delhi,Delhi,Bronze,2023-05-12,2026-07-01T09:00:00
C004997,Nikhil,Reddy,nikhil.reddy4997@example.com,9139571243,Kolkata,West Bengal,Silver,2023-05-13,2026-07-01T09:00:00
C004998,Vikram,Singh,vikram.singh4998@example.com,9139579162,Ahmedabad,Gujarat,Gold,2023-05-14,2026-07-01T09:00:00
C004999,Akash,Nair,akash.nair4999@example.com,9139587081,Jaipur,Rajasthan,Platinum,2023-05-15,2026-07-01T09:00:00
C005000,Divya,Sharma,divya.sharma5000@example.com,9139595000,Kochi,Kerala,Bronze,2023-05-16,2026-07-01T09:00:00
C000021,Aarav,Rao,aarav.rao21@example.com,9100166299,Hyderabad,Telangana,Silver,2022-01-22,2026-07-01T09:00:00
