store_id,product_id,stock_quantity,reorder_level,snapshot_date
S001,P00001,-20,25,2026-07-01
S999,P00002,42,25,2026-07-01
S001,P00003,32,25,2026-07-01
S001,P00004,156,25,2026-07-01
S001,P00005,218,25,2026-07-01
S001,P00006,68,25,2026-07-01
S001,P00007,16,25,2026-07-01
S001,P00008,71,25,2026-07-01
S001,P00009,196,25,2026-07-01
S001,P00010,53,25,2026-07-01
S001,P00011,173,25,2026-07-01
S001,P00012,270,25,2026-07-01
S001,P00013,65,25,2026-07-01
S001,P00014,44,25,2026-07-01
S001,P00015,187,25,2026-07-01
S001,P00016,232,25,2026-07-01
S001,P00017,86,25,2026-07-01
S001,P00018,291,25,2026-07-01
S001,P00019,132,25,2026-07-01
S001,P00020,224,25,2026-07-01
S001,P00021,88,25,2026-07-01
S001,P00022,237,25,2026-07-01
S001,P00023,238,25,2026-07-01
S001,P00024,7,25,2026-07-01
S001,P00025,202,25,2026-07-01
S001,P00026,175,25,2026-07-01
S001,P00027,47,25,2026-07-01
S001,P00028,55,25,2026-07-01
S001,P00029,229,25,2026-07-01
S001,P00030,214,25,2026-07-01
S001,P00031,201,25,2026-07-01
S001,P00032,40,25,2026-07-01
S001,P00033,14,25,2026-07-01
S001,P00034,151,25,2026-07-01
S001,P00035,55,25,2026-07-01
S001,P00036,262,25,2026-07-01
S001,P00037,56,25,2026-07-01
S001,P00038,171,25,2026-07-01
S001,P00039,49,25,2026-07-01
S001,P00040,44,25,2026-07-01
S001,P00041,250,25,2026-07-01
S001,P00042,118,25,2026-07-01
S001,P00043,191,25,2026-07-01
S001,P00044,211,25,2026-07-01
S001,P00045,137,25,2026-07-01
S001,P00046,203,25,2026-07-01
S001,P00047,44,25,2026-07-01
S001,P00048,5,25,2026-07-01
S001,P00049,5,25,2026-07-01
S001,P00050,54,25,2026-07-01
S001,P00051,6,25,2026-07-01
S001,P00052,53,25,2026-07-01
S001,P00053,239,25,2026-07-01
S001,P00054,85,25,2026-07-01
S001,P00055,149,25,2026-07-01
S001,P00056,114,25,2026-07-01
S001,P00057,187,25,2026-07-01
S001,P00058,192,25,2026-07-01
S001,P00059,135,25,2026-07-01
S001,P00060,0,25,2026-07-01
S001,P00061,65,25,2026-07-01
S001,P00062,241,25,2026-07-01
S001,P00063,50,25,2026-07-01
S001,P00064,138,25,2026-07-01
S001,P00065,223,25,2026-07-01
S001,P00066,18,25,2026-07-01
S001,P00067,178,25,2026-07-01
S001,P00068,201,25,2026-07-01
S001,P00069,119,25,2026-07-01
S001,P00070,161,25,2026-07-01
S001,P00071,185,25,2026-07-01
S001,P00072,21,25,2026-07-01
S001,P00073,59,25,2026-07-01
S001,P00074,135,25,2026-07-01
S001,P00075,132,25,2026-07-01
S001,P00076,248,25,2026-07-01
S001,P00077,245,25,2026-07-01
S001,P00078,56,25,2026-07-01
S001,P00079,287,25,2026-07-01
S001,P00080,291,25,2026-07-01
S001,P00081,174,25,2026-07-01
S001,P00082,63,25,2026-07-01
S001,P00083,185,25,2026-07-01
S001,P00084,190,25,2026-07-01
S001,P00085,159,25,2026-07-01
S001,P00086,142,25,2026-07-01
S001,P00087,244,25,2026-07-01
S001,P00088,67,25,2026-07-01
S001,P00089,54,25,2026-07-01
S001,P00090,13,25,2026-07-01
S001,P00091,203,25,2026-07-01
S001,P00092,238,25,2026-07-01
S001,P00093,108,25,2026-07-01
S001,P00094,250,25,2026-07-01
S001,P00095,223,25,2026-07-01
S001,P00096,68,25,2026-07-01
S001,P00097,248,25,2026-07-01
S001,P00098,191,25,2026-07-01
S001,P00099,121,25,2026-07-01
S001,P00100,257,25,2026-07-01
S001,P00101,150,25,2026-07-01
S001,P00102,267,25,2026-07-01
S001,P00103,33,25,2026-07-01
S001,P00104,90,25,2026-07-01
S001,P00105,105,25,2026-07-01
S001,P00106,28,25,2026-07-01
S001,P00107,216,25,2026-07-01
S001,P00108,297,25,2026-07-01
S001,P00109,290,25,2026-07-01
S001,P00110,212,25,2026-07-01
S001,P00111,47,25,2026-07-01
S001,P00112,259,25,2026-07-01
S001,P00113,123,25,2026-07-01
S001,P00114,194,25,2026-07-01
S001,P00115,234,25,2026-07-01
S001,P00116,90,25,2026-07-01
S001,P00117,36,25,2026-07-01
S001,P00118,136,25,2026-07-01
S001,P00119,213,25,2026-07-01
S001,P00120,197,25,2026-07-01
S001,P00121,172,25,2026-07-01
S001,P00122,274,25,2026-07-01
S001,P00123,91,25,2026-07-01
S001,P00124,111,25,2026-07-01
S001,P00125,45,25,2026-07-01
S001,P00126,122,25,2026-07-01
S001,P00127,130,25,2026-07-01
S001,P00128,218,25,2026-07-01
S001,P00129,282,25,2026-07-01
S001,P00130,250,25,2026-07-01
S001,P00131,148,25,2026-07-01
S001,P00132,94,25,2026-07-01
S001,P00133,284,25,2026-07-01
S001,P00134,188,25,2026-07-01
S001,P00135,111,25,2026-07-01
S001,P00136,16,25,2026-07-01
S001,P00137,0,25,2026-07-01
S001,P00138,168,25,2026-07-01
S001,P00139,175,25,2026-07-01
S001,P00140,296,25,2026-07-01
S001,P00141,85,25,2026-07-01
S001,P00142,28,25,2026-07-01
S001,P00143,175,25,2026-07-01
S001,P00144,121,25,2026-07-01
S001,P00145,236,25,2026-07-01
S001,P00146,153,25,2026-07-01
S001,P00147,134,25,2026-07-01
S001,P00148,261,25,2026-07-01
S001,P00149,121,25,2026-07-01
S001,P00150,281,25,2026-07-01
S001,P00151,162,25,2026-07-01
S001,P00152,273,25,2026-07-01
S001,P00153,181,25,2026-07-01
S001,P00154,71,25,2026-07-01
S001,P00155,7,25,2026-07-01
S001,P00156,36,25,2026-07-01
S001,P00157,75,25,2026-07-01
S001,P00158,243,25,2026-07-01
S001,P00159,86,25,2026-07-01
S001,P00160,154,25,2026-07-01
S001,P00161,93,25,2026-07-01
S001,P00162,104,25,2026-07-01
S001,P00163,168,25,2026-07-01
S001,P00164,243,25,2026-07-01
S001,P00165,96,25,2026-07-01
S001,P00166,169,25,2026-07-01
S001,P00167,68,25,2026-07-01
S001,P00168,247,25,2026-07-01
S001,P00169,282,25,2026-07-01
S001,P00170,57,25,2026-07-01
S001,P00171,50,25,2026-07-01
S001,P00172,260,25,2026-07-01
S001,P00173,275,25,2026-07-01
S001,P00174,210,25,2026-07-01
S001,P00175,279,25,2026-07-01
S001,P00176,28,25,2026-07-01
S001,P00177,29,25,2026-07-01
S001,P00178,103,25,2026-07-01
S001,P00179,187,25,2026-07-01
S001,P00180,180,25,2026-07-01
S001,P00181,87,25,2026-07-01
S001,P00182,24,25,2026-07-01
S001,P00183,39,25,2026-07-01
S001,P00184,81,25,2026-07-01
S001,P00185,118,25,2026-07-01
S001,P00186,84,25,2026-07-01
S001,P00187,66,25,2026-07-01
S001,P00188,134,25,2026-07-01
S001,P00189,268,25,2026-07-01
S001,P00190,107,25,2026-07-01
S001,P00191,244,25,2026-07-01
S001,P00192,215,25,2026-07-01
S001,P00193,83,25,2026-07-01
S001,P00194,47,25,2026-07-01
S001,P00195,172,25,2026-07-01
S001,P00196,44,25,2026-07-01
S001,P00197,98,25,2026-07-01
S001,P00198,216,25,2026-07-01
S001,P00199,152,25,2026-07-01
S001,P00200,244,25,2026-07-01
S001,P00201,23,25,2026-07-01
S001,P00202,200,25,2026-07-01
S001,P00203,53,25,2026-07-01
S001,P00204,15,25,2026-07-01
S001,P00205,149,25,2026-07-01
S001,P00206,126,25,2026-07-01
S001,P00207,229,25,2026-07-01
S001,P00208,72,25,2026-07-01
S001,P00209,157,25,2026-07-01
S001,P00210,165,25,2026-07-01
S001,P00211,147,25,2026-07-01
S001,P00212,162,25,2026-07-01
S001,P00213,222,25,2026-07-01
S001,P00214,148,25,2026-07-01
S001,P00215,280,25,2026-07-01
S001,P00216,108,25,2026-07-01
S001,P00217,161,25,2026-07-01
S001,P00218,129,25,2026-07-01
S001,P00219,67,25,2026-07-01
S001,P00220,215,25,2026-07-01
S001,P00221,64,25,2026-07-01
S001,P00222,122,25,2026-07-01
S001,P00223,172,25,2026-07-01
S001,P00224,9,25,2026-07-01
S001,P00225,111,25,2026-07-01
S001,P00226,138,25,2026-07-01
S001,P00227,98,25,2026-07-01
S001,P00228,201,25,2026-07-01
S001,P00229,86,25,2026-07-01
S001,P00230,156,25,2026-07-01
S001,P00231,203,25,2026-07-01
S001,P00232,171,25,2026-07-01
S001,P00233,144,25,2026-07-01
S001,P00234,256,25,2026-07-01
S001,P00235,116,25,2026-07-01
S001,P00236,21,25,2026-07-01
S001,P00237,147,25,2026-07-01
S001,P00238,258,25,2026-07-01
S001,P00239,115,25,2026-07-01
S001,P00240,69,25,2026-07-01
S001,P00241,107,25,2026-07-01
S001,P00242,62,25,2026-07-01
S001,P00243,229,25,2026-07-01
S001,P00244,113,25,2026-07-01
S001,P00245,274,25,2026-07-01
S001,P00246,73,25,2026-07-01
S001,P00247,143,25,2026-07-01
S001,P00248,170,25,2026-07-01
S001,P00249,163,25,2026-07-01
S001,P00250,244,25,2026-07-01
S001,P00251,183,25,2026-07-01
S001,P00252,253,25,2026-07-01
S001,P00253,24,25,2026-07-01
S001,P00254,46,25,2026-07-01
S001,P00255,197,25,2026-07-01
S001,P00256,262,25,2026-07-01
S001,P00257,204,25,2026-07-01
S001,P00258,202,25,2026-07-01
S001,P00259,180,25,2026-07-01
S001,P00260,286,25,2026-07-01
S001,P00261,160,25,2026-07-01
S001,P00262,188,25,2026-07-01
S001,P00263,190,25,2026-07-01
S001,P00264,190,25,2026-07-01
S001,P00265,187,25,2026-07-01
S001,P00266,149,25,2026-07-01
S001,P00267,117,25,2026-07-01
S001,P00268,259,25,2026-07-01
S001,P00269,99,25,2026-07-01
S001,P00270,117,25,2026-07-01
S001,P00271,75,25,2026-07-01
S001,P00272,118,25,2026-07-01
S001,P00273,37,25,2026-07-01
S001,P00274,282,25,2026-07-01
S001,P00275,197,25,2026-07-01
S001,P00276,272,25,2026-07-01
S001,P00277,68,25,2026-07-01
S001,P00278,37,25,2026-07-01
S001,P00279,256,25,2026-07-01
S001,P00280,185,25,2026-07-01
S001,P00281,55,25,2026-07-01
S001,P00282,156,25,2026-07-01
S001,P00283,237,25,2026-07-01
S001,P00284,84,25,2026-07-01
S001,P00285,6,25,2026-07-01
S001,P00286,150,25,2026-07-01
S001,P00287,294,25,2026-07-01
S001,P00288,215,25,2026-07-01
S001,P00289,211,25,2026-07-01
S001,P00290,284,25,2026-07-01
S001,P00291,229,25,2026-07-01
S001,P00292,27,25,2026-07-01
S001,P00293,110,25,2026-07-01
S001,P00294,242,25,2026-07-01
S001,P00295,113,25,2026-07-01
S001,P00296,257,25,2026-07-01
S001,P00297,191,25,2026-07-01
S001,P00298,281,25,2026-07-01
S001,P00299,189,25,2026-07-01
S001,P00300,10,25,2026-07-01
S001,P00301,297,25,2026-07-01
S001,P00302,223,25,2026-07-01
S001,P00303,127,25,2026-07-01
S001,P00304,236,25,2026-07-01
S001,P00305,252,25,2026-07-01
S001,P00306,59,25,2026-07-01
S001,P00307,235,25,2026-07-01
S001,P00308,230,25,2026-07-01
S001,P00309,252,25,2026-07-01
S001,P00310,268,25,2026-07-01
S001,P00311,232,25,2026-07-01
S001,P00312,112,25,2026-07-01
S001,P00313,150,25,2026-07-01
S001,P00314,71,25,2026-07-01
S001,P00315,279,25,2026-07-01
S001,P00316,50,25,2026-07-01
S001,P00317,170,25,2026-07-01
S001,P00318,7,25,2026-07-01
S001,P00319,211,25,2026-07-01
S001,P00320,262,25,2026-07-01
S001,P00321,102,25,2026-07-01
S001,P00322,278,25,2026-07-01
S001,P00323,55,25,2026-07-01
S001,P00324,150,25,2026-07-01
S001,P00325,168,25,2026-07-01
S001,P00326,59,25,2026-07-01
S001,P00327,99,25,2026-07-01
S001,P00328,130,25,2026-07-01
S001,P00329,204,25,2026-07-01
S001,P00330,154,25,2026-07-01
S001,P00331,80,25,2026-07-01
S001,P00332,53,25,2026-07-01
S001,P00333,87,25,2026-07-01
S001,P00334,225,25,2026-07-01
S001,P00335,207,25,2026-07-01
S001,P00336,34,25,2026-07-01
S001,P00337,237,25,2026-07-01
S001,P00338,0,25,2026-07-01
S001,P00339,198,25,2026-07-01
S001,P00340,260,25,2026-07-01
S001,P00341,174,25,2026-07-01
S001,P00342,243,25,2026-07-01
S001,P00343,266,25,2026-07-01
S001,P00344,148,25,2026-07-01
S001,P00345,145,25,2026-07-01
S001,P00346,261,25,2026-07-01
S001,P00347,154,25,2026-07-01
S001,P00348,1,25,2026-07-01
S001,P00349,154,25,2026-07-01
S001,P00350,89,25,2026-07-01
S001,P00351,284,25,2026-07-01
S001,P00352,72,25,2026-07-01
S001,P00353,162,25,2026-07-01
S001,P00354,133,25,2026-07-01
S001,P00355,223,25,2026-07-01
S001,P00356,188,25,2026-07-01
S001,P00357,231,25,2026-07-01
S001,P00358,58,25,2026-07-01
S001,P00359,256,25,2026-07-01
S001,P00360,247,25,2026-07-01
S001,P00361,298,25,2026-07-01
S001,P00362,268,25,2026-07-01
S001,P00363,269,25,2026-07-01
S001,P00364,21,25,2026-07-01
S001,P00365,19,25,2026-07-01
S001,P00366,152,25,2026-07-01
S001,P00367,200,25,2026-07-01
S001,P00368,47,25,2026-07-01
S001,P00369,90,25,2026-07-01
S001,P00370,196,25,2026-07-01
S001,P00371,50,25,2026-07-01
S001,P00372,285,25,2026-07-01
S001,P00373,45,25,2026-07-01
S001,P00374,272,25,2026-07-01
S001,P00375,260,25,2026-07-01
S001,P00376,152,25,2026-07-01
S001,P00377,83,25,2026-07-01
S001,P00378,60,25,2026-07-01
S001,P00379,170,25,2026-07-01
S001,P00380,153,25,2026-07-01
S001,P00381,272,25,2026-07-01
S001,P00382,68,25,2026-07-01
S001,P00383,13,25,2026-07-01
S001,P00384,138,25,2026-07-01
S001,P00385,45,25,2026-07-01
S001,P00386,97,25,2026-07-01
S001,P00387,182,25,2026-07-01
S001,P00388,24,25,2026-07-01
S001,P00389,69,25,2026-07-01
S001,P00390,138,25,2026-07-01
S001,P00391,258,25,2026-07-01
S001,P00392,295,25,2026-07-01
S001,P00393,209,25,2026-07-01
S001,P00394,145,25,2026-07-01
S001,P00395,83,25,2026-07-01
S001,P00396,68,25,2026-07-01
S001,P00397,9,25,2026-07-01
S001,P00398,29,25,2026-07-01
S001,P00399,233,25,2026-07-01
S001,P00400,219,25,2026-07-01
S001,P00401,184,25,2026-07-01
S001,P00402,80,25,2026-07-01
S001,P00403,20,25,2026-07-01
S001,P00404,21,25,2026-07-01
S001,P00405,136,25,2026-07-01
S001,P00406,135,25,2026-07-01
S001,P00407,235,25,2026-07-01
S001,P00408,34,25,2026-07-01
S001,P00409,282,25,2026-07-01
S001,P00410,41,25,2026-07-01
S001,P00411,32,25,2026-07-01
S001,P00412,46,25,2026-07-01
S001,P00413,219,25,2026-07-01
S001,P00414,255,25,2026-07-01
S001,P00415,236,25,2026-07-01
S001,P00416,27,25,2026-07-01
S001,P00417,140,25,2026-07-01
S001,P00418,26,25,2026-07-01
S001,P00419,64,25,2026-07-01
S001,P00420,108,25,2026-07-01
S001,P00421,120,25,2026-07-01
S001,P00422,285,25,2026-07-01
S001,P00423,171,25,2026-07-01
S001,P00424,170,25,2026-07-01
S001,P00425,283,25,2026-07-01
S001,P00426,28,25,2026-07-01
S001,P00427,9,25,2026-07-01
S001,P00428,275,25,2026-07-01
S001,P00429,50,25,2026-07-01
S001,P00430,140,25,2026-07-01
S001,P00431,17,25,2026-07-01
S001,P00432,221,25,2026-07-01
S001,P00433,135,25,2026-07-01
S001,P00434,245,25,2026-07-01
S001,P00435,88,25,2026-07-01
S001,P00436,3,25,2026-07-01
S001,P00437,225,25,2026-07-01
S001,P00438,132,25,2026-07-01
S001,P00439,140,25,2026-07-01
S001,P00440,40,25,2026-07-01
S001,P00441,32,25,2026-07-01
S001,P00442,51,25,2026-07-01
S001,P00443,90,25,2026-07-01
S001,P00444,159,25,2026-07-01
S001,P00445,44,25,2026-07-01
S001,P00446,266,25,2026-07-01
S001,P00447,126,25,2026-07-01
S001,P00448,85,25,2026-07-01
S001,P00449,73,25,2026-07-01
S001,P00450,206,25,2026-07-01
S001,P00451,87,25,2026-07-01
S001,P00452,290,25,2026-07-01
S001,P00453,9,25,2026-07-01
S001,P00454,241,25,2026-07-01
S001,P00455,211,25,2026-07-01
S001,P00456,125,25,2026-07-01
S001,P00457,258,25,2026-07-01
S001,P00458,77,25,2026-07-01
S001,P00459,168,25,2026-07-01
S001,P00460,229,25,2026-07-01
S001,P00461,267,25,2026-07-01
S001,P00462,223,25,2026-07-01
S001,P00463,103,25,2026-07-01
S001,P00464,201,25,2026-07-01
S001,P00465,61,25,2026-07-01
S001,P00466,109,25,2026-07-01
S001,P00467,282,25,2026-07-01
S001,P00468,128,25,2026-07-01
S001,P00469,151,25,2026-07-01
S001,P00470,15,25,2026-07-01
S001,P00471,18,25,2026-07-01
S001,P00472,154,25,2026-07-01
S001,P00473,264,25,2026-07-01
S001,P00474,184,25,2026-07-01
S001,P00475,63,25,2026-07-01
S001,P00476,240,25,2026-07-01
S001,P00477,14,25,2026-07-01
S001,P00478,223,25,2026-07-01
S001,P00479,34,25,2026-07-01
S001,P00480,142,25,2026-07-01
S001,P00481,13,25,2026-07-01
S001,P00482,123,25,2026-07-01
S001,P00483,103,25,2026-07-01
S001,P00484,56,25,2026-07-01
S001,P00485,200,25,2026-07-01
S001,P00486,134,25,2026-07-01
S001,P00487,129,25,2026-07-01
S001,P00488,217,25,2026-07-01
S001,P00489,179,25,2026-07-01
S001,P00490,136,25,2026-07-01
S001,P00491,78,25,2026-07-01
S001,P00492,214,25,2026-07-01
S001,P00493,2,25,2026-07-01
S001,P00494,30,25,2026-07-01
S001,P00495,76,25,2026-07-01
S001,P00496,28,25,2026-07-01
S001,P00497,58,25,2026-07-01
S001,P00498,96,25,2026-07-01
S001,P00499,38,25,2026-07-01
S001,P00500,219,25,2026-07-01
S002,P00001,120,25,2026-07-01
S002,P00002,75,25,2026-07-01
S002,P00003,237,25,2026-07-01
S002,P00004,229,25,2026-07-01
S002,P00005,138,25,2026-07-01
S002,P00006,83,25,2026-07-01
S002,P00007,275,25,2026-07-01
S002,P00008,231,25,2026-07-01
S002,P00009,181,25,2026-07-01
S002,P00010,143,25,2026-07-01
S002,P00011,115,25,2026-07-01
S002,P00012,103,25,2026-07-01
S002,P00013,156,25,2026-07-01
S002,P00014,93,25,2026-07-01
S002,P00015,176,25,2026-07-01
S002,P00016,11,25,2026-07-01
S002,P00017,223,25,2026-07-01
S002,P00018,195,25,2026-07-01
S002,P00019,238,25,2026-07-01
S002,P00020,188,25,2026-07-01
S002,P00021,266,25,2026-07-01
S002,P00022,53,25,2026-07-01
S002,P00023,90,25,2026-07-01
S002,P00024,277,25,2026-07-01
S002,P00025,80,25,2026-07-01
S002,P00026,210,25,2026-07-01
S002,P00027,246,25,2026-07-01
S002,P00028,84,25,2026-07-01
S002,P00029,159,25,2026-07-01
S002,P00030,136,25,2026-07-01
S002,P00031,71,25,2026-07-01
S002,P00032,147,25,2026-07-01
S002,P00033,281,25,2026-07-01
S002,P00034,241,25,2026-07-01
S002,P00035,285,25,2026-07-01
S002,P00036,56,25,2026-07-01
S002,P00037,199,25,2026-07-01
S002,P00038,177,25,2026-07-01
S002,P00039,219,25,2026-07-01
S002,P00040,71,25,2026-07-01
S002,P00041,48,25,2026-07-01
S002,P00042,52,25,2026-07-01
S002,P00043,45,25,2026-07-01
S002,P00044,207,25,2026-07-01
S002,P00045,15,25,2026-07-01
S002,P00046,90,25,2026-07-01
S002,P00047,37,25,2026-07-01
S002,P00048,175,25,2026-07-01
S002,P00049,164,25,2026-07-01
S002,P00050,120,25,2026-07-01
S002,P00051,237,25,2026-07-01
S002,P00052,41,25,2026-07-01
S002,P00053,87,25,2026-07-01
S002,P00054,5,25,2026-07-01
S002,P00055,246,25,2026-07-01
S002,P00056,60,25,2026-07-01
S002,P00057,65,25,2026-07-01
S002,P00058,125,25,2026-07-01
S002,P00059,200,25,2026-07-01
S002,P00060,173,25,2026-07-01
S002,P00061,49,25,2026-07-01
S002,P00062,211,25,2026-07-01
S002,P00063,11,25,2026-07-01
S002,P00064,221,25,2026-07-01
S002,P00065,63,25,2026-07-01
S002,P00066,12,25,2026-07-01
S002,P00067,77,25,2026-07-01
S002,P00068,53,25,2026-07-01
S002,P00069,282,25,2026-07-01
S002,P00070,37,25,2026-07-01
S002,P00071,256,25,2026-07-01
S002,P00072,225,25,2026-07-01
S002,P00073,67,25,2026-07-01
S002,P00074,255,25,2026-07-01
S002,P00075,275,25,2026-07-01
S002,P00076,207,25,2026-07-01
S002,P00077,80,25,2026-07-01
S002,P00078,242,25,2026-07-01
S002,P00079,237,25,2026-07-01
S002,P00080,171,25,2026-07-01
S002,P00081,279,25,2026-07-01
S002,P00082,238,25,2026-07-01
S002,P00083,209,25,2026-07-01
S002,P00084,84,25,2026-07-01
S002,P00085,239,25,2026-07-01
S002,P00086,56,25,2026-07-01
S002,P00087,290,25,2026-07-01
S002,P00088,288,25,2026-07-01
S002,P00089,288,25,2026-07-01
S002,P00090,276,25,2026-07-01
S002,P00091,146,25,2026-07-01
S002,P00092,39,25,2026-07-01
S002,P00093,299,25,2026-07-01
S002,P00094,271,25,2026-07-01
S002,P00095,138,25,2026-07-01
S002,P00096,92,25,2026-07-01
S002,P00097,30,25,2026-07-01
S002,P00098,76,25,2026-07-01
S002,P00099,183,25,2026-07-01
S002,P00100,132,25,2026-07-01
S002,P00101,280,25,2026-07-01
S002,P00102,15,25,2026-07-01
S002,P00103,45,25,2026-07-01
S002,P00104,229,25,2026-07-01
S002,P00105,123,25,2026-07-01
S002,P00106,12,25,2026-07-01
S002,P00107,292,25,2026-07-01
S002,P00108,275,25,2026-07-01
S002,P00109,143,25,2026-07-01
S002,P00110,239,25,2026-07-01
S002,P00111,236,25,2026-07-01
S002,P00112,33,25,2026-07-01
S002,P00113,107,25,2026-07-01
S002,P00114,82,25,2026-07-01
S002,P00115,283,25,2026-07-01
S002,P00116,155,25,2026-07-01
S002,P00117,209,25,2026-07-01
S002,P00118,252,25,2026-07-01
S002,P00119,102,25,2026-07-01
S002,P00120,104,25,2026-07-01
S002,P00121,50,25,2026-07-01
S002,P00122,115,25,2026-07-01
S002,P00123,267,25,2026-07-01
S002,P00124,125,25,2026-07-01
S002,P00125,271,25,2026-07-01
S002,P00126,241,25,2026-07-01
S002,P00127,248,25,2026-07-01
S002,P00128,127,25,2026-07-01
S002,P00129,114,25,2026-07-01
S002,P00130,120,25,2026-07-01
S002,P00131,237,25,2026-07-01
S002,P00132,78,25,2026-07-01
S002,P00133,62,25,2026-07-01
S002,P00134,41,25,2026-07-01
S002,P00135,94,25,2026-07-01
S002,P00136,154,25,2026-07-01
S002,P00137,83,25,2026-07-01
S002,P00138,174,25,2026-07-01
S002,P00139,177,25,2026-07-01
S002,P00140,176,25,2026-07-01
S002,P00141,52,25,2026-07-01
S002,P00142,223,25,2026-07-01
S002,P00143,8,25,2026-07-01
S002,P00144,27,25,2026-07-01
S002,P00145,212,25,2026-07-01
S002,P00146,151,25,2026-07-01
S002,P00147,145,25,2026-07-01
S002,P00148,298,25,2026-07-01
S002,P00149,192,25,2026-07-01
S002,P00150,116,25,2026-07-01
S002,P00151,156,25,2026-07-01
S002,P00152,227,25,2026-07-01
S002,P00153,263,25,2026-07-01
S002,P00154,160,25,2026-07-01
S002,P00155,30,25,2026-07-01
S002,P00156,286,25,2026-07-01
S002,P00157,218,25,2026-07-01
S002,P00158,58,25,2026-07-01
S002,P00159,210,25,2026-07-01
S002,P00160,43,25,2026-07-01
S002,P00161,4,25,2026-07-01
S002,P00162,9,25,2026-07-01
S002,P00163,258,25,2026-07-01
S002,P00164,52,25,2026-07-01
S002,P00165,166,25,2026-07-01
S002,P00166,209,25,2026-07-01
S002,P00167,107,25,2026-07-01
S002,P00168,145,25,2026-07-01
S002,P00169,171,25,2026-07-01
S002,P00170,118,25,2026-07-01
S002,P00171,300,25,2026-07-01
S002,P00172,60,25,2026-07-01
S002,P00173,279,25,2026-07-01
S002,P00174,232,25,2026-07-01
S002,P00175,180,25,2026-07-01
S002,P00176,108,25,2026-07-01
S002,P00177,220,25,2026-07-01
S002,P00178,221,25,2026-07-01
S002,P00179,261,25,2026-07-01
S002,P00180,295,25,2026-07-01
S002,P00181,180,25,2026-07-01
S002,P00182,279,25,2026-07-01
S002,P00183,5,25,2026-07-01
S002,P00184,275,25,2026-07-01
S002,P00185,99,25,2026-07-01
S002,P00186,49,25,2026-07-01
S002,P00187,283,25,2026-07-01
S002,P00188,144,25,2026-07-01
S002,P00189,253,25,2026-07-01
S002,P00190,256,25,2026-07-01
S002,P00191,57,25,2026-07-01
S002,P00192,221,25,2026-07-01
S002,P00193,300,25,2026-07-01
S002,P00194,149,25,2026-07-01
S002,P00195,284,25,2026-07-01
S002,P00196,213,25,2026-07-01
S002,P00197,69,25,2026-07-01
S002,P00198,96,25,2026-07-01
S002,P00199,60,25,2026-07-01
S002,P00200,242,25,2026-07-01
S002,P00201,177,25,2026-07-01
S002,P00202,190,25,2026-07-01
S002,P00203,114,25,2026-07-01
S002,P00204,160,25,2026-07-01
S002,P00205,83,25,2026-07-01
S002,P00206,24,25,2026-07-01
S002,P00207,298,25,2026-07-01
S002,P00208,142,25,2026-07-01
S002,P00209,237,25,2026-07-01
S002,P00210,118,25,2026-07-01
S002,P00211,242,25,2026-07-01
S002,P00212,40,25,2026-07-01
S002,P00213,182,25,2026-07-01
S002,P00214,226,25,2026-07-01
S002,P00215,152,25,2026-07-01
S002,P00216,43,25,2026-07-01
S002,P00217,66,25,2026-07-01
S002,P00218,31,25,2026-07-01
S002,P00219,37,25,2026-07-01
S002,P00220,263,25,2026-07-01
S002,P00221,248,25,2026-07-01
S002,P00222,132,25,2026-07-01
S002,P00223,281,25,2026-07-01
S002,P00224,148,25,2026-07-01
S002,P00225,93,25,2026-07-01
S002,P00226,21,25,2026-07-01
S002,P00227,12,25,2026-07-01
S002,P00228,237,25,2026-07-01
S002,P00229,7,25,2026-07-01
S002,P00230,185,25,2026-07-01
S002,P00231,228,25,2026-07-01
S002,P00232,22,25,2026-07-01
S002,P00233,292,25,2026-07-01
S002,P00234,199,25,2026-07-01
S002,P00235,129,25,2026-07-01
S002,P00236,134,25,2026-07-01
S002,P00237,89,25,2026-07-01
S002,P00238,111,25,2026-07-01
S002,P00239,91,25,2026-07-01
S002,P00240,212,25,2026-07-01
S002,P00241,208,25,2026-07-01
S002,P00242,215,25,2026-07-01
S002,P00243,119,25,2026-07-01
S002,P00244,44,25,2026-07-01
S002,P00245,294,25,2026-07-01
S002,P00246,290,25,2026-07-01
S002,P00247,236,25,2026-07-01
S002,P00248,21,25,2026-07-01
S002,P00249,196,25,2026-07-01
S002,P00250,259,25,2026-07-01
S002,P00251,26,25,2026-07-01
S002,P00252,33,25,2026-07-01
S002,P00253,231,25,2026-07-01
S002,P00254,6,25,2026-07-01
S002,P00255,282,25,2026-07-01
S002,P00256,45,25,2026-07-01
S002,P00257,50,25,2026-07-01
S002,P00258,124,25,2026-07-01
S002,P00259,122,25,2026-07-01
S002,P00260,256,25,2026-07-01
S002,P00261,25,25,2026-07-01
S002,P00262,82,25,2026-07-01
S002,P00263,29,25,2026-07-01
S002,P00264,193,25,2026-07-01
S002,P00265,139,25,2026-07-01
S002,P00266,135,25,2026-07-01
S002,P00267,92,25,2026-07-01
S002,P00268,150,25,2026-07-01
S002,P00269,29,25,2026-07-01
S002,P00270,129,25,2026-07-01
S002,P00271,141,25,2026-07-01
S002,P00272,105,25,2026-07-01
S002,P00273,17,25,2026-07-01
S002,P00274,184,25,2026-07-01
S002,P00275,192,25,2026-07-01
S002,P00276,55,25,2026-07-01
S002,P00277,216,25,2026-07-01
S002,P00278,297,25,2026-07-01
S002,P00279,184,25,2026-07-01
S002,P00280,268,25,2026-07-01
S002,P00281,268,25,2026-07-01
S002,P00282,29,25,2026-07-01
S002,P00283,96,25,2026-07-01
S002,P00284,289,25,2026-07-01
S002,P00285,162,25,2026-07-01
S002,P00286,264,25,2026-07-01
S002,P00287,129,25,2026-07-01
S002,P00288,71,25,2026-07-01
S002,P00289,35,25,2026-07-01
S002,P00290,11,25,2026-07-01
S002,P00291,88,25,2026-07-01
S002,P00292,86,25,2026-07-01
S002,P00293,228,25,2026-07-01
S002,P00294,121,25,2026-07-01
S002,P00295,51,25,2026-07-01
S002,P00296,67,25,2026-07-01
S002,P00297,122,25,2026-07-01
S002,P00298,205,25,2026-07-01
S002,P00299,266,25,2026-07-01
S002,P00300,25,25,2026-07-01
S002,P00301,17,25,2026-07-01
S002,P00302,253,25,2026-07-01
S002,P00303,92,25,2026-07-01
S002,P00304,169,25,2026-07-01
S002,P00305,145,25,2026-07-01
S002,P00306,157,25,2026-07-01
S002,P00307,152,25,2026-07-01
S002,P00308,14,25,2026-07-01
S002,P00309,189,25,2026-07-01
S002,P00310,64,25,2026-07-01
S002,P00311,247,25,2026-07-01
S002,P00312,130,25,2026-07-01
S002,P00313,50,25,2026-07-01
S002,P00314,157,25,2026-07-01
S002,P00315,161,25,2026-07-01
S002,P00316,89,25,2026-07-01
S002,P00317,294,25,2026-07-01
S002,P00318,242,25,2026-07-01
S002,P00319,22,25,2026-07-01
S002,P00320,273,25,2026-07-01
S002,P00321,32,25,2026-07-01
S002,P00322,139,25,2026-07-01
S002,P00323,157,25,2026-07-01
S002,P00324,183,25,2026-07-01
S002,P00325,19,25,2026-07-01
S002,P00326,118,25,2026-07-01
S002,P00327,260,25,2026-07-01
S002,P00328,191,25,2026-07-01
S002,P00329,100,25,2026-07-01
S002,P00330,299,25,2026-07-01
S002,P00331,174,25,2026-07-01
S002,P00332,110,25,2026-07-01
S002,P00333,255,25,2026-07-01
S002,P00334,149,25,2026-07-01
S002,P00335,206,25,2026-07-01
S002,P00336,41,25,2026-07-01
S002,P00337,238,25,2026-07-01
S002,P00338,72,25,2026-07-01
S002,P00339,169,25,2026-07-01
S002,P00340,50,25,2026-07-01
S002,P00341,56,25,2026-07-01
S002,P00342,204,25,2026-07-01
S002,P00343,156,25,2026-07-01
S002,P00344,107,25,2026-07-01
S002,P00345,128,25,2026-07-01
S002,P00346,5,25,2026-07-01
S002,P00347,140,25,2026-07-01
S002,P00348,73,25,2026-07-01
S002,P00349,217,25,2026-07-01
S002,P00350,275,25,2026-07-01
S002,P00351,281,25,2026-07-01
S002,P00352,199,25,2026-07-01
S002,P00353,116,25,2026-07-01
S002,P00354,101,25,2026-07-01
S002,P00355,25,25,2026-07-01
S002,P00356,27,25,2026-07-01
S002,P00357,133,25,2026-07-01
S002,P00358,189,25,2026-07-01
S002,P00359,234,25,2026-07-01
S002,P00360,220,25,2026-07-01
S002,P00361,183,25,2026-07-01
S002,P00362,120,25,2026-07-01
S002,P00363,252,25,2026-07-01
S002,P00364,180,25,2026-07-01
S002,P00365,64,25,2026-07-01
S002,P00366,260,25,2026-07-01
S002,P00367,143,25,2026-07-01
S002,P00368,224,25,2026-07-01
S002,P00369,0,25,2026-07-01
S002,P00370,294,25,2026-07-01
S002,P00371,227,25,2026-07-01
S002,P00372,82,25,2026-07-01
S002,P00373,243,25,2026-07-01
S002,P00374,158,25,2026-07-01
S002,P00375,50,25,2026-07-01
S002,P00376,42,25,2026-07-01
S002,P00377,85,25,2026-07-01
S002,P00378,274,25,2026-07-01
S002,P00379,150,25,2026-07-01
S002,P00380,144,25,2026-07-01
S002,P00381,236,25,2026-07-01
S002,P00382,77,25,2026-07-01
S002,P00383,138,25,2026-07-01
S002,P00384,81,25,2026-07-01
S002,P00385,289,25,2026-07-01
S002,P00386,15,25,2026-07-01
S002,P00387,175,25,2026-07-01
S002,P00388,4,25,2026-07-01
S002,P00389,139,25,2026-07-01
S002,P00390,268,25,2026-07-01
S002,P00391,217,25,2026-07-01
S002,P00392,190,25,2026-07-01
S002,P00393,72,25,2026-07-01
S002,P00394,275,25,2026-07-01
S002,P00395,269,25,2026-07-01
S002,P00396,300,25,2026-07-01
S002,P00397,57,25,2026-07-01
S002,P00398,128,25,2026-07-01
S002,P00399,299,25,2026-07-01
S002,P00400,200,25,2026-07-01
S002,P00401,46,25,2026-07-01
S002,P00402,211,25,2026-07-01
S002,P00403,174,25,2026-07-01
S002,P00404,26,25,2026-07-01
S002,P00405,11,25,2026-07-01
S002,P00406,297,25,2026-07-01
S002,P00407,217,25,2026-07-01
S002,P00408,244,25,2026-07-01
S002,P00409,121,25,2026-07-01
S002,P00410,242,25,2026-07-01
S002,P00411,175,25,2026-07-01
S002,P00412,12,25,2026-07-01
S002,P00413,202,25,2026-07-01
S002,P00414,61,25,2026-07-01
S002,P00415,233,25,2026-07-01
S002,P00416,67,25,2026-07-01
S002,P00417,233,25,2026-07-01
S002,P00418,169,25,2026-07-01
S002,P00419,161,25,2026-07-01
S002,P00420,242,25,2026-07-01
S002,P00421,196,25,2026-07-01
S002,P00422,169,25,2026-07-01
S002,P00423,148,25,2026-07-01
S002,P00424,5,25,2026-07-01
S002,P00425,63,25,2026-07-01
S002,P00426,155,25,2026-07-01
S002,P00427,278,25,2026-07-01
S002,P00428,283,25,2026-07-01
S002,P00429,219,25,2026-07-01
S002,P00430,143,25,2026-07-01
S002,P00431,213,25,2026-07-01
S002,P00432,295,25,2026-07-01
S002,P00433,178,25,2026-07-01
S002,P00434,0,25,2026-07-01
S002,P00435,69,25,2026-07-01
S002,P00436,144,25,2026-07-01
S002,P00437,228,25,2026-07-01
S002,P00438,213,25,2026-07-01
S002,P00439,281,25,2026-07-01
S002,P00440,19,25,2026-07-01
S002,P00441,283,25,2026-07-01
S002,P00442,272,25,2026-07-01
S002,P00443,288,25,2026-07-01
S002,P00444,110,25,2026-07-01
S002,P00445,186,25,2026-07-01
S002,P00446,167,25,2026-07-01
S002,P00447,229,25,2026-07-01
S002,P00448,141,25,2026-07-01
S002,P00449,171,25,2026-07-01
S002,P00450,246,25,2026-07-01
S002,P00451,83,25,2026-07-01
S002,P00452,57,25,2026-07-01
S002,P00453,201,25,2026-07-01
S002,P00454,203,25,2026-07-01
S002,P00455,205,25,2026-07-01
S002,P00456,103,25,2026-07-01
S002,P00457,16,25,2026-07-01
S002,P00458,44,25,2026-07-01
S002,P00459,52,25,2026-07-01
S002,P00460,286,25,2026-07-01
S002,P00461,111,25,2026-07-01
S002,P00462,234,25,2026-07-01
S002,P00463,101,25,2026-07-01
S002,P00464,260,25,2026-07-01
S002,P00465,144,25,2026-07-01
S002,P00466,98,25,2026-07-01
S002,P00467,242,25,2026-07-01
S002,P00468,149,25,2026-07-01
S002,P00469,82,25,2026-07-01
S002,P00470,65,25,2026-07-01
S002,P00471,270,25,2026-07-01
S002,P00472,95,25,2026-07-01
S002,P00473,92,25,2026-07-01
S002,P00474,104,25,2026-07-01
S002,P00475,252,25,2026-07-01
S002,P00476,180,25,2026-07-01
S002,P00477,45,25,2026-07-01
S002,P00478,93,25,2026-07-01
S002,P00479,65,25,2026-07-01
S002,P00480,56,25,2026-07-01
S002,P00481,125,25,2026-07-01
S002,P00482,98,25,2026-07-01
S002,P00483,133,25,2026-07-01
S002,P00484,62,25,2026-07-01
S002,P00485,291,25,2026-07-01
S002,P00486,274,25,2026-07-01
S002,P00487,59,25,2026-07-01
S002,P00488,223,25,2026-07-01
S002,P00489,138,25,2026-07-01
S002,P00490,192,25,2026-07-01
S002,P00491,35,25,2026-07-01
S002,P00492,257,25,2026-07-01
S002,P00493,213,25,2026-07-01
S002,P00494,243,25,2026-07-01
S002,P00495,23,25,2026-07-01
S002,P00496,294,25,2026-07-01
S002,P00497,101,25,2026-07-01
S002,P00498,127,25,2026-07-01
S002,P00499,227,25,2026-07-01
S002,P00500,28,25,2026-07-01
S003,P00001,12,25,2026-07-01
S003,P00002,6,25,2026-07-01
S003,P00003,235,25,2026-07-01
S003,P00004,86,25,2026-07-01
S003,P00005,207,25,2026-07-01
S003,P00006,230,25,2026-07-01
S003,P00007,82,25,2026-07-01
S003,P00008,209,25,2026-07-01
S003,P00009,62,25,2026-07-01
S003,P00010,193,25,2026-07-01
S003,P00011,3,25,2026-07-01
S003,P00012,189,25,2026-07-01
S003,P00013,142,25,2026-07-01
S003,P00014,49,25,2026-07-01
S003,P00015,32,25,2026-07-01
S003,P00016,219,25,2026-07-01
S003,P00017,149,25,2026-07-01
S003,P00018,33,25,2026-07-01
S003,P00019,178,25,2026-07-01
S003,P00020,37,25,2026-07-01
S003,P00021,154,25,2026-07-01
S003,P00022,127,25,2026-07-01
S003,P00023,207,25,2026-07-01
S003,P00024,80,25,2026-07-01
S003,P00025,125,25,2026-07-01
S003,P00026,5,25,2026-07-01
S003,P00027,118,25,2026-07-01
S003,P00028,71,25,2026-07-01
S003,P00029,58,25,2026-07-01
S003,P00030,53,25,2026-07-01
S003,P00031,258,25,2026-07-01
S003,P00032,259,25,2026-07-01
S003,P00033,89,25,2026-07-01
S003,P00034,43,25,2026-07-01
S003,P00035,215,25,2026-07-01
S003,P00036,127,25,2026-07-01
S003,P00037,38,25,2026-07-01
S003,P00038,285,25,2026-07-01
S003,P00039,297,25,2026-07-01
S003,P00040,118,25,2026-07-01
S003,P00041,238,25,2026-07-01
S003,P00042,141,25,2026-07-01
S003,P00043,239,25,2026-07-01
S003,P00044,252,25,2026-07-01
S003,P00045,195,25,2026-07-01
S003,P00046,200,25,2026-07-01
S003,P00047,54,25,2026-07-01
S003,P00048,133,25,2026-07-01
S003,P00049,185,25,2026-07-01
S003,P00050,93,25,2026-07-01
S003,P00051,199,25,2026-07-01
S003,P00052,176,25,2026-07-01
S003,P00053,18,25,2026-07-01
S003,P00054,13,25,2026-07-01
S003,P00055,239,25,2026-07-01
S003,P00056,24,25,2026-07-01
S003,P00057,214,25,2026-07-01
S003,P00058,207,25,2026-07-01
S003,P00059,44,25,2026-07-01
S003,P00060,40,25,2026-07-01
S003,P00061,219,25,2026-07-01
S003,P00062,154,25,2026-07-01
S003,P00063,139,25,2026-07-01
S003,P00064,239,25,2026-07-01
S003,P00065,182,25,2026-07-01
S003,P00066,193,25,2026-07-01
S003,P00067,96,25,2026-07-01
S003,P00068,129,25,2026-07-01
S003,P00069,26,25,2026-07-01
S003,P00070,192,25,2026-07-01
S003,P00071,268,25,2026-07-01
S003,P00072,206,25,2026-07-01
S003,P00073,37,25,2026-07-01
S003,P00074,101,25,2026-07-01
S003,P00075,268,25,2026-07-01
S003,P00076,145,25,2026-07-01
S003,P00077,51,25,2026-07-01
S003,P00078,165,25,2026-07-01
S003,P00079,46,25,2026-07-01
S003,P00080,127,25,2026-07-01
S003,P00081,194,25,2026-07-01
S003,P00082,7,25,2026-07-01
S003,P00083,279,25,2026-07-01
S003,P00084,297,25,2026-07-01
S003,P00085,235,25,2026-07-01
S003,P00086,164,25,2026-07-01
S003,P00087,90,25,2026-07-01
S003,P00088,118,25,2026-07-01
S003,P00089,94,25,2026-07-01
S003,P00090,25,25,2026-07-01
S003,P00091,259,25,2026-07-01
S003,P00092,194,25,2026-07-01
S003,P00093,239,25,2026-07-01
S003,P00094,287,25,2026-07-01
S003,P00095,238,25,2026-07-01
S003,P00096,237,25,2026-07-01
S003,P00097,93,25,2026-07-01
S003,P00098,86,25,2026-07-01
S003,P00099,141,25,2026-07-01
S003,P00100,210,25,2026-07-01
S003,P00101,283,25,2026-07-01
S003,P00102,2,25,2026-07-01
S003,P00103,111,25,2026-07-01
S003,P00104,28,25,2026-07-01
S003,P00105,53,25,2026-07-01
S003,P00106,259,25,2026-07-01
S003,P00107,94,25,2026-07-01
S003,P00108,184,25,2026-07-01
S003,P00109,66,25,2026-07-01
S003,P00110,101,25,2026-07-01
S003,P00111,235,25,2026-07-01
S003,P00112,88,25,2026-07-01
S003,P00113,35,25,2026-07-01
S003,P00114,233,25,2026-07-01
S003,P00115,50,25,2026-07-01
S003,P00116,225,25,2026-07-01
S003,P00117,34,25,2026-07-01
S003,P00118,62,25,2026-07-01
S003,P00119,167,25,2026-07-01
S003,P00120,286,25,2026-07-01
S003,P00121,204,25,2026-07-01
S003,P00122,105,25,2026-07-01
S003,P00123,234,25,2026-07-01
S003,P00124,129,25,2026-07-01
S003,P00125,48,25,2026-07-01
S003,P00126,118,25,2026-07-01
S003,P00127,132,25,2026-07-01
S003,P00128,225,25,2026-07-01
S003,P00129,61,25,2026-07-01
S003,P00130,33,25,2026-07-01
S003,P00131,39,25,2026-07-01
S003,P00132,30,25,2026-07-01
S003,P00133,173,25,2026-07-01
S003,P00134,299,25,2026-07-01
S003,P00135,76,25,2026-07-01
S003,P00136,114,25,2026-07-01
S003,P00137,166,25,2026-07-01
S003,P00138,10,25,2026-07-01
S003,P00139,37,25,2026-07-01
S003,P00140,195,25,2026-07-01
S003,P00141,166,25,2026-07-01
S003,P00142,4,25,2026-07-01
S003,P00143,188,25,2026-07-01
S003,P00144,210,25,2026-07-01
S003,P00145,297,25,2026-07-01
S003,P00146,222,25,2026-07-01
S003,P00147,235,25,2026-07-01
S003,P00148,239,25,2026-07-01
S003,P00149,96,25,2026-07-01
S003,P00150,240,25,2026-07-01
S003,P00151,268,25,2026-07-01
S003,P00152,4,25,2026-07-01
S003,P00153,149,25,2026-07-01
S003,P00154,226,25,2026-07-01
S003,P00155,21,25,2026-07-01
S003,P00156,70,25,2026-07-01
S003,P00157,57,25,2026-07-01
S003,P00158,98,25,2026-07-01
S003,P00159,67,25,2026-07-01
S003,P00160,218,25,2026-07-01
S003,P00161,6,25,2026-07-01
S003,P00162,0,25,2026-07-01
S003,P00163,51,25,2026-07-01
S003,P00164,258,25,2026-07-01
S003,P00165,123,25,2026-07-01
S003,P00166,269,25,2026-07-01
S003,P00167,87,25,2026-07-01
S003,P00168,0,25,2026-07-01
S003,P00169,211,25,2026-07-01
S003,P00170,129,25,2026-07-01
S003,P00171,226,25,2026-07-01
S003,P00172,107,25,2026-07-01
S003,P00173,12,25,2026-07-01
S003,P00174,187,25,2026-07-01
S003,P00175,240,25,2026-07-01
S003,P00176,227,25,2026-07-01
S003,P00177,93,25,2026-07-01
S003,P00178,264,25,2026-07-01
S003,P00179,64,25,2026-07-01
S003,P00180,27,25,2026-07-01
S003,P00181,199,25,2026-07-01
S003,P00182,150,25,2026-07-01
S003,P00183,18,25,2026-07-01
S003,P00184,54,25,2026-07-01
S003,P00185,163,25,2026-07-01
S003,P00186,255,25,2026-07-01
S003,P00187,231,25,2026-07-01
S003,P00188,38,25,2026-07-01
S003,P00189,231,25,2026-07-01
S003,P00190,13,25,2026-07-01
S003,P00191,202,25,2026-07-01
S003,P00192,119,25,2026-07-01
S003,P00193,225,25,2026-07-01
S003,P00194,256,25,2026-07-01
S003,P00195,68,25,2026-07-01
S003,P00196,228,25,2026-07-01
S003,P00197,138,25,2026-07-01
S003,P00198,289,25,2026-07-01
S003,P00199,263,25,2026-07-01
S003,P00200,203,25,2026-07-01
S003,P00201,183,25,2026-07-01
S003,P00202,156,25,2026-07-01
S003,P00203,278,25,2026-07-01
S003,P00204,147,25,2026-07-01
S003,P00205,120,25,2026-07-01
S003,P00206,168,25,2026-07-01
S003,P00207,227,25,2026-07-01
S003,P00208,102,25,2026-07-01
S003,P00209,200,25,2026-07-01
S003,P00210,35,25,2026-07-01
S003,P00211,61,25,2026-07-01
S003,P00212,60,25,2026-07-01
S003,P00213,62,25,2026-07-01
S003,P00214,226,25,2026-07-01
S003,P00215,11,25,2026-07-01
S003,P00216,175,25,2026-07-01
S003,P00217,176,25,2026-07-01
S003,P00218,124,25,2026-07-01
S003,P00219,6,25,2026-07-01
S003,P00220,109,25,2026-07-01
S003,P00221,167,25,2026-07-01
S003,P00222,40,25,2026-07-01
S003,P00223,154,25,2026-07-01
S003,P00224,130,25,2026-07-01
S003,P00225,4,25,2026-07-01
S003,P00226,216,25,2026-07-01
S003,P00227,2,25,2026-07-01
S003,P00228,91,25,2026-07-01
S003,P00229,200,25,2026-07-01
S003,P00230,218,25,2026-07-01
S003,P00231,189,25,2026-07-01
S003,P00232,50,25,2026-07-01
S003,P00233,166,25,2026-07-01
S003,P00234,151,25,2026-07-01
S003,P00235,7,25,2026-07-01
S003,P00236,223,25,2026-07-01
S003,P00237,161,25,2026-07-01
S003,P00238,299,25,2026-07-01
S003,P00239,264,25,2026-07-01
S003,P00240,232,25,2026-07-01
S003,P00241,178,25,2026-07-01
S003,P00242,183,25,2026-07-01
S003,P00243,241,25,2026-07-01
S003,P00244,8,25,2026-07-01
S003,P00245,39,25,2026-07-01
S003,P00246,300,25,2026-07-01
S003,P00247,210,25,2026-07-01
S003,P00248,230,25,2026-07-01
S003,P00249,6,25,2026-07-01
S003,P00250,287,25,2026-07-01
S003,P00251,134,25,2026-07-01
S003,P00252,88,25,2026-07-01
S003,P00253,33,25,2026-07-01
S003,P00254,125,25,2026-07-01
S003,P00255,147,25,2026-07-01
S003,P00256,88,25,2026-07-01
S003,P00257,200,25,2026-07-01
S003,P00258,288,25,2026-07-01
S003,P00259,291,25,2026-07-01
S003,P00260,113,25,2026-07-01
S003,P00261,24,25,2026-07-01
S003,P00262,8,25,2026-07-01
S003,P00263,207,25,2026-07-01
S003,P00264,100,25,2026-07-01
S003,P00265,188,25,2026-07-01
S003,P00266,256,25,2026-07-01
S003,P00267,271,25,2026-07-01
S003,P00268,249,25,2026-07-01
S003,P00269,150,25,2026-07-01
S003,P00270,291,25,2026-07-01
S003,P00271,252,25,2026-07-01
S003,P00272,93,25,2026-07-01
S003,P00273,26,25,2026-07-01
S003,P00274,251,25,2026-07-01
S003,P00275,81,25,2026-07-01
S003,P00276,137,25,2026-07-01
S003,P00277,262,25,2026-07-01
S003,P00278,189,25,2026-07-01
S003,P00279,54,25,2026-07-01
S003,P00280,232,25,2026-07-01
S003,P00281,251,25,2026-07-01
S003,P00282,111,25,2026-07-01
S003,P00283,138,25,2026-07-01
S003,P00284,129,25,2026-07-01
S003,P00285,118,25,2026-07-01
S003,P00286,110,25,2026-07-01
S003,P00287,54,25,2026-07-01
S003,P00288,135,25,2026-07-01
S003,P00289,141,25,2026-07-01
S003,P00290,199,25,2026-07-01
S003,P00291,283,25,2026-07-01
S003,P00292,294,25,2026-07-01
S003,P00293,106,25,2026-07-01
S003,P00294,118,25,2026-07-01
S003,P00295,240,25,2026-07-01
S003,P00296,63,25,2026-07-01
S003,P00297,275,25,2026-07-01
S003,P00298,83,25,2026-07-01
S003,P00299,123,25,2026-07-01
S003,P00300,10,25,2026-07-01
S003,P00301,91,25,2026-07-01
S003,P00302,260,25,2026-07-01
S003,P00303,151,25,2026-07-01
S003,P00304,233,25,2026-07-01
S003,P00305,226,25,2026-07-01
S003,P00306,172,25,2026-07-01
S003,P00307,196,25,2026-07-01
S003,P00308,293,25,2026-07-01
S003,P00309,15,25,2026-07-01
S003,P00310,156,25,2026-07-01
S003,P00311,21,25,2026-07-01
S003,P00312,40,25,2026-07-01
S003,P00313,123,25,2026-07-01
S003,P00314,200,25,2026-07-01
S003,P00315,167,25,2026-07-01
S003,P00316,295,25,2026-07-01
S003,P00317,195,25,2026-07-01
S003,P00318,148,25,2026-07-01
S003,P00319,27,25,2026-07-01
S003,P00320,200,25,2026-07-01
S003,P00321,124,25,2026-07-01
S003,P00322,67,25,2026-07-01
S003,P00323,221,25,2026-07-01
S003,P00324,77,25,2026-07-01
S003,P00325,92,25,2026-07-01
S003,P00326,262,25,2026-07-01
S003,P00327,215,25,2026-07-01
S003,P00328,176,25,2026-07-01
S003,P00329,207,25,2026-07-01
S003,P00330,31,25,2026-07-01
S003,P00331,214,25,2026-07-01
S003,P00332,91,25,2026-07-01
S003,P00333,51,25,2026-07-01
S003,P00334,153,25,2026-07-01
S003,P00335,234,25,2026-07-01
S003,P00336,179,25,2026-07-01
S003,P00337,102,25,2026-07-01
S003,P00338,28,25,2026-07-01
S003,P00339,207,25,2026-07-01
S003,P00340,124,25,2026-07-01
S003,P00341,14,25,2026-07-01
S003,P00342,72,25,2026-07-01
S003,P00343,242,25,2026-07-01
S003,P00344,32,25,2026-07-01
S003,P00345,243,25,2026-07-01
S003,P00346,108,25,2026-07-01
S003,P00347,230,25,2026-07-01
S003,P00348,99,25,2026-07-01
S003,P00349,36,25,2026-07-01
S003,P00350,1,25,2026-07-01
S003,P00351,184,25,2026-07-01
S003,P00352,295,25,2026-07-01
S003,P00353,216,25,2026-07-01
S003,P00354,257,25,2026-07-01
S003,P00355,294,25,2026-07-01
S003,P00356,49,25,2026-07-01
S003,P00357,278,25,2026-07-01
S003,P00358,225,25,2026-07-01
S003,P00359,206,25,2026-07-01
S003,P00360,78,25,2026-07-01
S003,P00361,125,25,2026-07-01
S003,P00362,219,25,2026-07-01
S003,P00363,123,25,2026-07-01
S003,P00364,182,25,2026-07-01
S003,P00365,116,25,2026-07-01
S003,P00366,56,25,2026-07-01
S003,P00367,261,25,2026-07-01
S003,P00368,155,25,2026-07-01
S003,P00369,95,25,2026-07-01
S003,P00370,249,25,2026-07-01
S003,P00371,23,25,2026-07-01
S003,P00372,274,25,2026-07-01
S003,P00373,156,25,2026-07-01
S003,P00374,146,25,2026-07-01
S003,P00375,216,25,2026-07-01
S003,P00376,149,25,2026-07-01
S003,P00377,108,25,2026-07-01
S003,P00378,57,25,2026-07-01
S003,P00379,280,25,2026-07-01
S003,P00380,160,25,2026-07-01
S003,P00381,31,25,2026-07-01
S003,P00382,292,25,2026-07-01
S003,P00383,37,25,2026-07-01
S003,P00384,137,25,2026-07-01
S003,P00385,220,25,2026-07-01
S003,P00386,246,25,2026-07-01
S003,P00387,298,25,2026-07-01
S003,P00388,290,25,2026-07-01
S003,P00389,217,25,2026-07-01
S003,P00390,236,25,2026-07-01
S003,P00391,258,25,2026-07-01
S003,P00392,271,25,2026-07-01
S003,P00393,174,25,2026-07-01
S003,P00394,247,25,2026-07-01
S003,P00395,221,25,2026-07-01
S003,P00396,115,25,2026-07-01
S003,P00397,155,25,2026-07-01
S003,P00398,121,25,2026-07-01
S003,P00399,77,25,2026-07-01
S003,P00400,125,25,2026-07-01
S003,P00401,205,25,2026-07-01
S003,P00402,12,25,2026-07-01
S003,P00403,38,25,2026-07-01
S003,P00404,76,25,2026-07-01
S003,P00405,300,25,2026-07-01
S003,P00406,135,25,2026-07-01
S003,P00407,204,25,2026-07-01
S003,P00408,152,25,2026-07-01
S003,P00409,40,25,2026-07-01
S003,P00410,281,25,2026-07-01
S003,P00411,74,25,2026-07-01
S003,P00412,26,25,2026-07-01
S003,P00413,281,25,2026-07-01
S003,P00414,278,25,2026-07-01
S003,P00415,247,25,2026-07-01
S003,P00416,100,25,2026-07-01
S003,P00417,184,25,2026-07-01
S003,P00418,273,25,2026-07-01
S003,P00419,274,25,2026-07-01
S003,P00420,216,25,2026-07-01
S003,P00421,144,25,2026-07-01
S003,P00422,210,25,2026-07-01
S003,P00423,231,25,2026-07-01
S003,P00424,220,25,2026-07-01
S003,P00425,285,25,2026-07-01
S003,P00426,7,25,2026-07-01
S003,P00427,145,25,2026-07-01
S003,P00428,71,25,2026-07-01
S003,P00429,68,25,2026-07-01
S003,P00430,209,25,2026-07-01
S003,P00431,123,25,2026-07-01
S003,P00432,284,25,2026-07-01
S003,P00433,232,25,2026-07-01
S003,P00434,251,25,2026-07-01
S003,P00435,94,25,2026-07-01
S003,P00436,296,25,2026-07-01
S003,P00437,230,25,2026-07-01
S003,P00438,25,25,2026-07-01
S003,P00439,110,25,2026-07-01
S003,P00440,300,25,2026-07-01
S003,P00441,185,25,2026-07-01
S003,P00442,163,25,2026-07-01
S003,P00443,86,25,2026-07-01
S003,P00444,63,25,2026-07-01
S003,P00445,179,25,2026-07-01
S003,P00446,101,25,2026-07-01
S003,P00447,16,25,2026-07-01
S003,P00448,150,25,2026-07-01
S003,P00449,191,25,2026-07-01
S003,P00450,110,25,2026-07-01
S003,P00451,140,25,2026-07-01
S003,P00452,252,25,2026-07-01
S003,P00453,181,25,2026-07-01
S003,P00454,108,25,2026-07-01
S003,P00455,37,25,2026-07-01
S003,P00456,1,25,2026-07-01
S003,P00457,285,25,2026-07-01
S003,P00458,273,25,2026-07-01
S003,P00459,203,25,2026-07-01
S003,P00460,88,25,2026-07-01
S003,P00461,49,25,2026-07-01
S003,P00462,70,25,2026-07-01
S003,P00463,247,25,2026-07-01
S003,P00464,170,25,2026-07-01
S003,P00465,54,25,2026-07-01
S003,P00466,249,25,2026-07-01
S003,P00467,200,25,2026-07-01
S003,P00468,256,25,2026-07-01
S003,P00469,248,25,2026-07-01
S003,P00470,189,25,2026-07-01
S003,P00471,21,25,2026-07-01
S003,P00472,61,25,2026-07-01
S003,P00473,294,25,2026-07-01
S003,P00474,192,25,2026-07-01
S003,P00475,95,25,2026-07-01
S003,P00476,243,25,2026-07-01
S003,P00477,219,25,2026-07-01
S003,P00478,265,25,2026-07-01
S003,P00479,24,25,2026-07-01
S003,P00480,288,25,2026-07-01
S003,P00481,288,25,2026-07-01
S003,P00482,104,25,2026-07-01
S003,P00483,163,25,2026-07-01
S003,P00484,228,25,2026-07-01
S003,P00485,44,25,2026-07-01
S003,P00486,125,25,2026-07-01
S003,P00487,224,25,2026-07-01
S003,P00488,135,25,2026-07-01
S003,P00489,249,25,2026-07-01
S003,P00490,10,25,2026-07-01
S003,P00491,194,25,2026-07-01
S003,P00492,259,25,2026-07-01
S003,P00493,275,25,2026-07-01
S003,P00494,151,25,2026-07-01
S003,P00495,20,25,2026-07-01
S003,P00496,186,25,2026-07-01
S003,P00497,127,25,2026-07-01
S003,P00498,197,25,2026-07-01
S003,P00499,207,25,2026-07-01
S003,P00500,110,25,2026-07-01
S004,P00001,26,25,2026-07-01
S004,P00002,30,25,2026-07-01
S004,P00003,186,25,2026-07-01
S004,P00004,187,25,2026-07-01
S004,P00005,298,25,2026-07-01
S004,P00006,165,25,2026-07-01
S004,P00007,226,25,2026-07-01
S004,P00008,75,25,2026-07-01
S004,P00009,55,25,2026-07-01
S004,P00010,31,25,2026-07-01
S004,P00011,205,25,2026-07-01
S004,P00012,236,25,2026-07-01
S004,P00013,245,25,2026-07-01
S004,P00014,198,25,2026-07-01
S004,P00015,243,25,2026-07-01
S004,P00016,149,25,2026-07-01
S004,P00017,154,25,2026-07-01
S004,P00018,161,25,2026-07-01
S004,P00019,231,25,2026-07-01
S004,P00020,19,25,2026-07-01
S004,P00021,201,25,2026-07-01
S004,P00022,206,25,2026-07-01
S004,P00023,285,25,2026-07-01
S004,P00024,258,25,2026-07-01
S004,P00025,128,25,2026-07-01
S004,P00026,265,25,2026-07-01
S004,P00027,268,25,2026-07-01
S004,P00028,107,25,2026-07-01
S004,P00029,154,25,2026-07-01
S004,P00030,153,25,2026-07-01
S004,P00031,66,25,2026-07-01
S004,P00032,234,25,2026-07-01
S004,P00033,16,25,2026-07-01
S004,P00034,240,25,2026-07-01
S004,P00035,126,25,2026-07-01
S004,P00036,280,25,2026-07-01
S004,P00037,86,25,2026-07-01
S004,P00038,186,25,2026-07-01
S004,P00039,100,25,2026-07-01
S004,P00040,131,25,2026-07-01
S004,P00041,58,25,2026-07-01
S004,P00042,286,25,2026-07-01
S004,P00043,149,25,2026-07-01
S004,P00044,33,25,2026-07-01
S004,P00045,114,25,2026-07-01
S004,P00046,214,25,2026-07-01
S004,P00047,180,25,2026-07-01
S004,P00048,286,25,2026-07-01
S004,P00049,49,25,2026-07-01
S004,P00050,278,25,2026-07-01
S004,P00051,7,25,2026-07-01
S004,P00052,54,25,2026-07-01
S004,P00053,99,25,2026-07-01
S004,P00054,140,25,2026-07-01
S004,P00055,237,25,2026-07-01
S004,P00056,6,25,2026-07-01
S004,P00057,289,25,2026-07-01
S004,P00058,218,25,2026-07-01
S004,P00059,120,25,2026-07-01
S004,P00060,254,25,2026-07-01
S004,P00061,153,25,2026-07-01
S004,P00062,61,25,2026-07-01
S004,P00063,148,25,2026-07-01
S004,P00064,87,25,2026-07-01
S004,P00065,29,25,2026-07-01
S004,P00066,219,25,2026-07-01
S004,P00067,13,25,2026-07-01
S004,P00068,134,25,2026-07-01
S004,P00069,8,25,2026-07-01
S004,P00070,70,25,2026-07-01
S004,P00071,250,25,2026-07-01
S004,P00072,65,25,2026-07-01
S004,P00073,291,25,2026-07-01
S004,P00074,48,25,2026-07-01
S004,P00075,85,25,2026-07-01
S004,P00076,122,25,2026-07-01
S004,P00077,45,25,2026-07-01
S004,P00078,241,25,2026-07-01
S004,P00079,231,25,2026-07-01
S004,P00080,67,25,2026-07-01
S004,P00081,106,25,2026-07-01
S004,P00082,66,25,2026-07-01
S004,P00083,46,25,2026-07-01
S004,P00084,202,25,2026-07-01
S004,P00085,187,25,2026-07-01
S004,P00086,147,25,2026-07-01
S004,P00087,24,25,2026-07-01
S004,P00088,223,25,2026-07-01
S004,P00089,159,25,2026-07-01
S004,P00090,171,25,2026-07-01
S004,P00091,157,25,2026-07-01
S004,P00092,171,25,2026-07-01
S004,P00093,65,25,2026-07-01
S004,P00094,78,25,2026-07-01
S004,P00095,126,25,2026-07-01
S004,P00096,204,25,2026-07-01
S004,P00097,226,25,2026-07-01
S004,P00098,198,25,2026-07-01
S004,P00099,221,25,2026-07-01
S004,P00100,182,25,2026-07-01
S004,P00101,123,25,2026-07-01
S004,P00102,31,25,2026-07-01
S004,P00103,70,25,2026-07-01
S004,P00104,234,25,2026-07-01
S004,P00105,182,25,2026-07-01
S004,P00106,167,25,2026-07-01
S004,P00107,114,25,2026-07-01
S004,P00108,20,25,2026-07-01
S004,P00109,162,25,2026-07-01
S004,P00110,108,25,2026-07-01
S004,P00111,105,25,2026-07-01
S004,P00112,263,25,2026-07-01
S004,P00113,245,25,2026-07-01
S004,P00114,185,25,2026-07-01
S004,P00115,266,25,2026-07-01
S004,P00116,197,25,2026-07-01
S004,P00117,24,25,2026-07-01
S004,P00118,123,25,2026-07-01
S004,P00119,146,25,2026-07-01
S004,P00120,295,25,2026-07-01
S004,P00121,175,25,2026-07-01
S004,P00122,34,25,2026-07-01
S004,P00123,2,25,2026-07-01
S004,P00124,23,25,2026-07-01
S004,P00125,167,25,2026-07-01
S004,P00126,255,25,2026-07-01
S004,P00127,223,25,2026-07-01
S004,P00128,245,25,2026-07-01
S004,P00129,36,25,2026-07-01
S004,P00130,238,25,2026-07-01
S004,P00131,154,25,2026-07-01
S004,P00132,183,25,2026-07-01
S004,P00133,108,25,2026-07-01
S004,P00134,213,25,2026-07-01
S004,P00135,235,25,2026-07-01
S004,P00136,3,25,2026-07-01
S004,P00137,29,25,2026-07-01
S004,P00138,292,25,2026-07-01
S004,P00139,3,25,2026-07-01
S004,P00140,264,25,2026-07-01
S004,P00141,104,25,2026-07-01
S004,P00142,203,25,2026-07-01
S004,P00143,197,25,2026-07-01
S004,P00144,169,25,2026-07-01
S004,P00145,87,25,2026-07-01
S004,P00146,50,25,2026-07-01
S004,P00147,150,25,2026-07-01
S004,P00148,179,25,2026-07-01
S004,P00149,118,25,2026-07-01
S004,P00150,197,25,2026-07-01
S004,P00151,248,25,2026-07-01
S004,P00152,215,25,2026-07-01
S004,P00153,135,25,2026-07-01
S004,P00154,265,25,2026-07-01
S004,P00155,202,25,2026-07-01
S004,P00156,118,25,2026-07-01
S004,P00157,117,25,2026-07-01
S004,P00158,216,25,2026-07-01
S004,P00159,142,25,2026-07-01
S004,P00160,16,25,2026-07-01
S004,P00161,37,25,2026-07-01
S004,P00162,0,25,2026-07-01
S004,P00163,258,25,2026-07-01
S004,P00164,65,25,2026-07-01
S004,P00165,63,25,2026-07-01
S004,P00166,92,25,2026-07-01
S004,P00167,300,25,2026-07-01
S004,P00168,93,25,2026-07-01
S004,P00169,30,25,2026-07-01
S004,P00170,175,25,2026-07-01
S004,P00171,184,25,2026-07-01
S004,P00172,208,25,2026-07-01
S004,P00173,293,25,2026-07-01
S004,P00174,263,25,2026-07-01
S004,P00175,285,25,2026-07-01
S004,P00176,189,25,2026-07-01
S004,P00177,31,25,2026-07-01
S004,P00178,260,25,2026-07-01
S004,P00179,11,25,2026-07-01
S004,P00180,222,25,2026-07-01
S004,P00181,69,25,2026-07-01
S004,P00182,18,25,2026-07-01
S004,P00183,228,25,2026-07-01
S004,P00184,1,25,2026-07-01
S004,P00185,84,25,2026-07-01
S004,P00186,173,25,2026-07-01
S004,P00187,54,25,2026-07-01
S004,P00188,130,25,2026-07-01
S004,P00189,62,25,2026-07-01
S004,P00190,63,25,2026-07-01
S004,P00191,245,25,2026-07-01
S004,P00192,62,25,2026-07-01
S004,P00193,152,25,2026-07-01
S004,P00194,126,25,2026-07-01
S004,P00195,256,25,2026-07-01
S004,P00196,293,25,2026-07-01
S004,P00197,296,25,2026-07-01
S004,P00198,92,25,2026-07-01
S004,P00199,249,25,2026-07-01
S004,P00200,148,25,2026-07-01
S004,P00201,3,25,2026-07-01
S004,P00202,139,25,2026-07-01
S004,P00203,267,25,2026-07-01
S004,P00204,150,25,2026-07-01
S004,P00205,265,25,2026-07-01
S004,P00206,173,25,2026-07-01
S004,P00207,64,25,2026-07-01
S004,P00208,169,25,2026-07-01
S004,P00209,34,25,2026-07-01
S004,P00210,229,25,2026-07-01
S004,P00211,64,25,2026-07-01
S004,P00212,101,25,2026-07-01
S004,P00213,161,25,2026-07-01
S004,P00214,0,25,2026-07-01
S004,P00215,57,25,2026-07-01
S004,P00216,89,25,2026-07-01
S004,P00217,104,25,2026-07-01
S004,P00218,202,25,2026-07-01
S004,P00219,224,25,2026-07-01
S004,P00220,129,25,2026-07-01
S004,P00221,254,25,2026-07-01
S004,P00222,164,25,2026-07-01
S004,P00223,66,25,2026-07-01
S004,P00224,262,25,2026-07-01
S004,P00225,67,25,2026-07-01
S004,P00226,257,25,2026-07-01
S004,P00227,100,25,2026-07-01
S004,P00228,250,25,2026-07-01
S004,P00229,245,25,2026-07-01
S004,P00230,45,25,2026-07-01
S004,P00231,17,25,2026-07-01
S004,P00232,8,25,2026-07-01
S004,P00233,173,25,2026-07-01
S004,P00234,215,25,2026-07-01
S004,P00235,190,25,2026-07-01
S004,P00236,66,25,2026-07-01
S004,P00237,81,25,2026-07-01
S004,P00238,95,25,2026-07-01
S004,P00239,264,25,2026-07-01
S004,P00240,183,25,2026-07-01
S004,P00241,19,25,2026-07-01
S004,P00242,239,25,2026-07-01
S004,P00243,66,25,2026-07-01
S004,P00244,156,25,2026-07-01
S004,P00245,270,25,2026-07-01
S004,P00246,280,25,2026-07-01
S004,P00247,15,25,2026-07-01
S004,P00248,173,25,2026-07-01
S004,P00249,110,25,2026-07-01
S004,P00250,79,25,2026-07-01
S004,P00251,264,25,2026-07-01
S004,P00252,169,25,2026-07-01
S004,P00253,56,25,2026-07-01
S004,P00254,122,25,2026-07-01
S004,P00255,134,25,2026-07-01
S004,P00256,173,25,2026-07-01
S004,P00257,111,25,2026-07-01
S004,P00258,164,25,2026-07-01
S004,P00259,62,25,2026-07-01
S004,P00260,261,25,2026-07-01
S004,P00261,176,25,2026-07-01
S004,P00262,251,25,2026-07-01
S004,P00263,89,25,2026-07-01
S004,P00264,110,25,2026-07-01
S004,P00265,202,25,2026-07-01
S004,P00266,190,25,2026-07-01
S004,P00267,184,25,2026-07-01
S004,P00268,266,25,2026-07-01
S004,P00269,231,25,2026-07-01
S004,P00270,88,25,2026-07-01
S004,P00271,22,25,2026-07-01
S004,P00272,22,25,2026-07-01
S004,P00273,294,25,2026-07-01
S004,P00274,159,25,2026-07-01
S004,P00275,260,25,2026-07-01
S004,P00276,61,25,2026-07-01
S004,P00277,109,25,2026-07-01
S004,P00278,193,25,2026-07-01
S004,P00279,221,25,2026-07-01
S004,P00280,295,25,2026-07-01
S004,P00281,143,25,2026-07-01
S004,P00282,120,25,2026-07-01
S004,P00283,93,25,2026-07-01
S004,P00284,243,25,2026-07-01
S004,P00285,62,25,2026-07-01
S004,P00286,88,25,2026-07-01
S004,P00287,167,25,2026-07-01
S004,P00288,260,25,2026-07-01
S004,P00289,162,25,2026-07-01
S004,P00290,49,25,2026-07-01
S004,P00291,0,25,2026-07-01
S004,P00292,263,25,2026-07-01
S004,P00293,225,25,2026-07-01
S004,P00294,152,25,2026-07-01
S004,P00295,28,25,2026-07-01
S004,P00296,240,25,2026-07-01
S004,P00297,182,25,2026-07-01
S004,P00298,203,25,2026-07-01
S004,P00299,255,25,2026-07-01
S004,P00300,63,25,2026-07-01
S004,P00301,147,25,2026-07-01
S004,P00302,74,25,2026-07-01
S004,P00303,295,25,2026-07-01
S004,P00304,4,25,2026-07-01
S004,P00305,28,25,2026-07-01
S004,P00306,199,25,2026-07-01
S004,P00307,116,25,2026-07-01
S004,P00308,177,25,2026-07-01
S004,P00309,289,25,2026-07-01
S004,P00310,189,25,2026-07-01
S004,P00311,291,25,2026-07-01
S004,P00312,211,25,2026-07-01
S004,P00313,224,25,2026-07-01
S004,P00314,147,25,2026-07-01
S004,P00315,234,25,2026-07-01
S004,P00316,128,25,2026-07-01
S004,P00317,72,25,2026-07-01
S004,P00318,79,25,2026-07-01
S004,P00319,42,25,2026-07-01
S004,P00320,18,25,2026-07-01
S004,P00321,190,25,2026-07-01
S004,P00322,148,25,2026-07-01
S004,P00323,92,25,2026-07-01
S004,P00324,274,25,2026-07-01
S004,P00325,67,25,2026-07-01
S004,P00326,37,25,2026-07-01
S004,P00327,218,25,2026-07-01
S004,P00328,93,25,2026-07-01
S004,P00329,25,25,2026-07-01
S004,P00330,159,25,2026-07-01
S004,P00331,13,25,2026-07-01
S004,P00332,155,25,2026-07-01
S004,P00333,31,25,2026-07-01
S004,P00334,36,25,2026-07-01
S004,P00335,255,25,2026-07-01
S004,P00336,50,25,2026-07-01
S004,P00337,288,25,2026-07-01
S004,P00338,92,25,2026-07-01
S004,P00339,63,25,2026-07-01
S004,P00340,77,25,2026-07-01
S004,P00341,139,25,2026-07-01
S004,P00342,265,25,2026-07-01
S004,P00343,27,25,2026-07-01
S004,P00344,296,25,2026-07-01
S004,P00345,199,25,2026-07-01
S004,P00346,114,25,2026-07-01
S004,P00347,234,25,2026-07-01
S004,P00348,272,25,2026-07-01
S004,P00349,240,25,2026-07-01
S004,P00350,94,25,2026-07-01
S004,P00351,205,25,2026-07-01
S004,P00352,68,25,2026-07-01
S004,P00353,123,25,2026-07-01
S004,P00354,135,25,2026-07-01
S004,P00355,9,25,2026-07-01
S004,P00356,198,25,2026-07-01
S004,P00357,176,25,2026-07-01
S004,P00358,88,25,2026-07-01
S004,P00359,228,25,2026-07-01
S004,P00360,229,25,2026-07-01
S004,P00361,300,25,2026-07-01
S004,P00362,114,25,2026-07-01
S004,P00363,7,25,2026-07-01
S004,P00364,164,25,2026-07-01
S004,P00365,86,25,2026-07-01
S004,P00366,67,25,2026-07-01
S004,P00367,272,25,2026-07-01
S004,P00368,269,25,2026-07-01
S004,P00369,138,25,2026-07-01
S004,P00370,121,25,2026-07-01
S004,P00371,118,25,2026-07-01
S004,P00372,288,25,2026-07-01
S004,P00373,82,25,2026-07-01
S004,P00374,270,25,2026-07-01
S004,P00375,294,25,2026-07-01
S004,P00376,216,25,2026-07-01
S004,P00377,250,25,2026-07-01
S004,P00378,68,25,2026-07-01
S004,P00379,80,25,2026-07-01
S004,P00380,263,25,2026-07-01
S004,P00381,47,25,2026-07-01
S004,P00382,220,25,2026-07-01
S004,P00383,269,25,2026-07-01
S004,P00384,190,25,2026-07-01
S004,P00385,97,25,2026-07-01
S004,P00386,84,25,2026-07-01
S004,P00387,72,25,2026-07-01
S004,P00388,242,25,2026-07-01
S004,P00389,300,25,2026-07-01
S004,P00390,101,25,2026-07-01
S004,P00391,249,25,2026-07-01
S004,P00392,73,25,2026-07-01
S004,P00393,46,25,2026-07-01
S004,P00394,294,25,2026-07-01
S004,P00395,84,25,2026-07-01
S004,P00396,42,25,2026-07-01
S004,P00397,168,25,2026-07-01
S004,P00398,81,25,2026-07-01
S004,P00399,188,25,2026-07-01
S004,P00400,9,25,2026-07-01
S004,P00401,234,25,2026-07-01
S004,P00402,104,25,2026-07-01
S004,P00403,19,25,2026-07-01
S004,P00404,181,25,2026-07-01
S004,P00405,274,25,2026-07-01
S004,P00406,279,25,2026-07-01
S004,P00407,195,25,2026-07-01
S004,P00408,27,25,2026-07-01
S004,P00409,7,25,2026-07-01
S004,P00410,152,25,2026-07-01
S004,P00411,262,25,2026-07-01
S004,P00412,141,25,2026-07-01
S004,P00413,244,25,2026-07-01
S004,P00414,115,25,2026-07-01
S004,P00415,246,25,2026-07-01
S004,P00416,187,25,2026-07-01
S004,P00417,101,25,2026-07-01
S004,P00418,142,25,2026-07-01
S004,P00419,80,25,2026-07-01
S004,P00420,45,25,2026-07-01
S004,P00421,92,25,2026-07-01
S004,P00422,55,25,2026-07-01
S004,P00423,106,25,2026-07-01
S004,P00424,279,25,2026-07-01
S004,P00425,121,25,2026-07-01
S004,P00426,40,25,2026-07-01
S004,P00427,209,25,2026-07-01
S004,P00428,187,25,2026-07-01
S004,P00429,158,25,2026-07-01
S004,P00430,26,25,2026-07-01
S004,P00431,58,25,2026-07-01
S004,P00432,61,25,2026-07-01
S004,P00433,78,25,2026-07-01
S004,P00434,100,25,2026-07-01
S004,P00435,64,25,2026-07-01
S004,P00436,14,25,2026-07-01
S004,P00437,59,25,2026-07-01
S004,P00438,58,25,2026-07-01
S004,P00439,128,25,2026-07-01
S004,P00440,207,25,2026-07-01
S004,P00441,94,25,2026-07-01
S004,P00442,38,25,2026-07-01
S004,P00443,65,25,2026-07-01
S004,P00444,248,25,2026-07-01
S004,P00445,246,25,2026-07-01
S004,P00446,290,25,2026-07-01
S004,P00447,78,25,2026-07-01
S004,P00448,157,25,2026-07-01
S004,P00449,170,25,2026-07-01
S004,P00450,229,25,2026-07-01
S004,P00451,97,25,2026-07-01
S004,P00452,275,25,2026-07-01
S004,P00453,194,25,2026-07-01
S004,P00454,186,25,2026-07-01
S004,P00455,9,25,2026-07-01
S004,P00456,101,25,2026-07-01
S004,P00457,242,25,2026-07-01
S004,P00458,80,25,2026-07-01
S004,P00459,280,25,2026-07-01
S004,P00460,8,25,2026-07-01
S004,P00461,222,25,2026-07-01
S004,P00462,189,25,2026-07-01
S004,P00463,39,25,2026-07-01
S004,P00464,259,25,2026-07-01
S004,P00465,101,25,2026-07-01
S004,P00466,23,25,2026-07-01
S004,P00467,71,25,2026-07-01
S004,P00468,12,25,2026-07-01
S004,P00469,148,25,2026-07-01
S004,P00470,200,25,2026-07-01
S004,P00471,8,25,2026-07-01
S004,P00472,71,25,2026-07-01
S004,P00473,83,25,2026-07-01
S004,P00474,229,25,2026-07-01
S004,P00475,27,25,2026-07-01
S004,P00476,65,25,2026-07-01
S004,P00477,121,25,2026-07-01
S004,P00478,142,25,2026-07-01
S004,P00479,53,25,2026-07-01
S004,P00480,127,25,2026-07-01
S004,P00481,230,25,2026-07-01
S004,P00482,291,25,2026-07-01
S004,P00483,12,25,2026-07-01
S004,P00484,158,25,2026-07-01
S004,P00485,167,25,2026-07-01
S004,P00486,265,25,2026-07-01
S004,P00487,81,25,2026-07-01
S004,P00488,73,25,2026-07-01
S004,P00489,1,25,2026-07-01
S004,P00490,137,25,2026-07-01
S004,P00491,243,25,2026-07-01
S004,P00492,84,25,2026-07-01
S004,P00493,33,25,2026-07-01
S004,P00494,133,25,2026-07-01
S004,P00495,6,25,2026-07-01
S004,P00496,261,25,2026-07-01
S004,P00497,219,25,2026-07-01
S004,P00498,291,25,2026-07-01
S004,P00499,26,25,2026-07-01
S004,P00500,20,25,2026-07-01
S005,P00001,185,25,2026-07-01
S005,P00002,296,25,2026-07-01
S005,P00003,120,25,2026-07-01
S005,P00004,58,25,2026-07-01
S005,P00005,38,25,2026-07-01
S005,P00006,5,25,2026-07-01
S005,P00007,278,25,2026-07-01
S005,P00008,63,25,2026-07-01
S005,P00009,68,25,2026-07-01
S005,P00010,48,25,2026-07-01
S005,P00011,270,25,2026-07-01
S005,P00012,178,25,2026-07-01
S005,P00013,17,25,2026-07-01
S005,P00014,242,25,2026-07-01
S005,P00015,110,25,2026-07-01
S005,P00016,228,25,2026-07-01
S005,P00017,64,25,2026-07-01
S005,P00018,244,25,2026-07-01
S005,P00019,268,25,2026-07-01
S005,P00020,243,25,2026-07-01
S005,P00021,172,25,2026-07-01
S005,P00022,224,25,2026-07-01
S005,P00023,297,25,2026-07-01
S005,P00024,277,25,2026-07-01
S005,P00025,297,25,2026-07-01
S005,P00026,272,25,2026-07-01
S005,P00027,75,25,2026-07-01
S005,P00028,266,25,2026-07-01
S005,P00029,141,25,2026-07-01
S005,P00030,41,25,2026-07-01
S005,P00031,203,25,2026-07-01
S005,P00032,145,25,2026-07-01
S005,P00033,206,25,2026-07-01
S005,P00034,272,25,2026-07-01
S005,P00035,133,25,2026-07-01
S005,P00036,53,25,2026-07-01
S005,P00037,85,25,2026-07-01
S005,P00038,268,25,2026-07-01
S005,P00039,239,25,2026-07-01
S005,P00040,184,25,2026-07-01
S005,P00041,105,25,2026-07-01
S005,P00042,134,25,2026-07-01
S005,P00043,258,25,2026-07-01
S005,P00044,216,25,2026-07-01
S005,P00045,217,25,2026-07-01
S005,P00046,182,25,2026-07-01
S005,P00047,117,25,2026-07-01
S005,P00048,200,25,2026-07-01
S005,P00049,176,25,2026-07-01
S005,P00050,108,25,2026-07-01
S005,P00051,224,25,2026-07-01
S005,P00052,214,25,2026-07-01
S005,P00053,294,25,2026-07-01
S005,P00054,120,25,2026-07-01
S005,P00055,86,25,2026-07-01
S005,P00056,120,25,2026-07-01
S005,P00057,284,25,2026-07-01
S005,P00058,47,25,2026-07-01
S005,P00059,164,25,2026-07-01
S005,P00060,5,25,2026-07-01
S005,P00061,148,25,2026-07-01
S005,P00062,110,25,2026-07-01
S005,P00063,294,25,2026-07-01
S005,P00064,294,25,2026-07-01
S005,P00065,193,25,2026-07-01
S005,P00066,284,25,2026-07-01
S005,P00067,21,25,2026-07-01
S005,P00068,173,25,2026-07-01
S005,P00069,255,25,2026-07-01
S005,P00070,185,25,2026-07-01
S005,P00071,182,25,2026-07-01
S005,P00072,206,25,2026-07-01
S005,P00073,24,25,2026-07-01
S005,P00074,107,25,2026-07-01
S005,P00075,93,25,2026-07-01
S005,P00076,32,25,2026-07-01
S005,P00077,289,25,2026-07-01
S005,P00078,5,25,2026-07-01
S005,P00079,239,25,2026-07-01
S005,P00080,269,25,2026-07-01
S005,P00081,186,25,2026-07-01
S005,P00082,183,25,2026-07-01
S005,P00083,68,25,2026-07-01
S005,P00084,264,25,2026-07-01
S005,P00085,281,25,2026-07-01
S005,P00086,65,25,2026-07-01
S005,P00087,151,25,2026-07-01
S005,P00088,181,25,2026-07-01
S005,P00089,125,25,2026-07-01
S005,P00090,53,25,2026-07-01
S005,P00091,24,25,2026-07-01
S005,P00092,195,25,2026-07-01
S005,P00093,153,25,2026-07-01
S005,P00094,43,25,2026-07-01
S005,P00095,211,25,2026-07-01
S005,P00096,135,25,2026-07-01
S005,P00097,261,25,2026-07-01
S005,P00098,115,25,2026-07-01
S005,P00099,141,25,2026-07-01
S005,P00100,231,25,2026-07-01
S005,P00101,147,25,2026-07-01
S005,P00102,214,25,2026-07-01
S005,P00103,96,25,2026-07-01
S005,P00104,291,25,2026-07-01
S005,P00105,32,25,2026-07-01
S005,P00106,4,25,2026-07-01
S005,P00107,266,25,2026-07-01
S005,P00108,169,25,2026-07-01
S005,P00109,7,25,2026-07-01
S005,P00110,132,25,2026-07-01
S005,P00111,36,25,2026-07-01
S005,P00112,71,25,2026-07-01
S005,P00113,216,25,2026-07-01
S005,P00114,170,25,2026-07-01
S005,P00115,76,25,2026-07-01
S005,P00116,269,25,2026-07-01
S005,P00117,10,25,2026-07-01
S005,P00118,240,25,2026-07-01
S005,P00119,20,25,2026-07-01
S005,P00120,88,25,2026-07-01
S005,P00121,281,25,2026-07-01
S005,P00122,192,25,2026-07-01
S005,P00123,5,25,2026-07-01
S005,P00124,232,25,2026-07-01
S005,P00125,128,25,2026-07-01
S005,P00126,215,25,2026-07-01
S005,P00127,260,25,2026-07-01
S005,P00128,71,25,2026-07-01
S005,P00129,259,25,2026-07-01
S005,P00130,291,25,2026-07-01
S005,P00131,78,25,2026-07-01
S005,P00132,19,25,2026-07-01
S005,P00133,292,25,2026-07-01
S005,P00134,72,25,2026-07-01
S005,P00135,197,25,2026-07-01
S005,P00136,104,25,2026-07-01
S005,P00137,274,25,2026-07-01
S005,P00138,31,25,2026-07-01
S005,P00139,11,25,2026-07-01
S005,P00140,159,25,2026-07-01
S005,P00141,275,25,2026-07-01
S005,P00142,92,25,2026-07-01
S005,P00143,162,25,2026-07-01
S005,P00144,181,25,2026-07-01
S005,P00145,4,25,2026-07-01
S005,P00146,92,25,2026-07-01
S005,P00147,231,25,2026-07-01
S005,P00148,227,25,2026-07-01
S005,P00149,185,25,2026-07-01
S005,P00150,65,25,2026-07-01
S005,P00151,240,25,2026-07-01
S005,P00152,262,25,2026-07-01
S005,P00153,230,25,2026-07-01
S005,P00154,241,25,2026-07-01
S005,P00155,130,25,2026-07-01
S005,P00156,233,25,2026-07-01
S005,P00157,46,25,2026-07-01
S005,P00158,261,25,2026-07-01
S005,P00159,34,25,2026-07-01
S005,P00160,30,25,2026-07-01
S005,P00161,220,25,2026-07-01
S005,P00162,68,25,2026-07-01
S005,P00163,177,25,2026-07-01
S005,P00164,200,25,2026-07-01
S005,P00165,60,25,2026-07-01
S005,P00166,82,25,2026-07-01
S005,P00167,150,25,2026-07-01
S005,P00168,110,25,2026-07-01
S005,P00169,115,25,2026-07-01
S005,P00170,239,25,2026-07-01
S005,P00171,146,25,2026-07-01
S005,P00172,177,25,2026-07-01
S005,P00173,288,25,2026-07-01
S005,P00174,61,25,2026-07-01
S005,P00175,252,25,2026-07-01
S005,P00176,219,25,2026-07-01
S005,P00177,43,25,2026-07-01
S005,P00178,271,25,2026-07-01
S005,P00179,73,25,2026-07-01
S005,P00180,61,25,2026-07-01
S005,P00181,179,25,2026-07-01
S005,P00182,47,25,2026-07-01
S005,P00183,161,25,2026-07-01
S005,P00184,197,25,2026-07-01
S005,P00185,29,25,2026-07-01
S005,P00186,178,25,2026-07-01
S005,P00187,278,25,2026-07-01
S005,P00188,241,25,2026-07-01
S005,P00189,275,25,2026-07-01
S005,P00190,3,25,2026-07-01
S005,P00191,58,25,2026-07-01
S005,P00192,123,25,2026-07-01
S005,P00193,243,25,2026-07-01
S005,P00194,228,25,2026-07-01
S005,P00195,89,25,2026-07-01
S005,P00196,248,25,2026-07-01
S005,P00197,56,25,2026-07-01
S005,P00198,25,25,2026-07-01
S005,P00199,19,25,2026-07-01
S005,P00200,101,25,2026-07-01
S005,P00201,156,25,2026-07-01
S005,P00202,4,25,2026-07-01
S005,P00203,220,25,2026-07-01
S005,P00204,100,25,2026-07-01
S005,P00205,225,25,2026-07-01
S005,P00206,72,25,2026-07-01
S005,P00207,172,25,2026-07-01
S005,P00208,110,25,2026-07-01
S005,P00209,198,25,2026-07-01
S005,P00210,37,25,2026-07-01
S005,P00211,267,25,2026-07-01
S005,P00212,86,25,2026-07-01
S005,P00213,282,25,2026-07-01
S005,P00214,163,25,2026-07-01
S005,P00215,4,25,2026-07-01
S005,P00216,54,25,2026-07-01
S005,P00217,61,25,2026-07-01
S005,P00218,111,25,2026-07-01
S005,P00219,274,25,2026-07-01
S005,P00220,147,25,2026-07-01
S005,P00221,260,25,2026-07-01
S005,P00222,17,25,2026-07-01
S005,P00223,1,25,2026-07-01
S005,P00224,32,25,2026-07-01
S005,P00225,152,25,2026-07-01
S005,P00226,102,25,2026-07-01
S005,P00227,196,25,2026-07-01
S005,P00228,283,25,2026-07-01
S005,P00229,250,25,2026-07-01
S005,P00230,146,25,2026-07-01
S005,P00231,124,25,2026-07-01
S005,P00232,141,25,2026-07-01
S005,P00233,36,25,2026-07-01
S005,P00234,177,25,2026-07-01
S005,P00235,168,25,2026-07-01
S005,P00236,62,25,2026-07-01
S005,P00237,180,25,2026-07-01
S005,P00238,206,25,2026-07-01
S005,P00239,243,25,2026-07-01
S005,P00240,218,25,2026-07-01
S005,P00241,58,25,2026-07-01
S005,P00242,187,25,2026-07-01
S005,P00243,34,25,2026-07-01
S005,P00244,257,25,2026-07-01
S005,P00245,180,25,2026-07-01
S005,P00246,96,25,2026-07-01
S005,P00247,157,25,2026-07-01
S005,P00248,37,25,2026-07-01
S005,P00249,164,25,2026-07-01
S005,P00250,175,25,2026-07-01
S005,P00251,193,25,2026-07-01
S005,P00252,19,25,2026-07-01
S005,P00253,199,25,2026-07-01
S005,P00254,86,25,2026-07-01
S005,P00255,289,25,2026-07-01
S005,P00256,23,25,2026-07-01
S005,P00257,300,25,2026-07-01
S005,P00258,153,25,2026-07-01
S005,P00259,134,25,2026-07-01
S005,P00260,198,25,2026-07-01
S005,P00261,111,25,2026-07-01
S005,P00262,162,25,2026-07-01
S005,P00263,280,25,2026-07-01
S005,P00264,269,25,2026-07-01
S005,P00265,136,25,2026-07-01
S005,P00266,252,25,2026-07-01
S005,P00267,120,25,2026-07-01
S005,P00268,288,25,2026-07-01
S005,P00269,169,25,2026-07-01
S005,P00270,46,25,2026-07-01
S005,P00271,133,25,2026-07-01
S005,P00272,211,25,2026-07-01
S005,P00273,147,25,2026-07-01
S005,P00274,289,25,2026-07-01
S005,P00275,177,25,2026-07-01
S005,P00276,214,25,2026-07-01
S005,P00277,286,25,2026-07-01
S005,P00278,80,25,2026-07-01
S005,P00279,236,25,2026-07-01
S005,P00280,284,25,2026-07-01
S005,P00281,285,25,2026-07-01
S005,P00282,66,25,2026-07-01
S005,P00283,210,25,2026-07-01
S005,P00284,122,25,2026-07-01
S005,P00285,240,25,2026-07-01
S005,P00286,163,25,2026-07-01
S005,P00287,32,25,2026-07-01
S005,P00288,157,25,2026-07-01
S005,P00289,279,25,2026-07-01
S005,P00290,126,25,2026-07-01
S005,P00291,163,25,2026-07-01
S005,P00292,111,25,2026-07-01
S005,P00293,164,25,2026-07-01
S005,P00294,141,25,2026-07-01
S005,P00295,167,25,2026-07-01
S005,P00296,7,25,2026-07-01
S005,P00297,37,25,2026-07-01
S005,P00298,14,25,2026-07-01
S005,P00299,124,25,2026-07-01
S005,P00300,79,25,2026-07-01
S005,P00301,194,25,2026-07-01
S005,P00302,150,25,2026-07-01
S005,P00303,48,25,2026-07-01
S005,P00304,244,25,2026-07-01
S005,P00305,231,25,2026-07-01
S005,P00306,64,25,2026-07-01
S005,P00307,170,25,2026-07-01
S005,P00308,100,25,2026-07-01
S005,P00309,51,25,2026-07-01
S005,P00310,196,25,2026-07-01
S005,P00311,221,25,2026-07-01
S005,P00312,299,25,2026-07-01
S005,P00313,191,25,2026-07-01
S005,P00314,259,25,2026-07-01
S005,P00315,192,25,2026-07-01
S005,P00316,154,25,2026-07-01
S005,P00317,53,25,2026-07-01
S005,P00318,239,25,2026-07-01
S005,P00319,59,25,2026-07-01
S005,P00320,12,25,2026-07-01
S005,P00321,182,25,2026-07-01
S005,P00322,208,25,2026-07-01
S005,P00323,236,25,2026-07-01
S005,P00324,45,25,2026-07-01
S005,P00325,37,25,2026-07-01
S005,P00326,61,25,2026-07-01
S005,P00327,193,25,2026-07-01
S005,P00328,15,25,2026-07-01
S005,P00329,131,25,2026-07-01
S005,P00330,295,25,2026-07-01
S005,P00331,28,25,2026-07-01
S005,P00332,94,25,2026-07-01
S005,P00333,170,25,2026-07-01
S005,P00334,242,25,2026-07-01
S005,P00335,285,25,2026-07-01
S005,P00336,68,25,2026-07-01
S005,P00337,281,25,2026-07-01
S005,P00338,141,25,2026-07-01
S005,P00339,294,25,2026-07-01
S005,P00340,202,25,2026-07-01
S005,P00341,159,25,2026-07-01
S005,P00342,0,25,2026-07-01
S005,P00343,64,25,2026-07-01
S005,P00344,250,25,2026-07-01
S005,P00345,125,25,2026-07-01
S005,P00346,176,25,2026-07-01
S005,P00347,103,25,2026-07-01
S005,P00348,19,25,2026-07-01
S005,P00349,193,25,2026-07-01
S005,P00350,103,25,2026-07-01
S005,P00351,219,25,2026-07-01
S005,P00352,115,25,2026-07-01
S005,P00353,182,25,2026-07-01
S005,P00354,70,25,2026-07-01
S005,P00355,117,25,2026-07-01
S005,P00356,72,25,2026-07-01
S005,P00357,290,25,2026-07-01
S005,P00358,259,25,2026-07-01
S005,P00359,72,25,2026-07-01
S005,P00360,258,25,2026-07-01
S005,P00361,6,25,2026-07-01
S005,P00362,52,25,2026-07-01
S005,P00363,230,25,2026-07-01
S005,P00364,143,25,2026-07-01
S005,P00365,291,25,2026-07-01
S005,P00366,209,25,2026-07-01
S005,P00367,253,25,2026-07-01
S005,P00368,182,25,2026-07-01
S005,P00369,163,25,2026-07-01
S005,P00370,200,25,2026-07-01
S005,P00371,80,25,2026-07-01
S005,P00372,111,25,2026-07-01
S005,P00373,57,25,2026-07-01
S005,P00374,6,25,2026-07-01
S005,P00375,95,25,2026-07-01
S005,P00376,183,25,2026-07-01
S005,P00377,103,25,2026-07-01
S005,P00378,208,25,2026-07-01
S005,P00379,278,25,2026-07-01
S005,P00380,162,25,2026-07-01
S005,P00381,210,25,2026-07-01
S005,P00382,156,25,2026-07-01
S005,P00383,274,25,2026-07-01
S005,P00384,74,25,2026-07-01
S005,P00385,290,25,2026-07-01
S005,P00386,81,25,2026-07-01
S005,P00387,142,25,2026-07-01
S005,P00388,14,25,2026-07-01
S005,P00389,224,25,2026-07-01
S005,P00390,250,25,2026-07-01
S005,P00391,83,25,2026-07-01
S005,P00392,187,25,2026-07-01
S005,P00393,129,25,2026-07-01
S005,P00394,237,25,2026-07-01
S005,P00395,284,25,2026-07-01
S005,P00396,194,25,2026-07-01
S005,P00397,243,25,2026-07-01
S005,P00398,90,25,2026-07-01
S005,P00399,149,25,2026-07-01
S005,P00400,49,25,2026-07-01
S005,P00401,286,25,2026-07-01
S005,P00402,53,25,2026-07-01
S005,P00403,187,25,2026-07-01
S005,P00404,162,25,2026-07-01
S005,P00405,186,25,2026-07-01
S005,P00406,1,25,2026-07-01
S005,P00407,138,25,2026-07-01
S005,P00408,286,25,2026-07-01
S005,P00409,61,25,2026-07-01
S005,P00410,157,25,2026-07-01
S005,P00411,159,25,2026-07-01
S005,P00412,136,25,2026-07-01
S005,P00413,228,25,2026-07-01
S005,P00414,94,25,2026-07-01
S005,P00415,210,25,2026-07-01
S005,P00416,239,25,2026-07-01
S005,P00417,170,25,2026-07-01
S005,P00418,149,25,2026-07-01
S005,P00419,269,25,2026-07-01
S005,P00420,62,25,2026-07-01
S005,P00421,208,25,2026-07-01
S005,P00422,150,25,2026-07-01
S005,P00423,129,25,2026-07-01
S005,P00424,97,25,2026-07-01
S005,P00425,292,25,2026-07-01
S005,P00426,245,25,2026-07-01
S005,P00427,147,25,2026-07-01
S005,P00428,142,25,2026-07-01
S005,P00429,162,25,2026-07-01
S005,P00430,282,25,2026-07-01
S005,P00431,106,25,2026-07-01
S005,P00432,122,25,2026-07-01
S005,P00433,81,25,2026-07-01
S005,P00434,73,25,2026-07-01
S005,P00435,263,25,2026-07-01
S005,P00436,83,25,2026-07-01
S005,P00437,285,25,2026-07-01
S005,P00438,34,25,2026-07-01
S005,P00439,69,25,2026-07-01
S005,P00440,127,25,2026-07-01
S005,P00441,216,25,2026-07-01
S005,P00442,180,25,2026-07-01
S005,P00443,215,25,2026-07-01
S005,P00444,255,25,2026-07-01
S005,P00445,250,25,2026-07-01
S005,P00446,22,25,2026-07-01
S005,P00447,254,25,2026-07-01
S005,P00448,223,25,2026-07-01
S005,P00449,227,25,2026-07-01
S005,P00450,127,25,2026-07-01
S005,P00451,33,25,2026-07-01
S005,P00452,122,25,2026-07-01
S005,P00453,20,25,2026-07-01
S005,P00454,178,25,2026-07-01
S005,P00455,87,25,2026-07-01
S005,P00456,50,25,2026-07-01
S005,P00457,279,25,2026-07-01
S005,P00458,6,25,2026-07-01
S005,P00459,16,25,2026-07-01
S005,P00460,274,25,2026-07-01
S005,P00461,49,25,2026-07-01
S005,P00462,101,25,2026-07-01
S005,P00463,257,25,2026-07-01
S005,P00464,14,25,2026-07-01
S005,P00465,190,25,2026-07-01
S005,P00466,62,25,2026-07-01
S005,P00467,123,25,2026-07-01
S005,P00468,47,25,2026-07-01
S005,P00469,32,25,2026-07-01
S005,P00470,257,25,2026-07-01
S005,P00471,200,25,2026-07-01
S005,P00472,294,25,2026-07-01
S005,P00473,37,25,2026-07-01
S005,P00474,52,25,2026-07-01
S005,P00475,276,25,2026-07-01
S005,P00476,126,25,2026-07-01
S005,P00477,36,25,2026-07-01
S005,P00478,177,25,2026-07-01
S005,P00479,53,25,2026-07-01
S005,P00480,243,25,2026-07-01
S005,P00481,240,25,2026-07-01
S005,P00482,260,25,2026-07-01
S005,P00483,272,25,2026-07-01
S005,P00484,141,25,2026-07-01
S005,P00485,3,25,2026-07-01
S005,P00486,280,25,2026-07-01
S005,P00487,60,25,2026-07-01
S005,P00488,48,25,2026-07-01
S005,P00489,183,25,2026-07-01
S005,P00490,251,25,2026-07-01
S005,P00491,90,25,2026-07-01
S005,P00492,73,25,2026-07-01
S005,P00493,56,25,2026-07-01
S005,P00494,80,25,2026-07-01
S005,P00495,115,25,2026-07-01
S005,P00496,118,25,2026-07-01
S005,P00497,109,25,2026-07-01
S005,P00498,268,25,2026-07-01
S005,P00499,170,25,2026-07-01
S005,P00500,193,25,2026-07-01
S006,P00001,197,25,2026-07-01
S006,P00002,15,25,2026-07-01
S006,P00003,98,25,2026-07-01
S006,P00004,51,25,2026-07-01
S006,P00005,248,25,2026-07-01
S006,P00006,204,25,2026-07-01
S006,P00007,66,25,2026-07-01
S006,P00008,175,25,2026-07-01
S006,P00009,122,25,2026-07-01
S006,P00010,0,25,2026-07-01
S006,P00011,239,25,2026-07-01
S006,P00012,15,25,2026-07-01
S006,P00013,231,25,2026-07-01
S006,P00014,222,25,2026-07-01
S006,P00015,44,25,2026-07-01
S006,P00016,216,25,2026-07-01
S006,P00017,36,25,2026-07-01
S006,P00018,11,25,2026-07-01
S006,P00019,253,25,2026-07-01
S006,P00020,129,25,2026-07-01
S006,P00021,231,25,2026-07-01
S006,P00022,295,25,2026-07-01
S006,P00023,224,25,2026-07-01
S006,P00024,275,25,2026-07-01
S006,P00025,140,25,2026-07-01
S006,P00026,103,25,2026-07-01
S006,P00027,179,25,2026-07-01
S006,P00028,179,25,2026-07-01
S006,P00029,296,25,2026-07-01
S006,P00030,97,25,2026-07-01
S006,P00031,201,25,2026-07-01
S006,P00032,162,25,2026-07-01
S006,P00033,148,25,2026-07-01
S006,P00034,127,25,2026-07-01
S006,P00035,243,25,2026-07-01
S006,P00036,141,25,2026-07-01
S006,P00037,273,25,2026-07-01
S006,P00038,131,25,2026-07-01
S006,P00039,14,25,2026-07-01
S006,P00040,41,25,2026-07-01
S006,P00041,180,25,2026-07-01
S006,P00042,293,25,2026-07-01
S006,P00043,9,25,2026-07-01
S006,P00044,3,25,2026-07-01
S006,P00045,219,25,2026-07-01
S006,P00046,52,25,2026-07-01
S006,P00047,78,25,2026-07-01
S006,P00048,92,25,2026-07-01
S006,P00049,77,25,2026-07-01
S006,P00050,32,25,2026-07-01
S006,P00051,111,25,2026-07-01
S006,P00052,240,25,2026-07-01
S006,P00053,164,25,2026-07-01
S006,P00054,91,25,2026-07-01
S006,P00055,188,25,2026-07-01
S006,P00056,67,25,2026-07-01
S006,P00057,263,25,2026-07-01
S006,P00058,63,25,2026-07-01
S006,P00059,115,25,2026-07-01
S006,P00060,277,25,2026-07-01
S006,P00061,97,25,2026-07-01
S006,P00062,237,25,2026-07-01
S006,P00063,276,25,2026-07-01
S006,P00064,261,25,2026-07-01
S006,P00065,244,25,2026-07-01
S006,P00066,74,25,2026-07-01
S006,P00067,62,25,2026-07-01
S006,P00068,235,25,2026-07-01
S006,P00069,152,25,2026-07-01
S006,P00070,236,25,2026-07-01
S006,P00071,172,25,2026-07-01
S006,P00072,142,25,2026-07-01
S006,P00073,155,25,2026-07-01
S006,P00074,121,25,2026-07-01
S006,P00075,189,25,2026-07-01
S006,P00076,97,25,2026-07-01
S006,P00077,219,25,2026-07-01
S006,P00078,2,25,2026-07-01
S006,P00079,38,25,2026-07-01
S006,P00080,114,25,2026-07-01
S006,P00081,240,25,2026-07-01
S006,P00082,179,25,2026-07-01
S006,P00083,292,25,2026-07-01
S006,P00084,122,25,2026-07-01
S006,P00085,18,25,2026-07-01
S006,P00086,31,25,2026-07-01
S006,P00087,114,25,2026-07-01
S006,P00088,68,25,2026-07-01
S006,P00089,269,25,2026-07-01
S006,P00090,103,25,2026-07-01
S006,P00091,284,25,2026-07-01
S006,P00092,144,25,2026-07-01
S006,P00093,27,25,2026-07-01
S006,P00094,170,25,2026-07-01
S006,P00095,120,25,2026-07-01
S006,P00096,193,25,2026-07-01
S006,P00097,180,25,2026-07-01
S006,P00098,218,25,2026-07-01
S006,P00099,15,25,2026-07-01
S006,P00100,228,25,2026-07-01
S006,P00101,228,25,2026-07-01
S006,P00102,123,25,2026-07-01
S006,P00103,272,25,2026-07-01
S006,P00104,136,25,2026-07-01
S006,P00105,125,25,2026-07-01
S006,P00106,82,25,2026-07-01
S006,P00107,45,25,2026-07-01
S006,P00108,93,25,2026-07-01
S006,P00109,233,25,2026-07-01
S006,P00110,262,25,2026-07-01
S006,P00111,283,25,2026-07-01
S006,P00112,1,25,2026-07-01
S006,P00113,116,25,2026-07-01
S006,P00114,284,25,2026-07-01
S006,P00115,38,25,2026-07-01
S006,P00116,88,25,2026-07-01
S006,P00117,9,25,2026-07-01
S006,P00118,265,25,2026-07-01
S006,P00119,272,25,2026-07-01
S006,P00120,152,25,2026-07-01
S006,P00121,30,25,2026-07-01
S006,P00122,92,25,2026-07-01
S006,P00123,84,25,2026-07-01
S006,P00124,10,25,2026-07-01
S006,P00125,227,25,2026-07-01
S006,P00126,114,25,2026-07-01
S006,P00127,138,25,2026-07-01
S006,P00128,224,25,2026-07-01
S006,P00129,189,25,2026-07-01
S006,P00130,150,25,2026-07-01
S006,P00131,297,25,2026-07-01
S006,P00132,167,25,2026-07-01
S006,P00133,108,25,2026-07-01
S006,P00134,42,25,2026-07-01
S006,P00135,263,25,2026-07-01
S006,P00136,279,25,2026-07-01
S006,P00137,50,25,2026-07-01
S006,P00138,33,25,2026-07-01
S006,P00139,138,25,2026-07-01
S006,P00140,241,25,2026-07-01
S006,P00141,240,25,2026-07-01
S006,P00142,149,25,2026-07-01
S006,P00143,52,25,2026-07-01
S006,P00144,198,25,2026-07-01
S006,P00145,84,25,2026-07-01
S006,P00146,182,25,2026-07-01
S006,P00147,86,25,2026-07-01
S006,P00148,123,25,2026-07-01
S006,P00149,203,25,2026-07-01
S006,P00150,296,25,2026-07-01
S006,P00151,154,25,2026-07-01
S006,P00152,143,25,2026-07-01
S006,P00153,229,25,2026-07-01
S006,P00154,270,25,2026-07-01
S006,P00155,242,25,2026-07-01
S006,P00156,1,25,2026-07-01
S006,P00157,21,25,2026-07-01
S006,P00158,237,25,2026-07-01
S006,P00159,242,25,2026-07-01
S006,P00160,123,25,2026-07-01
S006,P00161,35,25,2026-07-01
S006,P00162,277,25,2026-07-01
S006,P00163,269,25,2026-07-01
S006,P00164,91,25,2026-07-01
S006,P00165,196,25,2026-07-01
S006,P00166,176,25,2026-07-01
S006,P00167,136,25,2026-07-01
S006,P00168,296,25,2026-07-01
S006,P00169,195,25,2026-07-01
S006,P00170,123,25,2026-07-01
S006,P00171,108,25,2026-07-01
S006,P00172,128,25,2026-07-01
S006,P00173,70,25,2026-07-01
S006,P00174,135,25,2026-07-01
S006,P00175,152,25,2026-07-01
S006,P00176,73,25,2026-07-01
S006,P00177,246,25,2026-07-01
S006,P00178,223,25,2026-07-01
S006,P00179,137,25,2026-07-01
S006,P00180,91,25,2026-07-01
S006,P00181,165,25,2026-07-01
S006,P00182,201,25,2026-07-01
S006,P00183,211,25,2026-07-01
S006,P00184,254,25,2026-07-01
S006,P00185,104,25,2026-07-01
S006,P00186,284,25,2026-07-01
S006,P00187,231,25,2026-07-01
S006,P00188,166,25,2026-07-01
S006,P00189,193,25,2026-07-01
S006,P00190,251,25,2026-07-01
S006,P00191,83,25,2026-07-01
S006,P00192,226,25,2026-07-01
S006,P00193,246,25,2026-07-01
S006,P00194,96,25,2026-07-01
S006,P00195,67,25,2026-07-01
S006,P00196,32,25,2026-07-01
S006,P00197,35,25,2026-07-01
S006,P00198,164,25,2026-07-01
S006,P00199,92,25,2026-07-01
S006,P00200,225,25,2026-07-01
S006,P00201,12,25,2026-07-01
S006,P00202,161,25,2026-07-01
S006,P00203,223,25,2026-07-01
S006,P00204,22,25,2026-07-01
S006,P00205,134,25,2026-07-01
S006,P00206,290,25,2026-07-01
S006,P00207,229,25,2026-07-01
S006,P00208,48,25,2026-07-01
S006,P00209,11,25,2026-07-01
S006,P00210,116,25,2026-07-01
S006,P00211,213,25,2026-07-01
S006,P00212,183,25,2026-07-01
S006,P00213,173,25,2026-07-01
S006,P00214,102,25,2026-07-01
S006,P00215,101,25,2026-07-01
S006,P00216,252,25,2026-07-01
S006,P00217,139,25,2026-07-01
S006,P00218,112,25,2026-07-01
S006,P00219,259,25,2026-07-01
S006,P00220,28,25,2026-07-01
S006,P00221,25,25,2026-07-01
S006,P00222,233,25,2026-07-01
S006,P00223,54,25,2026-07-01
S006,P00224,227,25,2026-07-01
S006,P00225,219,25,2026-07-01
S006,P00226,288,25,2026-07-01
S006,P00227,27,25,2026-07-01
S006,P00228,182,25,2026-07-01
S006,P00229,175,25,2026-07-01
S006,P00230,252,25,2026-07-01
S006,P00231,15,25,2026-07-01
S006,P00232,228,25,2026-07-01
S006,P00233,18,25,2026-07-01
S006,P00234,221,25,2026-07-01
S006,P00235,182,25,2026-07-01
S006,P00236,247,25,2026-07-01
S006,P00237,13,25,2026-07-01
S006,P00238,177,25,2026-07-01
S006,P00239,238,25,2026-07-01
S006,P00240,170,25,2026-07-01
S006,P00241,89,25,2026-07-01
S006,P00242,61,25,2026-07-01
S006,P00243,107,25,2026-07-01
S006,P00244,46,25,2026-07-01
S006,P00245,32,25,2026-07-01
S006,P00246,178,25,2026-07-01
S006,P00247,7,25,2026-07-01
S006,P00248,228,25,2026-07-01
S006,P00249,121,25,2026-07-01
S006,P00250,69,25,2026-07-01
S006,P00251,207,25,2026-07-01
S006,P00252,44,25,2026-07-01
S006,P00253,30,25,2026-07-01
S006,P00254,190,25,2026-07-01
S006,P00255,65,25,2026-07-01
S006,P00256,14,25,2026-07-01
S006,P00257,184,25,2026-07-01
S006,P00258,227,25,2026-07-01
S006,P00259,179,25,2026-07-01
S006,P00260,40,25,2026-07-01
S006,P00261,55,25,2026-07-01
S006,P00262,227,25,2026-07-01
S006,P00263,270,25,2026-07-01
S006,P00264,145,25,2026-07-01
S006,P00265,173,25,2026-07-01
S006,P00266,157,25,2026-07-01
S006,P00267,251,25,2026-07-01
S006,P00268,92,25,2026-07-01
S006,P00269,195,25,2026-07-01
S006,P00270,188,25,2026-07-01
S006,P00271,132,25,2026-07-01
S006,P00272,23,25,2026-07-01
S006,P00273,85,25,2026-07-01
S006,P00274,139,25,2026-07-01
S006,P00275,297,25,2026-07-01
S006,P00276,217,25,2026-07-01
S006,P00277,67,25,2026-07-01
S006,P00278,133,25,2026-07-01
S006,P00279,231,25,2026-07-01
S006,P00280,15,25,2026-07-01
S006,P00281,158,25,2026-07-01
S006,P00282,240,25,2026-07-01
S006,P00283,7,25,2026-07-01
S006,P00284,235,25,2026-07-01
S006,P00285,95,25,2026-07-01
S006,P00286,65,25,2026-07-01
S006,P00287,293,25,2026-07-01
S006,P00288,121,25,2026-07-01
S006,P00289,115,25,2026-07-01
S006,P00290,172,25,2026-07-01
S006,P00291,126,25,2026-07-01
S006,P00292,73,25,2026-07-01
S006,P00293,281,25,2026-07-01
S006,P00294,54,25,2026-07-01
S006,P00295,194,25,2026-07-01
S006,P00296,186,25,2026-07-01
S006,P00297,238,25,2026-07-01
S006,P00298,253,25,2026-07-01
S006,P00299,264,25,2026-07-01
S006,P00300,210,25,2026-07-01
S006,P00301,7,25,2026-07-01
S006,P00302,153,25,2026-07-01
S006,P00303,298,25,2026-07-01
S006,P00304,42,25,2026-07-01
S006,P00305,139,25,2026-07-01
S006,P00306,120,25,2026-07-01
S006,P00307,283,25,2026-07-01
S006,P00308,204,25,2026-07-01
S006,P00309,224,25,2026-07-01
S006,P00310,228,25,2026-07-01
S006,P00311,122,25,2026-07-01
S006,P00312,35,25,2026-07-01
S006,P00313,29,25,2026-07-01
S006,P00314,75,25,2026-07-01
S006,P00315,152,25,2026-07-01
S006,P00316,135,25,2026-07-01
S006,P00317,202,25,2026-07-01
S006,P00318,24,25,2026-07-01
S006,P00319,98,25,2026-07-01
S006,P00320,213,25,2026-07-01
S006,P00321,70,25,2026-07-01
S006,P00322,111,25,2026-07-01
S006,P00323,181,25,2026-07-01
S006,P00324,54,25,2026-07-01
S006,P00325,195,25,2026-07-01
S006,P00326,4,25,2026-07-01
S006,P00327,44,25,2026-07-01
S006,P00328,172,25,2026-07-01
S006,P00329,122,25,2026-07-01
S006,P00330,58,25,2026-07-01
S006,P00331,206,25,2026-07-01
S006,P00332,101,25,2026-07-01
S006,P00333,208,25,2026-07-01
S006,P00334,111,25,2026-07-01
S006,P00335,106,25,2026-07-01
S006,P00336,45,25,2026-07-01
S006,P00337,111,25,2026-07-01
S006,P00338,29,25,2026-07-01
S006,P00339,226,25,2026-07-01
S006,P00340,131,25,2026-07-01
S006,P00341,156,25,2026-07-01
S006,P00342,95,25,2026-07-01
S006,P00343,194,25,2026-07-01
S006,P00344,252,25,2026-07-01
S006,P00345,47,25,2026-07-01
S006,P00346,237,25,2026-07-01
S006,P00347,107,25,2026-07-01
S006,P00348,31,25,2026-07-01
S006,P00349,136,25,2026-07-01
S006,P00350,228,25,2026-07-01
S006,P00351,223,25,2026-07-01
S006,P00352,87,25,2026-07-01
S006,P00353,161,25,2026-07-01
S006,P00354,273,25,2026-07-01
S006,P00355,49,25,2026-07-01
S006,P00356,285,25,2026-07-01
S006,P00357,154,25,2026-07-01
S006,P00358,253,25,2026-07-01
S006,P00359,18,25,2026-07-01
S006,P00360,46,25,2026-07-01
S006,P00361,189,25,2026-07-01
S006,P00362,183,25,2026-07-01
S006,P00363,87,25,2026-07-01
S006,P00364,270,25,2026-07-01
S006,P00365,16,25,2026-07-01
S006,P00366,195,25,2026-07-01
S006,P00367,41,25,2026-07-01
S006,P00368,186,25,2026-07-01
S006,P00369,84,25,2026-07-01
S006,P00370,162,25,2026-07-01
S006,P00371,242,25,2026-07-01
S006,P00372,264,25,2026-07-01
S006,P00373,110,25,2026-07-01
S006,P00374,74,25,2026-07-01
S006,P00375,114,25,2026-07-01
S006,P00376,231,25,2026-07-01
S006,P00377,46,25,2026-07-01
S006,P00378,88,25,2026-07-01
S006,P00379,217,25,2026-07-01
S006,P00380,173,25,2026-07-01
S006,P00381,47,25,2026-07-01
S006,P00382,102,25,2026-07-01
S006,P00383,235,25,2026-07-01
S006,P00384,166,25,2026-07-01
S006,P00385,210,25,2026-07-01
S006,P00386,47,25,2026-07-01
S006,P00387,93,25,2026-07-01
S006,P00388,272,25,2026-07-01
S006,P00389,184,25,2026-07-01
S006,P00390,76,25,2026-07-01
S006,P00391,259,25,2026-07-01
S006,P00392,22,25,2026-07-01
S006,P00393,6,25,2026-07-01
S006,P00394,79,25,2026-07-01
S006,P00395,48,25,2026-07-01
S006,P00396,86,25,2026-07-01
S006,P00397,157,25,2026-07-01
S006,P00398,232,25,2026-07-01
S006,P00399,83,25,2026-07-01
S006,P00400,281,25,2026-07-01
S006,P00401,17,25,2026-07-01
S006,P00402,171,25,2026-07-01
S006,P00403,116,25,2026-07-01
S006,P00404,50,25,2026-07-01
S006,P00405,127,25,2026-07-01
S006,P00406,88,25,2026-07-01
S006,P00407,179,25,2026-07-01
S006,P00408,13,25,2026-07-01
S006,P00409,252,25,2026-07-01
S006,P00410,193,25,2026-07-01
S006,P00411,73,25,2026-07-01
S006,P00412,164,25,2026-07-01
S006,P00413,168,25,2026-07-01
S006,P00414,39,25,2026-07-01
S006,P00415,23,25,2026-07-01
S006,P00416,113,25,2026-07-01
S006,P00417,5,25,2026-07-01
S006,P00418,250,25,2026-07-01
S006,P00419,266,25,2026-07-01
S006,P00420,185,25,2026-07-01
S006,P00421,277,25,2026-07-01
S006,P00422,214,25,2026-07-01
S006,P00423,152,25,2026-07-01
S006,P00424,124,25,2026-07-01
S006,P00425,196,25,2026-07-01
S006,P00426,296,25,2026-07-01
S006,P00427,257,25,2026-07-01
S006,P00428,28,25,2026-07-01
S006,P00429,0,25,2026-07-01
S006,P00430,79,25,2026-07-01
S006,P00431,163,25,2026-07-01
S006,P00432,221,25,2026-07-01
S006,P00433,222,25,2026-07-01
S006,P00434,140,25,2026-07-01
S006,P00435,43,25,2026-07-01
S006,P00436,24,25,2026-07-01
S006,P00437,203,25,2026-07-01
S006,P00438,161,25,2026-07-01
S006,P00439,207,25,2026-07-01
S006,P00440,179,25,2026-07-01
S006,P00441,262,25,2026-07-01
S006,P00442,18,25,2026-07-01
S006,P00443,111,25,2026-07-01
S006,P00444,8,25,2026-07-01
S006,P00445,71,25,2026-07-01
S006,P00446,141,25,2026-07-01
S006,P00447,13,25,2026-07-01
S006,P00448,205,25,2026-07-01
S006,P00449,251,25,2026-07-01
S006,P00450,250,25,2026-07-01
S006,P00451,138,25,2026-07-01
S006,P00452,109,25,2026-07-01
S006,P00453,188,25,2026-07-01
S006,P00454,127,25,2026-07-01
S006,P00455,104,25,2026-07-01
S006,P00456,251,25,2026-07-01
S006,P00457,91,25,2026-07-01
S006,P00458,87,25,2026-07-01
S006,P00459,266,25,2026-07-01
S006,P00460,237,25,2026-07-01
S006,P00461,135,25,2026-07-01
S006,P00462,180,25,2026-07-01
S006,P00463,293,25,2026-07-01
S006,P00464,216,25,2026-07-01
S006,P00465,82,25,2026-07-01
S006,P00466,123,25,2026-07-01
S006,P00467,24,25,2026-07-01
S006,P00468,38,25,2026-07-01
S006,P00469,30,25,2026-07-01
S006,P00470,38,25,2026-07-01
S006,P00471,61,25,2026-07-01
S006,P00472,125,25,2026-07-01
S006,P00473,101,25,2026-07-01
S006,P00474,18,25,2026-07-01
S006,P00475,180,25,2026-07-01
S006,P00476,164,25,2026-07-01
S006,P00477,207,25,2026-07-01
S006,P00478,154,25,2026-07-01
S006,P00479,138,25,2026-07-01
S006,P00480,284,25,2026-07-01
S006,P00481,129,25,2026-07-01
S006,P00482,281,25,2026-07-01
S006,P00483,186,25,2026-07-01
S006,P00484,70,25,2026-07-01
S006,P00485,35,25,2026-07-01
S006,P00486,168,25,2026-07-01
S006,P00487,176,25,2026-07-01
S006,P00488,258,25,2026-07-01
S006,P00489,19,25,2026-07-01
S006,P00490,73,25,2026-07-01
S006,P00491,253,25,2026-07-01
S006,P00492,296,25,2026-07-01
S006,P00493,213,25,2026-07-01
S006,P00494,211,25,2026-07-01
S006,P00495,19,25,2026-07-01
S006,P00496,100,25,2026-07-01
S006,P00497,55,25,2026-07-01
S006,P00498,8,25,2026-07-01
S006,P00499,218,25,2026-07-01
S006,P00500,85,25,2026-07-01
S007,P00001,259,25,2026-07-01
S007,P00002,120,25,2026-07-01
S007,P00003,269,25,2026-07-01
S007,P00004,148,25,2026-07-01
S007,P00005,283,25,2026-07-01
S007,P00006,225,25,2026-07-01
S007,P00007,10,25,2026-07-01
S007,P00008,66,25,2026-07-01
S007,P00009,190,25,2026-07-01
S007,P00010,230,25,2026-07-01
S007,P00011,240,25,2026-07-01
S007,P00012,115,25,2026-07-01
S007,P00013,239,25,2026-07-01
S007,P00014,216,25,2026-07-01
S007,P00015,263,25,2026-07-01
S007,P00016,248,25,2026-07-01
S007,P00017,298,25,2026-07-01
S007,P00018,110,25,2026-07-01
S007,P00019,256,25,2026-07-01
S007,P00020,212,25,2026-07-01
S007,P00021,1,25,2026-07-01
S007,P00022,46,25,2026-07-01
S007,P00023,62,25,2026-07-01
S007,P00024,59,25,2026-07-01
S007,P00025,270,25,2026-07-01
S007,P00026,60,25,2026-07-01
S007,P00027,3,25,2026-07-01
S007,P00028,183,25,2026-07-01
S007,P00029,146,25,2026-07-01
S007,P00030,197,25,2026-07-01
S007,P00031,59,25,2026-07-01
S007,P00032,183,25,2026-07-01
S007,P00033,51,25,2026-07-01
S007,P00034,151,25,2026-07-01
S007,P00035,32,25,2026-07-01
S007,P00036,269,25,2026-07-01
S007,P00037,144,25,2026-07-01
S007,P00038,224,25,2026-07-01
S007,P00039,180,25,2026-07-01
S007,P00040,87,25,2026-07-01
S007,P00041,110,25,2026-07-01
S007,P00042,19,25,2026-07-01
S007,P00043,156,25,2026-07-01
S007,P00044,190,25,2026-07-01
S007,P00045,296,25,2026-07-01
S007,P00046,159,25,2026-07-01
S007,P00047,115,25,2026-07-01
S007,P00048,163,25,2026-07-01
S007,P00049,136,25,2026-07-01
S007,P00050,294,25,2026-07-01
S007,P00051,267,25,2026-07-01
S007,P00052,128,25,2026-07-01
S007,P00053,192,25,2026-07-01
S007,P00054,116,25,2026-07-01
S007,P00055,215,25,2026-07-01
S007,P00056,114,25,2026-07-01
S007,P00057,288,25,2026-07-01
S007,P00058,22,25,2026-07-01
S007,P00059,293,25,2026-07-01
S007,P00060,175,25,2026-07-01
S007,P00061,108,25,2026-07-01
S007,P00062,269,25,2026-07-01
S007,P00063,142,25,2026-07-01
S007,P00064,50,25,2026-07-01
S007,P00065,196,25,2026-07-01
S007,P00066,273,25,2026-07-01
S007,P00067,223,25,2026-07-01
S007,P00068,232,25,2026-07-01
S007,P00069,163,25,2026-07-01
S007,P00070,6,25,2026-07-01
S007,P00071,114,25,2026-07-01
S007,P00072,54,25,2026-07-01
S007,P00073,21,25,2026-07-01
S007,P00074,299,25,2026-07-01
S007,P00075,16,25,2026-07-01
S007,P00076,276,25,2026-07-01
S007,P00077,111,25,2026-07-01
S007,P00078,242,25,2026-07-01
S007,P00079,140,25,2026-07-01
S007,P00080,141,25,2026-07-01
S007,P00081,42,25,2026-07-01
S007,P00082,100,25,2026-07-01
S007,P00083,137,25,2026-07-01
S007,P00084,31,25,2026-07-01
S007,P00085,243,25,2026-07-01
S007,P00086,283,25,2026-07-01
S007,P00087,110,25,2026-07-01
S007,P00088,66,25,2026-07-01
S007,P00089,123,25,2026-07-01
S007,P00090,229,25,2026-07-01
S007,P00091,111,25,2026-07-01
S007,P00092,222,25,2026-07-01
S007,P00093,284,25,2026-07-01
S007,P00094,27,25,2026-07-01
S007,P00095,4,25,2026-07-01
S007,P00096,256,25,2026-07-01
S007,P00097,161,25,2026-07-01
S007,P00098,90,25,2026-07-01
S007,P00099,93,25,2026-07-01
S007,P00100,14,25,2026-07-01
S007,P00101,204,25,2026-07-01
S007,P00102,269,25,2026-07-01
S007,P00103,170,25,2026-07-01
S007,P00104,162,25,2026-07-01
S007,P00105,105,25,2026-07-01
S007,P00106,113,25,2026-07-01
S007,P00107,271,25,2026-07-01
S007,P00108,289,25,2026-07-01
S007,P00109,170,25,2026-07-01
S007,P00110,79,25,2026-07-01
S007,P00111,114,25,2026-07-01
S007,P00112,282,25,2026-07-01
S007,P00113,50,25,2026-07-01
S007,P00114,221,25,2026-07-01
S007,P00115,72,25,2026-07-01
S007,P00116,36,25,2026-07-01
S007,P00117,19,25,2026-07-01
S007,P00118,177,25,2026-07-01
S007,P00119,293,25,2026-07-01
S007,P00120,82,25,2026-07-01
S007,P00121,108,25,2026-07-01
S007,P00122,193,25,2026-07-01
S007,P00123,5,25,2026-07-01
S007,P00124,182,25,2026-07-01
S007,P00125,141,25,2026-07-01
S007,P00126,133,25,2026-07-01
S007,P00127,174,25,2026-07-01
S007,P00128,152,25,2026-07-01
S007,P00129,273,25,2026-07-01
S007,P00130,174,25,2026-07-01
S007,P00131,142,25,2026-07-01
S007,P00132,222,25,2026-07-01
S007,P00133,106,25,2026-07-01
S007,P00134,23,25,2026-07-01
S007,P00135,257,25,2026-07-01
S007,P00136,8,25,2026-07-01
S007,P00137,252,25,2026-07-01
S007,P00138,191,25,2026-07-01
S007,P00139,156,25,2026-07-01
S007,P00140,10,25,2026-07-01
S007,P00141,231,25,2026-07-01
S007,P00142,22,25,2026-07-01
S007,P00143,270,25,2026-07-01
S007,P00144,196,25,2026-07-01
S007,P00145,92,25,2026-07-01
S007,P00146,95,25,2026-07-01
S007,P00147,296,25,2026-07-01
S007,P00148,104,25,2026-07-01
S007,P00149,224,25,2026-07-01
S007,P00150,98,25,2026-07-01
S007,P00151,74,25,2026-07-01
S007,P00152,205,25,2026-07-01
S007,P00153,161,25,2026-07-01
S007,P00154,300,25,2026-07-01
S007,P00155,211,25,2026-07-01
S007,P00156,189,25,2026-07-01
S007,P00157,37,25,2026-07-01
S007,P00158,42,25,2026-07-01
S007,P00159,203,25,2026-07-01
S007,P00160,92,25,2026-07-01
S007,P00161,230,25,2026-07-01
S007,P00162,5,25,2026-07-01
S007,P00163,248,25,2026-07-01
S007,P00164,80,25,2026-07-01
S007,P00165,42,25,2026-07-01
S007,P00166,193,25,2026-07-01
S007,P00167,194,25,2026-07-01
S007,P00168,274,25,2026-07-01
S007,P00169,265,25,2026-07-01
S007,P00170,201,25,2026-07-01
S007,P00171,207,25,2026-07-01
S007,P00172,148,25,2026-07-01
S007,P00173,41,25,2026-07-01
S007,P00174,148,25,2026-07-01
S007,P00175,227,25,2026-07-01
S007,P00176,268,25,2026-07-01
S007,P00177,184,25,2026-07-01
S007,P00178,84,25,2026-07-01
S007,P00179,157,25,2026-07-01
S007,P00180,93,25,2026-07-01
S007,P00181,194,25,2026-07-01
S007,P00182,33,25,2026-07-01
S007,P00183,294,25,2026-07-01
S007,P00184,288,25,2026-07-01
S007,P00185,40,25,2026-07-01
S007,P00186,284,25,2026-07-01
S007,P00187,67,25,2026-07-01
S007,P00188,210,25,2026-07-01
S007,P00189,217,25,2026-07-01
S007,P00190,71,25,2026-07-01
S007,P00191,202,25,2026-07-01
S007,P00192,131,25,2026-07-01
S007,P00193,54,25,2026-07-01
S007,P00194,78,25,2026-07-01
S007,P00195,34,25,2026-07-01
S007,P00196,239,25,2026-07-01
S007,P00197,265,25,2026-07-01
S007,P00198,224,25,2026-07-01
S007,P00199,199,25,2026-07-01
S007,P00200,7,25,2026-07-01
S007,P00201,149,25,2026-07-01
S007,P00202,209,25,2026-07-01
S007,P00203,128,25,2026-07-01
S007,P00204,132,25,2026-07-01
S007,P00205,27,25,2026-07-01
S007,P00206,16,25,2026-07-01
S007,P00207,119,25,2026-07-01
S007,P00208,147,25,2026-07-01
S007,P00209,68,25,2026-07-01
S007,P00210,136,25,2026-07-01
S007,P00211,227,25,2026-07-01
S007,P00212,24,25,2026-07-01
S007,P00213,119,25,2026-07-01
S007,P00214,227,25,2026-07-01
S007,P00215,290,25,2026-07-01
S007,P00216,225,25,2026-07-01
S007,P00217,262,25,2026-07-01
S007,P00218,200,25,2026-07-01
S007,P00219,217,25,2026-07-01
S007,P00220,23,25,2026-07-01
S007,P00221,157,25,2026-07-01
S007,P00222,142,25,2026-07-01
S007,P00223,264,25,2026-07-01
S007,P00224,247,25,2026-07-01
S007,P00225,47,25,2026-07-01
S007,P00226,14,25,2026-07-01
S007,P00227,298,25,2026-07-01
S007,P00228,147,25,2026-07-01
S007,P00229,22,25,2026-07-01
S007,P00230,281,25,2026-07-01
S007,P00231,86,25,2026-07-01
S007,P00232,139,25,2026-07-01
S007,P00233,74,25,2026-07-01
S007,P00234,58,25,2026-07-01
S007,P00235,8,25,2026-07-01
S007,P00236,217,25,2026-07-01
S007,P00237,190,25,2026-07-01
S007,P00238,210,25,2026-07-01
S007,P00239,257,25,2026-07-01
S007,P00240,8,25,2026-07-01
S007,P00241,29,25,2026-07-01
S007,P00242,120,25,2026-07-01
S007,P00243,287,25,2026-07-01
S007,P00244,298,25,2026-07-01
S007,P00245,121,25,2026-07-01
S007,P00246,82,25,2026-07-01
S007,P00247,80,25,2026-07-01
S007,P00248,49,25,2026-07-01
S007,P00249,92,25,2026-07-01
S007,P00250,85,25,2026-07-01
S007,P00251,93,25,2026-07-01
S007,P00252,82,25,2026-07-01
S007,P00253,170,25,2026-07-01
S007,P00254,37,25,2026-07-01
S007,P00255,96,25,2026-07-01
S007,P00256,86,25,2026-07-01
S007,P00257,141,25,2026-07-01
S007,P00258,16,25,2026-07-01
S007,P00259,161,25,2026-07-01
S007,P00260,184,25,2026-07-01
S007,P00261,268,25,2026-07-01
S007,P00262,158,25,2026-07-01
S007,P00263,6,25,2026-07-01
S007,P00264,272,25,2026-07-01
S007,P00265,89,25,2026-07-01
S007,P00266,262,25,2026-07-01
S007,P00267,52,25,2026-07-01
S007,P00268,152,25,2026-07-01
S007,P00269,271,25,2026-07-01
S007,P00270,298,25,2026-07-01
S007,P00271,252,25,2026-07-01
S007,P00272,216,25,2026-07-01
S007,P00273,101,25,2026-07-01
S007,P00274,245,25,2026-07-01
S007,P00275,143,25,2026-07-01
S007,P00276,133,25,2026-07-01
S007,P00277,121,25,2026-07-01
S007,P00278,158,25,2026-07-01
S007,P00279,89,25,2026-07-01
S007,P00280,160,25,2026-07-01
S007,P00281,70,25,2026-07-01
S007,P00282,191,25,2026-07-01
S007,P00283,133,25,2026-07-01
S007,P00284,190,25,2026-07-01
S007,P00285,67,25,2026-07-01
S007,P00286,77,25,2026-07-01
S007,P00287,242,25,2026-07-01
S007,P00288,233,25,2026-07-01
S007,P00289,176,25,2026-07-01
S007,P00290,280,25,2026-07-01
S007,P00291,254,25,2026-07-01
S007,P00292,193,25,2026-07-01
S007,P00293,125,25,2026-07-01
S007,P00294,147,25,2026-07-01
S007,P00295,275,25,2026-07-01
S007,P00296,269,25,2026-07-01
S007,P00297,31,25,2026-07-01
S007,P00298,275,25,2026-07-01
S007,P00299,128,25,2026-07-01
S007,P00300,17,25,2026-07-01
S007,P00301,227,25,2026-07-01
S007,P00302,159,25,2026-07-01
S007,P00303,164,25,2026-07-01
S007,P00304,178,25,2026-07-01
S007,P00305,48,25,2026-07-01
S007,P00306,35,25,2026-07-01
S007,P00307,294,25,2026-07-01
S007,P00308,164,25,2026-07-01
S007,P00309,189,25,2026-07-01
S007,P00310,107,25,2026-07-01
S007,P00311,244,25,2026-07-01
S007,P00312,197,25,2026-07-01
S007,P00313,292,25,2026-07-01
S007,P00314,271,25,2026-07-01
S007,P00315,100,25,2026-07-01
S007,P00316,90,25,2026-07-01
S007,P00317,171,25,2026-07-01
S007,P00318,69,25,2026-07-01
S007,P00319,176,25,2026-07-01
S007,P00320,127,25,2026-07-01
S007,P00321,201,25,2026-07-01
S007,P00322,172,25,2026-07-01
S007,P00323,19,25,2026-07-01
S007,P00324,97,25,2026-07-01
S007,P00325,127,25,2026-07-01
S007,P00326,229,25,2026-07-01
S007,P00327,128,25,2026-07-01
S007,P00328,13,25,2026-07-01
S007,P00329,49,25,2026-07-01
S007,P00330,86,25,2026-07-01
S007,P00331,267,25,2026-07-01
S007,P00332,35,25,2026-07-01
S007,P00333,216,25,2026-07-01
S007,P00334,123,25,2026-07-01
S007,P00335,299,25,2026-07-01
S007,P00336,174,25,2026-07-01
S007,P00337,114,25,2026-07-01
S007,P00338,142,25,2026-07-01
S007,P00339,29,25,2026-07-01
S007,P00340,204,25,2026-07-01
S007,P00341,241,25,2026-07-01
S007,P00342,239,25,2026-07-01
S007,P00343,253,25,2026-07-01
S007,P00344,68,25,2026-07-01
S007,P00345,169,25,2026-07-01
S007,P00346,284,25,2026-07-01
S007,P00347,163,25,2026-07-01
S007,P00348,115,25,2026-07-01
S007,P00349,60,25,2026-07-01
S007,P00350,275,25,2026-07-01
S007,P00351,208,25,2026-07-01
S007,P00352,7,25,2026-07-01
S007,P00353,221,25,2026-07-01
S007,P00354,74,25,2026-07-01
S007,P00355,284,25,2026-07-01
S007,P00356,274,25,2026-07-01
S007,P00357,235,25,2026-07-01
S007,P00358,114,25,2026-07-01
S007,P00359,105,25,2026-07-01
S007,P00360,242,25,2026-07-01
S007,P00361,158,25,2026-07-01
S007,P00362,17,25,2026-07-01
S007,P00363,132,25,2026-07-01
S007,P00364,291,25,2026-07-01
S007,P00365,201,25,2026-07-01
S007,P00366,242,25,2026-07-01
S007,P00367,37,25,2026-07-01
S007,P00368,248,25,2026-07-01
S007,P00369,37,25,2026-07-01
S007,P00370,20,25,2026-07-01
S007,P00371,220,25,2026-07-01
S007,P00372,289,25,2026-07-01
S007,P00373,186,25,2026-07-01
S007,P00374,248,25,2026-07-01
S007,P00375,288,25,2026-07-01
S007,P00376,48,25,2026-07-01
S007,P00377,187,25,2026-07-01
S007,P00378,20,25,2026-07-01
S007,P00379,132,25,2026-07-01
S007,P00380,97,25,2026-07-01
S007,P00381,173,25,2026-07-01
S007,P00382,7,25,2026-07-01
S007,P00383,191,25,2026-07-01
S007,P00384,21,25,2026-07-01
S007,P00385,167,25,2026-07-01
S007,P00386,188,25,2026-07-01
S007,P00387,128,25,2026-07-01
S007,P00388,141,25,2026-07-01
S007,P00389,83,25,2026-07-01
S007,P00390,216,25,2026-07-01
S007,P00391,68,25,2026-07-01
S007,P00392,42,25,2026-07-01
S007,P00393,282,25,2026-07-01
S007,P00394,216,25,2026-07-01
S007,P00395,234,25,2026-07-01
S007,P00396,119,25,2026-07-01
S007,P00397,36,25,2026-07-01
S007,P00398,196,25,2026-07-01
S007,P00399,21,25,2026-07-01
S007,P00400,270,25,2026-07-01
S007,P00401,200,25,2026-07-01
S007,P00402,123,25,2026-07-01
S007,P00403,103,25,2026-07-01
S007,P00404,141,25,2026-07-01
S007,P00405,32,25,2026-07-01
S007,P00406,84,25,2026-07-01
S007,P00407,116,25,2026-07-01
S007,P00408,257,25,2026-07-01
S007,P00409,95,25,2026-07-01
S007,P00410,217,25,2026-07-01
S007,P00411,55,25,2026-07-01
S007,P00412,47,25,2026-07-01
S007,P00413,104,25,2026-07-01
S007,P00414,236,25,2026-07-01
S007,P00415,148,25,2026-07-01
S007,P00416,282,25,2026-07-01
S007,P00417,92,25,2026-07-01
S007,P00418,203,25,2026-07-01
S007,P00419,159,25,2026-07-01
S007,P00420,40,25,2026-07-01
S007,P00421,102,25,2026-07-01
S007,P00422,137,25,2026-07-01
S007,P00423,238,25,2026-07-01
S007,P00424,65,25,2026-07-01
S007,P00425,137,25,2026-07-01
S007,P00426,277,25,2026-07-01
S007,P00427,182,25,2026-07-01
S007,P00428,244,25,2026-07-01
S007,P00429,122,25,2026-07-01
S007,P00430,127,25,2026-07-01
S007,P00431,245,25,2026-07-01
S007,P00432,188,25,2026-07-01
S007,P00433,268,25,2026-07-01
S007,P00434,125,25,2026-07-01
S007,P00435,98,25,2026-07-01
S007,P00436,153,25,2026-07-01
S007,P00437,20,25,2026-07-01
S007,P00438,124,25,2026-07-01
S007,P00439,10,25,2026-07-01
S007,P00440,40,25,2026-07-01
S007,P00441,10,25,2026-07-01
S007,P00442,50,25,2026-07-01
S007,P00443,245,25,2026-07-01
S007,P00444,42,25,2026-07-01
S007,P00445,281,25,2026-07-01
S007,P00446,269,25,2026-07-01
S007,P00447,126,25,2026-07-01
S007,P00448,246,25,2026-07-01
S007,P00449,58,25,2026-07-01
S007,P00450,249,25,2026-07-01
S007,P00451,31,25,2026-07-01
S007,P00452,9,25,2026-07-01
S007,P00453,220,25,2026-07-01
S007,P00454,125,25,2026-07-01
S007,P00455,176,25,2026-07-01
S007,P00456,289,25,2026-07-01
S007,P00457,170,25,2026-07-01
S007,P00458,124,25,2026-07-01
S007,P00459,8,25,2026-07-01
S007,P00460,165,25,2026-07-01
S007,P00461,114,25,2026-07-01
S007,P00462,73,25,2026-07-01
S007,P00463,161,25,2026-07-01
S007,P00464,126,25,2026-07-01
S007,P00465,205,25,2026-07-01
S007,P00466,42,25,2026-07-01
S007,P00467,142,25,2026-07-01
S007,P00468,84,25,2026-07-01
S007,P00469,295,25,2026-07-01
S007,P00470,182,25,2026-07-01
S007,P00471,264,25,2026-07-01
S007,P00472,151,25,2026-07-01
S007,P00473,164,25,2026-07-01
S007,P00474,215,25,2026-07-01
S007,P00475,248,25,2026-07-01
S007,P00476,227,25,2026-07-01
S007,P00477,163,25,2026-07-01
S007,P00478,248,25,2026-07-01
S007,P00479,191,25,2026-07-01
S007,P00480,275,25,2026-07-01
S007,P00481,266,25,2026-07-01
S007,P00482,120,25,2026-07-01
S007,P00483,256,25,2026-07-01
S007,P00484,110,25,2026-07-01
S007,P00485,297,25,2026-07-01
S007,P00486,117,25,2026-07-01
S007,P00487,180,25,2026-07-01
S007,P00488,267,25,2026-07-01
S007,P00489,243,25,2026-07-01
S007,P00490,259,25,2026-07-01
S007,P00491,267,25,2026-07-01
S007,P00492,256,25,2026-07-01
S007,P00493,27,25,2026-07-01
S007,P00494,227,25,2026-07-01
S007,P00495,231,25,2026-07-01
S007,P00496,126,25,2026-07-01
S007,P00497,32,25,2026-07-01
S007,P00498,20,25,2026-07-01
S007,P00499,199,25,2026-07-01
S007,P00500,99,25,2026-07-01
S008,P00001,181,25,2026-07-01
S008,P00002,12,25,2026-07-01
S008,P00003,204,25,2026-07-01
S008,P00004,248,25,2026-07-01
S008,P00005,173,25,2026-07-01
S008,P00006,52,25,2026-07-01
S008,P00007,118,25,2026-07-01
S008,P00008,33,25,2026-07-01
S008,P00009,188,25,2026-07-01
S008,P00010,83,25,2026-07-01
S008,P00011,38,25,2026-07-01
S008,P00012,173,25,2026-07-01
S008,P00013,5,25,2026-07-01
S008,P00014,73,25,2026-07-01
S008,P00015,138,25,2026-07-01
S008,P00016,161,25,2026-07-01
S008,P00017,138,25,2026-07-01
S008,P00018,231,25,2026-07-01
S008,P00019,141,25,2026-07-01
S008,P00020,53,25,2026-07-01
S008,P00021,279,25,2026-07-01
S008,P00022,207,25,2026-07-01
S008,P00023,268,25,2026-07-01
S008,P00024,125,25,2026-07-01
S008,P00025,97,25,2026-07-01
S008,P00026,269,25,2026-07-01
S008,P00027,45,25,2026-07-01
S008,P00028,37,25,2026-07-01
S008,P00029,274,25,2026-07-01
S008,P00030,298,25,2026-07-01
S008,P00031,54,25,2026-07-01
S008,P00032,172,25,2026-07-01
S008,P00033,202,25,2026-07-01
S008,P00034,249,25,2026-07-01
S008,P00035,2,25,2026-07-01
S008,P00036,22,25,2026-07-01
S008,P00037,58,25,2026-07-01
S008,P00038,208,25,2026-07-01
S008,P00039,233,25,2026-07-01
S008,P00040,90,25,2026-07-01
S008,P00041,67,25,2026-07-01
S008,P00042,54,25,2026-07-01
S008,P00043,103,25,2026-07-01
S008,P00044,142,25,2026-07-01
S008,P00045,42,25,2026-07-01
S008,P00046,205,25,2026-07-01
S008,P00047,239,25,2026-07-01
S008,P00048,207,25,2026-07-01
S008,P00049,220,25,2026-07-01
S008,P00050,256,25,2026-07-01
S008,P00051,292,25,2026-07-01
S008,P00052,234,25,2026-07-01
S008,P00053,59,25,2026-07-01
S008,P00054,42,25,2026-07-01
S008,P00055,287,25,2026-07-01
S008,P00056,52,25,2026-07-01
S008,P00057,202,25,2026-07-01
S008,P00058,293,25,2026-07-01
S008,P00059,54,25,2026-07-01
S008,P00060,208,25,2026-07-01
S008,P00061,281,25,2026-07-01
S008,P00062,75,25,2026-07-01
S008,P00063,264,25,2026-07-01
S008,P00064,125,25,2026-07-01
S008,P00065,160,25,2026-07-01
S008,P00066,107,25,2026-07-01
S008,P00067,216,25,2026-07-01
S008,P00068,232,25,2026-07-01
S008,P00069,169,25,2026-07-01
S008,P00070,3,25,2026-07-01
S008,P00071,207,25,2026-07-01
S008,P00072,195,25,2026-07-01
S008,P00073,160,25,2026-07-01
S008,P00074,218,25,2026-07-01
S008,P00075,45,25,2026-07-01
S008,P00076,228,25,2026-07-01
S008,P00077,163,25,2026-07-01
S008,P00078,145,25,2026-07-01
S008,P00079,137,25,2026-07-01
S008,P00080,71,25,2026-07-01
S008,P00081,252,25,2026-07-01
S008,P00082,264,25,2026-07-01
S008,P00083,59,25,2026-07-01
S008,P00084,70,25,2026-07-01
S008,P00085,258,25,2026-07-01
S008,P00086,191,25,2026-07-01
S008,P00087,66,25,2026-07-01
S008,P00088,230,25,2026-07-01
S008,P00089,88,25,2026-07-01
S008,P00090,275,25,2026-07-01
S008,P00091,28,25,2026-07-01
S008,P00092,178,25,2026-07-01
S008,P00093,70,25,2026-07-01
S008,P00094,243,25,2026-07-01
S008,P00095,269,25,2026-07-01
S008,P00096,207,25,2026-07-01
S008,P00097,148,25,2026-07-01
S008,P00098,63,25,2026-07-01
S008,P00099,140,25,2026-07-01
S008,P00100,236,25,2026-07-01
S008,P00101,270,25,2026-07-01
S008,P00102,215,25,2026-07-01
S008,P00103,175,25,2026-07-01
S008,P00104,41,25,2026-07-01
S008,P00105,297,25,2026-07-01
S008,P00106,265,25,2026-07-01
S008,P00107,107,25,2026-07-01
S008,P00108,2,25,2026-07-01
S008,P00109,33,25,2026-07-01
S008,P00110,219,25,2026-07-01
S008,P00111,43,25,2026-07-01
S008,P00112,289,25,2026-07-01
S008,P00113,116,25,2026-07-01
S008,P00114,28,25,2026-07-01
S008,P00115,70,25,2026-07-01
S008,P00116,34,25,2026-07-01
S008,P00117,180,25,2026-07-01
S008,P00118,18,25,2026-07-01
S008,P00119,43,25,2026-07-01
S008,P00120,184,25,2026-07-01
S008,P00121,110,25,2026-07-01
S008,P00122,16,25,2026-07-01
S008,P00123,170,25,2026-07-01
S008,P00124,263,25,2026-07-01
S008,P00125,168,25,2026-07-01
S008,P00126,240,25,2026-07-01
S008,P00127,245,25,2026-07-01
S008,P00128,34,25,2026-07-01
S008,P00129,69,25,2026-07-01
S008,P00130,271,25,2026-07-01
S008,P00131,27,25,2026-07-01
S008,P00132,157,25,2026-07-01
S008,P00133,112,25,2026-07-01
S008,P00134,44,25,2026-07-01
S008,P00135,189,25,2026-07-01
S008,P00136,172,25,2026-07-01
S008,P00137,86,25,2026-07-01
S008,P00138,114,25,2026-07-01
S008,P00139,102,25,2026-07-01
S008,P00140,217,25,2026-07-01
S008,P00141,180,25,2026-07-01
S008,P00142,89,25,2026-07-01
S008,P00143,169,25,2026-07-01
S008,P00144,129,25,2026-07-01
S008,P00145,54,25,2026-07-01
S008,P00146,238,25,2026-07-01
S008,P00147,82,25,2026-07-01
S008,P00148,172,25,2026-07-01
S008,P00149,73,25,2026-07-01
S008,P00150,132,25,2026-07-01
S008,P00151,257,25,2026-07-01
S008,P00152,216,25,2026-07-01
S008,P00153,62,25,2026-07-01
S008,P00154,127,25,2026-07-01
S008,P00155,137,25,2026-07-01
S008,P00156,157,25,2026-07-01
S008,P00157,110,25,2026-07-01
S008,P00158,78,25,2026-07-01
S008,P00159,233,25,2026-07-01
S008,P00160,15,25,2026-07-01
S008,P00161,239,25,2026-07-01
S008,P00162,275,25,2026-07-01
S008,P00163,266,25,2026-07-01
S008,P00164,200,25,2026-07-01
S008,P00165,93,25,2026-07-01
S008,P00166,209,25,2026-07-01
S008,P00167,290,25,2026-07-01
S008,P00168,137,25,2026-07-01
S008,P00169,90,25,2026-07-01
S008,P00170,155,25,2026-07-01
S008,P00171,79,25,2026-07-01
S008,P00172,59,25,2026-07-01
S008,P00173,293,25,2026-07-01
S008,P00174,76,25,2026-07-01
S008,P00175,158,25,2026-07-01
S008,P00176,152,25,2026-07-01
S008,P00177,233,25,2026-07-01
S008,P00178,184,25,2026-07-01
S008,P00179,124,25,2026-07-01
S008,P00180,222,25,2026-07-01
S008,P00181,37,25,2026-07-01
S008,P00182,31,25,2026-07-01
S008,P00183,138,25,2026-07-01
S008,P00184,156,25,2026-07-01
S008,P00185,174,25,2026-07-01
S008,P00186,6,25,2026-07-01
S008,P00187,196,25,2026-07-01
S008,P00188,115,25,2026-07-01
S008,P00189,263,25,2026-07-01
S008,P00190,177,25,2026-07-01
S008,P00191,59,25,2026-07-01
S008,P00192,164,25,2026-07-01
S008,P00193,131,25,2026-07-01
S008,P00194,16,25,2026-07-01
S008,P00195,3,25,2026-07-01
S008,P00196,167,25,2026-07-01
S008,P00197,254,25,2026-07-01
S008,P00198,290,25,2026-07-01
S008,P00199,280,25,2026-07-01
S008,P00200,89,25,2026-07-01
S008,P00201,198,25,2026-07-01
S008,P00202,64,25,2026-07-01
S008,P00203,254,25,2026-07-01
S008,P00204,141,25,2026-07-01
S008,P00205,203,25,2026-07-01
S008,P00206,189,25,2026-07-01
S008,P00207,20,25,2026-07-01
S008,P00208,157,25,2026-07-01
S008,P00209,164,25,2026-07-01
S008,P00210,116,25,2026-07-01
S008,P00211,81,25,2026-07-01
S008,P00212,200,25,2026-07-01
S008,P00213,253,25,2026-07-01
S008,P00214,264,25,2026-07-01
S008,P00215,104,25,2026-07-01
S008,P00216,43,25,2026-07-01
S008,P00217,181,25,2026-07-01
S008,P00218,261,25,2026-07-01
S008,P00219,19,25,2026-07-01
S008,P00220,105,25,2026-07-01
S008,P00221,191,25,2026-07-01
S008,P00222,42,25,2026-07-01
S008,P00223,13,25,2026-07-01
S008,P00224,244,25,2026-07-01
S008,P00225,19,25,2026-07-01
S008,P00226,181,25,2026-07-01
S008,P00227,17,25,2026-07-01
S008,P00228,124,25,2026-07-01
S008,P00229,238,25,2026-07-01
S008,P00230,244,25,2026-07-01
S008,P00231,270,25,2026-07-01
S008,P00232,103,25,2026-07-01
S008,P00233,61,25,2026-07-01
S008,P00234,197,25,2026-07-01
S008,P00235,27,25,2026-07-01
S008,P00236,81,25,2026-07-01
S008,P00237,123,25,2026-07-01
S008,P00238,139,25,2026-07-01
S008,P00239,51,25,2026-07-01
S008,P00240,159,25,2026-07-01
S008,P00241,145,25,2026-07-01
S008,P00242,76,25,2026-07-01
S008,P00243,172,25,2026-07-01
S008,P00244,65,25,2026-07-01
S008,P00245,75,25,2026-07-01
S008,P00246,153,25,2026-07-01
S008,P00247,258,25,2026-07-01
S008,P00248,282,25,2026-07-01
S008,P00249,252,25,2026-07-01
S008,P00250,160,25,2026-07-01
S008,P00251,53,25,2026-07-01
S008,P00252,224,25,2026-07-01
S008,P00253,140,25,2026-07-01
S008,P00254,107,25,2026-07-01
S008,P00255,218,25,2026-07-01
S008,P00256,294,25,2026-07-01
S008,P00257,12,25,2026-07-01
S008,P00258,231,25,2026-07-01
S008,P00259,14,25,2026-07-01
S008,P00260,24,25,2026-07-01
S008,P00261,84,25,2026-07-01
S008,P00262,256,25,2026-07-01
S008,P00263,171,25,2026-07-01
S008,P00264,257,25,2026-07-01
S008,P00265,16,25,2026-07-01
S008,P00266,237,25,2026-07-01
S008,P00267,242,25,2026-07-01
S008,P00268,30,25,2026-07-01
S008,P00269,163,25,2026-07-01
S008,P00270,148,25,2026-07-01
S008,P00271,236,25,2026-07-01
S008,P00272,285,25,2026-07-01
S008,P00273,108,25,2026-07-01
S008,P00274,164,25,2026-07-01
S008,P00275,17,25,2026-07-01
S008,P00276,300,25,2026-07-01
S008,P00277,216,25,2026-07-01
S008,P00278,108,25,2026-07-01
S008,P00279,34,25,2026-07-01
S008,P00280,149,25,2026-07-01
S008,P00281,31,25,2026-07-01
S008,P00282,57,25,2026-07-01
S008,P00283,69,25,2026-07-01
S008,P00284,267,25,2026-07-01
S008,P00285,274,25,2026-07-01
S008,P00286,10,25,2026-07-01
S008,P00287,155,25,2026-07-01
S008,P00288,282,25,2026-07-01
S008,P00289,127,25,2026-07-01
S008,P00290,259,25,2026-07-01
S008,P00291,145,25,2026-07-01
S008,P00292,216,25,2026-07-01
S008,P00293,261,25,2026-07-01
S008,P00294,151,25,2026-07-01
S008,P00295,45,25,2026-07-01
S008,P00296,125,25,2026-07-01
S008,P00297,113,25,2026-07-01
S008,P00298,33,25,2026-07-01
S008,P00299,212,25,2026-07-01
S008,P00300,210,25,2026-07-01
S008,P00301,271,25,2026-07-01
S008,P00302,224,25,2026-07-01
S008,P00303,282,25,2026-07-01
S008,P00304,74,25,2026-07-01
S008,P00305,238,25,2026-07-01
S008,P00306,300,25,2026-07-01
S008,P00307,182,25,2026-07-01
S008,P00308,206,25,2026-07-01
S008,P00309,238,25,2026-07-01
S008,P00310,173,25,2026-07-01
S008,P00311,158,25,2026-07-01
S008,P00312,178,25,2026-07-01
S008,P00313,279,25,2026-07-01
S008,P00314,255,25,2026-07-01
S008,P00315,180,25,2026-07-01
S008,P00316,266,25,2026-07-01
S008,P00317,23,25,2026-07-01
S008,P00318,245,25,2026-07-01
S008,P00319,92,25,2026-07-01
S008,P00320,157,25,2026-07-01
S008,P00321,62,25,2026-07-01
S008,P00322,252,25,2026-07-01
S008,P00323,96,25,2026-07-01
S008,P00324,114,25,2026-07-01
S008,P00325,236,25,2026-07-01
S008,P00326,118,25,2026-07-01
S008,P00327,194,25,2026-07-01
S008,P00328,76,25,2026-07-01
S008,P00329,127,25,2026-07-01
S008,P00330,55,25,2026-07-01
S008,P00331,23,25,2026-07-01
S008,P00332,204,25,2026-07-01
S008,P00333,270,25,2026-07-01
S008,P00334,43,25,2026-07-01
S008,P00335,100,25,2026-07-01
S008,P00336,240,25,2026-07-01
S008,P00337,128,25,2026-07-01
S008,P00338,86,25,2026-07-01
S008,P00339,10,25,2026-07-01
S008,P00340,97,25,2026-07-01
S008,P00341,214,25,2026-07-01
S008,P00342,78,25,2026-07-01
S008,P00343,71,25,2026-07-01
S008,P00344,120,25,2026-07-01
S008,P00345,208,25,2026-07-01
S008,P00346,227,25,2026-07-01
S008,P00347,283,25,2026-07-01
S008,P00348,235,25,2026-07-01
S008,P00349,174,25,2026-07-01
S008,P00350,106,25,2026-07-01
S008,P00351,274,25,2026-07-01
S008,P00352,46,25,2026-07-01
S008,P00353,59,25,2026-07-01
S008,P00354,217,25,2026-07-01
S008,P00355,55,25,2026-07-01
S008,P00356,300,25,2026-07-01
S008,P00357,26,25,2026-07-01
S008,P00358,99,25,2026-07-01
S008,P00359,124,25,2026-07-01
S008,P00360,42,25,2026-07-01
S008,P00361,204,25,2026-07-01
S008,P00362,78,25,2026-07-01
S008,P00363,212,25,2026-07-01
S008,P00364,138,25,2026-07-01
S008,P00365,136,25,2026-07-01
S008,P00366,18,25,2026-07-01
S008,P00367,248,25,2026-07-01
S008,P00368,93,25,2026-07-01
S008,P00369,216,25,2026-07-01
S008,P00370,48,25,2026-07-01
S008,P00371,60,25,2026-07-01
S008,P00372,136,25,2026-07-01
S008,P00373,278,25,2026-07-01
S008,P00374,224,25,2026-07-01
S008,P00375,183,25,2026-07-01
S008,P00376,178,25,2026-07-01
S008,P00377,235,25,2026-07-01
S008,P00378,232,25,2026-07-01
S008,P00379,20,25,2026-07-01
S008,P00380,138,25,2026-07-01
S008,P00381,205,25,2026-07-01
S008,P00382,61,25,2026-07-01
S008,P00383,180,25,2026-07-01
S008,P00384,298,25,2026-07-01
S008,P00385,133,25,2026-07-01
S008,P00386,143,25,2026-07-01
S008,P00387,34,25,2026-07-01
S008,P00388,66,25,2026-07-01
S008,P00389,97,25,2026-07-01
S008,P00390,35,25,2026-07-01
S008,P00391,61,25,2026-07-01
S008,P00392,115,25,2026-07-01
S008,P00393,256,25,2026-07-01
S008,P00394,33,25,2026-07-01
S008,P00395,237,25,2026-07-01
S008,P00396,104,25,2026-07-01
S008,P00397,32,25,2026-07-01
S008,P00398,45,25,2026-07-01
S008,P00399,208,25,2026-07-01
S008,P00400,56,25,2026-07-01
S008,P00401,63,25,2026-07-01
S008,P00402,34,25,2026-07-01
S008,P00403,36,25,2026-07-01
S008,P00404,265,25,2026-07-01
S008,P00405,277,25,2026-07-01
S008,P00406,100,25,2026-07-01
S008,P00407,129,25,2026-07-01
S008,P00408,261,25,2026-07-01
S008,P00409,264,25,2026-07-01
S008,P00410,182,25,2026-07-01
S008,P00411,201,25,2026-07-01
S008,P00412,212,25,2026-07-01
S008,P00413,194,25,2026-07-01
S008,P00414,22,25,2026-07-01
S008,P00415,93,25,2026-07-01
S008,P00416,156,25,2026-07-01
S008,P00417,70,25,2026-07-01
S008,P00418,152,25,2026-07-01
S008,P00419,142,25,2026-07-01
S008,P00420,32,25,2026-07-01
S008,P00421,231,25,2026-07-01
S008,P00422,196,25,2026-07-01
S008,P00423,21,25,2026-07-01
S008,P00424,275,25,2026-07-01
S008,P00425,267,25,2026-07-01
S008,P00426,221,25,2026-07-01
S008,P00427,200,25,2026-07-01
S008,P00428,296,25,2026-07-01
S008,P00429,174,25,2026-07-01
S008,P00430,4,25,2026-07-01
S008,P00431,61,25,2026-07-01
S008,P00432,264,25,2026-07-01
S008,P00433,11,25,2026-07-01
S008,P00434,299,25,2026-07-01
S008,P00435,298,25,2026-07-01
S008,P00436,137,25,2026-07-01
S008,P00437,293,25,2026-07-01
S008,P00438,80,25,2026-07-01
S008,P00439,46,25,2026-07-01
S008,P00440,227,25,2026-07-01
S008,P00441,13,25,2026-07-01
S008,P00442,154,25,2026-07-01
S008,P00443,245,25,2026-07-01
S008,P00444,296,25,2026-07-01
S008,P00445,188,25,2026-07-01
S008,P00446,252,25,2026-07-01
S008,P00447,178,25,2026-07-01
S008,P00448,155,25,2026-07-01
S008,P00449,6,25,2026-07-01
S008,P00450,198,25,2026-07-01
S008,P00451,125,25,2026-07-01
S008,P00452,262,25,2026-07-01
S008,P00453,7,25,2026-07-01
S008,P00454,223,25,2026-07-01
S008,P00455,233,25,2026-07-01
S008,P00456,256,25,2026-07-01
S008,P00457,198,25,2026-07-01
S008,P00458,274,25,2026-07-01
S008,P00459,299,25,2026-07-01
S008,P00460,125,25,2026-07-01
S008,P00461,170,25,2026-07-01
S008,P00462,284,25,2026-07-01
S008,P00463,43,25,2026-07-01
S008,P00464,244,25,2026-07-01
S008,P00465,189,25,2026-07-01
S008,P00466,143,25,2026-07-01
S008,P00467,119,25,2026-07-01
S008,P00468,265,25,2026-07-01
S008,P00469,206,25,2026-07-01
S008,P00470,159,25,2026-07-01
S008,P00471,29,25,2026-07-01
S008,P00472,114,25,2026-07-01
S008,P00473,275,25,2026-07-01
S008,P00474,150,25,2026-07-01
S008,P00475,100,25,2026-07-01
S008,P00476,109,25,2026-07-01
S008,P00477,232,25,2026-07-01
S008,P00478,77,25,2026-07-01
S008,P00479,26,25,2026-07-01
S008,P00480,8,25,2026-07-01
S008,P00481,250,25,2026-07-01
S008,P00482,254,25,2026-07-01
S008,P00483,91,25,2026-07-01
S008,P00484,277,25,2026-07-01
S008,P00485,247,25,2026-07-01
S008,P00486,188,25,2026-07-01
S008,P00487,244,25,2026-07-01
S008,P00488,289,25,2026-07-01
S008,P00489,47,25,2026-07-01
S008,P00490,64,25,2026-07-01
S008,P00491,148,25,2026-07-01
S008,P00492,109,25,2026-07-01
S008,P00493,23,25,2026-07-01
S008,P00494,208,25,2026-07-01
S008,P00495,210,25,2026-07-01
S008,P00496,79,25,2026-07-01
S008,P00497,170,25,2026-07-01
S008,P00498,252,25,2026-07-01
S008,P00499,152,25,2026-07-01
S008,P00500,182,25,2026-07-01
S009,P00001,294,25,2026-07-01
S009,P00002,259,25,2026-07-01
S009,P00003,3,25,2026-07-01
S009,P00004,257,25,2026-07-01
S009,P00005,269,25,2026-07-01
S009,P00006,72,25,2026-07-01
S009,P00007,5,25,2026-07-01
S009,P00008,208,25,2026-07-01
S009,P00009,284,25,2026-07-01
S009,P00010,210,25,2026-07-01
S009,P00011,22,25,2026-07-01
S009,P00012,259,25,2026-07-01
S009,P00013,229,25,2026-07-01
S009,P00014,39,25,2026-07-01
S009,P00015,77,25,2026-07-01
S009,P00016,52,25,2026-07-01
S009,P00017,87,25,2026-07-01
S009,P00018,199,25,2026-07-01
S009,P00019,125,25,2026-07-01
S009,P00020,225,25,2026-07-01
S009,P00021,249,25,2026-07-01
S009,P00022,77,25,2026-07-01
S009,P00023,72,25,2026-07-01
S009,P00024,111,25,2026-07-01
S009,P00025,153,25,2026-07-01
S009,P00026,287,25,2026-07-01
S009,P00027,172,25,2026-07-01
S009,P00028,300,25,2026-07-01
S009,P00029,34,25,2026-07-01
S009,P00030,261,25,2026-07-01
S009,P00031,202,25,2026-07-01
S009,P00032,245,25,2026-07-01
S009,P00033,201,25,2026-07-01
S009,P00034,23,25,2026-07-01
S009,P00035,27,25,2026-07-01
S009,P00036,293,25,2026-07-01
S009,P00037,97,25,2026-07-01
S009,P00038,167,25,2026-07-01
S009,P00039,281,25,2026-07-01
S009,P00040,93,25,2026-07-01
S009,P00041,294,25,2026-07-01
S009,P00042,214,25,2026-07-01
S009,P00043,73,25,2026-07-01
S009,P00044,43,25,2026-07-01
S009,P00045,213,25,2026-07-01
S009,P00046,104,25,2026-07-01
S009,P00047,207,25,2026-07-01
S009,P00048,164,25,2026-07-01
S009,P00049,130,25,2026-07-01
S009,P00050,167,25,2026-07-01
S009,P00051,122,25,2026-07-01
S009,P00052,128,25,2026-07-01
S009,P00053,282,25,2026-07-01
S009,P00054,248,25,2026-07-01
S009,P00055,24,25,2026-07-01
S009,P00056,226,25,2026-07-01
S009,P00057,48,25,2026-07-01
S009,P00058,85,25,2026-07-01
S009,P00059,138,25,2026-07-01
S009,P00060,276,25,2026-07-01
S009,P00061,200,25,2026-07-01
S009,P00062,197,25,2026-07-01
S009,P00063,133,25,2026-07-01
S009,P00064,186,25,2026-07-01
S009,P00065,245,25,2026-07-01
S009,P00066,58,25,2026-07-01
S009,P00067,66,25,2026-07-01
S009,P00068,56,25,2026-07-01
S009,P00069,104,25,2026-07-01
S009,P00070,191,25,2026-07-01
S009,P00071,32,25,2026-07-01
S009,P00072,133,25,2026-07-01
S009,P00073,167,25,2026-07-01
S009,P00074,297,25,2026-07-01
S009,P00075,111,25,2026-07-01
S009,P00076,56,25,2026-07-01
S009,P00077,96,25,2026-07-01
S009,P00078,99,25,2026-07-01
S009,P00079,299,25,2026-07-01
S009,P00080,296,25,2026-07-01
S009,P00081,216,25,2026-07-01
S009,P00082,91,25,2026-07-01
S009,P00083,283,25,2026-07-01
S009,P00084,25,25,2026-07-01
S009,P00085,190,25,2026-07-01
S009,P00086,145,25,2026-07-01
S009,P00087,37,25,2026-07-01
S009,P00088,117,25,2026-07-01
S009,P00089,119,25,2026-07-01
S009,P00090,217,25,2026-07-01
S009,P00091,221,25,2026-07-01
S009,P00092,143,25,2026-07-01
S009,P00093,201,25,2026-07-01
S009,P00094,17,25,2026-07-01
S009,P00095,240,25,2026-07-01
S009,P00096,229,25,2026-07-01
S009,P00097,34,25,2026-07-01
S009,P00098,136,25,2026-07-01
S009,P00099,160,25,2026-07-01
S009,P00100,139,25,2026-07-01
S009,P00101,133,25,2026-07-01
S009,P00102,42,25,2026-07-01
S009,P00103,228,25,2026-07-01
S009,P00104,88,25,2026-07-01
S009,P00105,231,25,2026-07-01
S009,P00106,64,25,2026-07-01
S009,P00107,181,25,2026-07-01
S009,P00108,260,25,2026-07-01
S009,P00109,174,25,2026-07-01
S009,P00110,114,25,2026-07-01
S009,P00111,225,25,2026-07-01
S009,P00112,292,25,2026-07-01
S009,P00113,59,25,2026-07-01
S009,P00114,283,25,2026-07-01
S009,P00115,295,25,2026-07-01
S009,P00116,104,25,2026-07-01
S009,P00117,147,25,2026-07-01
S009,P00118,35,25,2026-07-01
S009,P00119,107,25,2026-07-01
S009,P00120,71,25,2026-07-01
S009,P00121,250,25,2026-07-01
S009,P00122,146,25,2026-07-01
S009,P00123,239,25,2026-07-01
S009,P00124,210,25,2026-07-01
S009,P00125,284,25,2026-07-01
S009,P00126,189,25,2026-07-01
S009,P00127,156,25,2026-07-01
S009,P00128,173,25,2026-07-01
S009,P00129,118,25,2026-07-01
S009,P00130,172,25,2026-07-01
S009,P00131,171,25,2026-07-01
S009,P00132,95,25,2026-07-01
S009,P00133,203,25,2026-07-01
S009,P00134,170,25,2026-07-01
S009,P00135,94,25,2026-07-01
S009,P00136,158,25,2026-07-01
S009,P00137,49,25,2026-07-01
S009,P00138,114,25,2026-07-01
S009,P00139,71,25,2026-07-01
S009,P00140,157,25,2026-07-01
S009,P00141,252,25,2026-07-01
S009,P00142,274,25,2026-07-01
S009,P00143,195,25,2026-07-01
S009,P00144,264,25,2026-07-01
S009,P00145,119,25,2026-07-01
S009,P00146,234,25,2026-07-01
S009,P00147,40,25,2026-07-01
S009,P00148,294,25,2026-07-01
S009,P00149,239,25,2026-07-01
S009,P00150,9,25,2026-07-01
S009,P00151,88,25,2026-07-01
S009,P00152,250,25,2026-07-01
S009,P00153,252,25,2026-07-01
S009,P00154,214,25,2026-07-01
S009,P00155,165,25,2026-07-01
S009,P00156,43,25,2026-07-01
S009,P00157,155,25,2026-07-01
S009,P00158,114,25,2026-07-01
S009,P00159,224,25,2026-07-01
S009,P00160,142,25,2026-07-01
S009,P00161,123,25,2026-07-01
S009,P00162,114,25,2026-07-01
S009,P00163,233,25,2026-07-01
S009,P00164,70,25,2026-07-01
S009,P00165,101,25,2026-07-01
S009,P00166,294,25,2026-07-01
S009,P00167,48,25,2026-07-01
S009,P00168,41,25,2026-07-01
S009,P00169,256,25,2026-07-01
S009,P00170,131,25,2026-07-01
S009,P00171,261,25,2026-07-01
S009,P00172,78,25,2026-07-01
S009,P00173,107,25,2026-07-01
S009,P00174,263,25,2026-07-01
S009,P00175,183,25,2026-07-01
S009,P00176,138,25,2026-07-01
S009,P00177,102,25,2026-07-01
S009,P00178,10,25,2026-07-01
S009,P00179,38,25,2026-07-01
S009,P00180,90,25,2026-07-01
S009,P00181,92,25,2026-07-01
S009,P00182,237,25,2026-07-01
S009,P00183,66,25,2026-07-01
S009,P00184,220,25,2026-07-01
S009,P00185,105,25,2026-07-01
S009,P00186,210,25,2026-07-01
S009,P00187,73,25,2026-07-01
S009,P00188,278,25,2026-07-01
S009,P00189,254,25,2026-07-01
S009,P00190,109,25,2026-07-01
S009,P00191,196,25,2026-07-01
S009,P00192,147,25,2026-07-01
S009,P00193,293,25,2026-07-01
S009,P00194,34,25,2026-07-01
S009,P00195,271,25,2026-07-01
S009,P00196,9,25,2026-07-01
S009,P00197,17,25,2026-07-01
S009,P00198,159,25,2026-07-01
S009,P00199,250,25,2026-07-01
S009,P00200,17,25,2026-07-01
S009,P00201,210,25,2026-07-01
S009,P00202,155,25,2026-07-01
S009,P00203,101,25,2026-07-01
S009,P00204,189,25,2026-07-01
S009,P00205,250,25,2026-07-01
S009,P00206,83,25,2026-07-01
S009,P00207,265,25,2026-07-01
S009,P00208,130,25,2026-07-01
S009,P00209,13,25,2026-07-01
S009,P00210,207,25,2026-07-01
S009,P00211,203,25,2026-07-01
S009,P00212,72,25,2026-07-01
S009,P00213,19,25,2026-07-01
S009,P00214,250,25,2026-07-01
S009,P00215,5,25,2026-07-01
S009,P00216,26,25,2026-07-01
S009,P00217,48,25,2026-07-01
S009,P00218,28,25,2026-07-01
S009,P00219,41,25,2026-07-01
S009,P00220,42,25,2026-07-01
S009,P00221,37,25,2026-07-01
S009,P00222,31,25,2026-07-01
S009,P00223,70,25,2026-07-01
S009,P00224,92,25,2026-07-01
S009,P00225,275,25,2026-07-01
S009,P00226,101,25,2026-07-01
S009,P00227,86,25,2026-07-01
S009,P00228,285,25,2026-07-01
S009,P00229,299,25,2026-07-01
S009,P00230,12,25,2026-07-01
S009,P00231,13,25,2026-07-01
S009,P00232,249,25,2026-07-01
S009,P00233,109,25,2026-07-01
S009,P00234,27,25,2026-07-01
S009,P00235,244,25,2026-07-01
S009,P00236,256,25,2026-07-01
S009,P00237,10,25,2026-07-01
S009,P00238,96,25,2026-07-01
S009,P00239,76,25,2026-07-01
S009,P00240,182,25,2026-07-01
S009,P00241,240,25,2026-07-01
S009,P00242,111,25,2026-07-01
S009,P00243,245,25,2026-07-01
S009,P00244,170,25,2026-07-01
S009,P00245,255,25,2026-07-01
S009,P00246,254,25,2026-07-01
S009,P00247,0,25,2026-07-01
S009,P00248,264,25,2026-07-01
S009,P00249,17,25,2026-07-01
S009,P00250,44,25,2026-07-01
S009,P00251,146,25,2026-07-01
S009,P00252,235,25,2026-07-01
S009,P00253,118,25,2026-07-01
S009,P00254,213,25,2026-07-01
S009,P00255,111,25,2026-07-01
S009,P00256,163,25,2026-07-01
S009,P00257,67,25,2026-07-01
S009,P00258,41,25,2026-07-01
S009,P00259,216,25,2026-07-01
S009,P00260,5,25,2026-07-01
S009,P00261,103,25,2026-07-01
S009,P00262,188,25,2026-07-01
S009,P00263,244,25,2026-07-01
S009,P00264,242,25,2026-07-01
S009,P00265,210,25,2026-07-01
S009,P00266,243,25,2026-07-01
S009,P00267,194,25,2026-07-01
S009,P00268,39,25,2026-07-01
S009,P00269,5,25,2026-07-01
S009,P00270,128,25,2026-07-01
S009,P00271,28,25,2026-07-01
S009,P00272,151,25,2026-07-01
S009,P00273,110,25,2026-07-01
S009,P00274,228,25,2026-07-01
S009,P00275,76,25,2026-07-01
S009,P00276,193,25,2026-07-01
S009,P00277,19,25,2026-07-01
S009,P00278,144,25,2026-07-01
S009,P00279,182,25,2026-07-01
S009,P00280,87,25,2026-07-01
S009,P00281,149,25,2026-07-01
S009,P00282,259,25,2026-07-01
S009,P00283,206,25,2026-07-01
S009,P00284,130,25,2026-07-01
S009,P00285,8,25,2026-07-01
S009,P00286,21,25,2026-07-01
S009,P00287,230,25,2026-07-01
S009,P00288,240,25,2026-07-01
S009,P00289,281,25,2026-07-01
S009,P00290,210,25,2026-07-01
S009,P00291,55,25,2026-07-01
S009,P00292,285,25,2026-07-01
S009,P00293,115,25,2026-07-01
S009,P00294,107,25,2026-07-01
S009,P00295,177,25,2026-07-01
S009,P00296,263,25,2026-07-01
S009,P00297,146,25,2026-07-01
S009,P00298,21,25,2026-07-01
S009,P00299,100,25,2026-07-01
S009,P00300,110,25,2026-07-01
S009,P00301,285,25,2026-07-01
S009,P00302,274,25,2026-07-01
S009,P00303,16,25,2026-07-01
S009,P00304,245,25,2026-07-01
S009,P00305,27,25,2026-07-01
S009,P00306,216,25,2026-07-01
S009,P00307,157,25,2026-07-01
S009,P00308,115,25,2026-07-01
S009,P00309,190,25,2026-07-01
S009,P00310,211,25,2026-07-01
S009,P00311,43,25,2026-07-01
S009,P00312,235,25,2026-07-01
S009,P00313,242,25,2026-07-01
S009,P00314,111,25,2026-07-01
S009,P00315,205,25,2026-07-01
S009,P00316,174,25,2026-07-01
S009,P00317,258,25,2026-07-01
S009,P00318,55,25,2026-07-01
S009,P00319,199,25,2026-07-01
S009,P00320,167,25,2026-07-01
S009,P00321,5,25,2026-07-01
S009,P00322,141,25,2026-07-01
S009,P00323,127,25,2026-07-01
S009,P00324,22,25,2026-07-01
S009,P00325,177,25,2026-07-01
S009,P00326,110,25,2026-07-01
S009,P00327,297,25,2026-07-01
S009,P00328,83,25,2026-07-01
S009,P00329,186,25,2026-07-01
S009,P00330,139,25,2026-07-01
S009,P00331,193,25,2026-07-01
S009,P00332,161,25,2026-07-01
S009,P00333,114,25,2026-07-01
S009,P00334,198,25,2026-07-01
S009,P00335,214,25,2026-07-01
S009,P00336,254,25,2026-07-01
S009,P00337,246,25,2026-07-01
S009,P00338,176,25,2026-07-01
S009,P00339,284,25,2026-07-01
S009,P00340,21,25,2026-07-01
S009,P00341,191,25,2026-07-01
S009,P00342,27,25,2026-07-01
S009,P00343,79,25,2026-07-01
S009,P00344,36,25,2026-07-01
S009,P00345,133,25,2026-07-01
S009,P00346,138,25,2026-07-01
S009,P00347,1,25,2026-07-01
S009,P00348,289,25,2026-07-01
S009,P00349,96,25,2026-07-01
S009,P00350,9,25,2026-07-01
S009,P00351,26,25,2026-07-01
S009,P00352,233,25,2026-07-01
S009,P00353,113,25,2026-07-01
S009,P00354,222,25,2026-07-01
S009,P00355,175,25,2026-07-01
S009,P00356,223,25,2026-07-01
S009,P00357,186,25,2026-07-01
S009,P00358,2,25,2026-07-01
S009,P00359,292,25,2026-07-01
S009,P00360,153,25,2026-07-01
S009,P00361,88,25,2026-07-01
S009,P00362,235,25,2026-07-01
S009,P00363,19,25,2026-07-01
S009,P00364,132,25,2026-07-01
S009,P00365,128,25,2026-07-01
S009,P00366,61,25,2026-07-01
S009,P00367,168,25,2026-07-01
S009,P00368,9,25,2026-07-01
S009,P00369,83,25,2026-07-01
S009,P00370,183,25,2026-07-01
S009,P00371,125,25,2026-07-01
S009,P00372,159,25,2026-07-01
S009,P00373,277,25,2026-07-01
S009,P00374,48,25,2026-07-01
S009,P00375,70,25,2026-07-01
S009,P00376,55,25,2026-07-01
S009,P00377,130,25,2026-07-01
S009,P00378,247,25,2026-07-01
S009,P00379,152,25,2026-07-01
S009,P00380,233,25,2026-07-01
S009,P00381,10,25,2026-07-01
S009,P00382,138,25,2026-07-01
S009,P00383,59,25,2026-07-01
S009,P00384,146,25,2026-07-01
S009,P00385,19,25,2026-07-01
S009,P00386,216,25,2026-07-01
S009,P00387,209,25,2026-07-01
S009,P00388,4,25,2026-07-01
S009,P00389,193,25,2026-07-01
S009,P00390,51,25,2026-07-01
S009,P00391,298,25,2026-07-01
S009,P00392,6,25,2026-07-01
S009,P00393,102,25,2026-07-01
S009,P00394,108,25,2026-07-01
S009,P00395,18,25,2026-07-01
S009,P00396,32,25,2026-07-01
S009,P00397,287,25,2026-07-01
S009,P00398,44,25,2026-07-01
S009,P00399,97,25,2026-07-01
S009,P00400,236,25,2026-07-01
S009,P00401,215,25,2026-07-01
S009,P00402,266,25,2026-07-01
S009,P00403,222,25,2026-07-01
S009,P00404,120,25,2026-07-01
S009,P00405,179,25,2026-07-01
S009,P00406,133,25,2026-07-01
S009,P00407,271,25,2026-07-01
S009,P00408,188,25,2026-07-01
S009,P00409,229,25,2026-07-01
S009,P00410,238,25,2026-07-01
S009,P00411,251,25,2026-07-01
S009,P00412,267,25,2026-07-01
S009,P00413,48,25,2026-07-01
S009,P00414,86,25,2026-07-01
S009,P00415,189,25,2026-07-01
S009,P00416,115,25,2026-07-01
S009,P00417,256,25,2026-07-01
S009,P00418,211,25,2026-07-01
S009,P00419,155,25,2026-07-01
S009,P00420,44,25,2026-07-01
S009,P00421,175,25,2026-07-01
S009,P00422,136,25,2026-07-01
S009,P00423,101,25,2026-07-01
S009,P00424,97,25,2026-07-01
S009,P00425,280,25,2026-07-01
S009,P00426,84,25,2026-07-01
S009,P00427,170,25,2026-07-01
S009,P00428,1,25,2026-07-01
S009,P00429,239,25,2026-07-01
S009,P00430,298,25,2026-07-01
S009,P00431,50,25,2026-07-01
S009,P00432,75,25,2026-07-01
S009,P00433,289,25,2026-07-01
S009,P00434,77,25,2026-07-01
S009,P00435,232,25,2026-07-01
S009,P00436,232,25,2026-07-01
S009,P00437,249,25,2026-07-01
S009,P00438,160,25,2026-07-01
S009,P00439,76,25,2026-07-01
S009,P00440,59,25,2026-07-01
S009,P00441,192,25,2026-07-01
S009,P00442,300,25,2026-07-01
S009,P00443,217,25,2026-07-01
S009,P00444,199,25,2026-07-01
S009,P00445,88,25,2026-07-01
S009,P00446,73,25,2026-07-01
S009,P00447,157,25,2026-07-01
S009,P00448,52,25,2026-07-01
S009,P00449,204,25,2026-07-01
S009,P00450,265,25,2026-07-01
S009,P00451,231,25,2026-07-01
S009,P00452,248,25,2026-07-01
S009,P00453,212,25,2026-07-01
S009,P00454,96,25,2026-07-01
S009,P00455,24,25,2026-07-01
S009,P00456,58,25,2026-07-01
S009,P00457,140,25,2026-07-01
S009,P00458,210,25,2026-07-01
S009,P00459,51,25,2026-07-01
S009,P00460,153,25,2026-07-01
S009,P00461,127,25,2026-07-01
S009,P00462,128,25,2026-07-01
S009,P00463,158,25,2026-07-01
S009,P00464,260,25,2026-07-01
S009,P00465,254,25,2026-07-01
S009,P00466,103,25,2026-07-01
S009,P00467,38,25,2026-07-01
S009,P00468,291,25,2026-07-01
S009,P00469,45,25,2026-07-01
S009,P00470,57,25,2026-07-01
S009,P00471,156,25,2026-07-01
S009,P00472,110,25,2026-07-01
S009,P00473,142,25,2026-07-01
S009,P00474,132,25,2026-07-01
S009,P00475,111,25,2026-07-01
S009,P00476,161,25,2026-07-01
S009,P00477,197,25,2026-07-01
S009,P00478,114,25,2026-07-01
S009,P00479,109,25,2026-07-01
S009,P00480,256,25,2026-07-01
S009,P00481,272,25,2026-07-01
S009,P00482,76,25,2026-07-01
S009,P00483,13,25,2026-07-01
S009,P00484,288,25,2026-07-01
S009,P00485,183,25,2026-07-01
S009,P00486,59,25,2026-07-01
S009,P00487,167,25,2026-07-01
S009,P00488,140,25,2026-07-01
S009,P00489,263,25,2026-07-01
S009,P00490,261,25,2026-07-01
S009,P00491,167,25,2026-07-01
S009,P00492,62,25,2026-07-01
S009,P00493,231,25,2026-07-01
S009,P00494,10,25,2026-07-01
S009,P00495,235,25,2026-07-01
S009,P00496,278,25,2026-07-01
S009,P00497,7,25,2026-07-01
S009,P00498,92,25,2026-07-01
S009,P00499,251,25,2026-07-01
S009,P00500,136,25,2026-07-01
S010,P00001,59,25,2026-07-01
S010,P00002,195,25,2026-07-01
S010,P00003,234,25,2026-07-01
S010,P00004,174,25,2026-07-01
S010,P00005,152,25,2026-07-01
S010,P00006,290,25,2026-07-01
S010,P00007,144,25,2026-07-01
S010,P00008,232,25,2026-07-01
S010,P00009,239,25,2026-07-01
S010,P00010,72,25,2026-07-01
S010,P00011,163,25,2026-07-01
S010,P00012,106,25,2026-07-01
S010,P00013,22,25,2026-07-01
S010,P00014,294,25,2026-07-01
S010,P00015,275,25,2026-07-01
S010,P00016,151,25,2026-07-01
S010,P00017,221,25,2026-07-01
S010,P00018,147,25,2026-07-01
S010,P00019,41,25,2026-07-01
S010,P00020,169,25,2026-07-01
S010,P00021,252,25,2026-07-01
S010,P00022,96,25,2026-07-01
S010,P00023,31,25,2026-07-01
S010,P00024,212,25,2026-07-01
S010,P00025,151,25,2026-07-01
S010,P00026,265,25,2026-07-01
S010,P00027,75,25,2026-07-01
S010,P00028,277,25,2026-07-01
S010,P00029,142,25,2026-07-01
S010,P00030,172,25,2026-07-01
S010,P00031,209,25,2026-07-01
S010,P00032,206,25,2026-07-01
S010,P00033,262,25,2026-07-01
S010,P00034,89,25,2026-07-01
S010,P00035,208,25,2026-07-01
S010,P00036,234,25,2026-07-01
S010,P00037,219,25,2026-07-01
S010,P00038,3,25,2026-07-01
S010,P00039,156,25,2026-07-01
S010,P00040,162,25,2026-07-01
S010,P00041,113,25,2026-07-01
S010,P00042,218,25,2026-07-01
S010,P00043,166,25,2026-07-01
S010,P00044,82,25,2026-07-01
S010,P00045,49,25,2026-07-01
S010,P00046,121,25,2026-07-01
S010,P00047,129,25,2026-07-01
S010,P00048,184,25,2026-07-01
S010,P00049,181,25,2026-07-01
S010,P00050,189,25,2026-07-01
S010,P00051,69,25,2026-07-01
S010,P00052,5,25,2026-07-01
S010,P00053,100,25,2026-07-01
S010,P00054,33,25,2026-07-01
S010,P00055,295,25,2026-07-01
S010,P00056,117,25,2026-07-01
S010,P00057,111,25,2026-07-01
S010,P00058,291,25,2026-07-01
S010,P00059,231,25,2026-07-01
S010,P00060,224,25,2026-07-01
S010,P00061,114,25,2026-07-01
S010,P00062,210,25,2026-07-01
S010,P00063,5,25,2026-07-01
S010,P00064,290,25,2026-07-01
S010,P00065,0,25,2026-07-01
S010,P00066,77,25,2026-07-01
S010,P00067,148,25,2026-07-01
S010,P00068,128,25,2026-07-01
S010,P00069,177,25,2026-07-01
S010,P00070,92,25,2026-07-01
S010,P00071,293,25,2026-07-01
S010,P00072,181,25,2026-07-01
S010,P00073,293,25,2026-07-01
S010,P00074,90,25,2026-07-01
S010,P00075,199,25,2026-07-01
S010,P00076,112,25,2026-07-01
S010,P00077,122,25,2026-07-01
S010,P00078,129,25,2026-07-01
S010,P00079,83,25,2026-07-01
S010,P00080,90,25,2026-07-01
S010,P00081,82,25,2026-07-01
S010,P00082,153,25,2026-07-01
S010,P00083,241,25,2026-07-01
S010,P00084,54,25,2026-07-01
S010,P00085,286,25,2026-07-01
S010,P00086,39,25,2026-07-01
S010,P00087,106,25,2026-07-01
S010,P00088,136,25,2026-07-01
S010,P00089,202,25,2026-07-01
S010,P00090,79,25,2026-07-01
S010,P00091,154,25,2026-07-01
S010,P00092,230,25,2026-07-01
S010,P00093,85,25,2026-07-01
S010,P00094,248,25,2026-07-01
S010,P00095,148,25,2026-07-01
S010,P00096,265,25,2026-07-01
S010,P00097,299,25,2026-07-01
S010,P00098,31,25,2026-07-01
S010,P00099,188,25,2026-07-01
S010,P00100,196,25,2026-07-01
S010,P00101,243,25,2026-07-01
S010,P00102,22,25,2026-07-01
S010,P00103,256,25,2026-07-01
S010,P00104,193,25,2026-07-01
S010,P00105,98,25,2026-07-01
S010,P00106,66,25,2026-07-01
S010,P00107,163,25,2026-07-01
S010,P00108,208,25,2026-07-01
S010,P00109,86,25,2026-07-01
S010,P00110,215,25,2026-07-01
S010,P00111,162,25,2026-07-01
S010,P00112,132,25,2026-07-01
S010,P00113,276,25,2026-07-01
S010,P00114,241,25,2026-07-01
S010,P00115,83,25,2026-07-01
S010,P00116,108,25,2026-07-01
S010,P00117,188,25,2026-07-01
S010,P00118,101,25,2026-07-01
S010,P00119,125,25,2026-07-01
S010,P00120,0,25,2026-07-01
S010,P00121,300,25,2026-07-01
S010,P00122,46,25,2026-07-01
S010,P00123,29,25,2026-07-01
S010,P00124,240,25,2026-07-01
S010,P00125,262,25,2026-07-01
S010,P00126,90,25,2026-07-01
S010,P00127,221,25,2026-07-01
S010,P00128,199,25,2026-07-01
S010,P00129,203,25,2026-07-01
S010,P00130,293,25,2026-07-01
S010,P00131,225,25,2026-07-01
S010,P00132,267,25,2026-07-01
S010,P00133,230,25,2026-07-01
S010,P00134,203,25,2026-07-01
S010,P00135,79,25,2026-07-01
S010,P00136,191,25,2026-07-01
S010,P00137,31,25,2026-07-01
S010,P00138,85,25,2026-07-01
S010,P00139,289,25,2026-07-01
S010,P00140,227,25,2026-07-01
S010,P00141,141,25,2026-07-01
S010,P00142,19,25,2026-07-01
S010,P00143,170,25,2026-07-01
S010,P00144,203,25,2026-07-01
S010,P00145,163,25,2026-07-01
S010,P00146,30,25,2026-07-01
S010,P00147,142,25,2026-07-01
S010,P00148,14,25,2026-07-01
S010,P00149,87,25,2026-07-01
S010,P00150,112,25,2026-07-01
S010,P00151,188,25,2026-07-01
S010,P00152,265,25,2026-07-01
S010,P00153,163,25,2026-07-01
S010,P00154,275,25,2026-07-01
S010,P00155,124,25,2026-07-01
S010,P00156,131,25,2026-07-01
S010,P00157,294,25,2026-07-01
S010,P00158,23,25,2026-07-01
S010,P00159,202,25,2026-07-01
S010,P00160,52,25,2026-07-01
S010,P00161,174,25,2026-07-01
S010,P00162,54,25,2026-07-01
S010,P00163,249,25,2026-07-01
S010,P00164,239,25,2026-07-01
S010,P00165,211,25,2026-07-01
S010,P00166,212,25,2026-07-01
S010,P00167,233,25,2026-07-01
S010,P00168,257,25,2026-07-01
S010,P00169,156,25,2026-07-01
S010,P00170,77,25,2026-07-01
S010,P00171,137,25,2026-07-01
S010,P00172,286,25,2026-07-01
S010,P00173,186,25,2026-07-01
S010,P00174,8,25,2026-07-01
S010,P00175,131,25,2026-07-01
S010,P00176,291,25,2026-07-01
S010,P00177,59,25,2026-07-01
S010,P00178,277,25,2026-07-01
S010,P00179,278,25,2026-07-01
S010,P00180,158,25,2026-07-01
S010,P00181,174,25,2026-07-01
S010,P00182,183,25,2026-07-01
S010,P00183,261,25,2026-07-01
S010,P00184,100,25,2026-07-01
S010,P00185,246,25,2026-07-01
S010,P00186,161,25,2026-07-01
S010,P00187,93,25,2026-07-01
S010,P00188,241,25,2026-07-01
S010,P00189,198,25,2026-07-01
S010,P00190,111,25,2026-07-01
S010,P00191,271,25,2026-07-01
S010,P00192,19,25,2026-07-01
S010,P00193,7,25,2026-07-01
S010,P00194,43,25,2026-07-01
S010,P00195,279,25,2026-07-01
S010,P00196,250,25,2026-07-01
S010,P00197,130,25,2026-07-01
S010,P00198,77,25,2026-07-01
S010,P00199,12,25,2026-07-01
S010,P00200,249,25,2026-07-01
S010,P00201,259,25,2026-07-01
S010,P00202,158,25,2026-07-01
S010,P00203,198,25,2026-07-01
S010,P00204,53,25,2026-07-01
S010,P00205,85,25,2026-07-01
S010,P00206,93,25,2026-07-01
S010,P00207,272,25,2026-07-01
S010,P00208,158,25,2026-07-01
S010,P00209,71,25,2026-07-01
S010,P00210,275,25,2026-07-01
S010,P00211,239,25,2026-07-01
S010,P00212,19,25,2026-07-01
S010,P00213,110,25,2026-07-01
S010,P00214,154,25,2026-07-01
S010,P00215,222,25,2026-07-01
S010,P00216,222,25,2026-07-01
S010,P00217,134,25,2026-07-01
S010,P00218,289,25,2026-07-01
S010,P00219,77,25,2026-07-01
S010,P00220,68,25,2026-07-01
S010,P00221,53,25,2026-07-01
S010,P00222,28,25,2026-07-01
S010,P00223,2,25,2026-07-01
S010,P00224,227,25,2026-07-01
S010,P00225,297,25,2026-07-01
S010,P00226,15,25,2026-07-01
S010,P00227,295,25,2026-07-01
S010,P00228,163,25,2026-07-01
S010,P00229,264,25,2026-07-01
S010,P00230,30,25,2026-07-01
S010,P00231,224,25,2026-07-01
S010,P00232,3,25,2026-07-01
S010,P00233,92,25,2026-07-01
S010,P00234,271,25,2026-07-01
S010,P00235,53,25,2026-07-01
S010,P00236,163,25,2026-07-01
S010,P00237,114,25,2026-07-01
S010,P00238,146,25,2026-07-01
S010,P00239,106,25,2026-07-01
S010,P00240,184,25,2026-07-01
S010,P00241,275,25,2026-07-01
S010,P00242,206,25,2026-07-01
S010,P00243,244,25,2026-07-01
S010,P00244,20,25,2026-07-01
S010,P00245,122,25,2026-07-01
S010,P00246,176,25,2026-07-01
S010,P00247,25,25,2026-07-01
S010,P00248,195,25,2026-07-01
S010,P00249,232,25,2026-07-01
S010,P00250,299,25,2026-07-01
S010,P00251,279,25,2026-07-01
S010,P00252,17,25,2026-07-01
S010,P00253,76,25,2026-07-01
S010,P00254,269,25,2026-07-01
S010,P00255,252,25,2026-07-01
S010,P00256,141,25,2026-07-01
S010,P00257,1,25,2026-07-01
S010,P00258,184,25,2026-07-01
S010,P00259,18,25,2026-07-01
S010,P00260,129,25,2026-07-01
S010,P00261,65,25,2026-07-01
S010,P00262,229,25,2026-07-01
S010,P00263,209,25,2026-07-01
S010,P00264,271,25,2026-07-01
S010,P00265,163,25,2026-07-01
S010,P00266,167,25,2026-07-01
S010,P00267,68,25,2026-07-01
S010,P00268,111,25,2026-07-01
S010,P00269,250,25,2026-07-01
S010,P00270,129,25,2026-07-01
S010,P00271,104,25,2026-07-01
S010,P00272,177,25,2026-07-01
S010,P00273,229,25,2026-07-01
S010,P00274,235,25,2026-07-01
S010,P00275,299,25,2026-07-01
S010,P00276,248,25,2026-07-01
S010,P00277,100,25,2026-07-01
S010,P00278,121,25,2026-07-01
S010,P00279,202,25,2026-07-01
S010,P00280,62,25,2026-07-01
S010,P00281,103,25,2026-07-01
S010,P00282,212,25,2026-07-01
S010,P00283,175,25,2026-07-01
S010,P00284,274,25,2026-07-01
S010,P00285,116,25,2026-07-01
S010,P00286,225,25,2026-07-01
S010,P00287,278,25,2026-07-01
S010,P00288,270,25,2026-07-01
S010,P00289,105,25,2026-07-01
S010,P00290,290,25,2026-07-01
S010,P00291,166,25,2026-07-01
S010,P00292,174,25,2026-07-01
S010,P00293,49,25,2026-07-01
S010,P00294,267,25,2026-07-01
S010,P00295,165,25,2026-07-01
S010,P00296,67,25,2026-07-01
S010,P00297,44,25,2026-07-01
S010,P00298,6,25,2026-07-01
S010,P00299,261,25,2026-07-01
S010,P00300,7,25,2026-07-01
S010,P00301,223,25,2026-07-01
S010,P00302,251,25,2026-07-01
S010,P00303,289,25,2026-07-01
S010,P00304,196,25,2026-07-01
S010,P00305,228,25,2026-07-01
S010,P00306,249,25,2026-07-01
S010,P00307,204,25,2026-07-01
S010,P00308,128,25,2026-07-01
S010,P00309,238,25,2026-07-01
S010,P00310,122,25,2026-07-01
S010,P00311,159,25,2026-07-01
S010,P00312,194,25,2026-07-01
S010,P00313,13,25,2026-07-01
S010,P00314,300,25,2026-07-01
S010,P00315,145,25,2026-07-01
S010,P00316,209,25,2026-07-01
S010,P00317,32,25,2026-07-01
S010,P00318,192,25,2026-07-01
S010,P00319,85,25,2026-07-01
S010,P00320,18,25,2026-07-01
S010,P00321,131,25,2026-07-01
S010,P00322,109,25,2026-07-01
S010,P00323,184,25,2026-07-01
S010,P00324,240,25,2026-07-01
S010,P00325,134,25,2026-07-01
S010,P00326,276,25,2026-07-01
S010,P00327,142,25,2026-07-01
S010,P00328,178,25,2026-07-01
S010,P00329,43,25,2026-07-01
S010,P00330,198,25,2026-07-01
S010,P00331,268,25,2026-07-01
S010,P00332,29,25,2026-07-01
S010,P00333,297,25,2026-07-01
S010,P00334,286,25,2026-07-01
S010,P00335,259,25,2026-07-01
S010,P00336,224,25,2026-07-01
S010,P00337,271,25,2026-07-01
S010,P00338,213,25,2026-07-01
S010,P00339,115,25,2026-07-01
S010,P00340,113,25,2026-07-01
S010,P00341,95,25,2026-07-01
S010,P00342,127,25,2026-07-01
S010,P00343,152,25,2026-07-01
S010,P00344,272,25,2026-07-01
S010,P00345,135,25,2026-07-01
S010,P00346,174,25,2026-07-01
S010,P00347,246,25,2026-07-01
S010,P00348,155,25,2026-07-01
S010,P00349,207,25,2026-07-01
S010,P00350,152,25,2026-07-01
S010,P00351,210,25,2026-07-01
S010,P00352,64,25,2026-07-01
S010,P00353,210,25,2026-07-01
S010,P00354,126,25,2026-07-01
S010,P00355,85,25,2026-07-01
S010,P00356,267,25,2026-07-01
S010,P00357,261,25,2026-07-01
S010,P00358,14,25,2026-07-01
S010,P00359,137,25,2026-07-01
S010,P00360,293,25,2026-07-01
S010,P00361,219,25,2026-07-01
S010,P00362,209,25,2026-07-01
S010,P00363,239,25,2026-07-01
S010,P00364,77,25,2026-07-01
S010,P00365,48,25,2026-07-01
S010,P00366,248,25,2026-07-01
S010,P00367,197,25,2026-07-01
S010,P00368,226,25,2026-07-01
S010,P00369,25,25,2026-07-01
S010,P00370,261,25,2026-07-01
S010,P00371,280,25,2026-07-01
S010,P00372,246,25,2026-07-01
S010,P00373,189,25,2026-07-01
S010,P00374,94,25,2026-07-01
S010,P00375,143,25,2026-07-01
S010,P00376,229,25,2026-07-01
S010,P00377,71,25,2026-07-01
S010,P00378,120,25,2026-07-01
S010,P00379,3,25,2026-07-01
S010,P00380,270,25,2026-07-01
S010,P00381,60,25,2026-07-01
S010,P00382,103,25,2026-07-01
S010,P00383,115,25,2026-07-01
S010,P00384,169,25,2026-07-01
S010,P00385,189,25,2026-07-01
S010,P00386,155,25,2026-07-01
S010,P00387,161,25,2026-07-01
S010,P00388,132,25,2026-07-01
S010,P00389,58,25,2026-07-01
S010,P00390,120,25,2026-07-01
S010,P00391,64,25,2026-07-01
S010,P00392,176,25,2026-07-01
S010,P00393,295,25,2026-07-01
S010,P00394,188,25,2026-07-01
S010,P00395,150,25,2026-07-01
S010,P00396,112,25,2026-07-01
S010,P00397,35,25,2026-07-01
S010,P00398,179,25,2026-07-01
S010,P00399,162,25,2026-07-01
S010,P00400,275,25,2026-07-01
S010,P00401,165,25,2026-07-01
S010,P00402,6,25,2026-07-01
S010,P00403,169,25,2026-07-01
S010,P00404,175,25,2026-07-01
S010,P00405,1,25,2026-07-01
S010,P00406,95,25,2026-07-01
S010,P00407,249,25,2026-07-01
S010,P00408,229,25,2026-07-01
S010,P00409,152,25,2026-07-01
S010,P00410,137,25,2026-07-01
S010,P00411,257,25,2026-07-01
S010,P00412,101,25,2026-07-01
S010,P00413,217,25,2026-07-01
S010,P00414,11,25,2026-07-01
S010,P00415,254,25,2026-07-01
S010,P00416,245,25,2026-07-01
S010,P00417,213,25,2026-07-01
S010,P00418,55,25,2026-07-01
S010,P00419,261,25,2026-07-01
S010,P00420,85,25,2026-07-01
S010,P00421,46,25,2026-07-01
S010,P00422,6,25,2026-07-01
S010,P00423,167,25,2026-07-01
S010,P00424,50,25,2026-07-01
S010,P00425,80,25,2026-07-01
S010,P00426,176,25,2026-07-01
S010,P00427,248,25,2026-07-01
S010,P00428,59,25,2026-07-01
S010,P00429,272,25,2026-07-01
S010,P00430,5,25,2026-07-01
S010,P00431,127,25,2026-07-01
S010,P00432,42,25,2026-07-01
S010,P00433,75,25,2026-07-01
S010,P00434,222,25,2026-07-01
S010,P00435,119,25,2026-07-01
S010,P00436,72,25,2026-07-01
S010,P00437,242,25,2026-07-01
S010,P00438,122,25,2026-07-01
S010,P00439,45,25,2026-07-01
S010,P00440,276,25,2026-07-01
S010,P00441,268,25,2026-07-01
S010,P00442,116,25,2026-07-01
S010,P00443,238,25,2026-07-01
S010,P00444,217,25,2026-07-01
S010,P00445,265,25,2026-07-01
S010,P00446,9,25,2026-07-01
S010,P00447,5,25,2026-07-01
S010,P00448,69,25,2026-07-01
S010,P00449,93,25,2026-07-01
S010,P00450,67,25,2026-07-01
S010,P00451,267,25,2026-07-01
S010,P00452,129,25,2026-07-01
S010,P00453,129,25,2026-07-01
S010,P00454,143,25,2026-07-01
S010,P00455,252,25,2026-07-01
S010,P00456,200,25,2026-07-01
S010,P00457,245,25,2026-07-01
S010,P00458,32,25,2026-07-01
S010,P00459,143,25,2026-07-01
S010,P00460,156,25,2026-07-01
S010,P00461,294,25,2026-07-01
S010,P00462,196,25,2026-07-01
S010,P00463,275,25,2026-07-01
S010,P00464,290,25,2026-07-01
S010,P00465,83,25,2026-07-01
S010,P00466,171,25,2026-07-01
S010,P00467,3,25,2026-07-01
S010,P00468,192,25,2026-07-01
S010,P00469,223,25,2026-07-01
S010,P00470,177,25,2026-07-01
S010,P00471,182,25,2026-07-01
S010,P00472,65,25,2026-07-01
S010,P00473,150,25,2026-07-01
S010,P00474,25,25,2026-07-01
S010,P00475,253,25,2026-07-01
S010,P00476,181,25,2026-07-01
S010,P00477,113,25,2026-07-01
S010,P00478,13,25,2026-07-01
S010,P00479,93,25,2026-07-01
S010,P00480,67,25,2026-07-01
S010,P00481,174,25,2026-07-01
S010,P00482,205,25,2026-07-01
S010,P00483,289,25,2026-07-01
S010,P00484,274,25,2026-07-01
S010,P00485,119,25,2026-07-01
S010,P00486,92,25,2026-07-01
S010,P00487,242,25,2026-07-01
S010,P00488,106,25,2026-07-01
S010,P00489,73,25,2026-07-01
S010,P00490,140,25,2026-07-01
S010,P00491,84,25,2026-07-01
S010,P00492,106,25,2026-07-01
S010,P00493,164,25,2026-07-01
S010,P00494,236,25,2026-07-01
S010,P00495,162,25,2026-07-01
S010,P00496,122,25,2026-07-01
S010,P00497,88,25,2026-07-01
S010,P00498,288,25,2026-07-01
S010,P00499,254,25,2026-07-01
S010,P00500,86,25,2026-07-01
S011,P00001,9,25,2026-07-01
S011,P00002,143,25,2026-07-01
S011,P00003,89,25,2026-07-01
S011,P00004,150,25,2026-07-01
S011,P00005,2,25,2026-07-01
S011,P00006,155,25,2026-07-01
S011,P00007,179,25,2026-07-01
S011,P00008,236,25,2026-07-01
S011,P00009,217,25,2026-07-01
S011,P00010,63,25,2026-07-01
S011,P00011,126,25,2026-07-01
S011,P00012,278,25,2026-07-01
S011,P00013,153,25,2026-07-01
S011,P00014,232,25,2026-07-01
S011,P00015,236,25,2026-07-01
S011,P00016,15,25,2026-07-01
S011,P00017,82,25,2026-07-01
S011,P00018,118,25,2026-07-01
S011,P00019,299,25,2026-07-01
S011,P00020,83,25,2026-07-01
S011,P00021,147,25,2026-07-01
S011,P00022,3,25,2026-07-01
S011,P00023,19,25,2026-07-01
S011,P00024,268,25,2026-07-01
S011,P00025,99,25,2026-07-01
S011,P00026,269,25,2026-07-01
S011,P00027,134,25,2026-07-01
S011,P00028,147,25,2026-07-01
S011,P00029,263,25,2026-07-01
S011,P00030,272,25,2026-07-01
S011,P00031,115,25,2026-07-01
S011,P00032,32,25,2026-07-01
S011,P00033,296,25,2026-07-01
S011,P00034,243,25,2026-07-01
S011,P00035,170,25,2026-07-01
S011,P00036,17,25,2026-07-01
S011,P00037,190,25,2026-07-01
S011,P00038,3,25,2026-07-01
S011,P00039,281,25,2026-07-01
S011,P00040,111,25,2026-07-01
S011,P00041,249,25,2026-07-01
S011,P00042,284,25,2026-07-01
S011,P00043,213,25,2026-07-01
S011,P00044,118,25,2026-07-01
S011,P00045,136,25,2026-07-01
S011,P00046,141,25,2026-07-01
S011,P00047,238,25,2026-07-01
S011,P00048,183,25,2026-07-01
S011,P00049,279,25,2026-07-01
S011,P00050,172,25,2026-07-01
S011,P00051,223,25,2026-07-01
S011,P00052,11,25,2026-07-01
S011,P00053,49,25,2026-07-01
S011,P00054,139,25,2026-07-01
S011,P00055,18,25,2026-07-01
S011,P00056,222,25,2026-07-01
S011,P00057,171,25,2026-07-01
S011,P00058,87,25,2026-07-01
S011,P00059,75,25,2026-07-01
S011,P00060,164,25,2026-07-01
S011,P00061,43,25,2026-07-01
S011,P00062,185,25,2026-07-01
S011,P00063,76,25,2026-07-01
S011,P00064,262,25,2026-07-01
S011,P00065,279,25,2026-07-01
S011,P00066,55,25,2026-07-01
S011,P00067,86,25,2026-07-01
S011,P00068,239,25,2026-07-01
S011,P00069,35,25,2026-07-01
S011,P00070,9,25,2026-07-01
S011,P00071,152,25,2026-07-01
S011,P00072,9,25,2026-07-01
S011,P00073,99,25,2026-07-01
S011,P00074,125,25,2026-07-01
S011,P00075,249,25,2026-07-01
S011,P00076,171,25,2026-07-01
S011,P00077,262,25,2026-07-01
S011,P00078,97,25,2026-07-01
S011,P00079,188,25,2026-07-01
S011,P00080,127,25,2026-07-01
S011,P00081,299,25,2026-07-01
S011,P00082,68,25,2026-07-01
S011,P00083,152,25,2026-07-01
S011,P00084,190,25,2026-07-01
S011,P00085,287,25,2026-07-01
S011,P00086,63,25,2026-07-01
S011,P00087,196,25,2026-07-01
S011,P00088,233,25,2026-07-01
S011,P00089,36,25,2026-07-01
S011,P00090,39,25,2026-07-01
S011,P00091,66,25,2026-07-01
S011,P00092,43,25,2026-07-01
S011,P00093,232,25,2026-07-01
S011,P00094,232,25,2026-07-01
S011,P00095,127,25,2026-07-01
S011,P00096,56,25,2026-07-01
S011,P00097,208,25,2026-07-01
S011,P00098,125,25,2026-07-01
S011,P00099,29,25,2026-07-01
S011,P00100,253,25,2026-07-01
S011,P00101,118,25,2026-07-01
S011,P00102,106,25,2026-07-01
S011,P00103,49,25,2026-07-01
S011,P00104,63,25,2026-07-01
S011,P00105,73,25,2026-07-01
S011,P00106,298,25,2026-07-01
S011,P00107,122,25,2026-07-01
S011,P00108,94,25,2026-07-01
S011,P00109,158,25,2026-07-01
S011,P00110,288,25,2026-07-01
S011,P00111,90,25,2026-07-01
S011,P00112,151,25,2026-07-01
S011,P00113,147,25,2026-07-01
S011,P00114,153,25,2026-07-01
S011,P00115,176,25,2026-07-01
S011,P00116,26,25,2026-07-01
S011,P00117,18,25,2026-07-01
S011,P00118,264,25,2026-07-01
S011,P00119,103,25,2026-07-01
S011,P00120,39,25,2026-07-01
S011,P00121,242,25,2026-07-01
S011,P00122,275,25,2026-07-01
S011,P00123,147,25,2026-07-01
S011,P00124,244,25,2026-07-01
S011,P00125,206,25,2026-07-01
S011,P00126,270,25,2026-07-01
S011,P00127,276,25,2026-07-01
S011,P00128,179,25,2026-07-01
S011,P00129,137,25,2026-07-01
S011,P00130,10,25,2026-07-01
S011,P00131,45,25,2026-07-01
S011,P00132,10,25,2026-07-01
S011,P00133,116,25,2026-07-01
S011,P00134,27,25,2026-07-01
S011,P00135,244,25,2026-07-01
S011,P00136,274,25,2026-07-01
S011,P00137,36,25,2026-07-01
S011,P00138,241,25,2026-07-01
S011,P00139,234,25,2026-07-01
S011,P00140,183,25,2026-07-01
S011,P00141,42,25,2026-07-01
S011,P00142,19,25,2026-07-01
S011,P00143,261,25,2026-07-01
S011,P00144,293,25,2026-07-01
S011,P00145,124,25,2026-07-01
S011,P00146,199,25,2026-07-01
S011,P00147,266,25,2026-07-01
S011,P00148,160,25,2026-07-01
S011,P00149,86,25,2026-07-01
S011,P00150,261,25,2026-07-01
S011,P00151,157,25,2026-07-01
S011,P00152,76,25,2026-07-01
S011,P00153,28,25,2026-07-01
S011,P00154,97,25,2026-07-01
S011,P00155,277,25,2026-07-01
S011,P00156,210,25,2026-07-01
S011,P00157,250,25,2026-07-01
S011,P00158,129,25,2026-07-01
S011,P00159,251,25,2026-07-01
S011,P00160,290,25,2026-07-01
S011,P00161,240,25,2026-07-01
S011,P00162,155,25,2026-07-01
S011,P00163,105,25,2026-07-01
S011,P00164,69,25,2026-07-01
S011,P00165,231,25,2026-07-01
S011,P00166,174,25,2026-07-01
S011,P00167,118,25,2026-07-01
S011,P00168,41,25,2026-07-01
S011,P00169,281,25,2026-07-01
S011,P00170,232,25,2026-07-01
S011,P00171,292,25,2026-07-01
S011,P00172,158,25,2026-07-01
S011,P00173,26,25,2026-07-01
S011,P00174,39,25,2026-07-01
S011,P00175,39,25,2026-07-01
S011,P00176,78,25,2026-07-01
S011,P00177,274,25,2026-07-01
S011,P00178,183,25,2026-07-01
S011,P00179,42,25,2026-07-01
S011,P00180,13,25,2026-07-01
S011,P00181,136,25,2026-07-01
S011,P00182,203,25,2026-07-01
S011,P00183,166,25,2026-07-01
S011,P00184,244,25,2026-07-01
S011,P00185,176,25,2026-07-01
S011,P00186,93,25,2026-07-01
S011,P00187,194,25,2026-07-01
S011,P00188,101,25,2026-07-01
S011,P00189,41,25,2026-07-01
S011,P00190,33,25,2026-07-01
S011,P00191,252,25,2026-07-01
S011,P00192,170,25,2026-07-01
S011,P00193,272,25,2026-07-01
S011,P00194,61,25,2026-07-01
S011,P00195,200,25,2026-07-01
S011,P00196,25,25,2026-07-01
S011,P00197,224,25,2026-07-01
S011,P00198,224,25,2026-07-01
S011,P00199,229,25,2026-07-01
S011,P00200,123,25,2026-07-01
S011,P00201,23,25,2026-07-01
S011,P00202,27,25,2026-07-01
S011,P00203,112,25,2026-07-01
S011,P00204,78,25,2026-07-01
S011,P00205,12,25,2026-07-01
S011,P00206,263,25,2026-07-01
S011,P00207,259,25,2026-07-01
S011,P00208,111,25,2026-07-01
S011,P00209,191,25,2026-07-01
S011,P00210,190,25,2026-07-01
S011,P00211,135,25,2026-07-01
S011,P00212,3,25,2026-07-01
S011,P00213,219,25,2026-07-01
S011,P00214,15,25,2026-07-01
S011,P00215,92,25,2026-07-01
S011,P00216,234,25,2026-07-01
S011,P00217,42,25,2026-07-01
S011,P00218,205,25,2026-07-01
S011,P00219,209,25,2026-07-01
S011,P00220,259,25,2026-07-01
S011,P00221,83,25,2026-07-01
S011,P00222,64,25,2026-07-01
S011,P00223,68,25,2026-07-01
S011,P00224,94,25,2026-07-01
S011,P00225,40,25,2026-07-01
S011,P00226,106,25,2026-07-01
S011,P00227,49,25,2026-07-01
S011,P00228,136,25,2026-07-01
S011,P00229,202,25,2026-07-01
S011,P00230,146,25,2026-07-01
S011,P00231,202,25,2026-07-01
S011,P00232,217,25,2026-07-01
S011,P00233,23,25,2026-07-01
S011,P00234,174,25,2026-07-01
S011,P00235,106,25,2026-07-01
S011,P00236,247,25,2026-07-01
S011,P00237,8,25,2026-07-01
S011,P00238,65,25,2026-07-01
S011,P00239,234,25,2026-07-01
S011,P00240,206,25,2026-07-01
S011,P00241,255,25,2026-07-01
S011,P00242,94,25,2026-07-01
S011,P00243,2,25,2026-07-01
S011,P00244,130,25,2026-07-01
S011,P00245,251,25,2026-07-01
S011,P00246,70,25,2026-07-01
S011,P00247,125,25,2026-07-01
S011,P00248,165,25,2026-07-01
S011,P00249,18,25,2026-07-01
S011,P00250,72,25,2026-07-01
S011,P00251,242,25,2026-07-01
S011,P00252,102,25,2026-07-01
S011,P00253,174,25,2026-07-01
S011,P00254,221,25,2026-07-01
S011,P00255,270,25,2026-07-01
S011,P00256,38,25,2026-07-01
S011,P00257,183,25,2026-07-01
S011,P00258,159,25,2026-07-01
S011,P00259,73,25,2026-07-01
S011,P00260,104,25,2026-07-01
S011,P00261,69,25,2026-07-01
S011,P00262,267,25,2026-07-01
S011,P00263,141,25,2026-07-01
S011,P00264,6,25,2026-07-01
S011,P00265,296,25,2026-07-01
S011,P00266,219,25,2026-07-01
S011,P00267,141,25,2026-07-01
S011,P00268,145,25,2026-07-01
S011,P00269,26,25,2026-07-01
S011,P00270,90,25,2026-07-01
S011,P00271,199,25,2026-07-01
S011,P00272,160,25,2026-07-01
S011,P00273,258,25,2026-07-01
S011,P00274,251,25,2026-07-01
S011,P00275,227,25,2026-07-01
S011,P00276,228,25,2026-07-01
S011,P00277,19,25,2026-07-01
S011,P00278,77,25,2026-07-01
S011,P00279,271,25,2026-07-01
S011,P00280,267,25,2026-07-01
S011,P00281,166,25,2026-07-01
S011,P00282,201,25,2026-07-01
S011,P00283,91,25,2026-07-01
S011,P00284,106,25,2026-07-01
S011,P00285,150,25,2026-07-01
S011,P00286,70,25,2026-07-01
S011,P00287,8,25,2026-07-01
S011,P00288,22,25,2026-07-01
S011,P00289,67,25,2026-07-01
S011,P00290,180,25,2026-07-01
S011,P00291,292,25,2026-07-01
S011,P00292,95,25,2026-07-01
S011,P00293,166,25,2026-07-01
S011,P00294,95,25,2026-07-01
S011,P00295,250,25,2026-07-01
S011,P00296,284,25,2026-07-01
S011,P00297,24,25,2026-07-01
S011,P00298,8,25,2026-07-01
S011,P00299,84,25,2026-07-01
S011,P00300,26,25,2026-07-01
S011,P00301,233,25,2026-07-01
S011,P00302,265,25,2026-07-01
S011,P00303,284,25,2026-07-01
S011,P00304,145,25,2026-07-01
S011,P00305,134,25,2026-07-01
S011,P00306,67,25,2026-07-01
S011,P00307,16,25,2026-07-01
S011,P00308,14,25,2026-07-01
S011,P00309,187,25,2026-07-01
S011,P00310,125,25,2026-07-01
S011,P00311,258,25,2026-07-01
S011,P00312,88,25,2026-07-01
S011,P00313,62,25,2026-07-01
S011,P00314,161,25,2026-07-01
S011,P00315,120,25,2026-07-01
S011,P00316,51,25,2026-07-01
S011,P00317,44,25,2026-07-01
S011,P00318,120,25,2026-07-01
S011,P00319,6,25,2026-07-01
S011,P00320,282,25,2026-07-01
S011,P00321,16,25,2026-07-01
S011,P00322,190,25,2026-07-01
S011,P00323,121,25,2026-07-01
S011,P00324,16,25,2026-07-01
S011,P00325,300,25,2026-07-01
S011,P00326,255,25,2026-07-01
S011,P00327,55,25,2026-07-01
S011,P00328,25,25,2026-07-01
S011,P00329,259,25,2026-07-01
S011,P00330,80,25,2026-07-01
S011,P00331,244,25,2026-07-01
S011,P00332,224,25,2026-07-01
S011,P00333,173,25,2026-07-01
S011,P00334,100,25,2026-07-01
S011,P00335,248,25,2026-07-01
S011,P00336,294,25,2026-07-01
S011,P00337,157,25,2026-07-01
S011,P00338,25,25,2026-07-01
S011,P00339,51,25,2026-07-01
S011,P00340,12,25,2026-07-01
S011,P00341,254,25,2026-07-01
S011,P00342,265,25,2026-07-01
S011,P00343,268,25,2026-07-01
S011,P00344,157,25,2026-07-01
S011,P00345,161,25,2026-07-01
S011,P00346,31,25,2026-07-01
S011,P00347,39,25,2026-07-01
S011,P00348,108,25,2026-07-01
S011,P00349,276,25,2026-07-01
S011,P00350,251,25,2026-07-01
S011,P00351,236,25,2026-07-01
S011,P00352,68,25,2026-07-01
S011,P00353,276,25,2026-07-01
S011,P00354,286,25,2026-07-01
S011,P00355,208,25,2026-07-01
S011,P00356,265,25,2026-07-01
S011,P00357,16,25,2026-07-01
S011,P00358,297,25,2026-07-01
S011,P00359,3,25,2026-07-01
S011,P00360,27,25,2026-07-01
S011,P00361,287,25,2026-07-01
S011,P00362,85,25,2026-07-01
S011,P00363,168,25,2026-07-01
S011,P00364,117,25,2026-07-01
S011,P00365,52,25,2026-07-01
S011,P00366,227,25,2026-07-01
S011,P00367,145,25,2026-07-01
S011,P00368,262,25,2026-07-01
S011,P00369,200,25,2026-07-01
S011,P00370,14,25,2026-07-01
S011,P00371,195,25,2026-07-01
S011,P00372,200,25,2026-07-01
S011,P00373,233,25,2026-07-01
S011,P00374,4,25,2026-07-01
S011,P00375,65,25,2026-07-01
S011,P00376,106,25,2026-07-01
S011,P00377,115,25,2026-07-01
S011,P00378,43,25,2026-07-01
S011,P00379,186,25,2026-07-01
S011,P00380,115,25,2026-07-01
S011,P00381,272,25,2026-07-01
S011,P00382,131,25,2026-07-01
S011,P00383,239,25,2026-07-01
S011,P00384,230,25,2026-07-01
S011,P00385,229,25,2026-07-01
S011,P00386,46,25,2026-07-01
S011,P00387,170,25,2026-07-01
S011,P00388,193,25,2026-07-01
S011,P00389,68,25,2026-07-01
S011,P00390,168,25,2026-07-01
S011,P00391,141,25,2026-07-01
S011,P00392,174,25,2026-07-01
S011,P00393,237,25,2026-07-01
S011,P00394,249,25,2026-07-01
S011,P00395,164,25,2026-07-01
S011,P00396,250,25,2026-07-01
S011,P00397,195,25,2026-07-01
S011,P00398,113,25,2026-07-01
S011,P00399,71,25,2026-07-01
S011,P00400,270,25,2026-07-01
S011,P00401,71,25,2026-07-01
S011,P00402,61,25,2026-07-01
S011,P00403,283,25,2026-07-01
S011,P00404,244,25,2026-07-01
S011,P00405,16,25,2026-07-01
S011,P00406,0,25,2026-07-01
S011,P00407,126,25,2026-07-01
S011,P00408,186,25,2026-07-01
S011,P00409,163,25,2026-07-01
S011,P00410,123,25,2026-07-01
S011,P00411,230,25,2026-07-01
S011,P00412,17,25,2026-07-01
S011,P00413,34,25,2026-07-01
S011,P00414,142,25,2026-07-01
S011,P00415,34,25,2026-07-01
S011,P00416,155,25,2026-07-01
S011,P00417,121,25,2026-07-01
S011,P00418,236,25,2026-07-01
S011,P00419,147,25,2026-07-01
S011,P00420,107,25,2026-07-01
S011,P00421,77,25,2026-07-01
S011,P00422,45,25,2026-07-01
S011,P00423,139,25,2026-07-01
S011,P00424,239,25,2026-07-01
S011,P00425,69,25,2026-07-01
S011,P00426,135,25,2026-07-01
S011,P00427,218,25,2026-07-01
S011,P00428,113,25,2026-07-01
S011,P00429,19,25,2026-07-01
S011,P00430,97,25,2026-07-01
S011,P00431,104,25,2026-07-01
S011,P00432,185,25,2026-07-01
S011,P00433,56,25,2026-07-01
S011,P00434,203,25,2026-07-01
S011,P00435,103,25,2026-07-01
S011,P00436,199,25,2026-07-01
S011,P00437,60,25,2026-07-01
S011,P00438,146,25,2026-07-01
S011,P00439,41,25,2026-07-01
S011,P00440,176,25,2026-07-01
S011,P00441,86,25,2026-07-01
S011,P00442,287,25,2026-07-01
S011,P00443,68,25,2026-07-01
S011,P00444,104,25,2026-07-01
S011,P00445,269,25,2026-07-01
S011,P00446,289,25,2026-07-01
S011,P00447,154,25,2026-07-01
S011,P00448,114,25,2026-07-01
S011,P00449,230,25,2026-07-01
S011,P00450,121,25,2026-07-01
S011,P00451,114,25,2026-07-01
S011,P00452,232,25,2026-07-01
S011,P00453,79,25,2026-07-01
S011,P00454,114,25,2026-07-01
S011,P00455,162,25,2026-07-01
S011,P00456,78,25,2026-07-01
S011,P00457,59,25,2026-07-01
S011,P00458,112,25,2026-07-01
S011,P00459,253,25,2026-07-01
S011,P00460,273,25,2026-07-01
S011,P00461,255,25,2026-07-01
S011,P00462,240,25,2026-07-01
S011,P00463,78,25,2026-07-01
S011,P00464,175,25,2026-07-01
S011,P00465,107,25,2026-07-01
S011,P00466,126,25,2026-07-01
S011,P00467,121,25,2026-07-01
S011,P00468,271,25,2026-07-01
S011,P00469,180,25,2026-07-01
S011,P00470,265,25,2026-07-01
S011,P00471,93,25,2026-07-01
S011,P00472,293,25,2026-07-01
S011,P00473,272,25,2026-07-01
S011,P00474,221,25,2026-07-01
S011,P00475,177,25,2026-07-01
S011,P00476,298,25,2026-07-01
S011,P00477,182,25,2026-07-01
S011,P00478,37,25,2026-07-01
S011,P00479,128,25,2026-07-01
S011,P00480,99,25,2026-07-01
S011,P00481,15,25,2026-07-01
S011,P00482,39,25,2026-07-01
S011,P00483,225,25,2026-07-01
S011,P00484,27,25,2026-07-01
S011,P00485,300,25,2026-07-01
S011,P00486,266,25,2026-07-01
S011,P00487,77,25,2026-07-01
S011,P00488,13,25,2026-07-01
S011,P00489,233,25,2026-07-01
S011,P00490,30,25,2026-07-01
S011,P00491,24,25,2026-07-01
S011,P00492,160,25,2026-07-01
S011,P00493,288,25,2026-07-01
S011,P00494,245,25,2026-07-01
S011,P00495,56,25,2026-07-01
S011,P00496,201,25,2026-07-01
S011,P00497,81,25,2026-07-01
S011,P00498,77,25,2026-07-01
S011,P00499,116,25,2026-07-01
S011,P00500,193,25,2026-07-01
S012,P00001,50,25,2026-07-01
S012,P00002,282,25,2026-07-01
S012,P00003,32,25,2026-07-01
S012,P00004,250,25,2026-07-01
S012,P00005,210,25,2026-07-01
S012,P00006,69,25,2026-07-01
S012,P00007,13,25,2026-07-01
S012,P00008,126,25,2026-07-01
S012,P00009,39,25,2026-07-01
S012,P00010,94,25,2026-07-01
S012,P00011,45,25,2026-07-01
S012,P00012,220,25,2026-07-01
S012,P00013,232,25,2026-07-01
S012,P00014,291,25,2026-07-01
S012,P00015,276,25,2026-07-01
S012,P00016,160,25,2026-07-01
S012,P00017,218,25,2026-07-01
S012,P00018,9,25,2026-07-01
S012,P00019,43,25,2026-07-01
S012,P00020,18,25,2026-07-01
S012,P00021,111,25,2026-07-01
S012,P00022,88,25,2026-07-01
S012,P00023,121,25,2026-07-01
S012,P00024,7,25,2026-07-01
S012,P00025,217,25,2026-07-01
S012,P00026,227,25,2026-07-01
S012,P00027,293,25,2026-07-01
S012,P00028,151,25,2026-07-01
S012,P00029,164,25,2026-07-01
S012,P00030,247,25,2026-07-01
S012,P00031,234,25,2026-07-01
S012,P00032,188,25,2026-07-01
S012,P00033,19,25,2026-07-01
S012,P00034,266,25,2026-07-01
S012,P00035,19,25,2026-07-01
S012,P00036,58,25,2026-07-01
S012,P00037,40,25,2026-07-01
S012,P00038,106,25,2026-07-01
S012,P00039,178,25,2026-07-01
S012,P00040,277,25,2026-07-01
S012,P00041,204,25,2026-07-01
S012,P00042,16,25,2026-07-01
S012,P00043,31,25,2026-07-01
S012,P00044,15,25,2026-07-01
S012,P00045,35,25,2026-07-01
S012,P00046,23,25,2026-07-01
S012,P00047,62,25,2026-07-01
S012,P00048,252,25,2026-07-01
S012,P00049,185,25,2026-07-01
S012,P00050,36,25,2026-07-01
S012,P00051,237,25,2026-07-01
S012,P00052,111,25,2026-07-01
S012,P00053,232,25,2026-07-01
S012,P00054,147,25,2026-07-01
S012,P00055,80,25,2026-07-01
S012,P00056,70,25,2026-07-01
S012,P00057,7,25,2026-07-01
S012,P00058,175,25,2026-07-01
S012,P00059,203,25,2026-07-01
S012,P00060,229,25,2026-07-01
S012,P00061,131,25,2026-07-01
S012,P00062,88,25,2026-07-01
S012,P00063,163,25,2026-07-01
S012,P00064,235,25,2026-07-01
S012,P00065,270,25,2026-07-01
S012,P00066,185,25,2026-07-01
S012,P00067,227,25,2026-07-01
S012,P00068,79,25,2026-07-01
S012,P00069,151,25,2026-07-01
S012,P00070,124,25,2026-07-01
S012,P00071,186,25,2026-07-01
S012,P00072,121,25,2026-07-01
S012,P00073,40,25,2026-07-01
S012,P00074,46,25,2026-07-01
S012,P00075,139,25,2026-07-01
S012,P00076,261,25,2026-07-01
S012,P00077,156,25,2026-07-01
S012,P00078,112,25,2026-07-01
S012,P00079,144,25,2026-07-01
S012,P00080,80,25,2026-07-01
S012,P00081,94,25,2026-07-01
S012,P00082,283,25,2026-07-01
S012,P00083,49,25,2026-07-01
S012,P00084,40,25,2026-07-01
S012,P00085,53,25,2026-07-01
S012,P00086,63,25,2026-07-01
S012,P00087,44,25,2026-07-01
S012,P00088,99,25,2026-07-01
S012,P00089,273,25,2026-07-01
S012,P00090,58,25,2026-07-01
S012,P00091,123,25,2026-07-01
S012,P00092,65,25,2026-07-01
S012,P00093,285,25,2026-07-01
S012,P00094,76,25,2026-07-01
S012,P00095,184,25,2026-07-01
S012,P00096,182,25,2026-07-01
S012,P00097,262,25,2026-07-01
S012,P00098,46,25,2026-07-01
S012,P00099,104,25,2026-07-01
S012,P00100,91,25,2026-07-01
S012,P00101,195,25,2026-07-01
S012,P00102,55,25,2026-07-01
S012,P00103,128,25,2026-07-01
S012,P00104,7,25,2026-07-01
S012,P00105,164,25,2026-07-01
S012,P00106,78,25,2026-07-01
S012,P00107,259,25,2026-07-01
S012,P00108,140,25,2026-07-01
S012,P00109,203,25,2026-07-01
S012,P00110,99,25,2026-07-01
S012,P00111,278,25,2026-07-01
S012,P00112,208,25,2026-07-01
S012,P00113,125,25,2026-07-01
S012,P00114,131,25,2026-07-01
S012,P00115,159,25,2026-07-01
S012,P00116,56,25,2026-07-01
S012,P00117,112,25,2026-07-01
S012,P00118,112,25,2026-07-01
S012,P00119,299,25,2026-07-01
S012,P00120,55,25,2026-07-01
S012,P00121,111,25,2026-07-01
S012,P00122,138,25,2026-07-01
S012,P00123,235,25,2026-07-01
S012,P00124,128,25,2026-07-01
S012,P00125,59,25,2026-07-01
S012,P00126,153,25,2026-07-01
S012,P00127,71,25,2026-07-01
S012,P00128,42,25,2026-07-01
S012,P00129,297,25,2026-07-01
S012,P00130,45,25,2026-07-01
S012,P00131,72,25,2026-07-01
S012,P00132,8,25,2026-07-01
S012,P00133,205,25,2026-07-01
S012,P00134,125,25,2026-07-01
S012,P00135,223,25,2026-07-01
S012,P00136,227,25,2026-07-01
S012,P00137,107,25,2026-07-01
S012,P00138,275,25,2026-07-01
S012,P00139,24,25,2026-07-01
S012,P00140,240,25,2026-07-01
S012,P00141,35,25,2026-07-01
S012,P00142,222,25,2026-07-01
S012,P00143,25,25,2026-07-01
S012,P00144,11,25,2026-07-01
S012,P00145,289,25,2026-07-01
S012,P00146,37,25,2026-07-01
S012,P00147,102,25,2026-07-01
S012,P00148,213,25,2026-07-01
S012,P00149,30,25,2026-07-01
S012,P00150,146,25,2026-07-01
S012,P00151,279,25,2026-07-01
S012,P00152,6,25,2026-07-01
S012,P00153,60,25,2026-07-01
S012,P00154,109,25,2026-07-01
S012,P00155,237,25,2026-07-01
S012,P00156,39,25,2026-07-01
S012,P00157,14,25,2026-07-01
S012,P00158,171,25,2026-07-01
S012,P00159,97,25,2026-07-01
S012,P00160,49,25,2026-07-01
S012,P00161,1,25,2026-07-01
S012,P00162,46,25,2026-07-01
S012,P00163,139,25,2026-07-01
S012,P00164,38,25,2026-07-01
S012,P00165,148,25,2026-07-01
S012,P00166,270,25,2026-07-01
S012,P00167,214,25,2026-07-01
S012,P00168,15,25,2026-07-01
S012,P00169,167,25,2026-07-01
S012,P00170,212,25,2026-07-01
S012,P00171,171,25,2026-07-01
S012,P00172,167,25,2026-07-01
S012,P00173,130,25,2026-07-01
S012,P00174,210,25,2026-07-01
S012,P00175,254,25,2026-07-01
S012,P00176,54,25,2026-07-01
S012,P00177,162,25,2026-07-01
S012,P00178,45,25,2026-07-01
S012,P00179,248,25,2026-07-01
S012,P00180,143,25,2026-07-01
S012,P00181,9,25,2026-07-01
S012,P00182,252,25,2026-07-01
S012,P00183,243,25,2026-07-01
S012,P00184,57,25,2026-07-01
S012,P00185,89,25,2026-07-01
S012,P00186,95,25,2026-07-01
S012,P00187,178,25,2026-07-01
S012,P00188,235,25,2026-07-01
S012,P00189,111,25,2026-07-01
S012,P00190,135,25,2026-07-01
S012,P00191,93,25,2026-07-01
S012,P00192,299,25,2026-07-01
S012,P00193,137,25,2026-07-01
S012,P00194,47,25,2026-07-01
S012,P00195,66,25,2026-07-01
S012,P00196,118,25,2026-07-01
S012,P00197,259,25,2026-07-01
S012,P00198,121,25,2026-07-01
S012,P00199,253,25,2026-07-01
S012,P00200,41,25,2026-07-01
S012,P00201,104,25,2026-07-01
S012,P00202,208,25,2026-07-01
S012,P00203,275,25,2026-07-01
S012,P00204,126,25,2026-07-01
S012,P00205,30,25,2026-07-01
S012,P00206,81,25,2026-07-01
S012,P00207,299,25,2026-07-01
S012,P00208,40,25,2026-07-01
S012,P00209,144,25,2026-07-01
S012,P00210,206,25,2026-07-01
S012,P00211,160,25,2026-07-01
S012,P00212,82,25,2026-07-01
S012,P00213,90,25,2026-07-01
S012,P00214,68,25,2026-07-01
S012,P00215,292,25,2026-07-01
S012,P00216,253,25,2026-07-01
S012,P00217,248,25,2026-07-01
S012,P00218,69,25,2026-07-01
S012,P00219,253,25,2026-07-01
S012,P00220,26,25,2026-07-01
S012,P00221,2,25,2026-07-01
S012,P00222,20,25,2026-07-01
S012,P00223,48,25,2026-07-01
S012,P00224,43,25,2026-07-01
S012,P00225,114,25,2026-07-01
S012,P00226,241,25,2026-07-01
S012,P00227,31,25,2026-07-01
S012,P00228,178,25,2026-07-01
S012,P00229,142,25,2026-07-01
S012,P00230,289,25,2026-07-01
S012,P00231,6,25,2026-07-01
S012,P00232,254,25,2026-07-01
S012,P00233,227,25,2026-07-01
S012,P00234,141,25,2026-07-01
S012,P00235,21,25,2026-07-01
S012,P00236,298,25,2026-07-01
S012,P00237,271,25,2026-07-01
S012,P00238,298,25,2026-07-01
S012,P00239,260,25,2026-07-01
S012,P00240,34,25,2026-07-01
S012,P00241,214,25,2026-07-01
S012,P00242,149,25,2026-07-01
S012,P00243,107,25,2026-07-01
S012,P00244,132,25,2026-07-01
S012,P00245,177,25,2026-07-01
S012,P00246,48,25,2026-07-01
S012,P00247,231,25,2026-07-01
S012,P00248,146,25,2026-07-01
S012,P00249,80,25,2026-07-01
S012,P00250,225,25,2026-07-01
S012,P00251,275,25,2026-07-01
S012,P00252,91,25,2026-07-01
S012,P00253,50,25,2026-07-01
S012,P00254,219,25,2026-07-01
S012,P00255,25,25,2026-07-01
S012,P00256,77,25,2026-07-01
S012,P00257,228,25,2026-07-01
S012,P00258,96,25,2026-07-01
S012,P00259,265,25,2026-07-01
S012,P00260,50,25,2026-07-01
S012,P00261,186,25,2026-07-01
S012,P00262,88,25,2026-07-01
S012,P00263,125,25,2026-07-01
S012,P00264,228,25,2026-07-01
S012,P00265,64,25,2026-07-01
S012,P00266,99,25,2026-07-01
S012,P00267,97,25,2026-07-01
S012,P00268,9,25,2026-07-01
S012,P00269,57,25,2026-07-01
S012,P00270,81,25,2026-07-01
S012,P00271,43,25,2026-07-01
S012,P00272,170,25,2026-07-01
S012,P00273,235,25,2026-07-01
S012,P00274,222,25,2026-07-01
S012,P00275,144,25,2026-07-01
S012,P00276,144,25,2026-07-01
S012,P00277,55,25,2026-07-01
S012,P00278,110,25,2026-07-01
S012,P00279,69,25,2026-07-01
S012,P00280,180,25,2026-07-01
S012,P00281,59,25,2026-07-01
S012,P00282,174,25,2026-07-01
S012,P00283,61,25,2026-07-01
S012,P00284,203,25,2026-07-01
S012,P00285,235,25,2026-07-01
S012,P00286,259,25,2026-07-01
S012,P00287,119,25,2026-07-01
S012,P00288,135,25,2026-07-01
S012,P00289,165,25,2026-07-01
S012,P00290,226,25,2026-07-01
S012,P00291,197,25,2026-07-01
S012,P00292,110,25,2026-07-01
S012,P00293,1,25,2026-07-01
S012,P00294,90,25,2026-07-01
S012,P00295,295,25,2026-07-01
S012,P00296,93,25,2026-07-01
S012,P00297,205,25,2026-07-01
S012,P00298,264,25,2026-07-01
S012,P00299,241,25,2026-07-01
S012,P00300,205,25,2026-07-01
S012,P00301,32,25,2026-07-01
S012,P00302,227,25,2026-07-01
S012,P00303,130,25,2026-07-01
S012,P00304,95,25,2026-07-01
S012,P00305,34,25,2026-07-01
S012,P00306,109,25,2026-07-01
S012,P00307,229,25,2026-07-01
S012,P00308,57,25,2026-07-01
S012,P00309,91,25,2026-07-01
S012,P00310,120,25,2026-07-01
S012,P00311,163,25,2026-07-01
S012,P00312,254,25,2026-07-01
S012,P00313,160,25,2026-07-01
S012,P00314,138,25,2026-07-01
S012,P00315,234,25,2026-07-01
S012,P00316,129,25,2026-07-01
S012,P00317,13,25,2026-07-01
S012,P00318,250,25,2026-07-01
S012,P00319,258,25,2026-07-01
S012,P00320,72,25,2026-07-01
S012,P00321,151,25,2026-07-01
S012,P00322,21,25,2026-07-01
S012,P00323,40,25,2026-07-01
S012,P00324,195,25,2026-07-01
S012,P00325,283,25,2026-07-01
S012,P00326,280,25,2026-07-01
S012,P00327,187,25,2026-07-01
S012,P00328,22,25,2026-07-01
S012,P00329,246,25,2026-07-01
S012,P00330,136,25,2026-07-01
S012,P00331,213,25,2026-07-01
S012,P00332,163,25,2026-07-01
S012,P00333,237,25,2026-07-01
S012,P00334,246,25,2026-07-01
S012,P00335,46,25,2026-07-01
S012,P00336,216,25,2026-07-01
S012,P00337,126,25,2026-07-01
S012,P00338,93,25,2026-07-01
S012,P00339,39,25,2026-07-01
S012,P00340,146,25,2026-07-01
S012,P00341,102,25,2026-07-01
S012,P00342,143,25,2026-07-01
S012,P00343,218,25,2026-07-01
S012,P00344,120,25,2026-07-01
S012,P00345,242,25,2026-07-01
S012,P00346,101,25,2026-07-01
S012,P00347,300,25,2026-07-01
S012,P00348,185,25,2026-07-01
S012,P00349,71,25,2026-07-01
S012,P00350,54,25,2026-07-01
S012,P00351,72,25,2026-07-01
S012,P00352,131,25,2026-07-01
S012,P00353,67,25,2026-07-01
S012,P00354,57,25,2026-07-01
S012,P00355,14,25,2026-07-01
S012,P00356,27,25,2026-07-01
S012,P00357,95,25,2026-07-01
S012,P00358,79,25,2026-07-01
S012,P00359,198,25,2026-07-01
S012,P00360,75,25,2026-07-01
S012,P00361,58,25,2026-07-01
S012,P00362,151,25,2026-07-01
S012,P00363,49,25,2026-07-01
S012,P00364,97,25,2026-07-01
S012,P00365,201,25,2026-07-01
S012,P00366,265,25,2026-07-01
S012,P00367,109,25,2026-07-01
S012,P00368,265,25,2026-07-01
S012,P00369,183,25,2026-07-01
S012,P00370,283,25,2026-07-01
S012,P00371,83,25,2026-07-01
S012,P00372,253,25,2026-07-01
S012,P00373,162,25,2026-07-01
S012,P00374,38,25,2026-07-01
S012,P00375,157,25,2026-07-01
S012,P00376,274,25,2026-07-01
S012,P00377,37,25,2026-07-01
S012,P00378,160,25,2026-07-01
S012,P00379,103,25,2026-07-01
S012,P00380,297,25,2026-07-01
S012,P00381,67,25,2026-07-01
S012,P00382,296,25,2026-07-01
S012,P00383,172,25,2026-07-01
S012,P00384,10,25,2026-07-01
S012,P00385,287,25,2026-07-01
S012,P00386,131,25,2026-07-01
S012,P00387,111,25,2026-07-01
S012,P00388,26,25,2026-07-01
S012,P00389,126,25,2026-07-01
S012,P00390,133,25,2026-07-01
S012,P00391,83,25,2026-07-01
S012,P00392,106,25,2026-07-01
S012,P00393,128,25,2026-07-01
S012,P00394,270,25,2026-07-01
S012,P00395,285,25,2026-07-01
S012,P00396,279,25,2026-07-01
S012,P00397,157,25,2026-07-01
S012,P00398,203,25,2026-07-01
S012,P00399,64,25,2026-07-01
S012,P00400,101,25,2026-07-01
S012,P00401,109,25,2026-07-01
S012,P00402,187,25,2026-07-01
S012,P00403,147,25,2026-07-01
S012,P00404,228,25,2026-07-01
S012,P00405,46,25,2026-07-01
S012,P00406,117,25,2026-07-01
S012,P00407,290,25,2026-07-01
S012,P00408,98,25,2026-07-01
S012,P00409,1,25,2026-07-01
S012,P00410,194,25,2026-07-01
S012,P00411,164,25,2026-07-01
S012,P00412,175,25,2026-07-01
S012,P00413,39,25,2026-07-01
S012,P00414,22,25,2026-07-01
S012,P00415,118,25,2026-07-01
S012,P00416,240,25,2026-07-01
S012,P00417,148,25,2026-07-01
S012,P00418,241,25,2026-07-01
S012,P00419,244,25,2026-07-01
S012,P00420,297,25,2026-07-01
S012,P00421,136,25,2026-07-01
S012,P00422,122,25,2026-07-01
S012,P00423,230,25,2026-07-01
S012,P00424,241,25,2026-07-01
S012,P00425,293,25,2026-07-01
S012,P00426,50,25,2026-07-01
S012,P00427,5,25,2026-07-01
S012,P00428,284,25,2026-07-01
S012,P00429,244,25,2026-07-01
S012,P00430,286,25,2026-07-01
S012,P00431,153,25,2026-07-01
S012,P00432,290,25,2026-07-01
S012,P00433,108,25,2026-07-01
S012,P00434,165,25,2026-07-01
S012,P00435,89,25,2026-07-01
S012,P00436,228,25,2026-07-01
S012,P00437,293,25,2026-07-01
S012,P00438,243,25,2026-07-01
S012,P00439,35,25,2026-07-01
S012,P00440,237,25,2026-07-01
S012,P00441,121,25,2026-07-01
S012,P00442,279,25,2026-07-01
S012,P00443,60,25,2026-07-01
S012,P00444,192,25,2026-07-01
S012,P00445,193,25,2026-07-01
S012,P00446,111,25,2026-07-01
S012,P00447,4,25,2026-07-01
S012,P00448,65,25,2026-07-01
S012,P00449,287,25,2026-07-01
S012,P00450,268,25,2026-07-01
S012,P00451,270,25,2026-07-01
S012,P00452,10,25,2026-07-01
S012,P00453,218,25,2026-07-01
S012,P00454,232,25,2026-07-01
S012,P00455,259,25,2026-07-01
S012,P00456,117,25,2026-07-01
S012,P00457,124,25,2026-07-01
S012,P00458,284,25,2026-07-01
S012,P00459,78,25,2026-07-01
S012,P00460,223,25,2026-07-01
S012,P00461,169,25,2026-07-01
S012,P00462,156,25,2026-07-01
S012,P00463,201,25,2026-07-01
S012,P00464,144,25,2026-07-01
S012,P00465,213,25,2026-07-01
S012,P00466,213,25,2026-07-01
S012,P00467,261,25,2026-07-01
S012,P00468,73,25,2026-07-01
S012,P00469,71,25,2026-07-01
S012,P00470,180,25,2026-07-01
S012,P00471,204,25,2026-07-01
S012,P00472,134,25,2026-07-01
S012,P00473,288,25,2026-07-01
S012,P00474,31,25,2026-07-01
S012,P00475,176,25,2026-07-01
S012,P00476,100,25,2026-07-01
S012,P00477,79,25,2026-07-01
S012,P00478,101,25,2026-07-01
S012,P00479,73,25,2026-07-01
S012,P00480,140,25,2026-07-01
S012,P00481,5,25,2026-07-01
S012,P00482,149,25,2026-07-01
S012,P00483,129,25,2026-07-01
S012,P00484,211,25,2026-07-01
S012,P00485,202,25,2026-07-01
S012,P00486,264,25,2026-07-01
S012,P00487,114,25,2026-07-01
S012,P00488,52,25,2026-07-01
S012,P00489,261,25,2026-07-01
S012,P00490,61,25,2026-07-01
S012,P00491,268,25,2026-07-01
S012,P00492,142,25,2026-07-01
S012,P00493,54,25,2026-07-01
S012,P00494,189,25,2026-07-01
S012,P00495,64,25,2026-07-01
S012,P00496,239,25,2026-07-01
S012,P00497,189,25,2026-07-01
S012,P00498,175,25,2026-07-01
S012,P00499,242,25,2026-07-01
S012,P00500,298,25,2026-07-01
S013,P00001,243,25,2026-07-01
S013,P00002,192,25,2026-07-01
S013,P00003,51,25,2026-07-01
S013,P00004,174,25,2026-07-01
S013,P00005,19,25,2026-07-01
S013,P00006,286,25,2026-07-01
S013,P00007,116,25,2026-07-01
S013,P00008,200,25,2026-07-01
S013,P00009,215,25,2026-07-01
S013,P00010,182,25,2026-07-01
S013,P00011,184,25,2026-07-01
S013,P00012,188,25,2026-07-01
S013,P00013,47,25,2026-07-01
S013,P00014,180,25,2026-07-01
S013,P00015,8,25,2026-07-01
S013,P00016,267,25,2026-07-01
S013,P00017,167,25,2026-07-01
S013,P00018,35,25,2026-07-01
S013,P00019,115,25,2026-07-01
S013,P00020,174,25,2026-07-01
S013,P00021,27,25,2026-07-01
S013,P00022,62,25,2026-07-01
S013,P00023,124,25,2026-07-01
S013,P00024,143,25,2026-07-01
S013,P00025,4,25,2026-07-01
S013,P00026,296,25,2026-07-01
S013,P00027,239,25,2026-07-01
S013,P00028,209,25,2026-07-01
S013,P00029,13,25,2026-07-01
S013,P00030,90,25,2026-07-01
S013,P00031,89,25,2026-07-01
S013,P00032,53,25,2026-07-01
S013,P00033,149,25,2026-07-01
S013,P00034,257,25,2026-07-01
S013,P00035,99,25,2026-07-01
S013,P00036,252,25,2026-07-01
S013,P00037,158,25,2026-07-01
S013,P00038,37,25,2026-07-01
S013,P00039,243,25,2026-07-01
S013,P00040,182,25,2026-07-01
S013,P00041,54,25,2026-07-01
S013,P00042,156,25,2026-07-01
S013,P00043,153,25,2026-07-01
S013,P00044,164,25,2026-07-01
S013,P00045,285,25,2026-07-01
S013,P00046,76,25,2026-07-01
S013,P00047,263,25,2026-07-01
S013,P00048,229,25,2026-07-01
S013,P00049,102,25,2026-07-01
S013,P00050,35,25,2026-07-01
S013,P00051,194,25,2026-07-01
S013,P00052,27,25,2026-07-01
S013,P00053,5,25,2026-07-01
S013,P00054,152,25,2026-07-01
S013,P00055,206,25,2026-07-01
S013,P00056,96,25,2026-07-01
S013,P00057,77,25,2026-07-01
S013,P00058,8,25,2026-07-01
S013,P00059,178,25,2026-07-01
S013,P00060,142,25,2026-07-01
S013,P00061,41,25,2026-07-01
S013,P00062,65,25,2026-07-01
S013,P00063,33,25,2026-07-01
S013,P00064,243,25,2026-07-01
S013,P00065,205,25,2026-07-01
S013,P00066,296,25,2026-07-01
S013,P00067,154,25,2026-07-01
S013,P00068,17,25,2026-07-01
S013,P00069,263,25,2026-07-01
S013,P00070,114,25,2026-07-01
S013,P00071,14,25,2026-07-01
S013,P00072,293,25,2026-07-01
S013,P00073,76,25,2026-07-01
S013,P00074,294,25,2026-07-01
S013,P00075,4,25,2026-07-01
S013,P00076,21,25,2026-07-01
S013,P00077,143,25,2026-07-01
S013,P00078,72,25,2026-07-01
S013,P00079,271,25,2026-07-01
S013,P00080,186,25,2026-07-01
S013,P00081,172,25,2026-07-01
S013,P00082,283,25,2026-07-01
S013,P00083,127,25,2026-07-01
S013,P00084,121,25,2026-07-01
S013,P00085,92,25,2026-07-01
S013,P00086,219,25,2026-07-01
S013,P00087,189,25,2026-07-01
S013,P00088,271,25,2026-07-01
S013,P00089,74,25,2026-07-01
S013,P00090,44,25,2026-07-01
S013,P00091,201,25,2026-07-01
S013,P00092,109,25,2026-07-01
S013,P00093,25,25,2026-07-01
S013,P00094,231,25,2026-07-01
S013,P00095,290,25,2026-07-01
S013,P00096,272,25,2026-07-01
S013,P00097,248,25,2026-07-01
S013,P00098,22,25,2026-07-01
S013,P00099,157,25,2026-07-01
S013,P00100,41,25,2026-07-01
S013,P00101,22,25,2026-07-01
S013,P00102,121,25,2026-07-01
S013,P00103,174,25,2026-07-01
S013,P00104,171,25,2026-07-01
S013,P00105,220,25,2026-07-01
S013,P00106,257,25,2026-07-01
S013,P00107,248,25,2026-07-01
S013,P00108,230,25,2026-07-01
S013,P00109,212,25,2026-07-01
S013,P00110,191,25,2026-07-01
S013,P00111,35,25,2026-07-01
S013,P00112,123,25,2026-07-01
S013,P00113,95,25,2026-07-01
S013,P00114,174,25,2026-07-01
S013,P00115,7,25,2026-07-01
S013,P00116,131,25,2026-07-01
S013,P00117,16,25,2026-07-01
S013,P00118,171,25,2026-07-01
S013,P00119,182,25,2026-07-01
S013,P00120,62,25,2026-07-01
S013,P00121,276,25,2026-07-01
S013,P00122,36,25,2026-07-01
S013,P00123,265,25,2026-07-01
S013,P00124,275,25,2026-07-01
S013,P00125,105,25,2026-07-01
S013,P00126,300,25,2026-07-01
S013,P00127,191,25,2026-07-01
S013,P00128,104,25,2026-07-01
S013,P00129,34,25,2026-07-01
S013,P00130,180,25,2026-07-01
S013,P00131,66,25,2026-07-01
S013,P00132,204,25,2026-07-01
S013,P00133,263,25,2026-07-01
S013,P00134,15,25,2026-07-01
S013,P00135,58,25,2026-07-01
S013,P00136,188,25,2026-07-01
S013,P00137,44,25,2026-07-01
S013,P00138,117,25,2026-07-01
S013,P00139,13,25,2026-07-01
S013,P00140,226,25,2026-07-01
S013,P00141,257,25,2026-07-01
S013,P00142,112,25,2026-07-01
S013,P00143,210,25,2026-07-01
S013,P00144,121,25,2026-07-01
S013,P00145,111,25,2026-07-01
S013,P00146,143,25,2026-07-01
S013,P00147,251,25,2026-07-01
S013,P00148,136,25,2026-07-01
S013,P00149,299,25,2026-07-01
S013,P00150,259,25,2026-07-01
S013,P00151,52,25,2026-07-01
S013,P00152,205,25,2026-07-01
S013,P00153,99,25,2026-07-01
S013,P00154,245,25,2026-07-01
S013,P00155,176,25,2026-07-01
S013,P00156,181,25,2026-07-01
S013,P00157,115,25,2026-07-01
S013,P00158,69,25,2026-07-01
S013,P00159,103,25,2026-07-01
S013,P00160,86,25,2026-07-01
S013,P00161,86,25,2026-07-01
S013,P00162,163,25,2026-07-01
S013,P00163,275,25,2026-07-01
S013,P00164,139,25,2026-07-01
S013,P00165,125,25,2026-07-01
S013,P00166,10,25,2026-07-01
S013,P00167,298,25,2026-07-01
S013,P00168,176,25,2026-07-01
S013,P00169,11,25,2026-07-01
S013,P00170,60,25,2026-07-01
S013,P00171,77,25,2026-07-01
S013,P00172,94,25,2026-07-01
S013,P00173,166,25,2026-07-01
S013,P00174,188,25,2026-07-01
S013,P00175,6,25,2026-07-01
S013,P00176,205,25,2026-07-01
S013,P00177,42,25,2026-07-01
S013,P00178,144,25,2026-07-01
S013,P00179,57,25,2026-07-01
S013,P00180,235,25,2026-07-01
S013,P00181,206,25,2026-07-01
S013,P00182,232,25,2026-07-01
S013,P00183,187,25,2026-07-01
S013,P00184,140,25,2026-07-01
S013,P00185,46,25,2026-07-01
S013,P00186,153,25,2026-07-01
S013,P00187,193,25,2026-07-01
S013,P00188,204,25,2026-07-01
S013,P00189,241,25,2026-07-01
S013,P00190,132,25,2026-07-01
S013,P00191,234,25,2026-07-01
S013,P00192,67,25,2026-07-01
S013,P00193,4,25,2026-07-01
S013,P00194,20,25,2026-07-01
S013,P00195,266,25,2026-07-01
S013,P00196,53,25,2026-07-01
S013,P00197,91,25,2026-07-01
S013,P00198,277,25,2026-07-01
S013,P00199,54,25,2026-07-01
S013,P00200,167,25,2026-07-01
S013,P00201,278,25,2026-07-01
S013,P00202,194,25,2026-07-01
S013,P00203,209,25,2026-07-01
S013,P00204,20,25,2026-07-01
S013,P00205,27,25,2026-07-01
S013,P00206,261,25,2026-07-01
S013,P00207,75,25,2026-07-01
S013,P00208,113,25,2026-07-01
S013,P00209,8,25,2026-07-01
S013,P00210,129,25,2026-07-01
S013,P00211,264,25,2026-07-01
S013,P00212,256,25,2026-07-01
S013,P00213,220,25,2026-07-01
S013,P00214,5,25,2026-07-01
S013,P00215,233,25,2026-07-01
S013,P00216,226,25,2026-07-01
S013,P00217,280,25,2026-07-01
S013,P00218,143,25,2026-07-01
S013,P00219,280,25,2026-07-01
S013,P00220,237,25,2026-07-01
S013,P00221,193,25,2026-07-01
S013,P00222,196,25,2026-07-01
S013,P00223,147,25,2026-07-01
S013,P00224,298,25,2026-07-01
S013,P00225,212,25,2026-07-01
S013,P00226,21,25,2026-07-01
S013,P00227,25,25,2026-07-01
S013,P00228,209,25,2026-07-01
S013,P00229,200,25,2026-07-01
S013,P00230,69,25,2026-07-01
S013,P00231,107,25,2026-07-01
S013,P00232,253,25,2026-07-01
S013,P00233,293,25,2026-07-01
S013,P00234,242,25,2026-07-01
S013,P00235,158,25,2026-07-01
S013,P00236,234,25,2026-07-01
S013,P00237,24,25,2026-07-01
S013,P00238,205,25,2026-07-01
S013,P00239,213,25,2026-07-01
S013,P00240,90,25,2026-07-01
S013,P00241,147,25,2026-07-01
S013,P00242,284,25,2026-07-01
S013,P00243,271,25,2026-07-01
S013,P00244,75,25,2026-07-01
S013,P00245,77,25,2026-07-01
S013,P00246,278,25,2026-07-01
S013,P00247,161,25,2026-07-01
S013,P00248,260,25,2026-07-01
S013,P00249,36,25,2026-07-01
S013,P00250,66,25,2026-07-01
S013,P00251,75,25,2026-07-01
S013,P00252,75,25,2026-07-01
S013,P00253,58,25,2026-07-01
S013,P00254,191,25,2026-07-01
S013,P00255,249,25,2026-07-01
S013,P00256,212,25,2026-07-01
S013,P00257,188,25,2026-07-01
S013,P00258,13,25,2026-07-01
S013,P00259,155,25,2026-07-01
S013,P00260,233,25,2026-07-01
S013,P00261,269,25,2026-07-01
S013,P00262,121,25,2026-07-01
S013,P00263,47,25,2026-07-01
S013,P00264,252,25,2026-07-01
S013,P00265,274,25,2026-07-01
S013,P00266,137,25,2026-07-01
S013,P00267,226,25,2026-07-01
S013,P00268,135,25,2026-07-01
S013,P00269,195,25,2026-07-01
S013,P00270,211,25,2026-07-01
S013,P00271,242,25,2026-07-01
S013,P00272,45,25,2026-07-01
S013,P00273,162,25,2026-07-01
S013,P00274,238,25,2026-07-01
S013,P00275,277,25,2026-07-01
S013,P00276,264,25,2026-07-01
S013,P00277,277,25,2026-07-01
S013,P00278,87,25,2026-07-01
S013,P00279,115,25,2026-07-01
S013,P00280,56,25,2026-07-01
S013,P00281,136,25,2026-07-01
S013,P00282,58,25,2026-07-01
S013,P00283,141,25,2026-07-01
S013,P00284,64,25,2026-07-01
S013,P00285,120,25,2026-07-01
S013,P00286,17,25,2026-07-01
S013,P00287,86,25,2026-07-01
S013,P00288,101,25,2026-07-01
S013,P00289,240,25,2026-07-01
S013,P00290,298,25,2026-07-01
S013,P00291,87,25,2026-07-01
S013,P00292,69,25,2026-07-01
S013,P00293,25,25,2026-07-01
S013,P00294,141,25,2026-07-01
S013,P00295,7,25,2026-07-01
S013,P00296,251,25,2026-07-01
S013,P00297,69,25,2026-07-01
S013,P00298,23,25,2026-07-01
S013,P00299,260,25,2026-07-01
S013,P00300,201,25,2026-07-01
S013,P00301,65,25,2026-07-01
S013,P00302,182,25,2026-07-01
S013,P00303,144,25,2026-07-01
S013,P00304,204,25,2026-07-01
S013,P00305,230,25,2026-07-01
S013,P00306,76,25,2026-07-01
S013,P00307,95,25,2026-07-01
S013,P00308,285,25,2026-07-01
S013,P00309,77,25,2026-07-01
S013,P00310,33,25,2026-07-01
S013,P00311,88,25,2026-07-01
S013,P00312,299,25,2026-07-01
S013,P00313,229,25,2026-07-01
S013,P00314,11,25,2026-07-01
S013,P00315,172,25,2026-07-01
S013,P00316,37,25,2026-07-01
S013,P00317,83,25,2026-07-01
S013,P00318,104,25,2026-07-01
S013,P00319,282,25,2026-07-01
S013,P00320,85,25,2026-07-01
S013,P00321,297,25,2026-07-01
S013,P00322,240,25,2026-07-01
S013,P00323,224,25,2026-07-01
S013,P00324,295,25,2026-07-01
S013,P00325,225,25,2026-07-01
S013,P00326,105,25,2026-07-01
S013,P00327,220,25,2026-07-01
S013,P00328,230,25,2026-07-01
S013,P00329,189,25,2026-07-01
S013,P00330,220,25,2026-07-01
S013,P00331,190,25,2026-07-01
S013,P00332,242,25,2026-07-01
S013,P00333,189,25,2026-07-01
S013,P00334,41,25,2026-07-01
S013,P00335,137,25,2026-07-01
S013,P00336,235,25,2026-07-01
S013,P00337,54,25,2026-07-01
S013,P00338,176,25,2026-07-01
S013,P00339,142,25,2026-07-01
S013,P00340,27,25,2026-07-01
S013,P00341,106,25,2026-07-01
S013,P00342,179,25,2026-07-01
S013,P00343,192,25,2026-07-01
S013,P00344,89,25,2026-07-01
S013,P00345,288,25,2026-07-01
S013,P00346,111,25,2026-07-01
S013,P00347,267,25,2026-07-01
S013,P00348,72,25,2026-07-01
S013,P00349,15,25,2026-07-01
S013,P00350,48,25,2026-07-01
S013,P00351,235,25,2026-07-01
S013,P00352,295,25,2026-07-01
S013,P00353,134,25,2026-07-01
S013,P00354,115,25,2026-07-01
S013,P00355,211,25,2026-07-01
S013,P00356,169,25,2026-07-01
S013,P00357,186,25,2026-07-01
S013,P00358,263,25,2026-07-01
S013,P00359,285,25,2026-07-01
S013,P00360,164,25,2026-07-01
S013,P00361,133,25,2026-07-01
S013,P00362,62,25,2026-07-01
S013,P00363,254,25,2026-07-01
S013,P00364,277,25,2026-07-01
S013,P00365,251,25,2026-07-01
S013,P00366,173,25,2026-07-01
S013,P00367,86,25,2026-07-01
S013,P00368,9,25,2026-07-01
S013,P00369,212,25,2026-07-01
S013,P00370,198,25,2026-07-01
S013,P00371,186,25,2026-07-01
S013,P00372,215,25,2026-07-01
S013,P00373,68,25,2026-07-01
S013,P00374,151,25,2026-07-01
S013,P00375,100,25,2026-07-01
S013,P00376,130,25,2026-07-01
S013,P00377,269,25,2026-07-01
S013,P00378,147,25,2026-07-01
S013,P00379,101,25,2026-07-01
S013,P00380,120,25,2026-07-01
S013,P00381,281,25,2026-07-01
S013,P00382,40,25,2026-07-01
S013,P00383,137,25,2026-07-01
S013,P00384,135,25,2026-07-01
S013,P00385,237,25,2026-07-01
S013,P00386,79,25,2026-07-01
S013,P00387,185,25,2026-07-01
S013,P00388,160,25,2026-07-01
S013,P00389,102,25,2026-07-01
S013,P00390,23,25,2026-07-01
S013,P00391,84,25,2026-07-01
S013,P00392,4,25,2026-07-01
S013,P00393,217,25,2026-07-01
S013,P00394,111,25,2026-07-01
S013,P00395,53,25,2026-07-01
S013,P00396,234,25,2026-07-01
S013,P00397,281,25,2026-07-01
S013,P00398,185,25,2026-07-01
S013,P00399,62,25,2026-07-01
S013,P00400,145,25,2026-07-01
S013,P00401,284,25,2026-07-01
S013,P00402,6,25,2026-07-01
S013,P00403,251,25,2026-07-01
S013,P00404,143,25,2026-07-01
S013,P00405,18,25,2026-07-01
S013,P00406,246,25,2026-07-01
S013,P00407,81,25,2026-07-01
S013,P00408,116,25,2026-07-01
S013,P00409,291,25,2026-07-01
S013,P00410,14,25,2026-07-01
S013,P00411,1,25,2026-07-01
S013,P00412,296,25,2026-07-01
S013,P00413,284,25,2026-07-01
S013,P00414,202,25,2026-07-01
S013,P00415,29,25,2026-07-01
S013,P00416,134,25,2026-07-01
S013,P00417,159,25,2026-07-01
S013,P00418,6,25,2026-07-01
S013,P00419,136,25,2026-07-01
S013,P00420,208,25,2026-07-01
S013,P00421,260,25,2026-07-01
S013,P00422,251,25,2026-07-01
S013,P00423,237,25,2026-07-01
S013,P00424,120,25,2026-07-01
S013,P00425,205,25,2026-07-01
S013,P00426,205,25,2026-07-01
S013,P00427,85,25,2026-07-01
S013,P00428,95,25,2026-07-01
S013,P00429,277,25,2026-07-01
S013,P00430,282,25,2026-07-01
S013,P00431,55,25,2026-07-01
S013,P00432,282,25,2026-07-01
S013,P00433,63,25,2026-07-01
S013,P00434,111,25,2026-07-01
S013,P00435,81,25,2026-07-01
S013,P00436,295,25,2026-07-01
S013,P00437,157,25,2026-07-01
S013,P00438,278,25,2026-07-01
S013,P00439,230,25,2026-07-01
S013,P00440,236,25,2026-07-01
S013,P00441,7,25,2026-07-01
S013,P00442,256,25,2026-07-01
S013,P00443,172,25,2026-07-01
S013,P00444,263,25,2026-07-01
S013,P00445,106,25,2026-07-01
S013,P00446,180,25,2026-07-01
S013,P00447,170,25,2026-07-01
S013,P00448,191,25,2026-07-01
S013,P00449,278,25,2026-07-01
S013,P00450,142,25,2026-07-01
S013,P00451,260,25,2026-07-01
S013,P00452,73,25,2026-07-01
S013,P00453,222,25,2026-07-01
S013,P00454,299,25,2026-07-01
S013,P00455,103,25,2026-07-01
S013,P00456,130,25,2026-07-01
S013,P00457,9,25,2026-07-01
S013,P00458,146,25,2026-07-01
S013,P00459,132,25,2026-07-01
S013,P00460,252,25,2026-07-01
S013,P00461,256,25,2026-07-01
S013,P00462,122,25,2026-07-01
S013,P00463,130,25,2026-07-01
S013,P00464,203,25,2026-07-01
S013,P00465,83,25,2026-07-01
S013,P00466,104,25,2026-07-01
S013,P00467,108,25,2026-07-01
S013,P00468,163,25,2026-07-01
S013,P00469,99,25,2026-07-01
S013,P00470,26,25,2026-07-01
S013,P00471,255,25,2026-07-01
S013,P00472,271,25,2026-07-01
S013,P00473,206,25,2026-07-01
S013,P00474,75,25,2026-07-01
S013,P00475,221,25,2026-07-01
S013,P00476,234,25,2026-07-01
S013,P00477,180,25,2026-07-01
S013,P00478,28,25,2026-07-01
S013,P00479,288,25,2026-07-01
S013,P00480,44,25,2026-07-01
S013,P00481,255,25,2026-07-01
S013,P00482,17,25,2026-07-01
S013,P00483,87,25,2026-07-01
S013,P00484,139,25,2026-07-01
S013,P00485,232,25,2026-07-01
S013,P00486,67,25,2026-07-01
S013,P00487,217,25,2026-07-01
S013,P00488,260,25,2026-07-01
S013,P00489,159,25,2026-07-01
S013,P00490,267,25,2026-07-01
S013,P00491,2,25,2026-07-01
S013,P00492,44,25,2026-07-01
S013,P00493,12,25,2026-07-01
S013,P00494,133,25,2026-07-01
S013,P00495,23,25,2026-07-01
S013,P00496,171,25,2026-07-01
S013,P00497,19,25,2026-07-01
S013,P00498,221,25,2026-07-01
S013,P00499,206,25,2026-07-01
S013,P00500,291,25,2026-07-01
S014,P00001,38,25,2026-07-01
S014,P00002,178,25,2026-07-01
S014,P00003,206,25,2026-07-01
S014,P00004,51,25,2026-07-01
S014,P00005,210,25,2026-07-01
S014,P00006,78,25,2026-07-01
S014,P00007,171,25,2026-07-01
S014,P00008,102,25,2026-07-01
S014,P00009,284,25,2026-07-01
S014,P00010,98,25,2026-07-01
S014,P00011,203,25,2026-07-01
S014,P00012,78,25,2026-07-01
S014,P00013,109,25,2026-07-01
S014,P00014,232,25,2026-07-01
S014,P00015,36,25,2026-07-01
S014,P00016,296,25,2026-07-01
S014,P00017,258,25,2026-07-01
S014,P00018,202,25,2026-07-01
S014,P00019,263,25,2026-07-01
S014,P00020,219,25,2026-07-01
S014,P00021,159,25,2026-07-01
S014,P00022,279,25,2026-07-01
S014,P00023,78,25,2026-07-01
S014,P00024,225,25,2026-07-01
S014,P00025,279,25,2026-07-01
S014,P00026,180,25,2026-07-01
S014,P00027,68,25,2026-07-01
S014,P00028,165,25,2026-07-01
S014,P00029,149,25,2026-07-01
S014,P00030,3,25,2026-07-01
S014,P00031,221,25,2026-07-01
S014,P00032,20,25,2026-07-01
S014,P00033,222,25,2026-07-01
S014,P00034,165,25,2026-07-01
S014,P00035,122,25,2026-07-01
S014,P00036,118,25,2026-07-01
S014,P00037,77,25,2026-07-01
S014,P00038,126,25,2026-07-01
S014,P00039,36,25,2026-07-01
S014,P00040,258,25,2026-07-01
S014,P00041,27,25,2026-07-01
S014,P00042,64,25,2026-07-01
S014,P00043,44,25,2026-07-01
S014,P00044,221,25,2026-07-01
S014,P00045,212,25,2026-07-01
S014,P00046,102,25,2026-07-01
S014,P00047,141,25,2026-07-01
S014,P00048,77,25,2026-07-01
S014,P00049,130,25,2026-07-01
S014,P00050,3,25,2026-07-01
S014,P00051,232,25,2026-07-01
S014,P00052,121,25,2026-07-01
S014,P00053,219,25,2026-07-01
S014,P00054,126,25,2026-07-01
S014,P00055,114,25,2026-07-01
S014,P00056,175,25,2026-07-01
S014,P00057,140,25,2026-07-01
S014,P00058,71,25,2026-07-01
S014,P00059,54,25,2026-07-01
S014,P00060,28,25,2026-07-01
S014,P00061,294,25,2026-07-01
S014,P00062,72,25,2026-07-01
S014,P00063,198,25,2026-07-01
S014,P00064,279,25,2026-07-01
S014,P00065,233,25,2026-07-01
S014,P00066,165,25,2026-07-01
S014,P00067,89,25,2026-07-01
S014,P00068,20,25,2026-07-01
S014,P00069,41,25,2026-07-01
S014,P00070,38,25,2026-07-01
S014,P00071,239,25,2026-07-01
S014,P00072,158,25,2026-07-01
S014,P00073,76,25,2026-07-01
S014,P00074,166,25,2026-07-01
S014,P00075,188,25,2026-07-01
S014,P00076,142,25,2026-07-01
S014,P00077,165,25,2026-07-01
S014,P00078,292,25,2026-07-01
S014,P00079,171,25,2026-07-01
S014,P00080,166,25,2026-07-01
S014,P00081,92,25,2026-07-01
S014,P00082,238,25,2026-07-01
S014,P00083,82,25,2026-07-01
S014,P00084,82,25,2026-07-01
S014,P00085,41,25,2026-07-01
S014,P00086,210,25,2026-07-01
S014,P00087,113,25,2026-07-01
S014,P00088,204,25,2026-07-01
S014,P00089,244,25,2026-07-01
S014,P00090,203,25,2026-07-01
S014,P00091,12,25,2026-07-01
S014,P00092,68,25,2026-07-01
S014,P00093,129,25,2026-07-01
S014,P00094,284,25,2026-07-01
S014,P00095,198,25,2026-07-01
S014,P00096,246,25,2026-07-01
S014,P00097,41,25,2026-07-01
S014,P00098,142,25,2026-07-01
S014,P00099,109,25,2026-07-01
S014,P00100,111,25,2026-07-01
S014,P00101,194,25,2026-07-01
S014,P00102,187,25,2026-07-01
S014,P00103,148,25,2026-07-01
S014,P00104,81,25,2026-07-01
S014,P00105,277,25,2026-07-01
S014,P00106,77,25,2026-07-01
S014,P00107,233,25,2026-07-01
S014,P00108,187,25,2026-07-01
S014,P00109,128,25,2026-07-01
S014,P00110,84,25,2026-07-01
S014,P00111,91,25,2026-07-01
S014,P00112,74,25,2026-07-01
S014,P00113,112,25,2026-07-01
S014,P00114,69,25,2026-07-01
S014,P00115,184,25,2026-07-01
S014,P00116,67,25,2026-07-01
S014,P00117,29,25,2026-07-01
S014,P00118,260,25,2026-07-01
S014,P00119,239,25,2026-07-01
S014,P00120,6,25,2026-07-01
S014,P00121,199,25,2026-07-01
S014,P00122,52,25,2026-07-01
S014,P00123,156,25,2026-07-01
S014,P00124,290,25,2026-07-01
S014,P00125,117,25,2026-07-01
S014,P00126,299,25,2026-07-01
S014,P00127,197,25,2026-07-01
S014,P00128,37,25,2026-07-01
S014,P00129,92,25,2026-07-01
S014,P00130,77,25,2026-07-01
S014,P00131,246,25,2026-07-01
S014,P00132,162,25,2026-07-01
S014,P00133,46,25,2026-07-01
S014,P00134,189,25,2026-07-01
S014,P00135,241,25,2026-07-01
S014,P00136,56,25,2026-07-01
S014,P00137,26,25,2026-07-01
S014,P00138,20,25,2026-07-01
S014,P00139,30,25,2026-07-01
S014,P00140,45,25,2026-07-01
S014,P00141,285,25,2026-07-01
S014,P00142,261,25,2026-07-01
S014,P00143,107,25,2026-07-01
S014,P00144,212,25,2026-07-01
S014,P00145,208,25,2026-07-01
S014,P00146,210,25,2026-07-01
S014,P00147,115,25,2026-07-01
S014,P00148,5,25,2026-07-01
S014,P00149,283,25,2026-07-01
S014,P00150,166,25,2026-07-01
S014,P00151,99,25,2026-07-01
S014,P00152,158,25,2026-07-01
S014,P00153,250,25,2026-07-01
S014,P00154,263,25,2026-07-01
S014,P00155,282,25,2026-07-01
S014,P00156,89,25,2026-07-01
S014,P00157,106,25,2026-07-01
S014,P00158,251,25,2026-07-01
S014,P00159,265,25,2026-07-01
S014,P00160,101,25,2026-07-01
S014,P00161,143,25,2026-07-01
S014,P00162,134,25,2026-07-01
S014,P00163,54,25,2026-07-01
S014,P00164,83,25,2026-07-01
S014,P00165,117,25,2026-07-01
S014,P00166,292,25,2026-07-01
S014,P00167,18,25,2026-07-01
S014,P00168,4,25,2026-07-01
S014,P00169,224,25,2026-07-01
S014,P00170,207,25,2026-07-01
S014,P00171,50,25,2026-07-01
S014,P00172,33,25,2026-07-01
S014,P00173,254,25,2026-07-01
S014,P00174,272,25,2026-07-01
S014,P00175,13,25,2026-07-01
S014,P00176,11,25,2026-07-01
S014,P00177,172,25,2026-07-01
S014,P00178,203,25,2026-07-01
S014,P00179,121,25,2026-07-01
S014,P00180,97,25,2026-07-01
S014,P00181,33,25,2026-07-01
S014,P00182,192,25,2026-07-01
S014,P00183,202,25,2026-07-01
S014,P00184,41,25,2026-07-01
S014,P00185,293,25,2026-07-01
S014,P00186,225,25,2026-07-01
S014,P00187,13,25,2026-07-01
S014,P00188,291,25,2026-07-01
S014,P00189,19,25,2026-07-01
S014,P00190,107,25,2026-07-01
S014,P00191,283,25,2026-07-01
S014,P00192,214,25,2026-07-01
S014,P00193,116,25,2026-07-01
S014,P00194,35,25,2026-07-01
S014,P00195,103,25,2026-07-01
S014,P00196,248,25,2026-07-01
S014,P00197,205,25,2026-07-01
S014,P00198,184,25,2026-07-01
S014,P00199,120,25,2026-07-01
S014,P00200,46,25,2026-07-01
S014,P00201,64,25,2026-07-01
S014,P00202,283,25,2026-07-01
S014,P00203,46,25,2026-07-01
S014,P00204,186,25,2026-07-01
S014,P00205,122,25,2026-07-01
S014,P00206,280,25,2026-07-01
S014,P00207,51,25,2026-07-01
S014,P00208,295,25,2026-07-01
S014,P00209,239,25,2026-07-01
S014,P00210,246,25,2026-07-01
S014,P00211,57,25,2026-07-01
S014,P00212,109,25,2026-07-01
S014,P00213,233,25,2026-07-01
S014,P00214,232,25,2026-07-01
S014,P00215,83,25,2026-07-01
S014,P00216,24,25,2026-07-01
S014,P00217,144,25,2026-07-01
S014,P00218,69,25,2026-07-01
S014,P00219,138,25,2026-07-01
S014,P00220,14,25,2026-07-01
S014,P00221,258,25,2026-07-01
S014,P00222,238,25,2026-07-01
S014,P00223,155,25,2026-07-01
S014,P00224,26,25,2026-07-01
S014,P00225,232,25,2026-07-01
S014,P00226,43,25,2026-07-01
S014,P00227,299,25,2026-07-01
S014,P00228,219,25,2026-07-01
S014,P00229,222,25,2026-07-01
S014,P00230,260,25,2026-07-01
S014,P00231,154,25,2026-07-01
S014,P00232,26,25,2026-07-01
S014,P00233,121,25,2026-07-01
S014,P00234,167,25,2026-07-01
S014,P00235,268,25,2026-07-01
S014,P00236,137,25,2026-07-01
S014,P00237,232,25,2026-07-01
S014,P00238,187,25,2026-07-01
S014,P00239,211,25,2026-07-01
S014,P00240,214,25,2026-07-01
S014,P00241,290,25,2026-07-01
S014,P00242,130,25,2026-07-01
S014,P00243,166,25,2026-07-01
S014,P00244,263,25,2026-07-01
S014,P00245,36,25,2026-07-01
S014,P00246,264,25,2026-07-01
S014,P00247,26,25,2026-07-01
S014,P00248,137,25,2026-07-01
S014,P00249,165,25,2026-07-01
S014,P00250,129,25,2026-07-01
S014,P00251,142,25,2026-07-01
S014,P00252,276,25,2026-07-01
S014,P00253,243,25,2026-07-01
S014,P00254,120,25,2026-07-01
S014,P00255,71,25,2026-07-01
S014,P00256,209,25,2026-07-01
S014,P00257,132,25,2026-07-01
S014,P00258,191,25,2026-07-01
S014,P00259,79,25,2026-07-01
S014,P00260,12,25,2026-07-01
S014,P00261,147,25,2026-07-01
S014,P00262,177,25,2026-07-01
S014,P00263,50,25,2026-07-01
S014,P00264,155,25,2026-07-01
S014,P00265,239,25,2026-07-01
S014,P00266,91,25,2026-07-01
S014,P00267,151,25,2026-07-01
S014,P00268,97,25,2026-07-01
S014,P00269,170,25,2026-07-01
S014,P00270,33,25,2026-07-01
S014,P00271,177,25,2026-07-01
S014,P00272,192,25,2026-07-01
S014,P00273,213,25,2026-07-01
S014,P00274,197,25,2026-07-01
S014,P00275,64,25,2026-07-01
S014,P00276,93,25,2026-07-01
S014,P00277,237,25,2026-07-01
S014,P00278,64,25,2026-07-01
S014,P00279,151,25,2026-07-01
S014,P00280,111,25,2026-07-01
S014,P00281,59,25,2026-07-01
S014,P00282,210,25,2026-07-01
S014,P00283,210,25,2026-07-01
S014,P00284,78,25,2026-07-01
S014,P00285,179,25,2026-07-01
S014,P00286,208,25,2026-07-01
S014,P00287,72,25,2026-07-01
S014,P00288,16,25,2026-07-01
S014,P00289,250,25,2026-07-01
S014,P00290,39,25,2026-07-01
S014,P00291,210,25,2026-07-01
S014,P00292,257,25,2026-07-01
S014,P00293,167,25,2026-07-01
S014,P00294,19,25,2026-07-01
S014,P00295,223,25,2026-07-01
S014,P00296,185,25,2026-07-01
S014,P00297,25,25,2026-07-01
S014,P00298,101,25,2026-07-01
S014,P00299,49,25,2026-07-01
S014,P00300,270,25,2026-07-01
S014,P00301,221,25,2026-07-01
S014,P00302,235,25,2026-07-01
S014,P00303,68,25,2026-07-01
S014,P00304,239,25,2026-07-01
S014,P00305,5,25,2026-07-01
S014,P00306,120,25,2026-07-01
S014,P00307,215,25,2026-07-01
S014,P00308,67,25,2026-07-01
S014,P00309,30,25,2026-07-01
S014,P00310,124,25,2026-07-01
S014,P00311,98,25,2026-07-01
S014,P00312,232,25,2026-07-01
S014,P00313,258,25,2026-07-01
S014,P00314,227,25,2026-07-01
S014,P00315,176,25,2026-07-01
S014,P00316,166,25,2026-07-01
S014,P00317,294,25,2026-07-01
S014,P00318,62,25,2026-07-01
S014,P00319,121,25,2026-07-01
S014,P00320,61,25,2026-07-01
S014,P00321,214,25,2026-07-01
S014,P00322,251,25,2026-07-01
S014,P00323,205,25,2026-07-01
S014,P00324,137,25,2026-07-01
S014,P00325,155,25,2026-07-01
S014,P00326,269,25,2026-07-01
S014,P00327,107,25,2026-07-01
S014,P00328,296,25,2026-07-01
S014,P00329,73,25,2026-07-01
S014,P00330,90,25,2026-07-01
S014,P00331,26,25,2026-07-01
S014,P00332,146,25,2026-07-01
S014,P00333,272,25,2026-07-01
S014,P00334,98,25,2026-07-01
S014,P00335,117,25,2026-07-01
S014,P00336,250,25,2026-07-01
S014,P00337,22,25,2026-07-01
S014,P00338,70,25,2026-07-01
S014,P00339,220,25,2026-07-01
S014,P00340,114,25,2026-07-01
S014,P00341,152,25,2026-07-01
S014,P00342,111,25,2026-07-01
S014,P00343,269,25,2026-07-01
S014,P00344,256,25,2026-07-01
S014,P00345,49,25,2026-07-01
S014,P00346,152,25,2026-07-01
S014,P00347,4,25,2026-07-01
S014,P00348,108,25,2026-07-01
S014,P00349,171,25,2026-07-01
S014,P00350,265,25,2026-07-01
S014,P00351,131,25,2026-07-01
S014,P00352,0,25,2026-07-01
S014,P00353,96,25,2026-07-01
S014,P00354,124,25,2026-07-01
S014,P00355,182,25,2026-07-01
S014,P00356,240,25,2026-07-01
S014,P00357,62,25,2026-07-01
S014,P00358,102,25,2026-07-01
S014,P00359,140,25,2026-07-01
S014,P00360,4,25,2026-07-01
S014,P00361,23,25,2026-07-01
S014,P00362,47,25,2026-07-01
S014,P00363,247,25,2026-07-01
S014,P00364,143,25,2026-07-01
S014,P00365,291,25,2026-07-01
S014,P00366,76,25,2026-07-01
S014,P00367,152,25,2026-07-01
S014,P00368,290,25,2026-07-01
S014,P00369,268,25,2026-07-01
S014,P00370,61,25,2026-07-01
S014,P00371,112,25,2026-07-01
S014,P00372,276,25,2026-07-01
S014,P00373,95,25,2026-07-01
S014,P00374,196,25,2026-07-01
S014,P00375,145,25,2026-07-01
S014,P00376,82,25,2026-07-01
S014,P00377,24,25,2026-07-01
S014,P00378,222,25,2026-07-01
S014,P00379,79,25,2026-07-01
S014,P00380,182,25,2026-07-01
S014,P00381,263,25,2026-07-01
S014,P00382,76,25,2026-07-01
S014,P00383,283,25,2026-07-01
S014,P00384,161,25,2026-07-01
S014,P00385,197,25,2026-07-01
S014,P00386,180,25,2026-07-01
S014,P00387,21,25,2026-07-01
S014,P00388,59,25,2026-07-01
S014,P00389,295,25,2026-07-01
S014,P00390,183,25,2026-07-01
S014,P00391,264,25,2026-07-01
S014,P00392,97,25,2026-07-01
S014,P00393,36,25,2026-07-01
S014,P00394,256,25,2026-07-01
S014,P00395,200,25,2026-07-01
S014,P00396,203,25,2026-07-01
S014,P00397,225,25,2026-07-01
S014,P00398,196,25,2026-07-01
S014,P00399,219,25,2026-07-01
S014,P00400,103,25,2026-07-01
S014,P00401,46,25,2026-07-01
S014,P00402,74,25,2026-07-01
S014,P00403,216,25,2026-07-01
S014,P00404,244,25,2026-07-01
S014,P00405,171,25,2026-07-01
S014,P00406,152,25,2026-07-01
S014,P00407,38,25,2026-07-01
S014,P00408,18,25,2026-07-01
S014,P00409,271,25,2026-07-01
S014,P00410,281,25,2026-07-01
S014,P00411,165,25,2026-07-01
S014,P00412,220,25,2026-07-01
S014,P00413,4,25,2026-07-01
S014,P00414,87,25,2026-07-01
S014,P00415,179,25,2026-07-01
S014,P00416,296,25,2026-07-01
S014,P00417,59,25,2026-07-01
S014,P00418,155,25,2026-07-01
S014,P00419,3,25,2026-07-01
S014,P00420,94,25,2026-07-01
S014,P00421,83,25,2026-07-01
S014,P00422,253,25,2026-07-01
S014,P00423,168,25,2026-07-01
S014,P00424,251,25,2026-07-01
S014,P00425,126,25,2026-07-01
S014,P00426,170,25,2026-07-01
S014,P00427,36,25,2026-07-01
S014,P00428,132,25,2026-07-01
S014,P00429,127,25,2026-07-01
S014,P00430,279,25,2026-07-01
S014,P00431,115,25,2026-07-01
S014,P00432,231,25,2026-07-01
S014,P00433,67,25,2026-07-01
S014,P00434,69,25,2026-07-01
S014,P00435,172,25,2026-07-01
S014,P00436,78,25,2026-07-01
S014,P00437,254,25,2026-07-01
S014,P00438,64,25,2026-07-01
S014,P00439,299,25,2026-07-01
S014,P00440,219,25,2026-07-01
S014,P00441,169,25,2026-07-01
S014,P00442,7,25,2026-07-01
S014,P00443,266,25,2026-07-01
S014,P00444,152,25,2026-07-01
S014,P00445,241,25,2026-07-01
S014,P00446,190,25,2026-07-01
S014,P00447,242,25,2026-07-01
S014,P00448,175,25,2026-07-01
S014,P00449,245,25,2026-07-01
S014,P00450,209,25,2026-07-01
S014,P00451,20,25,2026-07-01
S014,P00452,72,25,2026-07-01
S014,P00453,35,25,2026-07-01
S014,P00454,99,25,2026-07-01
S014,P00455,45,25,2026-07-01
S014,P00456,152,25,2026-07-01
S014,P00457,216,25,2026-07-01
S014,P00458,300,25,2026-07-01
S014,P00459,76,25,2026-07-01
S014,P00460,276,25,2026-07-01
S014,P00461,240,25,2026-07-01
S014,P00462,49,25,2026-07-01
S014,P00463,74,25,2026-07-01
S014,P00464,124,25,2026-07-01
S014,P00465,277,25,2026-07-01
S014,P00466,91,25,2026-07-01
S014,P00467,37,25,2026-07-01
S014,P00468,199,25,2026-07-01
S014,P00469,202,25,2026-07-01
S014,P00470,88,25,2026-07-01
S014,P00471,54,25,2026-07-01
S014,P00472,14,25,2026-07-01
S014,P00473,134,25,2026-07-01
S014,P00474,5,25,2026-07-01
S014,P00475,47,25,2026-07-01
S014,P00476,285,25,2026-07-01
S014,P00477,236,25,2026-07-01
S014,P00478,123,25,2026-07-01
S014,P00479,169,25,2026-07-01
S014,P00480,282,25,2026-07-01
S014,P00481,157,25,2026-07-01
S014,P00482,168,25,2026-07-01
S014,P00483,292,25,2026-07-01
S014,P00484,132,25,2026-07-01
S014,P00485,250,25,2026-07-01
S014,P00486,24,25,2026-07-01
S014,P00487,259,25,2026-07-01
S014,P00488,286,25,2026-07-01
S014,P00489,155,25,2026-07-01
S014,P00490,56,25,2026-07-01
S014,P00491,78,25,2026-07-01
S014,P00492,292,25,2026-07-01
S014,P00493,6,25,2026-07-01
S014,P00494,219,25,2026-07-01
S014,P00495,274,25,2026-07-01
S014,P00496,132,25,2026-07-01
S014,P00497,297,25,2026-07-01
S014,P00498,22,25,2026-07-01
S014,P00499,87,25,2026-07-01
S014,P00500,44,25,2026-07-01
S015,P00001,78,25,2026-07-01
S015,P00002,294,25,2026-07-01
S015,P00003,176,25,2026-07-01
S015,P00004,20,25,2026-07-01
S015,P00005,170,25,2026-07-01
S015,P00006,9,25,2026-07-01
S015,P00007,80,25,2026-07-01
S015,P00008,118,25,2026-07-01
S015,P00009,138,25,2026-07-01
S015,P00010,121,25,2026-07-01
S015,P00011,106,25,2026-07-01
S015,P00012,36,25,2026-07-01
S015,P00013,288,25,2026-07-01
S015,P00014,300,25,2026-07-01
S015,P00015,213,25,2026-07-01
S015,P00016,21,25,2026-07-01
S015,P00017,244,25,2026-07-01
S015,P00018,174,25,2026-07-01
S015,P00019,262,25,2026-07-01
S015,P00020,272,25,2026-07-01
S015,P00021,224,25,2026-07-01
S015,P00022,111,25,2026-07-01
S015,P00023,76,25,2026-07-01
S015,P00024,244,25,2026-07-01
S015,P00025,149,25,2026-07-01
S015,P00026,146,25,2026-07-01
S015,P00027,190,25,2026-07-01
S015,P00028,27,25,2026-07-01
S015,P00029,59,25,2026-07-01
S015,P00030,129,25,2026-07-01
S015,P00031,23,25,2026-07-01
S015,P00032,92,25,2026-07-01
S015,P00033,260,25,2026-07-01
S015,P00034,246,25,2026-07-01
S015,P00035,165,25,2026-07-01
S015,P00036,158,25,2026-07-01
S015,P00037,271,25,2026-07-01
S015,P00038,278,25,2026-07-01
S015,P00039,47,25,2026-07-01
S015,P00040,133,25,2026-07-01
S015,P00041,64,25,2026-07-01
S015,P00042,172,25,2026-07-01
S015,P00043,63,25,2026-07-01
S015,P00044,122,25,2026-07-01
S015,P00045,37,25,2026-07-01
S015,P00046,156,25,2026-07-01
S015,P00047,120,25,2026-07-01
S015,P00048,248,25,2026-07-01
S015,P00049,263,25,2026-07-01
S015,P00050,25,25,2026-07-01
S015,P00051,26,25,2026-07-01
S015,P00052,80,25,2026-07-01
S015,P00053,137,25,2026-07-01
S015,P00054,151,25,2026-07-01
S015,P00055,56,25,2026-07-01
S015,P00056,72,25,2026-07-01
S015,P00057,6,25,2026-07-01
S015,P00058,193,25,2026-07-01
S015,P00059,183,25,2026-07-01
S015,P00060,86,25,2026-07-01
S015,P00061,60,25,2026-07-01
S015,P00062,241,25,2026-07-01
S015,P00063,124,25,2026-07-01
S015,P00064,1,25,2026-07-01
S015,P00065,189,25,2026-07-01
S015,P00066,115,25,2026-07-01
S015,P00067,54,25,2026-07-01
S015,P00068,197,25,2026-07-01
S015,P00069,31,25,2026-07-01
S015,P00070,40,25,2026-07-01
S015,P00071,38,25,2026-07-01
S015,P00072,191,25,2026-07-01
S015,P00073,52,25,2026-07-01
S015,P00074,161,25,2026-07-01
S015,P00075,282,25,2026-07-01
S015,P00076,266,25,2026-07-01
S015,P00077,179,25,2026-07-01
S015,P00078,104,25,2026-07-01
S015,P00079,167,25,2026-07-01
S015,P00080,222,25,2026-07-01
S015,P00081,112,25,2026-07-01
S015,P00082,17,25,2026-07-01
S015,P00083,196,25,2026-07-01
S015,P00084,46,25,2026-07-01
S015,P00085,45,25,2026-07-01
S015,P00086,2,25,2026-07-01
S015,P00087,225,25,2026-07-01
S015,P00088,151,25,2026-07-01
S015,P00089,74,25,2026-07-01
S015,P00090,243,25,2026-07-01
S015,P00091,145,25,2026-07-01
S015,P00092,270,25,2026-07-01
S015,P00093,118,25,2026-07-01
S015,P00094,120,25,2026-07-01
S015,P00095,238,25,2026-07-01
S015,P00096,171,25,2026-07-01
S015,P00097,128,25,2026-07-01
S015,P00098,130,25,2026-07-01
S015,P00099,166,25,2026-07-01
S015,P00100,210,25,2026-07-01
S015,P00101,226,25,2026-07-01
S015,P00102,211,25,2026-07-01
S015,P00103,271,25,2026-07-01
S015,P00104,235,25,2026-07-01
S015,P00105,147,25,2026-07-01
S015,P00106,46,25,2026-07-01
S015,P00107,160,25,2026-07-01
S015,P00108,131,25,2026-07-01
S015,P00109,235,25,2026-07-01
S015,P00110,285,25,2026-07-01
S015,P00111,245,25,2026-07-01
S015,P00112,207,25,2026-07-01
S015,P00113,70,25,2026-07-01
S015,P00114,199,25,2026-07-01
S015,P00115,243,25,2026-07-01
S015,P00116,54,25,2026-07-01
S015,P00117,69,25,2026-07-01
S015,P00118,270,25,2026-07-01
S015,P00119,216,25,2026-07-01
S015,P00120,98,25,2026-07-01
S015,P00121,86,25,2026-07-01
S015,P00122,62,25,2026-07-01
S015,P00123,40,25,2026-07-01
S015,P00124,85,25,2026-07-01
S015,P00125,259,25,2026-07-01
S015,P00126,164,25,2026-07-01
S015,P00127,159,25,2026-07-01
S015,P00128,37,25,2026-07-01
S015,P00129,126,25,2026-07-01
S015,P00130,203,25,2026-07-01
S015,P00131,260,25,2026-07-01
S015,P00132,274,25,2026-07-01
S015,P00133,133,25,2026-07-01
S015,P00134,13,25,2026-07-01
S015,P00135,28,25,2026-07-01
S015,P00136,105,25,2026-07-01
S015,P00137,39,25,2026-07-01
S015,P00138,11,25,2026-07-01
S015,P00139,242,25,2026-07-01
S015,P00140,56,25,2026-07-01
S015,P00141,54,25,2026-07-01
S015,P00142,190,25,2026-07-01
S015,P00143,71,25,2026-07-01
S015,P00144,215,25,2026-07-01
S015,P00145,241,25,2026-07-01
S015,P00146,147,25,2026-07-01
S015,P00147,139,25,2026-07-01
S015,P00148,87,25,2026-07-01
S015,P00149,56,25,2026-07-01
S015,P00150,283,25,2026-07-01
S015,P00151,277,25,2026-07-01
S015,P00152,29,25,2026-07-01
S015,P00153,148,25,2026-07-01
S015,P00154,162,25,2026-07-01
S015,P00155,292,25,2026-07-01
S015,P00156,130,25,2026-07-01
S015,P00157,90,25,2026-07-01
S015,P00158,62,25,2026-07-01
S015,P00159,296,25,2026-07-01
S015,P00160,271,25,2026-07-01
S015,P00161,95,25,2026-07-01
S015,P00162,246,25,2026-07-01
S015,P00163,214,25,2026-07-01
S015,P00164,299,25,2026-07-01
S015,P00165,24,25,2026-07-01
S015,P00166,42,25,2026-07-01
S015,P00167,194,25,2026-07-01
S015,P00168,153,25,2026-07-01
S015,P00169,145,25,2026-07-01
S015,P00170,5,25,2026-07-01
S015,P00171,39,25,2026-07-01
S015,P00172,1,25,2026-07-01
S015,P00173,96,25,2026-07-01
S015,P00174,177,25,2026-07-01
S015,P00175,238,25,2026-07-01
S015,P00176,278,25,2026-07-01
S015,P00177,193,25,2026-07-01
S015,P00178,54,25,2026-07-01
S015,P00179,292,25,2026-07-01
S015,P00180,285,25,2026-07-01
S015,P00181,248,25,2026-07-01
S015,P00182,59,25,2026-07-01
S015,P00183,61,25,2026-07-01
S015,P00184,151,25,2026-07-01
S015,P00185,77,25,2026-07-01
S015,P00186,274,25,2026-07-01
S015,P00187,156,25,2026-07-01
S015,P00188,55,25,2026-07-01
S015,P00189,151,25,2026-07-01
S015,P00190,195,25,2026-07-01
S015,P00191,103,25,2026-07-01
S015,P00192,93,25,2026-07-01
S015,P00193,300,25,2026-07-01
S015,P00194,143,25,2026-07-01
S015,P00195,126,25,2026-07-01
S015,P00196,2,25,2026-07-01
S015,P00197,68,25,2026-07-01
S015,P00198,11,25,2026-07-01
S015,P00199,133,25,2026-07-01
S015,P00200,294,25,2026-07-01
S015,P00201,102,25,2026-07-01
S015,P00202,197,25,2026-07-01
S015,P00203,21,25,2026-07-01
S015,P00204,244,25,2026-07-01
S015,P00205,224,25,2026-07-01
S015,P00206,37,25,2026-07-01
S015,P00207,81,25,2026-07-01
S015,P00208,95,25,2026-07-01
S015,P00209,6,25,2026-07-01
S015,P00210,87,25,2026-07-01
S015,P00211,255,25,2026-07-01
S015,P00212,119,25,2026-07-01
S015,P00213,213,25,2026-07-01
S015,P00214,241,25,2026-07-01
S015,P00215,81,25,2026-07-01
S015,P00216,153,25,2026-07-01
S015,P00217,85,25,2026-07-01
S015,P00218,141,25,2026-07-01
S015,P00219,106,25,2026-07-01
S015,P00220,94,25,2026-07-01
S015,P00221,148,25,2026-07-01
S015,P00222,76,25,2026-07-01
S015,P00223,260,25,2026-07-01
S015,P00224,105,25,2026-07-01
S015,P00225,279,25,2026-07-01
S015,P00226,29,25,2026-07-01
S015,P00227,119,25,2026-07-01
S015,P00228,244,25,2026-07-01
S015,P00229,95,25,2026-07-01
S015,P00230,138,25,2026-07-01
S015,P00231,59,25,2026-07-01
S015,P00232,142,25,2026-07-01
S015,P00233,185,25,2026-07-01
S015,P00234,15,25,2026-07-01
S015,P00235,267,25,2026-07-01
S015,P00236,153,25,2026-07-01
S015,P00237,254,25,2026-07-01
S015,P00238,240,25,2026-07-01
S015,P00239,119,25,2026-07-01
S015,P00240,258,25,2026-07-01
S015,P00241,9,25,2026-07-01
S015,P00242,185,25,2026-07-01
S015,P00243,90,25,2026-07-01
S015,P00244,299,25,2026-07-01
S015,P00245,98,25,2026-07-01
S015,P00246,74,25,2026-07-01
S015,P00247,152,25,2026-07-01
S015,P00248,180,25,2026-07-01
S015,P00249,251,25,2026-07-01
S015,P00250,69,25,2026-07-01
S015,P00251,132,25,2026-07-01
S015,P00252,154,25,2026-07-01
S015,P00253,180,25,2026-07-01
S015,P00254,178,25,2026-07-01
S015,P00255,150,25,2026-07-01
S015,P00256,257,25,2026-07-01
S015,P00257,194,25,2026-07-01
S015,P00258,215,25,2026-07-01
S015,P00259,265,25,2026-07-01
S015,P00260,203,25,2026-07-01
S015,P00261,187,25,2026-07-01
S015,P00262,77,25,2026-07-01
S015,P00263,296,25,2026-07-01
S015,P00264,135,25,2026-07-01
S015,P00265,274,25,2026-07-01
S015,P00266,77,25,2026-07-01
S015,P00267,47,25,2026-07-01
S015,P00268,169,25,2026-07-01
S015,P00269,253,25,2026-07-01
S015,P00270,263,25,2026-07-01
S015,P00271,249,25,2026-07-01
S015,P00272,117,25,2026-07-01
S015,P00273,3,25,2026-07-01
S015,P00274,200,25,2026-07-01
S015,P00275,97,25,2026-07-01
S015,P00276,255,25,2026-07-01
S015,P00277,147,25,2026-07-01
S015,P00278,123,25,2026-07-01
S015,P00279,4,25,2026-07-01
S015,P00280,258,25,2026-07-01
S015,P00281,65,25,2026-07-01
S015,P00282,57,25,2026-07-01
S015,P00283,62,25,2026-07-01
S015,P00284,130,25,2026-07-01
S015,P00285,51,25,2026-07-01
S015,P00286,26,25,2026-07-01
S015,P00287,119,25,2026-07-01
S015,P00288,147,25,2026-07-01
S015,P00289,276,25,2026-07-01
S015,P00290,196,25,2026-07-01
S015,P00291,143,25,2026-07-01
S015,P00292,173,25,2026-07-01
S015,P00293,56,25,2026-07-01
S015,P00294,290,25,2026-07-01
S015,P00295,102,25,2026-07-01
S015,P00296,48,25,2026-07-01
S015,P00297,84,25,2026-07-01
S015,P00298,47,25,2026-07-01
S015,P00299,16,25,2026-07-01
S015,P00300,282,25,2026-07-01
S015,P00301,138,25,2026-07-01
S015,P00302,221,25,2026-07-01
S015,P00303,196,25,2026-07-01
S015,P00304,84,25,2026-07-01
S015,P00305,293,25,2026-07-01
S015,P00306,143,25,2026-07-01
S015,P00307,7,25,2026-07-01
S015,P00308,262,25,2026-07-01
S015,P00309,77,25,2026-07-01
S015,P00310,219,25,2026-07-01
S015,P00311,202,25,2026-07-01
S015,P00312,78,25,2026-07-01
S015,P00313,62,25,2026-07-01
S015,P00314,153,25,2026-07-01
S015,P00315,148,25,2026-07-01
S015,P00316,106,25,2026-07-01
S015,P00317,128,25,2026-07-01
S015,P00318,264,25,2026-07-01
S015,P00319,82,25,2026-07-01
S015,P00320,249,25,2026-07-01
S015,P00321,32,25,2026-07-01
S015,P00322,67,25,2026-07-01
S015,P00323,246,25,2026-07-01
S015,P00324,283,25,2026-07-01
S015,P00325,273,25,2026-07-01
S015,P00326,277,25,2026-07-01
S015,P00327,237,25,2026-07-01
S015,P00328,195,25,2026-07-01
S015,P00329,58,25,2026-07-01
S015,P00330,131,25,2026-07-01
S015,P00331,0,25,2026-07-01
S015,P00332,266,25,2026-07-01
S015,P00333,293,25,2026-07-01
S015,P00334,110,25,2026-07-01
S015,P00335,11,25,2026-07-01
S015,P00336,48,25,2026-07-01
S015,P00337,292,25,2026-07-01
S015,P00338,108,25,2026-07-01
S015,P00339,71,25,2026-07-01
S015,P00340,122,25,2026-07-01
S015,P00341,162,25,2026-07-01
S015,P00342,290,25,2026-07-01
S015,P00343,235,25,2026-07-01
S015,P00344,73,25,2026-07-01
S015,P00345,161,25,2026-07-01
S015,P00346,291,25,2026-07-01
S015,P00347,81,25,2026-07-01
S015,P00348,141,25,2026-07-01
S015,P00349,174,25,2026-07-01
S015,P00350,4,25,2026-07-01
S015,P00351,190,25,2026-07-01
S015,P00352,23,25,2026-07-01
S015,P00353,124,25,2026-07-01
S015,P00354,156,25,2026-07-01
S015,P00355,78,25,2026-07-01
S015,P00356,135,25,2026-07-01
S015,P00357,108,25,2026-07-01
S015,P00358,123,25,2026-07-01
S015,P00359,44,25,2026-07-01
S015,P00360,33,25,2026-07-01
S015,P00361,136,25,2026-07-01
S015,P00362,195,25,2026-07-01
S015,P00363,129,25,2026-07-01
S015,P00364,162,25,2026-07-01
S015,P00365,200,25,2026-07-01
S015,P00366,37,25,2026-07-01
S015,P00367,3,25,2026-07-01
S015,P00368,99,25,2026-07-01
S015,P00369,113,25,2026-07-01
S015,P00370,191,25,2026-07-01
S015,P00371,227,25,2026-07-01
S015,P00372,278,25,2026-07-01
S015,P00373,30,25,2026-07-01
S015,P00374,51,25,2026-07-01
S015,P00375,176,25,2026-07-01
S015,P00376,68,25,2026-07-01
S015,P00377,99,25,2026-07-01
S015,P00378,183,25,2026-07-01
S015,P00379,281,25,2026-07-01
S015,P00380,150,25,2026-07-01
S015,P00381,6,25,2026-07-01
S015,P00382,189,25,2026-07-01
S015,P00383,300,25,2026-07-01
S015,P00384,117,25,2026-07-01
S015,P00385,139,25,2026-07-01
S015,P00386,95,25,2026-07-01
S015,P00387,184,25,2026-07-01
S015,P00388,195,25,2026-07-01
S015,P00389,212,25,2026-07-01
S015,P00390,48,25,2026-07-01
S015,P00391,39,25,2026-07-01
S015,P00392,33,25,2026-07-01
S015,P00393,279,25,2026-07-01
S015,P00394,36,25,2026-07-01
S015,P00395,29,25,2026-07-01
S015,P00396,79,25,2026-07-01
S015,P00397,69,25,2026-07-01
S015,P00398,161,25,2026-07-01
S015,P00399,20,25,2026-07-01
S015,P00400,299,25,2026-07-01
S015,P00401,95,25,2026-07-01
S015,P00402,58,25,2026-07-01
S015,P00403,256,25,2026-07-01
S015,P00404,221,25,2026-07-01
S015,P00405,96,25,2026-07-01
S015,P00406,130,25,2026-07-01
S015,P00407,160,25,2026-07-01
S015,P00408,6,25,2026-07-01
S015,P00409,263,25,2026-07-01
S015,P00410,152,25,2026-07-01
S015,P00411,153,25,2026-07-01
S015,P00412,288,25,2026-07-01
S015,P00413,21,25,2026-07-01
S015,P00414,86,25,2026-07-01
S015,P00415,39,25,2026-07-01
S015,P00416,234,25,2026-07-01
S015,P00417,277,25,2026-07-01
S015,P00418,53,25,2026-07-01
S015,P00419,203,25,2026-07-01
S015,P00420,297,25,2026-07-01
S015,P00421,35,25,2026-07-01
S015,P00422,87,25,2026-07-01
S015,P00423,155,25,2026-07-01
S015,P00424,209,25,2026-07-01
S015,P00425,297,25,2026-07-01
S015,P00426,118,25,2026-07-01
S015,P00427,192,25,2026-07-01
S015,P00428,169,25,2026-07-01
S015,P00429,12,25,2026-07-01
S015,P00430,168,25,2026-07-01
S015,P00431,249,25,2026-07-01
S015,P00432,117,25,2026-07-01
S015,P00433,201,25,2026-07-01
S015,P00434,104,25,2026-07-01
S015,P00435,293,25,2026-07-01
S015,P00436,45,25,2026-07-01
S015,P00437,57,25,2026-07-01
S015,P00438,252,25,2026-07-01
S015,P00439,220,25,2026-07-01
S015,P00440,57,25,2026-07-01
S015,P00441,127,25,2026-07-01
S015,P00442,205,25,2026-07-01
S015,P00443,149,25,2026-07-01
S015,P00444,280,25,2026-07-01
S015,P00445,244,25,2026-07-01
S015,P00446,71,25,2026-07-01
S015,P00447,228,25,2026-07-01
S015,P00448,238,25,2026-07-01
S015,P00449,164,25,2026-07-01
S015,P00450,238,25,2026-07-01
S015,P00451,122,25,2026-07-01
S015,P00452,105,25,2026-07-01
S015,P00453,266,25,2026-07-01
S015,P00454,125,25,2026-07-01
S015,P00455,278,25,2026-07-01
S015,P00456,273,25,2026-07-01
S015,P00457,158,25,2026-07-01
S015,P00458,140,25,2026-07-01
S015,P00459,265,25,2026-07-01
S015,P00460,72,25,2026-07-01
S015,P00461,10,25,2026-07-01
S015,P00462,274,25,2026-07-01
S015,P00463,49,25,2026-07-01
S015,P00464,147,25,2026-07-01
S015,P00465,106,25,2026-07-01
S015,P00466,77,25,2026-07-01
S015,P00467,293,25,2026-07-01
S015,P00468,136,25,2026-07-01
S015,P00469,212,25,2026-07-01
S015,P00470,271,25,2026-07-01
S015,P00471,154,25,2026-07-01
S015,P00472,31,25,2026-07-01
S015,P00473,251,25,2026-07-01
S015,P00474,16,25,2026-07-01
S015,P00475,188,25,2026-07-01
S015,P00476,50,25,2026-07-01
S015,P00477,76,25,2026-07-01
S015,P00478,168,25,2026-07-01
S015,P00479,250,25,2026-07-01
S015,P00480,226,25,2026-07-01
S015,P00481,78,25,2026-07-01
S015,P00482,280,25,2026-07-01
S015,P00483,124,25,2026-07-01
S015,P00484,6,25,2026-07-01
S015,P00485,50,25,2026-07-01
S015,P00486,188,25,2026-07-01
S015,P00487,61,25,2026-07-01
S015,P00488,123,25,2026-07-01
S015,P00489,27,25,2026-07-01
S015,P00490,185,25,2026-07-01
S015,P00491,36,25,2026-07-01
S015,P00492,185,25,2026-07-01
S015,P00493,156,25,2026-07-01
S015,P00494,26,25,2026-07-01
S015,P00495,42,25,2026-07-01
S015,P00496,158,25,2026-07-01
S015,P00497,44,25,2026-07-01
S015,P00498,9,25,2026-07-01
S015,P00499,75,25,2026-07-01
S015,P00500,274,25,2026-07-01
S016,P00001,174,25,2026-07-01
S016,P00002,116,25,2026-07-01
S016,P00003,95,25,2026-07-01
S016,P00004,201,25,2026-07-01
S016,P00005,107,25,2026-07-01
S016,P00006,177,25,2026-07-01
S016,P00007,140,25,2026-07-01
S016,P00008,235,25,2026-07-01
S016,P00009,44,25,2026-07-01
S016,P00010,231,25,2026-07-01
S016,P00011,181,25,2026-07-01
S016,P00012,60,25,2026-07-01
S016,P00013,278,25,2026-07-01
S016,P00014,43,25,2026-07-01
S016,P00015,71,25,2026-07-01
S016,P00016,232,25,2026-07-01
S016,P00017,173,25,2026-07-01
S016,P00018,227,25,2026-07-01
S016,P00019,249,25,2026-07-01
S016,P00020,251,25,2026-07-01
S016,P00021,156,25,2026-07-01
S016,P00022,136,25,2026-07-01
S016,P00023,13,25,2026-07-01
S016,P00024,151,25,2026-07-01
S016,P00025,197,25,2026-07-01
S016,P00026,171,25,2026-07-01
S016,P00027,142,25,2026-07-01
S016,P00028,276,25,2026-07-01
S016,P00029,170,25,2026-07-01
S016,P00030,286,25,2026-07-01
S016,P00031,266,25,2026-07-01
S016,P00032,192,25,2026-07-01
S016,P00033,277,25,2026-07-01
S016,P00034,68,25,2026-07-01
S016,P00035,58,25,2026-07-01
S016,P00036,139,25,2026-07-01
S016,P00037,66,25,2026-07-01
S016,P00038,149,25,2026-07-01
S016,P00039,222,25,2026-07-01
S016,P00040,158,25,2026-07-01
S016,P00041,218,25,2026-07-01
S016,P00042,126,25,2026-07-01
S016,P00043,160,25,2026-07-01
S016,P00044,65,25,2026-07-01
S016,P00045,96,25,2026-07-01
S016,P00046,57,25,2026-07-01
S016,P00047,155,25,2026-07-01
S016,P00048,292,25,2026-07-01
S016,P00049,293,25,2026-07-01
S016,P00050,202,25,2026-07-01
S016,P00051,179,25,2026-07-01
S016,P00052,40,25,2026-07-01
S016,P00053,84,25,2026-07-01
S016,P00054,113,25,2026-07-01
S016,P00055,109,25,2026-07-01
S016,P00056,192,25,2026-07-01
S016,P00057,210,25,2026-07-01
S016,P00058,94,25,2026-07-01
S016,P00059,258,25,2026-07-01
S016,P00060,25,25,2026-07-01
S016,P00061,125,25,2026-07-01
S016,P00062,277,25,2026-07-01
S016,P00063,90,25,2026-07-01
S016,P00064,88,25,2026-07-01
S016,P00065,293,25,2026-07-01
S016,P00066,285,25,2026-07-01
S016,P00067,228,25,2026-07-01
S016,P00068,19,25,2026-07-01
S016,P00069,189,25,2026-07-01
S016,P00070,82,25,2026-07-01
S016,P00071,66,25,2026-07-01
S016,P00072,207,25,2026-07-01
S016,P00073,150,25,2026-07-01
S016,P00074,257,25,2026-07-01
S016,P00075,225,25,2026-07-01
S016,P00076,114,25,2026-07-01
S016,P00077,240,25,2026-07-01
S016,P00078,70,25,2026-07-01
S016,P00079,257,25,2026-07-01
S016,P00080,252,25,2026-07-01
S016,P00081,4,25,2026-07-01
S016,P00082,67,25,2026-07-01
S016,P00083,269,25,2026-07-01
S016,P00084,47,25,2026-07-01
S016,P00085,272,25,2026-07-01
S016,P00086,221,25,2026-07-01
S016,P00087,137,25,2026-07-01
S016,P00088,211,25,2026-07-01
S016,P00089,204,25,2026-07-01
S016,P00090,292,25,2026-07-01
S016,P00091,180,25,2026-07-01
S016,P00092,158,25,2026-07-01
S016,P00093,76,25,2026-07-01
S016,P00094,113,25,2026-07-01
S016,P00095,231,25,2026-07-01
S016,P00096,132,25,2026-07-01
S016,P00097,31,25,2026-07-01
S016,P00098,62,25,2026-07-01
S016,P00099,90,25,2026-07-01
S016,P00100,53,25,2026-07-01
S016,P00101,9,25,2026-07-01
S016,P00102,55,25,2026-07-01
S016,P00103,262,25,2026-07-01
S016,P00104,225,25,2026-07-01
S016,P00105,98,25,2026-07-01
S016,P00106,261,25,2026-07-01
S016,P00107,177,25,2026-07-01
S016,P00108,300,25,2026-07-01
S016,P00109,230,25,2026-07-01
S016,P00110,17,25,2026-07-01
S016,P00111,1,25,2026-07-01
S016,P00112,3,25,2026-07-01
S016,P00113,29,25,2026-07-01
S016,P00114,1,25,2026-07-01
S016,P00115,133,25,2026-07-01
S016,P00116,204,25,2026-07-01
S016,P00117,205,25,2026-07-01
S016,P00118,212,25,2026-07-01
S016,P00119,173,25,2026-07-01
S016,P00120,177,25,2026-07-01
S016,P00121,286,25,2026-07-01
S016,P00122,97,25,2026-07-01
S016,P00123,122,25,2026-07-01
S016,P00124,20,25,2026-07-01
S016,P00125,7,25,2026-07-01
S016,P00126,277,25,2026-07-01
S016,P00127,31,25,2026-07-01
S016,P00128,254,25,2026-07-01
S016,P00129,242,25,2026-07-01
S016,P00130,56,25,2026-07-01
S016,P00131,275,25,2026-07-01
S016,P00132,239,25,2026-07-01
S016,P00133,177,25,2026-07-01
S016,P00134,59,25,2026-07-01
S016,P00135,262,25,2026-07-01
S016,P00136,295,25,2026-07-01
S016,P00137,51,25,2026-07-01
S016,P00138,253,25,2026-07-01
S016,P00139,292,25,2026-07-01
S016,P00140,108,25,2026-07-01
S016,P00141,150,25,2026-07-01
S016,P00142,40,25,2026-07-01
S016,P00143,16,25,2026-07-01
S016,P00144,250,25,2026-07-01
S016,P00145,48,25,2026-07-01
S016,P00146,51,25,2026-07-01
S016,P00147,266,25,2026-07-01
S016,P00148,23,25,2026-07-01
S016,P00149,153,25,2026-07-01
S016,P00150,176,25,2026-07-01
S016,P00151,130,25,2026-07-01
S016,P00152,228,25,2026-07-01
S016,P00153,16,25,2026-07-01
S016,P00154,9,25,2026-07-01
S016,P00155,61,25,2026-07-01
S016,P00156,100,25,2026-07-01
S016,P00157,49,25,2026-07-01
S016,P00158,232,25,2026-07-01
S016,P00159,145,25,2026-07-01
S016,P00160,141,25,2026-07-01
S016,P00161,168,25,2026-07-01
S016,P00162,51,25,2026-07-01
S016,P00163,21,25,2026-07-01
S016,P00164,233,25,2026-07-01
S016,P00165,190,25,2026-07-01
S016,P00166,261,25,2026-07-01
S016,P00167,226,25,2026-07-01
S016,P00168,193,25,2026-07-01
S016,P00169,219,25,2026-07-01
S016,P00170,299,25,2026-07-01
S016,P00171,211,25,2026-07-01
S016,P00172,141,25,2026-07-01
S016,P00173,213,25,2026-07-01
S016,P00174,93,25,2026-07-01
S016,P00175,181,25,2026-07-01
S016,P00176,165,25,2026-07-01
S016,P00177,27,25,2026-07-01
S016,P00178,34,25,2026-07-01
S016,P00179,218,25,2026-07-01
S016,P00180,270,25,2026-07-01
S016,P00181,167,25,2026-07-01
S016,P00182,160,25,2026-07-01
S016,P00183,135,25,2026-07-01
S016,P00184,154,25,2026-07-01
S016,P00185,119,25,2026-07-01
S016,P00186,46,25,2026-07-01
S016,P00187,177,25,2026-07-01
S016,P00188,129,25,2026-07-01
S016,P00189,266,25,2026-07-01
S016,P00190,92,25,2026-07-01
S016,P00191,181,25,2026-07-01
S016,P00192,118,25,2026-07-01
S016,P00193,246,25,2026-07-01
S016,P00194,5,25,2026-07-01
S016,P00195,59,25,2026-07-01
S016,P00196,67,25,2026-07-01
S016,P00197,77,25,2026-07-01
S016,P00198,138,25,2026-07-01
S016,P00199,178,25,2026-07-01
S016,P00200,37,25,2026-07-01
S016,P00201,115,25,2026-07-01
S016,P00202,3,25,2026-07-01
S016,P00203,209,25,2026-07-01
S016,P00204,6,25,2026-07-01
S016,P00205,167,25,2026-07-01
S016,P00206,22,25,2026-07-01
S016,P00207,216,25,2026-07-01
S016,P00208,159,25,2026-07-01
S016,P00209,158,25,2026-07-01
S016,P00210,1,25,2026-07-01
S016,P00211,77,25,2026-07-01
S016,P00212,133,25,2026-07-01
S016,P00213,78,25,2026-07-01
S016,P00214,65,25,2026-07-01
S016,P00215,90,25,2026-07-01
S016,P00216,279,25,2026-07-01
S016,P00217,131,25,2026-07-01
S016,P00218,290,25,2026-07-01
S016,P00219,105,25,2026-07-01
S016,P00220,238,25,2026-07-01
S016,P00221,230,25,2026-07-01
S016,P00222,285,25,2026-07-01
S016,P00223,98,25,2026-07-01
S016,P00224,148,25,2026-07-01
S016,P00225,103,25,2026-07-01
S016,P00226,293,25,2026-07-01
S016,P00227,230,25,2026-07-01
S016,P00228,119,25,2026-07-01
S016,P00229,58,25,2026-07-01
S016,P00230,294,25,2026-07-01
S016,P00231,34,25,2026-07-01
S016,P00232,103,25,2026-07-01
S016,P00233,11,25,2026-07-01
S016,P00234,181,25,2026-07-01
S016,P00235,63,25,2026-07-01
S016,P00236,241,25,2026-07-01
S016,P00237,5,25,2026-07-01
S016,P00238,117,25,2026-07-01
S016,P00239,111,25,2026-07-01
S016,P00240,134,25,2026-07-01
S016,P00241,292,25,2026-07-01
S016,P00242,111,25,2026-07-01
S016,P00243,277,25,2026-07-01
S016,P00244,250,25,2026-07-01
S016,P00245,88,25,2026-07-01
S016,P00246,172,25,2026-07-01
S016,P00247,66,25,2026-07-01
S016,P00248,184,25,2026-07-01
S016,P00249,127,25,2026-07-01
S016,P00250,141,25,2026-07-01
S016,P00251,272,25,2026-07-01
S016,P00252,7,25,2026-07-01
S016,P00253,223,25,2026-07-01
S016,P00254,280,25,2026-07-01
S016,P00255,135,25,2026-07-01
S016,P00256,173,25,2026-07-01
S016,P00257,175,25,2026-07-01
S016,P00258,3,25,2026-07-01
S016,P00259,245,25,2026-07-01
S016,P00260,110,25,2026-07-01
S016,P00261,245,25,2026-07-01
S016,P00262,62,25,2026-07-01
S016,P00263,59,25,2026-07-01
S016,P00264,174,25,2026-07-01
S016,P00265,258,25,2026-07-01
S016,P00266,201,25,2026-07-01
S016,P00267,141,25,2026-07-01
S016,P00268,50,25,2026-07-01
S016,P00269,215,25,2026-07-01
S016,P00270,147,25,2026-07-01
S016,P00271,58,25,2026-07-01
S016,P00272,265,25,2026-07-01
S016,P00273,237,25,2026-07-01
S016,P00274,50,25,2026-07-01
S016,P00275,187,25,2026-07-01
S016,P00276,49,25,2026-07-01
S016,P00277,52,25,2026-07-01
S016,P00278,243,25,2026-07-01
S016,P00279,161,25,2026-07-01
S016,P00280,105,25,2026-07-01
S016,P00281,73,25,2026-07-01
S016,P00282,173,25,2026-07-01
S016,P00283,147,25,2026-07-01
S016,P00284,181,25,2026-07-01
S016,P00285,234,25,2026-07-01
S016,P00286,260,25,2026-07-01
S016,P00287,179,25,2026-07-01
S016,P00288,224,25,2026-07-01
S016,P00289,47,25,2026-07-01
S016,P00290,154,25,2026-07-01
S016,P00291,71,25,2026-07-01
S016,P00292,188,25,2026-07-01
S016,P00293,26,25,2026-07-01
S016,P00294,24,25,2026-07-01
S016,P00295,38,25,2026-07-01
S016,P00296,137,25,2026-07-01
S016,P00297,190,25,2026-07-01
S016,P00298,125,25,2026-07-01
S016,P00299,152,25,2026-07-01
S016,P00300,57,25,2026-07-01
S016,P00301,176,25,2026-07-01
S016,P00302,13,25,2026-07-01
S016,P00303,3,25,2026-07-01
S016,P00304,134,25,2026-07-01
S016,P00305,7,25,2026-07-01
S016,P00306,290,25,2026-07-01
S016,P00307,275,25,2026-07-01
S016,P00308,234,25,2026-07-01
S016,P00309,262,25,2026-07-01
S016,P00310,45,25,2026-07-01
S016,P00311,185,25,2026-07-01
S016,P00312,39,25,2026-07-01
S016,P00313,51,25,2026-07-01
S016,P00314,215,25,2026-07-01
S016,P00315,16,25,2026-07-01
S016,P00316,202,25,2026-07-01
S016,P00317,140,25,2026-07-01
S016,P00318,15,25,2026-07-01
S016,P00319,181,25,2026-07-01
S016,P00320,280,25,2026-07-01
S016,P00321,193,25,2026-07-01
S016,P00322,49,25,2026-07-01
S016,P00323,240,25,2026-07-01
S016,P00324,256,25,2026-07-01
S016,P00325,49,25,2026-07-01
S016,P00326,20,25,2026-07-01
S016,P00327,4,25,2026-07-01
S016,P00328,42,25,2026-07-01
S016,P00329,230,25,2026-07-01
S016,P00330,2,25,2026-07-01
S016,P00331,85,25,2026-07-01
S016,P00332,234,25,2026-07-01
S016,P00333,94,25,2026-07-01
S016,P00334,132,25,2026-07-01
S016,P00335,293,25,2026-07-01
S016,P00336,11,25,2026-07-01
S016,P00337,263,25,2026-07-01
S016,P00338,186,25,2026-07-01
S016,P00339,45,25,2026-07-01
S016,P00340,166,25,2026-07-01
S016,P00341,258,25,2026-07-01
S016,P00342,254,25,2026-07-01
S016,P00343,124,25,2026-07-01
S016,P00344,192,25,2026-07-01
S016,P00345,61,25,2026-07-01
S016,P00346,80,25,2026-07-01
S016,P00347,297,25,2026-07-01
S016,P00348,298,25,2026-07-01
S016,P00349,207,25,2026-07-01
S016,P00350,176,25,2026-07-01
S016,P00351,14,25,2026-07-01
S016,P00352,54,25,2026-07-01
S016,P00353,85,25,2026-07-01
S016,P00354,142,25,2026-07-01
S016,P00355,93,25,2026-07-01
S016,P00356,167,25,2026-07-01
S016,P00357,238,25,2026-07-01
S016,P00358,261,25,2026-07-01
S016,P00359,200,25,2026-07-01
S016,P00360,12,25,2026-07-01
S016,P00361,201,25,2026-07-01
S016,P00362,39,25,2026-07-01
S016,P00363,156,25,2026-07-01
S016,P00364,252,25,2026-07-01
S016,P00365,32,25,2026-07-01
S016,P00366,54,25,2026-07-01
S016,P00367,199,25,2026-07-01
S016,P00368,219,25,2026-07-01
S016,P00369,233,25,2026-07-01
S016,P00370,247,25,2026-07-01
S016,P00371,129,25,2026-07-01
S016,P00372,84,25,2026-07-01
S016,P00373,220,25,2026-07-01
S016,P00374,252,25,2026-07-01
S016,P00375,130,25,2026-07-01
S016,P00376,246,25,2026-07-01
S016,P00377,203,25,2026-07-01
S016,P00378,2,25,2026-07-01
S016,P00379,19,25,2026-07-01
S016,P00380,114,25,2026-07-01
S016,P00381,216,25,2026-07-01
S016,P00382,232,25,2026-07-01
S016,P00383,22,25,2026-07-01
S016,P00384,152,25,2026-07-01
S016,P00385,126,25,2026-07-01
S016,P00386,157,25,2026-07-01
S016,P00387,37,25,2026-07-01
S016,P00388,69,25,2026-07-01
S016,P00389,215,25,2026-07-01
S016,P00390,239,25,2026-07-01
S016,P00391,8,25,2026-07-01
S016,P00392,236,25,2026-07-01
S016,P00393,78,25,2026-07-01
S016,P00394,143,25,2026-07-01
S016,P00395,258,25,2026-07-01
S016,P00396,132,25,2026-07-01
S016,P00397,8,25,2026-07-01
S016,P00398,185,25,2026-07-01
S016,P00399,70,25,2026-07-01
S016,P00400,146,25,2026-07-01
S016,P00401,119,25,2026-07-01
S016,P00402,103,25,2026-07-01
S016,P00403,143,25,2026-07-01
S016,P00404,138,25,2026-07-01
S016,P00405,262,25,2026-07-01
S016,P00406,63,25,2026-07-01
S016,P00407,54,25,2026-07-01
S016,P00408,28,25,2026-07-01
S016,P00409,221,25,2026-07-01
S016,P00410,289,25,2026-07-01
S016,P00411,52,25,2026-07-01
S016,P00412,281,25,2026-07-01
S016,P00413,223,25,2026-07-01
S016,P00414,91,25,2026-07-01
S016,P00415,241,25,2026-07-01
S016,P00416,29,25,2026-07-01
S016,P00417,135,25,2026-07-01
S016,P00418,207,25,2026-07-01
S016,P00419,105,25,2026-07-01
S016,P00420,10,25,2026-07-01
S016,P00421,85,25,2026-07-01
S016,P00422,1,25,2026-07-01
S016,P00423,141,25,2026-07-01
S016,P00424,245,25,2026-07-01
S016,P00425,223,25,2026-07-01
S016,P00426,43,25,2026-07-01
S016,P00427,139,25,2026-07-01
S016,P00428,102,25,2026-07-01
S016,P00429,224,25,2026-07-01
S016,P00430,84,25,2026-07-01
S016,P00431,255,25,2026-07-01
S016,P00432,159,25,2026-07-01
S016,P00433,75,25,2026-07-01
S016,P00434,15,25,2026-07-01
S016,P00435,61,25,2026-07-01
S016,P00436,158,25,2026-07-01
S016,P00437,46,25,2026-07-01
S016,P00438,60,25,2026-07-01
S016,P00439,289,25,2026-07-01
S016,P00440,96,25,2026-07-01
S016,P00441,220,25,2026-07-01
S016,P00442,125,25,2026-07-01
S016,P00443,52,25,2026-07-01
S016,P00444,180,25,2026-07-01
S016,P00445,218,25,2026-07-01
S016,P00446,215,25,2026-07-01
S016,P00447,35,25,2026-07-01
S016,P00448,234,25,2026-07-01
S016,P00449,17,25,2026-07-01
S016,P00450,226,25,2026-07-01
S016,P00451,117,25,2026-07-01
S016,P00452,120,25,2026-07-01
S016,P00453,35,25,2026-07-01
S016,P00454,10,25,2026-07-01
S016,P00455,46,25,2026-07-01
S016,P00456,101,25,2026-07-01
S016,P00457,36,25,2026-07-01
S016,P00458,281,25,2026-07-01
S016,P00459,242,25,2026-07-01
S016,P00460,194,25,2026-07-01
S016,P00461,199,25,2026-07-01
S016,P00462,264,25,2026-07-01
S016,P00463,197,25,2026-07-01
S016,P00464,15,25,2026-07-01
S016,P00465,190,25,2026-07-01
S016,P00466,149,25,2026-07-01
S016,P00467,299,25,2026-07-01
S016,P00468,300,25,2026-07-01
S016,P00469,236,25,2026-07-01
S016,P00470,229,25,2026-07-01
S016,P00471,210,25,2026-07-01
S016,P00472,179,25,2026-07-01
S016,P00473,93,25,2026-07-01
S016,P00474,203,25,2026-07-01
S016,P00475,181,25,2026-07-01
S016,P00476,42,25,2026-07-01
S016,P00477,191,25,2026-07-01
S016,P00478,160,25,2026-07-01
S016,P00479,228,25,2026-07-01
S016,P00480,188,25,2026-07-01
S016,P00481,283,25,2026-07-01
S016,P00482,27,25,2026-07-01
S016,P00483,38,25,2026-07-01
S016,P00484,236,25,2026-07-01
S016,P00485,217,25,2026-07-01
S016,P00486,235,25,2026-07-01
S016,P00487,153,25,2026-07-01
S016,P00488,121,25,2026-07-01
S016,P00489,223,25,2026-07-01
S016,P00490,285,25,2026-07-01
S016,P00491,297,25,2026-07-01
S016,P00492,221,25,2026-07-01
S016,P00493,165,25,2026-07-01
S016,P00494,208,25,2026-07-01
S016,P00495,252,25,2026-07-01
S016,P00496,138,25,2026-07-01
S016,P00497,51,25,2026-07-01
S016,P00498,15,25,2026-07-01
S016,P00499,81,25,2026-07-01
S016,P00500,209,25,2026-07-01
S017,P00001,168,25,2026-07-01
S017,P00002,177,25,2026-07-01
S017,P00003,60,25,2026-07-01
S017,P00004,186,25,2026-07-01
S017,P00005,278,25,2026-07-01
S017,P00006,16,25,2026-07-01
S017,P00007,208,25,2026-07-01
S017,P00008,54,25,2026-07-01
S017,P00009,259,25,2026-07-01
S017,P00010,102,25,2026-07-01
S017,P00011,94,25,2026-07-01
S017,P00012,152,25,2026-07-01
S017,P00013,99,25,2026-07-01
S017,P00014,45,25,2026-07-01
S017,P00015,95,25,2026-07-01
S017,P00016,115,25,2026-07-01
S017,P00017,276,25,2026-07-01
S017,P00018,273,25,2026-07-01
S017,P00019,120,25,2026-07-01
S017,P00020,112,25,2026-07-01
S017,P00021,285,25,2026-07-01
S017,P00022,147,25,2026-07-01
S017,P00023,176,25,2026-07-01
S017,P00024,61,25,2026-07-01
S017,P00025,85,25,2026-07-01
S017,P00026,273,25,2026-07-01
S017,P00027,216,25,2026-07-01
S017,P00028,120,25,2026-07-01
S017,P00029,246,25,2026-07-01
S017,P00030,146,25,2026-07-01
S017,P00031,89,25,2026-07-01
S017,P00032,127,25,2026-07-01
S017,P00033,167,25,2026-07-01
S017,P00034,166,25,2026-07-01
S017,P00035,109,25,2026-07-01
S017,P00036,264,25,2026-07-01
S017,P00037,79,25,2026-07-01
S017,P00038,220,25,2026-07-01
S017,P00039,19,25,2026-07-01
S017,P00040,300,25,2026-07-01
S017,P00041,126,25,2026-07-01
S017,P00042,212,25,2026-07-01
S017,P00043,220,25,2026-07-01
S017,P00044,248,25,2026-07-01
S017,P00045,261,25,2026-07-01
S017,P00046,128,25,2026-07-01
S017,P00047,72,25,2026-07-01
S017,P00048,134,25,2026-07-01
S017,P00049,54,25,2026-07-01
S017,P00050,139,25,2026-07-01
S017,P00051,232,25,2026-07-01
S017,P00052,25,25,2026-07-01
S017,P00053,211,25,2026-07-01
S017,P00054,237,25,2026-07-01
S017,P00055,248,25,2026-07-01
S017,P00056,43,25,2026-07-01
S017,P00057,175,25,2026-07-01
S017,P00058,131,25,2026-07-01
S017,P00059,52,25,2026-07-01
S017,P00060,272,25,2026-07-01
S017,P00061,121,25,2026-07-01
S017,P00062,73,25,2026-07-01
S017,P00063,118,25,2026-07-01
S017,P00064,260,25,2026-07-01
S017,P00065,174,25,2026-07-01
S017,P00066,274,25,2026-07-01
S017,P00067,283,25,2026-07-01
S017,P00068,82,25,2026-07-01
S017,P00069,142,25,2026-07-01
S017,P00070,63,25,2026-07-01
S017,P00071,138,25,2026-07-01
S017,P00072,84,25,2026-07-01
S017,P00073,255,25,2026-07-01
S017,P00074,86,25,2026-07-01
S017,P00075,285,25,2026-07-01
S017,P00076,55,25,2026-07-01
S017,P00077,38,25,2026-07-01
S017,P00078,244,25,2026-07-01
S017,P00079,155,25,2026-07-01
S017,P00080,40,25,2026-07-01
S017,P00081,262,25,2026-07-01
S017,P00082,50,25,2026-07-01
S017,P00083,189,25,2026-07-01
S017,P00084,24,25,2026-07-01
S017,P00085,290,25,2026-07-01
S017,P00086,232,25,2026-07-01
S017,P00087,111,25,2026-07-01
S017,P00088,152,25,2026-07-01
S017,P00089,204,25,2026-07-01
S017,P00090,126,25,2026-07-01
S017,P00091,135,25,2026-07-01
S017,P00092,263,25,2026-07-01
S017,P00093,0,25,2026-07-01
S017,P00094,111,25,2026-07-01
S017,P00095,158,25,2026-07-01
S017,P00096,90,25,2026-07-01
S017,P00097,110,25,2026-07-01
S017,P00098,283,25,2026-07-01
S017,P00099,146,25,2026-07-01
S017,P00100,241,25,2026-07-01
S017,P00101,158,25,2026-07-01
S017,P00102,145,25,2026-07-01
S017,P00103,9,25,2026-07-01
S017,P00104,274,25,2026-07-01
S017,P00105,28,25,2026-07-01
S017,P00106,101,25,2026-07-01
S017,P00107,235,25,2026-07-01
S017,P00108,270,25,2026-07-01
S017,P00109,155,25,2026-07-01
S017,P00110,262,25,2026-07-01
S017,P00111,62,25,2026-07-01
S017,P00112,48,25,2026-07-01
S017,P00113,277,25,2026-07-01
S017,P00114,94,25,2026-07-01
S017,P00115,150,25,2026-07-01
S017,P00116,57,25,2026-07-01
S017,P00117,227,25,2026-07-01
S017,P00118,61,25,2026-07-01
S017,P00119,110,25,2026-07-01
S017,P00120,275,25,2026-07-01
S017,P00121,151,25,2026-07-01
S017,P00122,288,25,2026-07-01
S017,P00123,255,25,2026-07-01
S017,P00124,59,25,2026-07-01
S017,P00125,86,25,2026-07-01
S017,P00126,27,25,2026-07-01
S017,P00127,54,25,2026-07-01
S017,P00128,0,25,2026-07-01
S017,P00129,290,25,2026-07-01
S017,P00130,235,25,2026-07-01
S017,P00131,49,25,2026-07-01
S017,P00132,93,25,2026-07-01
S017,P00133,84,25,2026-07-01
S017,P00134,177,25,2026-07-01
S017,P00135,191,25,2026-07-01
S017,P00136,274,25,2026-07-01
S017,P00137,57,25,2026-07-01
S017,P00138,166,25,2026-07-01
S017,P00139,165,25,2026-07-01
S017,P00140,266,25,2026-07-01
S017,P00141,60,25,2026-07-01
S017,P00142,68,25,2026-07-01
S017,P00143,240,25,2026-07-01
S017,P00144,88,25,2026-07-01
S017,P00145,255,25,2026-07-01
S017,P00146,172,25,2026-07-01
S017,P00147,254,25,2026-07-01
S017,P00148,48,25,2026-07-01
S017,P00149,21,25,2026-07-01
S017,P00150,178,25,2026-07-01
S017,P00151,83,25,2026-07-01
S017,P00152,134,25,2026-07-01
S017,P00153,45,25,2026-07-01
S017,P00154,105,25,2026-07-01
S017,P00155,143,25,2026-07-01
S017,P00156,218,25,2026-07-01
S017,P00157,221,25,2026-07-01
S017,P00158,262,25,2026-07-01
S017,P00159,9,25,2026-07-01
S017,P00160,126,25,2026-07-01
S017,P00161,99,25,2026-07-01
S017,P00162,38,25,2026-07-01
S017,P00163,272,25,2026-07-01
S017,P00164,87,25,2026-07-01
S017,P00165,241,25,2026-07-01
S017,P00166,273,25,2026-07-01
S017,P00167,179,25,2026-07-01
S017,P00168,155,25,2026-07-01
S017,P00169,119,25,2026-07-01
S017,P00170,98,25,2026-07-01
S017,P00171,270,25,2026-07-01
S017,P00172,292,25,2026-07-01
S017,P00173,43,25,2026-07-01
S017,P00174,259,25,2026-07-01
S017,P00175,269,25,2026-07-01
S017,P00176,147,25,2026-07-01
S017,P00177,146,25,2026-07-01
S017,P00178,241,25,2026-07-01
S017,P00179,131,25,2026-07-01
S017,P00180,86,25,2026-07-01
S017,P00181,77,25,2026-07-01
S017,P00182,219,25,2026-07-01
S017,P00183,137,25,2026-07-01
S017,P00184,175,25,2026-07-01
S017,P00185,81,25,2026-07-01
S017,P00186,41,25,2026-07-01
S017,P00187,134,25,2026-07-01
S017,P00188,281,25,2026-07-01
S017,P00189,182,25,2026-07-01
S017,P00190,266,25,2026-07-01
S017,P00191,7,25,2026-07-01
S017,P00192,282,25,2026-07-01
S017,P00193,59,25,2026-07-01
S017,P00194,235,25,2026-07-01
S017,P00195,267,25,2026-07-01
S017,P00196,281,25,2026-07-01
S017,P00197,188,25,2026-07-01
S017,P00198,240,25,2026-07-01
S017,P00199,72,25,2026-07-01
S017,P00200,125,25,2026-07-01
S017,P00201,266,25,2026-07-01
S017,P00202,108,25,2026-07-01
S017,P00203,294,25,2026-07-01
S017,P00204,142,25,2026-07-01
S017,P00205,220,25,2026-07-01
S017,P00206,8,25,2026-07-01
S017,P00207,64,25,2026-07-01
S017,P00208,118,25,2026-07-01
S017,P00209,25,25,2026-07-01
S017,P00210,166,25,2026-07-01
S017,P00211,65,25,2026-07-01
S017,P00212,145,25,2026-07-01
S017,P00213,250,25,2026-07-01
S017,P00214,45,25,2026-07-01
S017,P00215,143,25,2026-07-01
S017,P00216,257,25,2026-07-01
S017,P00217,244,25,2026-07-01
S017,P00218,101,25,2026-07-01
S017,P00219,199,25,2026-07-01
S017,P00220,231,25,2026-07-01
S017,P00221,267,25,2026-07-01
S017,P00222,280,25,2026-07-01
S017,P00223,196,25,2026-07-01
S017,P00224,170,25,2026-07-01
S017,P00225,168,25,2026-07-01
S017,P00226,275,25,2026-07-01
S017,P00227,185,25,2026-07-01
S017,P00228,166,25,2026-07-01
S017,P00229,69,25,2026-07-01
S017,P00230,68,25,2026-07-01
S017,P00231,197,25,2026-07-01
S017,P00232,119,25,2026-07-01
S017,P00233,74,25,2026-07-01
S017,P00234,213,25,2026-07-01
S017,P00235,32,25,2026-07-01
S017,P00236,5,25,2026-07-01
S017,P00237,153,25,2026-07-01
S017,P00238,279,25,2026-07-01
S017,P00239,196,25,2026-07-01
S017,P00240,185,25,2026-07-01
S017,P00241,35,25,2026-07-01
S017,P00242,267,25,2026-07-01
S017,P00243,10,25,2026-07-01
S017,P00244,260,25,2026-07-01
S017,P00245,198,25,2026-07-01
S017,P00246,20,25,2026-07-01
S017,P00247,296,25,2026-07-01
S017,P00248,124,25,2026-07-01
S017,P00249,170,25,2026-07-01
S017,P00250,266,25,2026-07-01
S017,P00251,3,25,2026-07-01
S017,P00252,219,25,2026-07-01
S017,P00253,111,25,2026-07-01
S017,P00254,107,25,2026-07-01
S017,P00255,10,25,2026-07-01
S017,P00256,115,25,2026-07-01
S017,P00257,172,25,2026-07-01
S017,P00258,57,25,2026-07-01
S017,P00259,62,25,2026-07-01
S017,P00260,107,25,2026-07-01
S017,P00261,164,25,2026-07-01
S017,P00262,85,25,2026-07-01
S017,P00263,187,25,2026-07-01
S017,P00264,202,25,2026-07-01
S017,P00265,296,25,2026-07-01
S017,P00266,261,25,2026-07-01
S017,P00267,236,25,2026-07-01
S017,P00268,115,25,2026-07-01
S017,P00269,289,25,2026-07-01
S017,P00270,154,25,2026-07-01
S017,P00271,240,25,2026-07-01
S017,P00272,18,25,2026-07-01
S017,P00273,251,25,2026-07-01
S017,P00274,207,25,2026-07-01
S017,P00275,252,25,2026-07-01
S017,P00276,156,25,2026-07-01
S017,P00277,134,25,2026-07-01
S017,P00278,43,25,2026-07-01
S017,P00279,237,25,2026-07-01
S017,P00280,88,25,2026-07-01
S017,P00281,221,25,2026-07-01
S017,P00282,120,25,2026-07-01
S017,P00283,93,25,2026-07-01
S017,P00284,34,25,2026-07-01
S017,P00285,281,25,2026-07-01
S017,P00286,164,25,2026-07-01
S017,P00287,264,25,2026-07-01
S017,P00288,119,25,2026-07-01
S017,P00289,209,25,2026-07-01
S017,P00290,292,25,2026-07-01
S017,P00291,92,25,2026-07-01
S017,P00292,218,25,2026-07-01
S017,P00293,232,25,2026-07-01
S017,P00294,63,25,2026-07-01
S017,P00295,5,25,2026-07-01
S017,P00296,178,25,2026-07-01
S017,P00297,190,25,2026-07-01
S017,P00298,174,25,2026-07-01
S017,P00299,106,25,2026-07-01
S017,P00300,157,25,2026-07-01
S017,P00301,137,25,2026-07-01
S017,P00302,14,25,2026-07-01
S017,P00303,41,25,2026-07-01
S017,P00304,219,25,2026-07-01
S017,P00305,164,25,2026-07-01
S017,P00306,78,25,2026-07-01
S017,P00307,181,25,2026-07-01
S017,P00308,127,25,2026-07-01
S017,P00309,84,25,2026-07-01
S017,P00310,195,25,2026-07-01
S017,P00311,206,25,2026-07-01
S017,P00312,234,25,2026-07-01
S017,P00313,300,25,2026-07-01
S017,P00314,190,25,2026-07-01
S017,P00315,259,25,2026-07-01
S017,P00316,299,25,2026-07-01
S017,P00317,55,25,2026-07-01
S017,P00318,258,25,2026-07-01
S017,P00319,215,25,2026-07-01
S017,P00320,69,25,2026-07-01
S017,P00321,33,25,2026-07-01
S017,P00322,98,25,2026-07-01
S017,P00323,224,25,2026-07-01
S017,P00324,219,25,2026-07-01
S017,P00325,21,25,2026-07-01
S017,P00326,279,25,2026-07-01
S017,P00327,271,25,2026-07-01
S017,P00328,241,25,2026-07-01
S017,P00329,135,25,2026-07-01
S017,P00330,88,25,2026-07-01
S017,P00331,38,25,2026-07-01
S017,P00332,131,25,2026-07-01
S017,P00333,102,25,2026-07-01
S017,P00334,224,25,2026-07-01
S017,P00335,69,25,2026-07-01
S017,P00336,239,25,2026-07-01
S017,P00337,231,25,2026-07-01
S017,P00338,21,25,2026-07-01
S017,P00339,212,25,2026-07-01
S017,P00340,282,25,2026-07-01
S017,P00341,177,25,2026-07-01
S017,P00342,102,25,2026-07-01
S017,P00343,245,25,2026-07-01
S017,P00344,9,25,2026-07-01
S017,P00345,253,25,2026-07-01
S017,P00346,89,25,2026-07-01
S017,P00347,264,25,2026-07-01
S017,P00348,202,25,2026-07-01
S017,P00349,189,25,2026-07-01
S017,P00350,238,25,2026-07-01
S017,P00351,167,25,2026-07-01
S017,P00352,297,25,2026-07-01
S017,P00353,285,25,2026-07-01
S017,P00354,138,25,2026-07-01
S017,P00355,60,25,2026-07-01
S017,P00356,194,25,2026-07-01
S017,P00357,222,25,2026-07-01
S017,P00358,170,25,2026-07-01
S017,P00359,48,25,2026-07-01
S017,P00360,236,25,2026-07-01
S017,P00361,293,25,2026-07-01
S017,P00362,242,25,2026-07-01
S017,P00363,20,25,2026-07-01
S017,P00364,87,25,2026-07-01
S017,P00365,103,25,2026-07-01
S017,P00366,173,25,2026-07-01
S017,P00367,206,25,2026-07-01
S017,P00368,91,25,2026-07-01
S017,P00369,179,25,2026-07-01
S017,P00370,51,25,2026-07-01
S017,P00371,285,25,2026-07-01
S017,P00372,123,25,2026-07-01
S017,P00373,107,25,2026-07-01
S017,P00374,69,25,2026-07-01
S017,P00375,265,25,2026-07-01
S017,P00376,191,25,2026-07-01
S017,P00377,295,25,2026-07-01
S017,P00378,79,25,2026-07-01
S017,P00379,11,25,2026-07-01
S017,P00380,246,25,2026-07-01
S017,P00381,23,25,2026-07-01
S017,P00382,217,25,2026-07-01
S017,P00383,243,25,2026-07-01
S017,P00384,99,25,2026-07-01
S017,P00385,74,25,2026-07-01
S017,P00386,240,25,2026-07-01
S017,P00387,36,25,2026-07-01
S017,P00388,210,25,2026-07-01
S017,P00389,118,25,2026-07-01
S017,P00390,267,25,2026-07-01
S017,P00391,202,25,2026-07-01
S017,P00392,107,25,2026-07-01
S017,P00393,285,25,2026-07-01
S017,P00394,135,25,2026-07-01
S017,P00395,159,25,2026-07-01
S017,P00396,51,25,2026-07-01
S017,P00397,103,25,2026-07-01
S017,P00398,287,25,2026-07-01
S017,P00399,131,25,2026-07-01
S017,P00400,278,25,2026-07-01
S017,P00401,27,25,2026-07-01
S017,P00402,45,25,2026-07-01
S017,P00403,59,25,2026-07-01
S017,P00404,276,25,2026-07-01
S017,P00405,84,25,2026-07-01
S017,P00406,271,25,2026-07-01
S017,P00407,170,25,2026-07-01
S017,P00408,188,25,2026-07-01
S017,P00409,238,25,2026-07-01
S017,P00410,6,25,2026-07-01
S017,P00411,240,25,2026-07-01
S017,P00412,152,25,2026-07-01
S017,P00413,36,25,2026-07-01
S017,P00414,290,25,2026-07-01
S017,P00415,258,25,2026-07-01
S017,P00416,236,25,2026-07-01
S017,P00417,181,25,2026-07-01
S017,P00418,103,25,2026-07-01
S017,P00419,299,25,2026-07-01
S017,P00420,179,25,2026-07-01
S017,P00421,23,25,2026-07-01
S017,P00422,203,25,2026-07-01
S017,P00423,262,25,2026-07-01
S017,P00424,13,25,2026-07-01
S017,P00425,262,25,2026-07-01
S017,P00426,123,25,2026-07-01
S017,P00427,104,25,2026-07-01
S017,P00428,66,25,2026-07-01
S017,P00429,281,25,2026-07-01
S017,P00430,267,25,2026-07-01
S017,P00431,19,25,2026-07-01
S017,P00432,76,25,2026-07-01
S017,P00433,83,25,2026-07-01
S017,P00434,218,25,2026-07-01
S017,P00435,271,25,2026-07-01
S017,P00436,295,25,2026-07-01
S017,P00437,278,25,2026-07-01
S017,P00438,58,25,2026-07-01
S017,P00439,181,25,2026-07-01
S017,P00440,235,25,2026-07-01
S017,P00441,89,25,2026-07-01
S017,P00442,183,25,2026-07-01
S017,P00443,154,25,2026-07-01
S017,P00444,124,25,2026-07-01
S017,P00445,152,25,2026-07-01
S017,P00446,45,25,2026-07-01
S017,P00447,257,25,2026-07-01
S017,P00448,121,25,2026-07-01
S017,P00449,118,25,2026-07-01
S017,P00450,126,25,2026-07-01
S017,P00451,215,25,2026-07-01
S017,P00452,67,25,2026-07-01
S017,P00453,155,25,2026-07-01
S017,P00454,180,25,2026-07-01
S017,P00455,98,25,2026-07-01
S017,P00456,165,25,2026-07-01
S017,P00457,27,25,2026-07-01
S017,P00458,116,25,2026-07-01
S017,P00459,149,25,2026-07-01
S017,P00460,83,25,2026-07-01
S017,P00461,189,25,2026-07-01
S017,P00462,86,25,2026-07-01
S017,P00463,252,25,2026-07-01
S017,P00464,202,25,2026-07-01
S017,P00465,124,25,2026-07-01
S017,P00466,300,25,2026-07-01
S017,P00467,248,25,2026-07-01
S017,P00468,220,25,2026-07-01
S017,P00469,99,25,2026-07-01
S017,P00470,158,25,2026-07-01
S017,P00471,67,25,2026-07-01
S017,P00472,165,25,2026-07-01
S017,P00473,102,25,2026-07-01
S017,P00474,102,25,2026-07-01
S017,P00475,158,25,2026-07-01
S017,P00476,165,25,2026-07-01
S017,P00477,72,25,2026-07-01
S017,P00478,26,25,2026-07-01
S017,P00479,89,25,2026-07-01
S017,P00480,139,25,2026-07-01
S017,P00481,186,25,2026-07-01
S017,P00482,186,25,2026-07-01
S017,P00483,63,25,2026-07-01
S017,P00484,8,25,2026-07-01
S017,P00485,148,25,2026-07-01
S017,P00486,42,25,2026-07-01
S017,P00487,300,25,2026-07-01
S017,P00488,214,25,2026-07-01
S017,P00489,182,25,2026-07-01
S017,P00490,176,25,2026-07-01
S017,P00491,37,25,2026-07-01
S017,P00492,232,25,2026-07-01
S017,P00493,156,25,2026-07-01
S017,P00494,300,25,2026-07-01
S017,P00495,103,25,2026-07-01
S017,P00496,120,25,2026-07-01
S017,P00497,261,25,2026-07-01
S017,P00498,56,25,2026-07-01
S017,P00499,206,25,2026-07-01
S017,P00500,87,25,2026-07-01
S018,P00001,86,25,2026-07-01
S018,P00002,215,25,2026-07-01
S018,P00003,25,25,2026-07-01
S018,P00004,242,25,2026-07-01
S018,P00005,155,25,2026-07-01
S018,P00006,51,25,2026-07-01
S018,P00007,31,25,2026-07-01
S018,P00008,255,25,2026-07-01
S018,P00009,4,25,2026-07-01
S018,P00010,151,25,2026-07-01
S018,P00011,48,25,2026-07-01
S018,P00012,61,25,2026-07-01
S018,P00013,166,25,2026-07-01
S018,P00014,274,25,2026-07-01
S018,P00015,188,25,2026-07-01
S018,P00016,111,25,2026-07-01
S018,P00017,183,25,2026-07-01
S018,P00018,126,25,2026-07-01
S018,P00019,140,25,2026-07-01
S018,P00020,273,25,2026-07-01
S018,P00021,48,25,2026-07-01
S018,P00022,214,25,2026-07-01
S018,P00023,117,25,2026-07-01
S018,P00024,84,25,2026-07-01
S018,P00025,150,25,2026-07-01
S018,P00026,265,25,2026-07-01
S018,P00027,262,25,2026-07-01
S018,P00028,66,25,2026-07-01
S018,P00029,112,25,2026-07-01
S018,P00030,4,25,2026-07-01
S018,P00031,153,25,2026-07-01
S018,P00032,137,25,2026-07-01
S018,P00033,298,25,2026-07-01
S018,P00034,15,25,2026-07-01
S018,P00035,112,25,2026-07-01
S018,P00036,241,25,2026-07-01
S018,P00037,82,25,2026-07-01
S018,P00038,236,25,2026-07-01
S018,P00039,0,25,2026-07-01
S018,P00040,292,25,2026-07-01
S018,P00041,198,25,2026-07-01
S018,P00042,154,25,2026-07-01
S018,P00043,176,25,2026-07-01
S018,P00044,239,25,2026-07-01
S018,P00045,112,25,2026-07-01
S018,P00046,112,25,2026-07-01
S018,P00047,150,25,2026-07-01
S018,P00048,128,25,2026-07-01
S018,P00049,131,25,2026-07-01
S018,P00050,149,25,2026-07-01
S018,P00051,54,25,2026-07-01
S018,P00052,72,25,2026-07-01
S018,P00053,241,25,2026-07-01
S018,P00054,11,25,2026-07-01
S018,P00055,112,25,2026-07-01
S018,P00056,259,25,2026-07-01
S018,P00057,34,25,2026-07-01
S018,P00058,38,25,2026-07-01
S018,P00059,201,25,2026-07-01
S018,P00060,51,25,2026-07-01
S018,P00061,70,25,2026-07-01
S018,P00062,75,25,2026-07-01
S018,P00063,162,25,2026-07-01
S018,P00064,44,25,2026-07-01
S018,P00065,280,25,2026-07-01
S018,P00066,278,25,2026-07-01
S018,P00067,282,25,2026-07-01
S018,P00068,20,25,2026-07-01
S018,P00069,5,25,2026-07-01
S018,P00070,32,25,2026-07-01
S018,P00071,217,25,2026-07-01
S018,P00072,2,25,2026-07-01
S018,P00073,129,25,2026-07-01
S018,P00074,25,25,2026-07-01
S018,P00075,206,25,2026-07-01
S018,P00076,33,25,2026-07-01
S018,P00077,298,25,2026-07-01
S018,P00078,173,25,2026-07-01
S018,P00079,121,25,2026-07-01
S018,P00080,116,25,2026-07-01
S018,P00081,240,25,2026-07-01
S018,P00082,44,25,2026-07-01
S018,P00083,130,25,2026-07-01
S018,P00084,5,25,2026-07-01
S018,P00085,4,25,2026-07-01
S018,P00086,66,25,2026-07-01
S018,P00087,226,25,2026-07-01
S018,P00088,146,25,2026-07-01
S018,P00089,95,25,2026-07-01
S018,P00090,144,25,2026-07-01
S018,P00091,262,25,2026-07-01
S018,P00092,191,25,2026-07-01
S018,P00093,18,25,2026-07-01
S018,P00094,169,25,2026-07-01
S018,P00095,241,25,2026-07-01
S018,P00096,268,25,2026-07-01
S018,P00097,78,25,2026-07-01
S018,P00098,114,25,2026-07-01
S018,P00099,137,25,2026-07-01
S018,P00100,22,25,2026-07-01
S018,P00101,113,25,2026-07-01
S018,P00102,159,25,2026-07-01
S018,P00103,107,25,2026-07-01
S018,P00104,177,25,2026-07-01
S018,P00105,229,25,2026-07-01
S018,P00106,127,25,2026-07-01
S018,P00107,286,25,2026-07-01
S018,P00108,287,25,2026-07-01
S018,P00109,156,25,2026-07-01
S018,P00110,144,25,2026-07-01
S018,P00111,286,25,2026-07-01
S018,P00112,233,25,2026-07-01
S018,P00113,169,25,2026-07-01
S018,P00114,275,25,2026-07-01
S018,P00115,288,25,2026-07-01
S018,P00116,290,25,2026-07-01
S018,P00117,259,25,2026-07-01
S018,P00118,19,25,2026-07-01
S018,P00119,193,25,2026-07-01
S018,P00120,82,25,2026-07-01
S018,P00121,22,25,2026-07-01
S018,P00122,107,25,2026-07-01
S018,P00123,184,25,2026-07-01
S018,P00124,31,25,2026-07-01
S018,P00125,55,25,2026-07-01
S018,P00126,135,25,2026-07-01
S018,P00127,158,25,2026-07-01
S018,P00128,186,25,2026-07-01
S018,P00129,33,25,2026-07-01
S018,P00130,220,25,2026-07-01
S018,P00131,294,25,2026-07-01
S018,P00132,157,25,2026-07-01
S018,P00133,151,25,2026-07-01
S018,P00134,215,25,2026-07-01
S018,P00135,66,25,2026-07-01
S018,P00136,237,25,2026-07-01
S018,P00137,40,25,2026-07-01
S018,P00138,14,25,2026-07-01
S018,P00139,178,25,2026-07-01
S018,P00140,190,25,2026-07-01
S018,P00141,62,25,2026-07-01
S018,P00142,286,25,2026-07-01
S018,P00143,113,25,2026-07-01
S018,P00144,231,25,2026-07-01
S018,P00145,22,25,2026-07-01
S018,P00146,104,25,2026-07-01
S018,P00147,61,25,2026-07-01
S018,P00148,241,25,2026-07-01
S018,P00149,81,25,2026-07-01
S018,P00150,6,25,2026-07-01
S018,P00151,113,25,2026-07-01
S018,P00152,257,25,2026-07-01
S018,P00153,95,25,2026-07-01
S018,P00154,134,25,2026-07-01
S018,P00155,16,25,2026-07-01
S018,P00156,287,25,2026-07-01
S018,P00157,7,25,2026-07-01
S018,P00158,123,25,2026-07-01
S018,P00159,182,25,2026-07-01
S018,P00160,51,25,2026-07-01
S018,P00161,237,25,2026-07-01
S018,P00162,278,25,2026-07-01
S018,P00163,159,25,2026-07-01
S018,P00164,122,25,2026-07-01
S018,P00165,54,25,2026-07-01
S018,P00166,156,25,2026-07-01
S018,P00167,163,25,2026-07-01
S018,P00168,49,25,2026-07-01
S018,P00169,281,25,2026-07-01
S018,P00170,297,25,2026-07-01
S018,P00171,173,25,2026-07-01
S018,P00172,272,25,2026-07-01
S018,P00173,155,25,2026-07-01
S018,P00174,240,25,2026-07-01
S018,P00175,20,25,2026-07-01
S018,P00176,20,25,2026-07-01
S018,P00177,56,25,2026-07-01
S018,P00178,93,25,2026-07-01
S018,P00179,144,25,2026-07-01
S018,P00180,116,25,2026-07-01
S018,P00181,288,25,2026-07-01
S018,P00182,47,25,2026-07-01
S018,P00183,135,25,2026-07-01
S018,P00184,138,25,2026-07-01
S018,P00185,249,25,2026-07-01
S018,P00186,212,25,2026-07-01
S018,P00187,30,25,2026-07-01
S018,P00188,9,25,2026-07-01
S018,P00189,125,25,2026-07-01
S018,P00190,130,25,2026-07-01
S018,P00191,54,25,2026-07-01
S018,P00192,100,25,2026-07-01
S018,P00193,129,25,2026-07-01
S018,P00194,297,25,2026-07-01
S018,P00195,51,25,2026-07-01
S018,P00196,113,25,2026-07-01
S018,P00197,70,25,2026-07-01
S018,P00198,274,25,2026-07-01
S018,P00199,136,25,2026-07-01
S018,P00200,230,25,2026-07-01
S018,P00201,142,25,2026-07-01
S018,P00202,18,25,2026-07-01
S018,P00203,282,25,2026-07-01
S018,P00204,172,25,2026-07-01
S018,P00205,202,25,2026-07-01
S018,P00206,125,25,2026-07-01
S018,P00207,5,25,2026-07-01
S018,P00208,287,25,2026-07-01
S018,P00209,224,25,2026-07-01
S018,P00210,59,25,2026-07-01
S018,P00211,222,25,2026-07-01
S018,P00212,59,25,2026-07-01
S018,P00213,58,25,2026-07-01
S018,P00214,273,25,2026-07-01
S018,P00215,97,25,2026-07-01
S018,P00216,195,25,2026-07-01
S018,P00217,82,25,2026-07-01
S018,P00218,148,25,2026-07-01
S018,P00219,167,25,2026-07-01
S018,P00220,199,25,2026-07-01
S018,P00221,266,25,2026-07-01
S018,P00222,138,25,2026-07-01
S018,P00223,194,25,2026-07-01
S018,P00224,250,25,2026-07-01
S018,P00225,285,25,2026-07-01
S018,P00226,86,25,2026-07-01
S018,P00227,132,25,2026-07-01
S018,P00228,213,25,2026-07-01
S018,P00229,193,25,2026-07-01
S018,P00230,110,25,2026-07-01
S018,P00231,188,25,2026-07-01
S018,P00232,98,25,2026-07-01
S018,P00233,168,25,2026-07-01
S018,P00234,63,25,2026-07-01
S018,P00235,288,25,2026-07-01
S018,P00236,274,25,2026-07-01
S018,P00237,174,25,2026-07-01
S018,P00238,86,25,2026-07-01
S018,P00239,120,25,2026-07-01
S018,P00240,57,25,2026-07-01
S018,P00241,185,25,2026-07-01
S018,P00242,238,25,2026-07-01
S018,P00243,271,25,2026-07-01
S018,P00244,231,25,2026-07-01
S018,P00245,61,25,2026-07-01
S018,P00246,12,25,2026-07-01
S018,P00247,32,25,2026-07-01
S018,P00248,195,25,2026-07-01
S018,P00249,5,25,2026-07-01
S018,P00250,93,25,2026-07-01
S018,P00251,129,25,2026-07-01
S018,P00252,20,25,2026-07-01
S018,P00253,287,25,2026-07-01
S018,P00254,231,25,2026-07-01
S018,P00255,123,25,2026-07-01
S018,P00256,196,25,2026-07-01
S018,P00257,202,25,2026-07-01
S018,P00258,269,25,2026-07-01
S018,P00259,62,25,2026-07-01
S018,P00260,293,25,2026-07-01
S018,P00261,104,25,2026-07-01
S018,P00262,119,25,2026-07-01
S018,P00263,68,25,2026-07-01
S018,P00264,34,25,2026-07-01
S018,P00265,101,25,2026-07-01
S018,P00266,70,25,2026-07-01
S018,P00267,194,25,2026-07-01
S018,P00268,47,25,2026-07-01
S018,P00269,245,25,2026-07-01
S018,P00270,17,25,2026-07-01
S018,P00271,150,25,2026-07-01
S018,P00272,8,25,2026-07-01
S018,P00273,136,25,2026-07-01
S018,P00274,31,25,2026-07-01
S018,P00275,144,25,2026-07-01
S018,P00276,202,25,2026-07-01
S018,P00277,16,25,2026-07-01
S018,P00278,40,25,2026-07-01
S018,P00279,262,25,2026-07-01
S018,P00280,260,25,2026-07-01
S018,P00281,34,25,2026-07-01
S018,P00282,192,25,2026-07-01
S018,P00283,108,25,2026-07-01
S018,P00284,47,25,2026-07-01
S018,P00285,99,25,2026-07-01
S018,P00286,36,25,2026-07-01
S018,P00287,121,25,2026-07-01
S018,P00288,297,25,2026-07-01
S018,P00289,98,25,2026-07-01
S018,P00290,35,25,2026-07-01
S018,P00291,186,25,2026-07-01
S018,P00292,46,25,2026-07-01
S018,P00293,214,25,2026-07-01
S018,P00294,259,25,2026-07-01
S018,P00295,53,25,2026-07-01
S018,P00296,95,25,2026-07-01
S018,P00297,147,25,2026-07-01
S018,P00298,276,25,2026-07-01
S018,P00299,63,25,2026-07-01
S018,P00300,134,25,2026-07-01
S018,P00301,185,25,2026-07-01
S018,P00302,244,25,2026-07-01
S018,P00303,113,25,2026-07-01
S018,P00304,207,25,2026-07-01
S018,P00305,252,25,2026-07-01
S018,P00306,291,25,2026-07-01
S018,P00307,6,25,2026-07-01
S018,P00308,34,25,2026-07-01
S018,P00309,117,25,2026-07-01
S018,P00310,262,25,2026-07-01
S018,P00311,266,25,2026-07-01
S018,P00312,255,25,2026-07-01
S018,P00313,218,25,2026-07-01
S018,P00314,238,25,2026-07-01
S018,P00315,139,25,2026-07-01
S018,P00316,187,25,2026-07-01
S018,P00317,15,25,2026-07-01
S018,P00318,78,25,2026-07-01
S018,P00319,62,25,2026-07-01
S018,P00320,218,25,2026-07-01
S018,P00321,40,25,2026-07-01
S018,P00322,293,25,2026-07-01
S018,P00323,52,25,2026-07-01
S018,P00324,127,25,2026-07-01
S018,P00325,262,25,2026-07-01
S018,P00326,144,25,2026-07-01
S018,P00327,159,25,2026-07-01
S018,P00328,190,25,2026-07-01
S018,P00329,235,25,2026-07-01
S018,P00330,192,25,2026-07-01
S018,P00331,171,25,2026-07-01
S018,P00332,166,25,2026-07-01
S018,P00333,58,25,2026-07-01
S018,P00334,198,25,2026-07-01
S018,P00335,291,25,2026-07-01
S018,P00336,243,25,2026-07-01
S018,P00337,197,25,2026-07-01
S018,P00338,265,25,2026-07-01
S018,P00339,45,25,2026-07-01
S018,P00340,94,25,2026-07-01
S018,P00341,22,25,2026-07-01
S018,P00342,257,25,2026-07-01
S018,P00343,215,25,2026-07-01
S018,P00344,1,25,2026-07-01
S018,P00345,204,25,2026-07-01
S018,P00346,221,25,2026-07-01
S018,P00347,25,25,2026-07-01
S018,P00348,85,25,2026-07-01
S018,P00349,61,25,2026-07-01
S018,P00350,268,25,2026-07-01
S018,P00351,36,25,2026-07-01
S018,P00352,81,25,2026-07-01
S018,P00353,144,25,2026-07-01
S018,P00354,68,25,2026-07-01
S018,P00355,113,25,2026-07-01
S018,P00356,181,25,2026-07-01
S018,P00357,85,25,2026-07-01
S018,P00358,148,25,2026-07-01
S018,P00359,38,25,2026-07-01
S018,P00360,267,25,2026-07-01
S018,P00361,175,25,2026-07-01
S018,P00362,1,25,2026-07-01
S018,P00363,112,25,2026-07-01
S018,P00364,14,25,2026-07-01
S018,P00365,29,25,2026-07-01
S018,P00366,112,25,2026-07-01
S018,P00367,195,25,2026-07-01
S018,P00368,131,25,2026-07-01
S018,P00369,289,25,2026-07-01
S018,P00370,130,25,2026-07-01
S018,P00371,265,25,2026-07-01
S018,P00372,200,25,2026-07-01
S018,P00373,235,25,2026-07-01
S018,P00374,257,25,2026-07-01
S018,P00375,273,25,2026-07-01
S018,P00376,130,25,2026-07-01
S018,P00377,20,25,2026-07-01
S018,P00378,103,25,2026-07-01
S018,P00379,215,25,2026-07-01
S018,P00380,68,25,2026-07-01
S018,P00381,284,25,2026-07-01
S018,P00382,223,25,2026-07-01
S018,P00383,31,25,2026-07-01
S018,P00384,212,25,2026-07-01
S018,P00385,204,25,2026-07-01
S018,P00386,219,25,2026-07-01
S018,P00387,38,25,2026-07-01
S018,P00388,164,25,2026-07-01
S018,P00389,145,25,2026-07-01
S018,P00390,137,25,2026-07-01
S018,P00391,179,25,2026-07-01
S018,P00392,102,25,2026-07-01
S018,P00393,37,25,2026-07-01
S018,P00394,33,25,2026-07-01
S018,P00395,292,25,2026-07-01
S018,P00396,13,25,2026-07-01
S018,P00397,214,25,2026-07-01
S018,P00398,174,25,2026-07-01
S018,P00399,282,25,2026-07-01
S018,P00400,118,25,2026-07-01
S018,P00401,165,25,2026-07-01
S018,P00402,124,25,2026-07-01
S018,P00403,105,25,2026-07-01
S018,P00404,91,25,2026-07-01
S018,P00405,277,25,2026-07-01
S018,P00406,111,25,2026-07-01
S018,P00407,291,25,2026-07-01
S018,P00408,157,25,2026-07-01
S018,P00409,11,25,2026-07-01
S018,P00410,220,25,2026-07-01
S018,P00411,151,25,2026-07-01
S018,P00412,265,25,2026-07-01
S018,P00413,160,25,2026-07-01
S018,P00414,70,25,2026-07-01
S018,P00415,58,25,2026-07-01
S018,P00416,95,25,2026-07-01
S018,P00417,217,25,2026-07-01
S018,P00418,172,25,2026-07-01
S018,P00419,103,25,2026-07-01
S018,P00420,86,25,2026-07-01
S018,P00421,149,25,2026-07-01
S018,P00422,227,25,2026-07-01
S018,P00423,135,25,2026-07-01
S018,P00424,201,25,2026-07-01
S018,P00425,278,25,2026-07-01
S018,P00426,56,25,2026-07-01
S018,P00427,143,25,2026-07-01
S018,P00428,251,25,2026-07-01
S018,P00429,257,25,2026-07-01
S018,P00430,73,25,2026-07-01
S018,P00431,65,25,2026-07-01
S018,P00432,22,25,2026-07-01
S018,P00433,226,25,2026-07-01
S018,P00434,161,25,2026-07-01
S018,P00435,37,25,2026-07-01
S018,P00436,202,25,2026-07-01
S018,P00437,163,25,2026-07-01
S018,P00438,250,25,2026-07-01
S018,P00439,97,25,2026-07-01
S018,P00440,71,25,2026-07-01
S018,P00441,273,25,2026-07-01
S018,P00442,73,25,2026-07-01
S018,P00443,71,25,2026-07-01
S018,P00444,118,25,2026-07-01
S018,P00445,36,25,2026-07-01
S018,P00446,79,25,2026-07-01
S018,P00447,217,25,2026-07-01
S018,P00448,19,25,2026-07-01
S018,P00449,91,25,2026-07-01
S018,P00450,233,25,2026-07-01
S018,P00451,256,25,2026-07-01
S018,P00452,141,25,2026-07-01
S018,P00453,173,25,2026-07-01
S018,P00454,246,25,2026-07-01
S018,P00455,63,25,2026-07-01
S018,P00456,201,25,2026-07-01
S018,P00457,268,25,2026-07-01
S018,P00458,31,25,2026-07-01
S018,P00459,1,25,2026-07-01
S018,P00460,45,25,2026-07-01
S018,P00461,118,25,2026-07-01
S018,P00462,167,25,2026-07-01
S018,P00463,104,25,2026-07-01
S018,P00464,151,25,2026-07-01
S018,P00465,195,25,2026-07-01
S018,P00466,33,25,2026-07-01
S018,P00467,293,25,2026-07-01
S018,P00468,100,25,2026-07-01
S018,P00469,29,25,2026-07-01
S018,P00470,85,25,2026-07-01
S018,P00471,91,25,2026-07-01
S018,P00472,252,25,2026-07-01
S018,P00473,187,25,2026-07-01
S018,P00474,0,25,2026-07-01
S018,P00475,261,25,2026-07-01
S018,P00476,194,25,2026-07-01
S018,P00477,155,25,2026-07-01
S018,P00478,195,25,2026-07-01
S018,P00479,262,25,2026-07-01
S018,P00480,92,25,2026-07-01
S018,P00481,11,25,2026-07-01
S018,P00482,132,25,2026-07-01
S018,P00483,62,25,2026-07-01
S018,P00484,246,25,2026-07-01
S018,P00485,193,25,2026-07-01
S018,P00486,104,25,2026-07-01
S018,P00487,273,25,2026-07-01
S018,P00488,129,25,2026-07-01
S018,P00489,140,25,2026-07-01
S018,P00490,157,25,2026-07-01
S018,P00491,130,25,2026-07-01
S018,P00492,202,25,2026-07-01
S018,P00493,55,25,2026-07-01
S018,P00494,61,25,2026-07-01
S018,P00495,172,25,2026-07-01
S018,P00496,18,25,2026-07-01
S018,P00497,113,25,2026-07-01
S018,P00498,10,25,2026-07-01
S018,P00499,94,25,2026-07-01
S018,P00500,53,25,2026-07-01
S019,P00001,25,25,2026-07-01
S019,P00002,133,25,2026-07-01
S019,P00003,28,25,2026-07-01
S019,P00004,268,25,2026-07-01
S019,P00005,247,25,2026-07-01
S019,P00006,43,25,2026-07-01
S019,P00007,105,25,2026-07-01
S019,P00008,94,25,2026-07-01
S019,P00009,56,25,2026-07-01
S019,P00010,94,25,2026-07-01
S019,P00011,58,25,2026-07-01
S019,P00012,84,25,2026-07-01
S019,P00013,154,25,2026-07-01
S019,P00014,296,25,2026-07-01
S019,P00015,128,25,2026-07-01
S019,P00016,199,25,2026-07-01
S019,P00017,105,25,2026-07-01
S019,P00018,278,25,2026-07-01
S019,P00019,227,25,2026-07-01
S019,P00020,62,25,2026-07-01
S019,P00021,293,25,2026-07-01
S019,P00022,34,25,2026-07-01
S019,P00023,76,25,2026-07-01
S019,P00024,235,25,2026-07-01
S019,P00025,93,25,2026-07-01
S019,P00026,252,25,2026-07-01
S019,P00027,29,25,2026-07-01
S019,P00028,277,25,2026-07-01
S019,P00029,56,25,2026-07-01
S019,P00030,8,25,2026-07-01
S019,P00031,220,25,2026-07-01
S019,P00032,272,25,2026-07-01
S019,P00033,60,25,2026-07-01
S019,P00034,2,25,2026-07-01
S019,P00035,300,25,2026-07-01
S019,P00036,101,25,2026-07-01
S019,P00037,21,25,2026-07-01
S019,P00038,188,25,2026-07-01
S019,P00039,17,25,2026-07-01
S019,P00040,21,25,2026-07-01
S019,P00041,21,25,2026-07-01
S019,P00042,170,25,2026-07-01
S019,P00043,184,25,2026-07-01
S019,P00044,235,25,2026-07-01
S019,P00045,136,25,2026-07-01
S019,P00046,142,25,2026-07-01
S019,P00047,114,25,2026-07-01
S019,P00048,61,25,2026-07-01
S019,P00049,108,25,2026-07-01
S019,P00050,23,25,2026-07-01
S019,P00051,226,25,2026-07-01
S019,P00052,101,25,2026-07-01
S019,P00053,227,25,2026-07-01
S019,P00054,162,25,2026-07-01
S019,P00055,21,25,2026-07-01
S019,P00056,100,25,2026-07-01
S019,P00057,221,25,2026-07-01
S019,P00058,245,25,2026-07-01
S019,P00059,153,25,2026-07-01
S019,P00060,168,25,2026-07-01
S019,P00061,171,25,2026-07-01
S019,P00062,261,25,2026-07-01
S019,P00063,130,25,2026-07-01
S019,P00064,176,25,2026-07-01
S019,P00065,105,25,2026-07-01
S019,P00066,125,25,2026-07-01
S019,P00067,221,25,2026-07-01
S019,P00068,91,25,2026-07-01
S019,P00069,10,25,2026-07-01
S019,P00070,102,25,2026-07-01
S019,P00071,148,25,2026-07-01
S019,P00072,86,25,2026-07-01
S019,P00073,52,25,2026-07-01
S019,P00074,130,25,2026-07-01
S019,P00075,242,25,2026-07-01
S019,P00076,221,25,2026-07-01
S019,P00077,238,25,2026-07-01
S019,P00078,46,25,2026-07-01
S019,P00079,19,25,2026-07-01
S019,P00080,18,25,2026-07-01
S019,P00081,208,25,2026-07-01
S019,P00082,241,25,2026-07-01
S019,P00083,179,25,2026-07-01
S019,P00084,228,25,2026-07-01
S019,P00085,237,25,2026-07-01
S019,P00086,192,25,2026-07-01
S019,P00087,271,25,2026-07-01
S019,P00088,175,25,2026-07-01
S019,P00089,165,25,2026-07-01
S019,P00090,157,25,2026-07-01
S019,P00091,36,25,2026-07-01
S019,P00092,284,25,2026-07-01
S019,P00093,149,25,2026-07-01
S019,P00094,22,25,2026-07-01
S019,P00095,196,25,2026-07-01
S019,P00096,79,25,2026-07-01
S019,P00097,270,25,2026-07-01
S019,P00098,253,25,2026-07-01
S019,P00099,188,25,2026-07-01
S019,P00100,291,25,2026-07-01
S019,P00101,17,25,2026-07-01
S019,P00102,241,25,2026-07-01
S019,P00103,120,25,2026-07-01
S019,P00104,232,25,2026-07-01
S019,P00105,300,25,2026-07-01
S019,P00106,177,25,2026-07-01
S019,P00107,33,25,2026-07-01
S019,P00108,196,25,2026-07-01
S019,P00109,269,25,2026-07-01
S019,P00110,247,25,2026-07-01
S019,P00111,228,25,2026-07-01
S019,P00112,63,25,2026-07-01
S019,P00113,6,25,2026-07-01
S019,P00114,98,25,2026-07-01
S019,P00115,180,25,2026-07-01
S019,P00116,153,25,2026-07-01
S019,P00117,174,25,2026-07-01
S019,P00118,186,25,2026-07-01
S019,P00119,134,25,2026-07-01
S019,P00120,34,25,2026-07-01
S019,P00121,283,25,2026-07-01
S019,P00122,135,25,2026-07-01
S019,P00123,144,25,2026-07-01
S019,P00124,187,25,2026-07-01
S019,P00125,37,25,2026-07-01
S019,P00126,97,25,2026-07-01
S019,P00127,287,25,2026-07-01
S019,P00128,240,25,2026-07-01
S019,P00129,267,25,2026-07-01
S019,P00130,80,25,2026-07-01
S019,P00131,0,25,2026-07-01
S019,P00132,151,25,2026-07-01
S019,P00133,178,25,2026-07-01
S019,P00134,290,25,2026-07-01
S019,P00135,259,25,2026-07-01
S019,P00136,216,25,2026-07-01
S019,P00137,93,25,2026-07-01
S019,P00138,20,25,2026-07-01
S019,P00139,88,25,2026-07-01
S019,P00140,18,25,2026-07-01
S019,P00141,234,25,2026-07-01
S019,P00142,39,25,2026-07-01
S019,P00143,127,25,2026-07-01
S019,P00144,203,25,2026-07-01
S019,P00145,157,25,2026-07-01
S019,P00146,261,25,2026-07-01
S019,P00147,106,25,2026-07-01
S019,P00148,186,25,2026-07-01
S019,P00149,48,25,2026-07-01
S019,P00150,140,25,2026-07-01
S019,P00151,256,25,2026-07-01
S019,P00152,168,25,2026-07-01
S019,P00153,197,25,2026-07-01
S019,P00154,66,25,2026-07-01
S019,P00155,277,25,2026-07-01
S019,P00156,216,25,2026-07-01
S019,P00157,249,25,2026-07-01
S019,P00158,47,25,2026-07-01
S019,P00159,228,25,2026-07-01
S019,P00160,192,25,2026-07-01
S019,P00161,206,25,2026-07-01
S019,P00162,55,25,2026-07-01
S019,P00163,242,25,2026-07-01
S019,P00164,49,25,2026-07-01
S019,P00165,54,25,2026-07-01
S019,P00166,135,25,2026-07-01
S019,P00167,72,25,2026-07-01
S019,P00168,134,25,2026-07-01
S019,P00169,230,25,2026-07-01
S019,P00170,154,25,2026-07-01
S019,P00171,291,25,2026-07-01
S019,P00172,194,25,2026-07-01
S019,P00173,289,25,2026-07-01
S019,P00174,262,25,2026-07-01
S019,P00175,283,25,2026-07-01
S019,P00176,174,25,2026-07-01
S019,P00177,272,25,2026-07-01
S019,P00178,163,25,2026-07-01
S019,P00179,66,25,2026-07-01
S019,P00180,187,25,2026-07-01
S019,P00181,73,25,2026-07-01
S019,P00182,42,25,2026-07-01
S019,P00183,146,25,2026-07-01
S019,P00184,58,25,2026-07-01
S019,P00185,118,25,2026-07-01
S019,P00186,133,25,2026-07-01
S019,P00187,88,25,2026-07-01
S019,P00188,178,25,2026-07-01
S019,P00189,226,25,2026-07-01
S019,P00190,16,25,2026-07-01
S019,P00191,183,25,2026-07-01
S019,P00192,13,25,2026-07-01
S019,P00193,197,25,2026-07-01
S019,P00194,110,25,2026-07-01
S019,P00195,221,25,2026-07-01
S019,P00196,171,25,2026-07-01
S019,P00197,245,25,2026-07-01
S019,P00198,252,25,2026-07-01
S019,P00199,163,25,2026-07-01
S019,P00200,252,25,2026-07-01
S019,P00201,181,25,2026-07-01
S019,P00202,12,25,2026-07-01
S019,P00203,268,25,2026-07-01
S019,P00204,44,25,2026-07-01
S019,P00205,200,25,2026-07-01
S019,P00206,109,25,2026-07-01
S019,P00207,114,25,2026-07-01
S019,P00208,202,25,2026-07-01
S019,P00209,9,25,2026-07-01
S019,P00210,8,25,2026-07-01
S019,P00211,214,25,2026-07-01
S019,P00212,81,25,2026-07-01
S019,P00213,61,25,2026-07-01
S019,P00214,65,25,2026-07-01
S019,P00215,242,25,2026-07-01
S019,P00216,218,25,2026-07-01
S019,P00217,89,25,2026-07-01
S019,P00218,186,25,2026-07-01
S019,P00219,148,25,2026-07-01
S019,P00220,249,25,2026-07-01
S019,P00221,197,25,2026-07-01
S019,P00222,234,25,2026-07-01
S019,P00223,7,25,2026-07-01
S019,P00224,230,25,2026-07-01
S019,P00225,93,25,2026-07-01
S019,P00226,75,25,2026-07-01
S019,P00227,230,25,2026-07-01
S019,P00228,161,25,2026-07-01
S019,P00229,32,25,2026-07-01
S019,P00230,74,25,2026-07-01
S019,P00231,15,25,2026-07-01
S019,P00232,281,25,2026-07-01
S019,P00233,242,25,2026-07-01
S019,P00234,300,25,2026-07-01
S019,P00235,296,25,2026-07-01
S019,P00236,132,25,2026-07-01
S019,P00237,143,25,2026-07-01
S019,P00238,10,25,2026-07-01
S019,P00239,225,25,2026-07-01
S019,P00240,102,25,2026-07-01
S019,P00241,181,25,2026-07-01
S019,P00242,259,25,2026-07-01
S019,P00243,151,25,2026-07-01
S019,P00244,187,25,2026-07-01
S019,P00245,45,25,2026-07-01
S019,P00246,9,25,2026-07-01
S019,P00247,58,25,2026-07-01
S019,P00248,300,25,2026-07-01
S019,P00249,19,25,2026-07-01
S019,P00250,87,25,2026-07-01
S019,P00251,74,25,2026-07-01
S019,P00252,114,25,2026-07-01
S019,P00253,282,25,2026-07-01
S019,P00254,176,25,2026-07-01
S019,P00255,255,25,2026-07-01
S019,P00256,278,25,2026-07-01
S019,P00257,13,25,2026-07-01
S019,P00258,202,25,2026-07-01
S019,P00259,72,25,2026-07-01
S019,P00260,164,25,2026-07-01
S019,P00261,279,25,2026-07-01
S019,P00262,70,25,2026-07-01
S019,P00263,229,25,2026-07-01
S019,P00264,59,25,2026-07-01
S019,P00265,85,25,2026-07-01
S019,P00266,178,25,2026-07-01
S019,P00267,94,25,2026-07-01
S019,P00268,53,25,2026-07-01
S019,P00269,65,25,2026-07-01
S019,P00270,270,25,2026-07-01
S019,P00271,25,25,2026-07-01
S019,P00272,289,25,2026-07-01
S019,P00273,300,25,2026-07-01
S019,P00274,255,25,2026-07-01
S019,P00275,210,25,2026-07-01
S019,P00276,182,25,2026-07-01
S019,P00277,93,25,2026-07-01
S019,P00278,125,25,2026-07-01
S019,P00279,184,25,2026-07-01
S019,P00280,285,25,2026-07-01
S019,P00281,157,25,2026-07-01
S019,P00282,175,25,2026-07-01
S019,P00283,27,25,2026-07-01
S019,P00284,267,25,2026-07-01
S019,P00285,88,25,2026-07-01
S019,P00286,107,25,2026-07-01
S019,P00287,173,25,2026-07-01
S019,P00288,83,25,2026-07-01
S019,P00289,24,25,2026-07-01
S019,P00290,265,25,2026-07-01
S019,P00291,163,25,2026-07-01
S019,P00292,103,25,2026-07-01
S019,P00293,31,25,2026-07-01
S019,P00294,93,25,2026-07-01
S019,P00295,189,25,2026-07-01
S019,P00296,24,25,2026-07-01
S019,P00297,96,25,2026-07-01
S019,P00298,37,25,2026-07-01
S019,P00299,109,25,2026-07-01
S019,P00300,77,25,2026-07-01
S019,P00301,67,25,2026-07-01
S019,P00302,213,25,2026-07-01
S019,P00303,298,25,2026-07-01
S019,P00304,177,25,2026-07-01
S019,P00305,49,25,2026-07-01
S019,P00306,88,25,2026-07-01
S019,P00307,37,25,2026-07-01
S019,P00308,57,25,2026-07-01
S019,P00309,278,25,2026-07-01
S019,P00310,70,25,2026-07-01
S019,P00311,51,25,2026-07-01
S019,P00312,234,25,2026-07-01
S019,P00313,35,25,2026-07-01
S019,P00314,194,25,2026-07-01
S019,P00315,137,25,2026-07-01
S019,P00316,260,25,2026-07-01
S019,P00317,107,25,2026-07-01
S019,P00318,131,25,2026-07-01
S019,P00319,204,25,2026-07-01
S019,P00320,169,25,2026-07-01
S019,P00321,152,25,2026-07-01
S019,P00322,69,25,2026-07-01
S019,P00323,22,25,2026-07-01
S019,P00324,173,25,2026-07-01
S019,P00325,150,25,2026-07-01
S019,P00326,202,25,2026-07-01
S019,P00327,202,25,2026-07-01
S019,P00328,108,25,2026-07-01
S019,P00329,79,25,2026-07-01
S019,P00330,25,25,2026-07-01
S019,P00331,214,25,2026-07-01
S019,P00332,24,25,2026-07-01
S019,P00333,261,25,2026-07-01
S019,P00334,44,25,2026-07-01
S019,P00335,84,25,2026-07-01
S019,P00336,19,25,2026-07-01
S019,P00337,100,25,2026-07-01
S019,P00338,259,25,2026-07-01
S019,P00339,42,25,2026-07-01
S019,P00340,170,25,2026-07-01
S019,P00341,200,25,2026-07-01
S019,P00342,102,25,2026-07-01
S019,P00343,298,25,2026-07-01
S019,P00344,221,25,2026-07-01
S019,P00345,79,25,2026-07-01
S019,P00346,75,25,2026-07-01
S019,P00347,28,25,2026-07-01
S019,P00348,141,25,2026-07-01
S019,P00349,264,25,2026-07-01
S019,P00350,207,25,2026-07-01
S019,P00351,104,25,2026-07-01
S019,P00352,128,25,2026-07-01
S019,P00353,14,25,2026-07-01
S019,P00354,278,25,2026-07-01
S019,P00355,104,25,2026-07-01
S019,P00356,5,25,2026-07-01
S019,P00357,61,25,2026-07-01
S019,P00358,178,25,2026-07-01
S019,P00359,146,25,2026-07-01
S019,P00360,243,25,2026-07-01
S019,P00361,220,25,2026-07-01
S019,P00362,69,25,2026-07-01
S019,P00363,264,25,2026-07-01
S019,P00364,152,25,2026-07-01
S019,P00365,189,25,2026-07-01
S019,P00366,46,25,2026-07-01
S019,P00367,217,25,2026-07-01
S019,P00368,47,25,2026-07-01
S019,P00369,219,25,2026-07-01
S019,P00370,141,25,2026-07-01
S019,P00371,140,25,2026-07-01
S019,P00372,159,25,2026-07-01
S019,P00373,161,25,2026-07-01
S019,P00374,89,25,2026-07-01
S019,P00375,119,25,2026-07-01
S019,P00376,26,25,2026-07-01
S019,P00377,283,25,2026-07-01
S019,P00378,46,25,2026-07-01
S019,P00379,235,25,2026-07-01
S019,P00380,269,25,2026-07-01
S019,P00381,52,25,2026-07-01
S019,P00382,274,25,2026-07-01
S019,P00383,200,25,2026-07-01
S019,P00384,41,25,2026-07-01
S019,P00385,139,25,2026-07-01
S019,P00386,171,25,2026-07-01
S019,P00387,205,25,2026-07-01
S019,P00388,131,25,2026-07-01
S019,P00389,121,25,2026-07-01
S019,P00390,76,25,2026-07-01
S019,P00391,90,25,2026-07-01
S019,P00392,224,25,2026-07-01
S019,P00393,60,25,2026-07-01
S019,P00394,289,25,2026-07-01
S019,P00395,16,25,2026-07-01
S019,P00396,42,25,2026-07-01
S019,P00397,2,25,2026-07-01
S019,P00398,244,25,2026-07-01
S019,P00399,65,25,2026-07-01
S019,P00400,294,25,2026-07-01
S019,P00401,53,25,2026-07-01
S019,P00402,111,25,2026-07-01
S019,P00403,140,25,2026-07-01
S019,P00404,76,25,2026-07-01
S019,P00405,125,25,2026-07-01
S019,P00406,272,25,2026-07-01
S019,P00407,55,25,2026-07-01
S019,P00408,273,25,2026-07-01
S019,P00409,127,25,2026-07-01
S019,P00410,10,25,2026-07-01
S019,P00411,145,25,2026-07-01
S019,P00412,187,25,2026-07-01
S019,P00413,65,25,2026-07-01
S019,P00414,29,25,2026-07-01
S019,P00415,227,25,2026-07-01
S019,P00416,206,25,2026-07-01
S019,P00417,23,25,2026-07-01
S019,P00418,209,25,2026-07-01
S019,P00419,145,25,2026-07-01
S019,P00420,292,25,2026-07-01
S019,P00421,26,25,2026-07-01
S019,P00422,289,25,2026-07-01
S019,P00423,93,25,2026-07-01
S019,P00424,275,25,2026-07-01
S019,P00425,53,25,2026-07-01
S019,P00426,277,25,2026-07-01
S019,P00427,85,25,2026-07-01
S019,P00428,28,25,2026-07-01
S019,P00429,186,25,2026-07-01
S019,P00430,178,25,2026-07-01
S019,P00431,93,25,2026-07-01
S019,P00432,132,25,2026-07-01
S019,P00433,226,25,2026-07-01
S019,P00434,89,25,2026-07-01
S019,P00435,248,25,2026-07-01
S019,P00436,31,25,2026-07-01
S019,P00437,181,25,2026-07-01
S019,P00438,178,25,2026-07-01
S019,P00439,146,25,2026-07-01
S019,P00440,259,25,2026-07-01
S019,P00441,83,25,2026-07-01
S019,P00442,31,25,2026-07-01
S019,P00443,45,25,2026-07-01
S019,P00444,143,25,2026-07-01
S019,P00445,174,25,2026-07-01
S019,P00446,133,25,2026-07-01
S019,P00447,106,25,2026-07-01
S019,P00448,8,25,2026-07-01
S019,P00449,218,25,2026-07-01
S019,P00450,37,25,2026-07-01
S019,P00451,276,25,2026-07-01
S019,P00452,229,25,2026-07-01
S019,P00453,119,25,2026-07-01
S019,P00454,146,25,2026-07-01
S019,P00455,250,25,2026-07-01
S019,P00456,142,25,2026-07-01
S019,P00457,51,25,2026-07-01
S019,P00458,167,25,2026-07-01
S019,P00459,189,25,2026-07-01
S019,P00460,275,25,2026-07-01
S019,P00461,37,25,2026-07-01
S019,P00462,195,25,2026-07-01
S019,P00463,300,25,2026-07-01
S019,P00464,89,25,2026-07-01
S019,P00465,133,25,2026-07-01
S019,P00466,216,25,2026-07-01
S019,P00467,18,25,2026-07-01
S019,P00468,202,25,2026-07-01
S019,P00469,51,25,2026-07-01
S019,P00470,78,25,2026-07-01
S019,P00471,72,25,2026-07-01
S019,P00472,24,25,2026-07-01
S019,P00473,2,25,2026-07-01
S019,P00474,155,25,2026-07-01
S019,P00475,210,25,2026-07-01
S019,P00476,260,25,2026-07-01
S019,P00477,156,25,2026-07-01
S019,P00478,156,25,2026-07-01
S019,P00479,43,25,2026-07-01
S019,P00480,154,25,2026-07-01
S019,P00481,43,25,2026-07-01
S019,P00482,253,25,2026-07-01
S019,P00483,89,25,2026-07-01
S019,P00484,270,25,2026-07-01
S019,P00485,185,25,2026-07-01
S019,P00486,144,25,2026-07-01
S019,P00487,50,25,2026-07-01
S019,P00488,158,25,2026-07-01
S019,P00489,225,25,2026-07-01
S019,P00490,213,25,2026-07-01
S019,P00491,194,25,2026-07-01
S019,P00492,177,25,2026-07-01
S019,P00493,42,25,2026-07-01
S019,P00494,119,25,2026-07-01
S019,P00495,284,25,2026-07-01
S019,P00496,192,25,2026-07-01
S019,P00497,212,25,2026-07-01
S019,P00498,163,25,2026-07-01
S019,P00499,161,25,2026-07-01
S019,P00500,40,25,2026-07-01
S020,P00001,93,25,2026-07-01
S020,P00002,119,25,2026-07-01
S020,P00003,42,25,2026-07-01
S020,P00004,30,25,2026-07-01
S020,P00005,82,25,2026-07-01
S020,P00006,45,25,2026-07-01
S020,P00007,132,25,2026-07-01
S020,P00008,263,25,2026-07-01
S020,P00009,91,25,2026-07-01
S020,P00010,0,25,2026-07-01
S020,P00011,244,25,2026-07-01
S020,P00012,5,25,2026-07-01
S020,P00013,256,25,2026-07-01
S020,P00014,70,25,2026-07-01
S020,P00015,44,25,2026-07-01
S020,P00016,79,25,2026-07-01
S020,P00017,190,25,2026-07-01
S020,P00018,186,25,2026-07-01
S020,P00019,222,25,2026-07-01
S020,P00020,274,25,2026-07-01
S020,P00021,201,25,2026-07-01
S020,P00022,96,25,2026-07-01
S020,P00023,119,25,2026-07-01
S020,P00024,105,25,2026-07-01
S020,P00025,274,25,2026-07-01
S020,P00026,0,25,2026-07-01
S020,P00027,142,25,2026-07-01
S020,P00028,285,25,2026-07-01
S020,P00029,63,25,2026-07-01
S020,P00030,207,25,2026-07-01
S020,P00031,30,25,2026-07-01
S020,P00032,239,25,2026-07-01
S020,P00033,38,25,2026-07-01
S020,P00034,196,25,2026-07-01
S020,P00035,5,25,2026-07-01
S020,P00036,223,25,2026-07-01
S020,P00037,165,25,2026-07-01
S020,P00038,35,25,2026-07-01
S020,P00039,203,25,2026-07-01
S020,P00040,198,25,2026-07-01
S020,P00041,167,25,2026-07-01
S020,P00042,257,25,2026-07-01
S020,P00043,117,25,2026-07-01
S020,P00044,245,25,2026-07-01
S020,P00045,223,25,2026-07-01
S020,P00046,158,25,2026-07-01
S020,P00047,16,25,2026-07-01
S020,P00048,147,25,2026-07-01
S020,P00049,67,25,2026-07-01
S020,P00050,60,25,2026-07-01
S020,P00051,176,25,2026-07-01
S020,P00052,146,25,2026-07-01
S020,P00053,205,25,2026-07-01
S020,P00054,300,25,2026-07-01
S020,P00055,83,25,2026-07-01
S020,P00056,11,25,2026-07-01
S020,P00057,132,25,2026-07-01
S020,P00058,89,25,2026-07-01
S020,P00059,137,25,2026-07-01
S020,P00060,154,25,2026-07-01
S020,P00061,125,25,2026-07-01
S020,P00062,300,25,2026-07-01
S020,P00063,229,25,2026-07-01
S020,P00064,72,25,2026-07-01
S020,P00065,261,25,2026-07-01
S020,P00066,165,25,2026-07-01
S020,P00067,29,25,2026-07-01
S020,P00068,31,25,2026-07-01
S020,P00069,165,25,2026-07-01
S020,P00070,17,25,2026-07-01
S020,P00071,158,25,2026-07-01
S020,P00072,116,25,2026-07-01
S020,P00073,247,25,2026-07-01
S020,P00074,289,25,2026-07-01
S020,P00075,175,25,2026-07-01
S020,P00076,247,25,2026-07-01
S020,P00077,133,25,2026-07-01
S020,P00078,164,25,2026-07-01
S020,P00079,252,25,2026-07-01
S020,P00080,121,25,2026-07-01
S020,P00081,294,25,2026-07-01
S020,P00082,225,25,2026-07-01
S020,P00083,228,25,2026-07-01
S020,P00084,94,25,2026-07-01
S020,P00085,68,25,2026-07-01
S020,P00086,177,25,2026-07-01
S020,P00087,50,25,2026-07-01
S020,P00088,239,25,2026-07-01
S020,P00089,93,25,2026-07-01
S020,P00090,131,25,2026-07-01
S020,P00091,192,25,2026-07-01
S020,P00092,64,25,2026-07-01
S020,P00093,181,25,2026-07-01
S020,P00094,215,25,2026-07-01
S020,P00095,98,25,2026-07-01
S020,P00096,284,25,2026-07-01
S020,P00097,81,25,2026-07-01
S020,P00098,183,25,2026-07-01
S020,P00099,123,25,2026-07-01
S020,P00100,47,25,2026-07-01
S020,P00101,95,25,2026-07-01
S020,P00102,83,25,2026-07-01
S020,P00103,86,25,2026-07-01
S020,P00104,297,25,2026-07-01
S020,P00105,260,25,2026-07-01
S020,P00106,176,25,2026-07-01
S020,P00107,35,25,2026-07-01
S020,P00108,22,25,2026-07-01
S020,P00109,79,25,2026-07-01
S020,P00110,255,25,2026-07-01
S020,P00111,171,25,2026-07-01
S020,P00112,56,25,2026-07-01
S020,P00113,43,25,2026-07-01
S020,P00114,60,25,2026-07-01
S020,P00115,83,25,2026-07-01
S020,P00116,285,25,2026-07-01
S020,P00117,94,25,2026-07-01
S020,P00118,35,25,2026-07-01
S020,P00119,50,25,2026-07-01
S020,P00120,32,25,2026-07-01
S020,P00121,253,25,2026-07-01
S020,P00122,220,25,2026-07-01
S020,P00123,1,25,2026-07-01
S020,P00124,177,25,2026-07-01
S020,P00125,117,25,2026-07-01
S020,P00126,185,25,2026-07-01
S020,P00127,116,25,2026-07-01
S020,P00128,267,25,2026-07-01
S020,P00129,177,25,2026-07-01
S020,P00130,218,25,2026-07-01
S020,P00131,0,25,2026-07-01
S020,P00132,117,25,2026-07-01
S020,P00133,292,25,2026-07-01
S020,P00134,120,25,2026-07-01
S020,P00135,282,25,2026-07-01
S020,P00136,140,25,2026-07-01
S020,P00137,25,25,2026-07-01
S020,P00138,190,25,2026-07-01
S020,P00139,83,25,2026-07-01
S020,P00140,240,25,2026-07-01
S020,P00141,170,25,2026-07-01
S020,P00142,139,25,2026-07-01
S020,P00143,95,25,2026-07-01
S020,P00144,173,25,2026-07-01
S020,P00145,117,25,2026-07-01
S020,P00146,95,25,2026-07-01
S020,P00147,162,25,2026-07-01
S020,P00148,214,25,2026-07-01
S020,P00149,141,25,2026-07-01
S020,P00150,4,25,2026-07-01
S020,P00151,79,25,2026-07-01
S020,P00152,14,25,2026-07-01
S020,P00153,165,25,2026-07-01
S020,P00154,82,25,2026-07-01
S020,P00155,274,25,2026-07-01
S020,P00156,112,25,2026-07-01
S020,P00157,267,25,2026-07-01
S020,P00158,232,25,2026-07-01
S020,P00159,125,25,2026-07-01
S020,P00160,190,25,2026-07-01
S020,P00161,241,25,2026-07-01
S020,P00162,26,25,2026-07-01
S020,P00163,148,25,2026-07-01
S020,P00164,246,25,2026-07-01
S020,P00165,299,25,2026-07-01
S020,P00166,72,25,2026-07-01
S020,P00167,245,25,2026-07-01
S020,P00168,269,25,2026-07-01
S020,P00169,29,25,2026-07-01
S020,P00170,193,25,2026-07-01
S020,P00171,42,25,2026-07-01
S020,P00172,21,25,2026-07-01
S020,P00173,57,25,2026-07-01
S020,P00174,77,25,2026-07-01
S020,P00175,234,25,2026-07-01
S020,P00176,176,25,2026-07-01
S020,P00177,227,25,2026-07-01
S020,P00178,153,25,2026-07-01
S020,P00179,246,25,2026-07-01
S020,P00180,23,25,2026-07-01
S020,P00181,243,25,2026-07-01
S020,P00182,50,25,2026-07-01
S020,P00183,187,25,2026-07-01
S020,P00184,17,25,2026-07-01
S020,P00185,296,25,2026-07-01
S020,P00186,300,25,2026-07-01
S020,P00187,154,25,2026-07-01
S020,P00188,149,25,2026-07-01
S020,P00189,247,25,2026-07-01
S020,P00190,138,25,2026-07-01
S020,P00191,202,25,2026-07-01
S020,P00192,286,25,2026-07-01
S020,P00193,155,25,2026-07-01
S020,P00194,122,25,2026-07-01
S020,P00195,242,25,2026-07-01
S020,P00196,126,25,2026-07-01
S020,P00197,61,25,2026-07-01
S020,P00198,50,25,2026-07-01
S020,P00199,178,25,2026-07-01
S020,P00200,142,25,2026-07-01
S020,P00201,40,25,2026-07-01
S020,P00202,2,25,2026-07-01
S020,P00203,225,25,2026-07-01
S020,P00204,75,25,2026-07-01
S020,P00205,124,25,2026-07-01
S020,P00206,58,25,2026-07-01
S020,P00207,150,25,2026-07-01
S020,P00208,186,25,2026-07-01
S020,P00209,136,25,2026-07-01
S020,P00210,167,25,2026-07-01
S020,P00211,247,25,2026-07-01
S020,P00212,159,25,2026-07-01
S020,P00213,145,25,2026-07-01
S020,P00214,12,25,2026-07-01
S020,P00215,22,25,2026-07-01
S020,P00216,214,25,2026-07-01
S020,P00217,123,25,2026-07-01
S020,P00218,246,25,2026-07-01
S020,P00219,297,25,2026-07-01
S020,P00220,181,25,2026-07-01
S020,P00221,177,25,2026-07-01
S020,P00222,152,25,2026-07-01
S020,P00223,113,25,2026-07-01
S020,P00224,19,25,2026-07-01
S020,P00225,258,25,2026-07-01
S020,P00226,37,25,2026-07-01
S020,P00227,207,25,2026-07-01
S020,P00228,203,25,2026-07-01
S020,P00229,8,25,2026-07-01
S020,P00230,194,25,2026-07-01
S020,P00231,178,25,2026-07-01
S020,P00232,136,25,2026-07-01
S020,P00233,57,25,2026-07-01
S020,P00234,111,25,2026-07-01
S020,P00235,205,25,2026-07-01
S020,P00236,293,25,2026-07-01
S020,P00237,282,25,2026-07-01
S020,P00238,157,25,2026-07-01
S020,P00239,83,25,2026-07-01
S020,P00240,5,25,2026-07-01
S020,P00241,48,25,2026-07-01
S020,P00242,53,25,2026-07-01
S020,P00243,113,25,2026-07-01
S020,P00244,218,25,2026-07-01
S020,P00245,143,25,2026-07-01
S020,P00246,185,25,2026-07-01
S020,P00247,260,25,2026-07-01
S020,P00248,157,25,2026-07-01
S020,P00249,104,25,2026-07-01
S020,P00250,287,25,2026-07-01
S020,P00251,55,25,2026-07-01
S020,P00252,252,25,2026-07-01
S020,P00253,159,25,2026-07-01
S020,P00254,234,25,2026-07-01
S020,P00255,163,25,2026-07-01
S020,P00256,281,25,2026-07-01
S020,P00257,261,25,2026-07-01
S020,P00258,240,25,2026-07-01
S020,P00259,213,25,2026-07-01
S020,P00260,53,25,2026-07-01
S020,P00261,162,25,2026-07-01
S020,P00262,110,25,2026-07-01
S020,P00263,286,25,2026-07-01
S020,P00264,157,25,2026-07-01
S020,P00265,253,25,2026-07-01
S020,P00266,115,25,2026-07-01
S020,P00267,50,25,2026-07-01
S020,P00268,22,25,2026-07-01
S020,P00269,153,25,2026-07-01
S020,P00270,39,25,2026-07-01
S020,P00271,86,25,2026-07-01
S020,P00272,101,25,2026-07-01
S020,P00273,137,25,2026-07-01
S020,P00274,272,25,2026-07-01
S020,P00275,170,25,2026-07-01
S020,P00276,72,25,2026-07-01
S020,P00277,18,25,2026-07-01
S020,P00278,136,25,2026-07-01
S020,P00279,235,25,2026-07-01
S020,P00280,173,25,2026-07-01
S020,P00281,231,25,2026-07-01
S020,P00282,25,25,2026-07-01
S020,P00283,216,25,2026-07-01
S020,P00284,178,25,2026-07-01
S020,P00285,47,25,2026-07-01
S020,P00286,73,25,2026-07-01
S020,P00287,292,25,2026-07-01
S020,P00288,196,25,2026-07-01
S020,P00289,108,25,2026-07-01
S020,P00290,13,25,2026-07-01
S020,P00291,11,25,2026-07-01
S020,P00292,217,25,2026-07-01
S020,P00293,79,25,2026-07-01
S020,P00294,169,25,2026-07-01
S020,P00295,30,25,2026-07-01
S020,P00296,172,25,2026-07-01
S020,P00297,58,25,2026-07-01
S020,P00298,42,25,2026-07-01
S020,P00299,203,25,2026-07-01
S020,P00300,294,25,2026-07-01
S020,P00301,280,25,2026-07-01
S020,P00302,104,25,2026-07-01
S020,P00303,266,25,2026-07-01
S020,P00304,298,25,2026-07-01
S020,P00305,11,25,2026-07-01
S020,P00306,123,25,2026-07-01
S020,P00307,275,25,2026-07-01
S020,P00308,31,25,2026-07-01
S020,P00309,105,25,2026-07-01
S020,P00310,256,25,2026-07-01
S020,P00311,209,25,2026-07-01
S020,P00312,188,25,2026-07-01
S020,P00313,223,25,2026-07-01
S020,P00314,206,25,2026-07-01
S020,P00315,271,25,2026-07-01
S020,P00316,214,25,2026-07-01
S020,P00317,132,25,2026-07-01
S020,P00318,299,25,2026-07-01
S020,P00319,13,25,2026-07-01
S020,P00320,280,25,2026-07-01
S020,P00321,57,25,2026-07-01
S020,P00322,79,25,2026-07-01
S020,P00323,270,25,2026-07-01
S020,P00324,272,25,2026-07-01
S020,P00325,187,25,2026-07-01
S020,P00326,287,25,2026-07-01
S020,P00327,139,25,2026-07-01
S020,P00328,86,25,2026-07-01
S020,P00329,132,25,2026-07-01
S020,P00330,170,25,2026-07-01
S020,P00331,27,25,2026-07-01
S020,P00332,168,25,2026-07-01
S020,P00333,199,25,2026-07-01
S020,P00334,40,25,2026-07-01
S020,P00335,131,25,2026-07-01
S020,P00336,137,25,2026-07-01
S020,P00337,151,25,2026-07-01
S020,P00338,145,25,2026-07-01
S020,P00339,134,25,2026-07-01
S020,P00340,149,25,2026-07-01
S020,P00341,114,25,2026-07-01
S020,P00342,221,25,2026-07-01
S020,P00343,184,25,2026-07-01
S020,P00344,148,25,2026-07-01
S020,P00345,100,25,2026-07-01
S020,P00346,162,25,2026-07-01
S020,P00347,73,25,2026-07-01
S020,P00348,63,25,2026-07-01
S020,P00349,223,25,2026-07-01
S020,P00350,71,25,2026-07-01
S020,P00351,94,25,2026-07-01
S020,P00352,222,25,2026-07-01
S020,P00353,288,25,2026-07-01
S020,P00354,189,25,2026-07-01
S020,P00355,102,25,2026-07-01
S020,P00356,20,25,2026-07-01
S020,P00357,287,25,2026-07-01
S020,P00358,126,25,2026-07-01
S020,P00359,162,25,2026-07-01
S020,P00360,5,25,2026-07-01
S020,P00361,190,25,2026-07-01
S020,P00362,23,25,2026-07-01
S020,P00363,172,25,2026-07-01
S020,P00364,124,25,2026-07-01
S020,P00365,268,25,2026-07-01
S020,P00366,259,25,2026-07-01
S020,P00367,67,25,2026-07-01
S020,P00368,39,25,2026-07-01
S020,P00369,267,25,2026-07-01
S020,P00370,284,25,2026-07-01
S020,P00371,66,25,2026-07-01
S020,P00372,117,25,2026-07-01
S020,P00373,263,25,2026-07-01
S020,P00374,62,25,2026-07-01
S020,P00375,187,25,2026-07-01
S020,P00376,46,25,2026-07-01
S020,P00377,234,25,2026-07-01
S020,P00378,80,25,2026-07-01
S020,P00379,24,25,2026-07-01
S020,P00380,180,25,2026-07-01
S020,P00381,263,25,2026-07-01
S020,P00382,294,25,2026-07-01
S020,P00383,206,25,2026-07-01
S020,P00384,37,25,2026-07-01
S020,P00385,17,25,2026-07-01
S020,P00386,106,25,2026-07-01
S020,P00387,160,25,2026-07-01
S020,P00388,124,25,2026-07-01
S020,P00389,8,25,2026-07-01
S020,P00390,205,25,2026-07-01
S020,P00391,205,25,2026-07-01
S020,P00392,150,25,2026-07-01
S020,P00393,127,25,2026-07-01
S020,P00394,36,25,2026-07-01
S020,P00395,140,25,2026-07-01
S020,P00396,300,25,2026-07-01
S020,P00397,133,25,2026-07-01
S020,P00398,29,25,2026-07-01
S020,P00399,178,25,2026-07-01
S020,P00400,258,25,2026-07-01
S020,P00401,31,25,2026-07-01
S020,P00402,257,25,2026-07-01
S020,P00403,159,25,2026-07-01
S020,P00404,52,25,2026-07-01
S020,P00405,218,25,2026-07-01
S020,P00406,256,25,2026-07-01
S020,P00407,287,25,2026-07-01
S020,P00408,163,25,2026-07-01
S020,P00409,177,25,2026-07-01
S020,P00410,38,25,2026-07-01
S020,P00411,268,25,2026-07-01
S020,P00412,66,25,2026-07-01
S020,P00413,205,25,2026-07-01
S020,P00414,15,25,2026-07-01
S020,P00415,64,25,2026-07-01
S020,P00416,154,25,2026-07-01
S020,P00417,157,25,2026-07-01
S020,P00418,228,25,2026-07-01
S020,P00419,179,25,2026-07-01
S020,P00420,211,25,2026-07-01
S020,P00421,204,25,2026-07-01
S020,P00422,145,25,2026-07-01
S020,P00423,287,25,2026-07-01
S020,P00424,18,25,2026-07-01
S020,P00425,215,25,2026-07-01
S020,P00426,194,25,2026-07-01
S020,P00427,95,25,2026-07-01
S020,P00428,172,25,2026-07-01
S020,P00429,187,25,2026-07-01
S020,P00430,171,25,2026-07-01
S020,P00431,125,25,2026-07-01
S020,P00432,243,25,2026-07-01
S020,P00433,60,25,2026-07-01
S020,P00434,148,25,2026-07-01
S020,P00435,120,25,2026-07-01
S020,P00436,121,25,2026-07-01
S020,P00437,97,25,2026-07-01
S020,P00438,177,25,2026-07-01
S020,P00439,37,25,2026-07-01
S020,P00440,180,25,2026-07-01
S020,P00441,263,25,2026-07-01
S020,P00442,126,25,2026-07-01
S020,P00443,245,25,2026-07-01
S020,P00444,201,25,2026-07-01
S020,P00445,76,25,2026-07-01
S020,P00446,210,25,2026-07-01
S020,P00447,157,25,2026-07-01
S020,P00448,113,25,2026-07-01
S020,P00449,125,25,2026-07-01
S020,P00450,129,25,2026-07-01
S020,P00451,186,25,2026-07-01
S020,P00452,27,25,2026-07-01
S020,P00453,290,25,2026-07-01
S020,P00454,272,25,2026-07-01
S020,P00455,129,25,2026-07-01
S020,P00456,32,25,2026-07-01
S020,P00457,19,25,2026-07-01
S020,P00458,278,25,2026-07-01
S020,P00459,216,25,2026-07-01
S020,P00460,275,25,2026-07-01
S020,P00461,191,25,2026-07-01
S020,P00462,84,25,2026-07-01
S020,P00463,242,25,2026-07-01
S020,P00464,278,25,2026-07-01
S020,P00465,73,25,2026-07-01
S020,P00466,84,25,2026-07-01
S020,P00467,162,25,2026-07-01
S020,P00468,265,25,2026-07-01
S020,P00469,61,25,2026-07-01
S020,P00470,181,25,2026-07-01
S020,P00471,272,25,2026-07-01
S020,P00472,218,25,2026-07-01
S020,P00473,84,25,2026-07-01
S020,P00474,24,25,2026-07-01
S020,P00475,212,25,2026-07-01
S020,P00476,78,25,2026-07-01
S020,P00477,179,25,2026-07-01
S020,P00478,170,25,2026-07-01
S020,P00479,22,25,2026-07-01
S020,P00480,180,25,2026-07-01
S020,P00481,4,25,2026-07-01
S020,P00482,33,25,2026-07-01
S020,P00483,7,25,2026-07-01
S020,P00484,24,25,2026-07-01
S020,P00485,6,25,2026-07-01
S020,P00486,4,25,2026-07-01
S020,P00487,117,25,2026-07-01
S020,P00488,187,25,2026-07-01
S020,P00489,98,25,2026-07-01
S020,P00490,133,25,2026-07-01
S020,P00491,285,25,2026-07-01
S020,P00492,30,25,2026-07-01
S020,P00493,120,25,2026-07-01
S020,P00494,201,25,2026-07-01
S020,P00495,12,25,2026-07-01
S020,P00496,170,25,2026-07-01
S020,P00497,202,25,2026-07-01
S020,P00498,250,25,2026-07-01
S020,P00499,185,25,2026-07-01
S020,P00500,117,25,2026-07-01
S021,P00001,227,25,2026-07-01
S021,P00002,226,25,2026-07-01
S021,P00003,155,25,2026-07-01
S021,P00004,240,25,2026-07-01
S021,P00005,76,25,2026-07-01
S021,P00006,295,25,2026-07-01
S021,P00007,39,25,2026-07-01
S021,P00008,188,25,2026-07-01
S021,P00009,103,25,2026-07-01
S021,P00010,190,25,2026-07-01
S021,P00011,125,25,2026-07-01
S021,P00012,118,25,2026-07-01
S021,P00013,29,25,2026-07-01
S021,P00014,170,25,2026-07-01
S021,P00015,296,25,2026-07-01
S021,P00016,157,25,2026-07-01
S021,P00017,101,25,2026-07-01
S021,P00018,84,25,2026-07-01
S021,P00019,61,25,2026-07-01
S021,P00020,197,25,2026-07-01
S021,P00021,43,25,2026-07-01
S021,P00022,70,25,2026-07-01
S021,P00023,35,25,2026-07-01
S021,P00024,238,25,2026-07-01
S021,P00025,108,25,2026-07-01
S021,P00026,155,25,2026-07-01
S021,P00027,76,25,2026-07-01
S021,P00028,20,25,2026-07-01
S021,P00029,152,25,2026-07-01
S021,P00030,275,25,2026-07-01
S021,P00031,45,25,2026-07-01
S021,P00032,31,25,2026-07-01
S021,P00033,272,25,2026-07-01
S021,P00034,234,25,2026-07-01
S021,P00035,210,25,2026-07-01
S021,P00036,297,25,2026-07-01
S021,P00037,29,25,2026-07-01
S021,P00038,14,25,2026-07-01
S021,P00039,36,25,2026-07-01
S021,P00040,73,25,2026-07-01
S021,P00041,261,25,2026-07-01
S021,P00042,149,25,2026-07-01
S021,P00043,280,25,2026-07-01
S021,P00044,284,25,2026-07-01
S021,P00045,171,25,2026-07-01
S021,P00046,271,25,2026-07-01
S021,P00047,93,25,2026-07-01
S021,P00048,238,25,2026-07-01
S021,P00049,110,25,2026-07-01
S021,P00050,162,25,2026-07-01
S021,P00051,227,25,2026-07-01
S021,P00052,75,25,2026-07-01
S021,P00053,158,25,2026-07-01
S021,P00054,3,25,2026-07-01
S021,P00055,109,25,2026-07-01
S021,P00056,209,25,2026-07-01
S021,P00057,274,25,2026-07-01
S021,P00058,46,25,2026-07-01
S021,P00059,263,25,2026-07-01
S021,P00060,278,25,2026-07-01
S021,P00061,52,25,2026-07-01
S021,P00062,135,25,2026-07-01
S021,P00063,289,25,2026-07-01
S021,P00064,9,25,2026-07-01
S021,P00065,73,25,2026-07-01
S021,P00066,287,25,2026-07-01
S021,P00067,262,25,2026-07-01
S021,P00068,31,25,2026-07-01
S021,P00069,134,25,2026-07-01
S021,P00070,284,25,2026-07-01
S021,P00071,210,25,2026-07-01
S021,P00072,135,25,2026-07-01
S021,P00073,152,25,2026-07-01
S021,P00074,285,25,2026-07-01
S021,P00075,218,25,2026-07-01
S021,P00076,292,25,2026-07-01
S021,P00077,118,25,2026-07-01
S021,P00078,179,25,2026-07-01
S021,P00079,208,25,2026-07-01
S021,P00080,236,25,2026-07-01
S021,P00081,288,25,2026-07-01
S021,P00082,63,25,2026-07-01
S021,P00083,158,25,2026-07-01
S021,P00084,124,25,2026-07-01
S021,P00085,223,25,2026-07-01
S021,P00086,206,25,2026-07-01
S021,P00087,261,25,2026-07-01
S021,P00088,53,25,2026-07-01
S021,P00089,129,25,2026-07-01
S021,P00090,195,25,2026-07-01
S021,P00091,2,25,2026-07-01
S021,P00092,296,25,2026-07-01
S021,P00093,72,25,2026-07-01
S021,P00094,45,25,2026-07-01
S021,P00095,21,25,2026-07-01
S021,P00096,90,25,2026-07-01
S021,P00097,31,25,2026-07-01
S021,P00098,144,25,2026-07-01
S021,P00099,14,25,2026-07-01
S021,P00100,284,25,2026-07-01
S021,P00101,273,25,2026-07-01
S021,P00102,278,25,2026-07-01
S021,P00103,254,25,2026-07-01
S021,P00104,146,25,2026-07-01
S021,P00105,131,25,2026-07-01
S021,P00106,262,25,2026-07-01
S021,P00107,251,25,2026-07-01
S021,P00108,237,25,2026-07-01
S021,P00109,288,25,2026-07-01
S021,P00110,3,25,2026-07-01
S021,P00111,100,25,2026-07-01
S021,P00112,38,25,2026-07-01
S021,P00113,168,25,2026-07-01
S021,P00114,220,25,2026-07-01
S021,P00115,213,25,2026-07-01
S021,P00116,245,25,2026-07-01
S021,P00117,194,25,2026-07-01
S021,P00118,17,25,2026-07-01
S021,P00119,274,25,2026-07-01
S021,P00120,219,25,2026-07-01
S021,P00121,195,25,2026-07-01
S021,P00122,270,25,2026-07-01
S021,P00123,158,25,2026-07-01
S021,P00124,165,25,2026-07-01
S021,P00125,232,25,2026-07-01
S021,P00126,62,25,2026-07-01
S021,P00127,258,25,2026-07-01
S021,P00128,210,25,2026-07-01
S021,P00129,247,25,2026-07-01
S021,P00130,60,25,2026-07-01
S021,P00131,209,25,2026-07-01
S021,P00132,76,25,2026-07-01
S021,P00133,156,25,2026-07-01
S021,P00134,136,25,2026-07-01
S021,P00135,252,25,2026-07-01
S021,P00136,92,25,2026-07-01
S021,P00137,257,25,2026-07-01
S021,P00138,224,25,2026-07-01
S021,P00139,287,25,2026-07-01
S021,P00140,221,25,2026-07-01
S021,P00141,111,25,2026-07-01
S021,P00142,35,25,2026-07-01
S021,P00143,125,25,2026-07-01
S021,P00144,101,25,2026-07-01
S021,P00145,185,25,2026-07-01
S021,P00146,44,25,2026-07-01
S021,P00147,116,25,2026-07-01
S021,P00148,228,25,2026-07-01
S021,P00149,262,25,2026-07-01
S021,P00150,93,25,2026-07-01
S021,P00151,131,25,2026-07-01
S021,P00152,35,25,2026-07-01
S021,P00153,231,25,2026-07-01
S021,P00154,112,25,2026-07-01
S021,P00155,229,25,2026-07-01
S021,P00156,181,25,2026-07-01
S021,P00157,172,25,2026-07-01
S021,P00158,59,25,2026-07-01
S021,P00159,256,25,2026-07-01
S021,P00160,109,25,2026-07-01
S021,P00161,249,25,2026-07-01
S021,P00162,39,25,2026-07-01
S021,P00163,119,25,2026-07-01
S021,P00164,298,25,2026-07-01
S021,P00165,265,25,2026-07-01
S021,P00166,77,25,2026-07-01
S021,P00167,136,25,2026-07-01
S021,P00168,87,25,2026-07-01
S021,P00169,121,25,2026-07-01
S021,P00170,181,25,2026-07-01
S021,P00171,234,25,2026-07-01
S021,P00172,181,25,2026-07-01
S021,P00173,6,25,2026-07-01
S021,P00174,13,25,2026-07-01
S021,P00175,133,25,2026-07-01
S021,P00176,260,25,2026-07-01
S021,P00177,105,25,2026-07-01
S021,P00178,236,25,2026-07-01
S021,P00179,155,25,2026-07-01
S021,P00180,56,25,2026-07-01
S021,P00181,262,25,2026-07-01
S021,P00182,77,25,2026-07-01
S021,P00183,191,25,2026-07-01
S021,P00184,242,25,2026-07-01
S021,P00185,221,25,2026-07-01
S021,P00186,279,25,2026-07-01
S021,P00187,65,25,2026-07-01
S021,P00188,70,25,2026-07-01
S021,P00189,36,25,2026-07-01
S021,P00190,72,25,2026-07-01
S021,P00191,260,25,2026-07-01
S021,P00192,116,25,2026-07-01
S021,P00193,96,25,2026-07-01
S021,P00194,212,25,2026-07-01
S021,P00195,201,25,2026-07-01
S021,P00196,4,25,2026-07-01
S021,P00197,202,25,2026-07-01
S021,P00198,102,25,2026-07-01
S021,P00199,12,25,2026-07-01
S021,P00200,23,25,2026-07-01
S021,P00201,160,25,2026-07-01
S021,P00202,259,25,2026-07-01
S021,P00203,54,25,2026-07-01
S021,P00204,257,25,2026-07-01
S021,P00205,111,25,2026-07-01
S021,P00206,128,25,2026-07-01
S021,P00207,185,25,2026-07-01
S021,P00208,45,25,2026-07-01
S021,P00209,130,25,2026-07-01
S021,P00210,169,25,2026-07-01
S021,P00211,207,25,2026-07-01
S021,P00212,298,25,2026-07-01
S021,P00213,200,25,2026-07-01
S021,P00214,291,25,2026-07-01
S021,P00215,187,25,2026-07-01
S021,P00216,276,25,2026-07-01
S021,P00217,78,25,2026-07-01
S021,P00218,296,25,2026-07-01
S021,P00219,26,25,2026-07-01
S021,P00220,128,25,2026-07-01
S021,P00221,0,25,2026-07-01
S021,P00222,219,25,2026-07-01
S021,P00223,195,25,2026-07-01
S021,P00224,251,25,2026-07-01
S021,P00225,179,25,2026-07-01
S021,P00226,147,25,2026-07-01
S021,P00227,254,25,2026-07-01
S021,P00228,145,25,2026-07-01
S021,P00229,203,25,2026-07-01
S021,P00230,285,25,2026-07-01
S021,P00231,142,25,2026-07-01
S021,P00232,224,25,2026-07-01
S021,P00233,253,25,2026-07-01
S021,P00234,236,25,2026-07-01
S021,P00235,43,25,2026-07-01
S021,P00236,272,25,2026-07-01
S021,P00237,173,25,2026-07-01
S021,P00238,9,25,2026-07-01
S021,P00239,1,25,2026-07-01
S021,P00240,291,25,2026-07-01
S021,P00241,88,25,2026-07-01
S021,P00242,174,25,2026-07-01
S021,P00243,223,25,2026-07-01
S021,P00244,242,25,2026-07-01
S021,P00245,58,25,2026-07-01
S021,P00246,132,25,2026-07-01
S021,P00247,67,25,2026-07-01
S021,P00248,207,25,2026-07-01
S021,P00249,122,25,2026-07-01
S021,P00250,54,25,2026-07-01
S021,P00251,49,25,2026-07-01
S021,P00252,83,25,2026-07-01
S021,P00253,186,25,2026-07-01
S021,P00254,15,25,2026-07-01
S021,P00255,177,25,2026-07-01
S021,P00256,91,25,2026-07-01
S021,P00257,295,25,2026-07-01
S021,P00258,124,25,2026-07-01
S021,P00259,211,25,2026-07-01
S021,P00260,11,25,2026-07-01
S021,P00261,98,25,2026-07-01
S021,P00262,43,25,2026-07-01
S021,P00263,134,25,2026-07-01
S021,P00264,40,25,2026-07-01
S021,P00265,16,25,2026-07-01
S021,P00266,78,25,2026-07-01
S021,P00267,73,25,2026-07-01
S021,P00268,256,25,2026-07-01
S021,P00269,256,25,2026-07-01
S021,P00270,190,25,2026-07-01
S021,P00271,139,25,2026-07-01
S021,P00272,215,25,2026-07-01
S021,P00273,199,25,2026-07-01
S021,P00274,230,25,2026-07-01
S021,P00275,85,25,2026-07-01
S021,P00276,145,25,2026-07-01
S021,P00277,296,25,2026-07-01
S021,P00278,281,25,2026-07-01
S021,P00279,271,25,2026-07-01
S021,P00280,132,25,2026-07-01
S021,P00281,144,25,2026-07-01
S021,P00282,286,25,2026-07-01
S021,P00283,93,25,2026-07-01
S021,P00284,193,25,2026-07-01
S021,P00285,257,25,2026-07-01
S021,P00286,167,25,2026-07-01
S021,P00287,161,25,2026-07-01
S021,P00288,92,25,2026-07-01
S021,P00289,106,25,2026-07-01
S021,P00290,12,25,2026-07-01
S021,P00291,33,25,2026-07-01
S021,P00292,263,25,2026-07-01
S021,P00293,257,25,2026-07-01
S021,P00294,102,25,2026-07-01
S021,P00295,206,25,2026-07-01
S021,P00296,40,25,2026-07-01
S021,P00297,27,25,2026-07-01
S021,P00298,91,25,2026-07-01
S021,P00299,272,25,2026-07-01
S021,P00300,221,25,2026-07-01
S021,P00301,136,25,2026-07-01
S021,P00302,96,25,2026-07-01
S021,P00303,136,25,2026-07-01
S021,P00304,131,25,2026-07-01
S021,P00305,227,25,2026-07-01
S021,P00306,89,25,2026-07-01
S021,P00307,75,25,2026-07-01
S021,P00308,137,25,2026-07-01
S021,P00309,65,25,2026-07-01
S021,P00310,15,25,2026-07-01
S021,P00311,32,25,2026-07-01
S021,P00312,79,25,2026-07-01
S021,P00313,277,25,2026-07-01
S021,P00314,120,25,2026-07-01
S021,P00315,7,25,2026-07-01
S021,P00316,32,25,2026-07-01
S021,P00317,191,25,2026-07-01
S021,P00318,125,25,2026-07-01
S021,P00319,118,25,2026-07-01
S021,P00320,88,25,2026-07-01
S021,P00321,196,25,2026-07-01
S021,P00322,7,25,2026-07-01
S021,P00323,101,25,2026-07-01
S021,P00324,191,25,2026-07-01
S021,P00325,133,25,2026-07-01
S021,P00326,255,25,2026-07-01
S021,P00327,115,25,2026-07-01
S021,P00328,135,25,2026-07-01
S021,P00329,159,25,2026-07-01
S021,P00330,266,25,2026-07-01
S021,P00331,42,25,2026-07-01
S021,P00332,165,25,2026-07-01
S021,P00333,210,25,2026-07-01
S021,P00334,274,25,2026-07-01
S021,P00335,289,25,2026-07-01
S021,P00336,297,25,2026-07-01
S021,P00337,113,25,2026-07-01
S021,P00338,283,25,2026-07-01
S021,P00339,183,25,2026-07-01
S021,P00340,212,25,2026-07-01
S021,P00341,186,25,2026-07-01
S021,P00342,61,25,2026-07-01
S021,P00343,243,25,2026-07-01
S021,P00344,100,25,2026-07-01
S021,P00345,135,25,2026-07-01
S021,P00346,110,25,2026-07-01
S021,P00347,210,25,2026-07-01
S021,P00348,294,25,2026-07-01
S021,P00349,76,25,2026-07-01
S021,P00350,93,25,2026-07-01
S021,P00351,165,25,2026-07-01
S021,P00352,88,25,2026-07-01
S021,P00353,237,25,2026-07-01
S021,P00354,126,25,2026-07-01
S021,P00355,206,25,2026-07-01
S021,P00356,278,25,2026-07-01
S021,P00357,38,25,2026-07-01
S021,P00358,186,25,2026-07-01
S021,P00359,77,25,2026-07-01
S021,P00360,215,25,2026-07-01
S021,P00361,42,25,2026-07-01
S021,P00362,265,25,2026-07-01
S021,P00363,253,25,2026-07-01
S021,P00364,29,25,2026-07-01
S021,P00365,120,25,2026-07-01
S021,P00366,34,25,2026-07-01
S021,P00367,25,25,2026-07-01
S021,P00368,126,25,2026-07-01
S021,P00369,122,25,2026-07-01
S021,P00370,118,25,2026-07-01
S021,P00371,176,25,2026-07-01
S021,P00372,210,25,2026-07-01
S021,P00373,102,25,2026-07-01
S021,P00374,55,25,2026-07-01
S021,P00375,136,25,2026-07-01
S021,P00376,149,25,2026-07-01
S021,P00377,119,25,2026-07-01
S021,P00378,27,25,2026-07-01
S021,P00379,116,25,2026-07-01
S021,P00380,61,25,2026-07-01
S021,P00381,186,25,2026-07-01
S021,P00382,164,25,2026-07-01
S021,P00383,60,25,2026-07-01
S021,P00384,107,25,2026-07-01
S021,P00385,68,25,2026-07-01
S021,P00386,232,25,2026-07-01
S021,P00387,299,25,2026-07-01
S021,P00388,250,25,2026-07-01
S021,P00389,37,25,2026-07-01
S021,P00390,148,25,2026-07-01
S021,P00391,213,25,2026-07-01
S021,P00392,98,25,2026-07-01
S021,P00393,134,25,2026-07-01
S021,P00394,231,25,2026-07-01
S021,P00395,143,25,2026-07-01
S021,P00396,5,25,2026-07-01
S021,P00397,55,25,2026-07-01
S021,P00398,254,25,2026-07-01
S021,P00399,196,25,2026-07-01
S021,P00400,216,25,2026-07-01
S021,P00401,223,25,2026-07-01
S021,P00402,187,25,2026-07-01
S021,P00403,80,25,2026-07-01
S021,P00404,297,25,2026-07-01
S021,P00405,4,25,2026-07-01
S021,P00406,81,25,2026-07-01
S021,P00407,9,25,2026-07-01
S021,P00408,30,25,2026-07-01
S021,P00409,113,25,2026-07-01
S021,P00410,127,25,2026-07-01
S021,P00411,23,25,2026-07-01
S021,P00412,20,25,2026-07-01
S021,P00413,8,25,2026-07-01
S021,P00414,74,25,2026-07-01
S021,P00415,279,25,2026-07-01
S021,P00416,192,25,2026-07-01
S021,P00417,259,25,2026-07-01
S021,P00418,74,25,2026-07-01
S021,P00419,215,25,2026-07-01
S021,P00420,43,25,2026-07-01
S021,P00421,46,25,2026-07-01
S021,P00422,91,25,2026-07-01
S021,P00423,117,25,2026-07-01
S021,P00424,169,25,2026-07-01
S021,P00425,108,25,2026-07-01
S021,P00426,213,25,2026-07-01
S021,P00427,58,25,2026-07-01
S021,P00428,286,25,2026-07-01
S021,P00429,292,25,2026-07-01
S021,P00430,6,25,2026-07-01
S021,P00431,135,25,2026-07-01
S021,P00432,36,25,2026-07-01
S021,P00433,76,25,2026-07-01
S021,P00434,166,25,2026-07-01
S021,P00435,63,25,2026-07-01
S021,P00436,151,25,2026-07-01
S021,P00437,45,25,2026-07-01
S021,P00438,177,25,2026-07-01
S021,P00439,30,25,2026-07-01
S021,P00440,169,25,2026-07-01
S021,P00441,120,25,2026-07-01
S021,P00442,57,25,2026-07-01
S021,P00443,165,25,2026-07-01
S021,P00444,276,25,2026-07-01
S021,P00445,122,25,2026-07-01
S021,P00446,96,25,2026-07-01
S021,P00447,50,25,2026-07-01
S021,P00448,156,25,2026-07-01
S021,P00449,15,25,2026-07-01
S021,P00450,133,25,2026-07-01
S021,P00451,190,25,2026-07-01
S021,P00452,171,25,2026-07-01
S021,P00453,280,25,2026-07-01
S021,P00454,286,25,2026-07-01
S021,P00455,292,25,2026-07-01
S021,P00456,240,25,2026-07-01
S021,P00457,26,25,2026-07-01
S021,P00458,298,25,2026-07-01
S021,P00459,56,25,2026-07-01
S021,P00460,107,25,2026-07-01
S021,P00461,11,25,2026-07-01
S021,P00462,59,25,2026-07-01
S021,P00463,251,25,2026-07-01
S021,P00464,17,25,2026-07-01
S021,P00465,218,25,2026-07-01
S021,P00466,206,25,2026-07-01
S021,P00467,84,25,2026-07-01
S021,P00468,187,25,2026-07-01
S021,P00469,199,25,2026-07-01
S021,P00470,271,25,2026-07-01
S021,P00471,294,25,2026-07-01
S021,P00472,145,25,2026-07-01
S021,P00473,213,25,2026-07-01
S021,P00474,205,25,2026-07-01
S021,P00475,184,25,2026-07-01
S021,P00476,24,25,2026-07-01
S021,P00477,208,25,2026-07-01
S021,P00478,278,25,2026-07-01
S021,P00479,7,25,2026-07-01
S021,P00480,204,25,2026-07-01
S021,P00481,221,25,2026-07-01
S021,P00482,219,25,2026-07-01
S021,P00483,119,25,2026-07-01
S021,P00484,236,25,2026-07-01
S021,P00485,231,25,2026-07-01
S021,P00486,265,25,2026-07-01
S021,P00487,150,25,2026-07-01
S021,P00488,185,25,2026-07-01
S021,P00489,84,25,2026-07-01
S021,P00490,131,25,2026-07-01
S021,P00491,166,25,2026-07-01
S021,P00492,268,25,2026-07-01
S021,P00493,93,25,2026-07-01
S021,P00494,167,25,2026-07-01
S021,P00495,152,25,2026-07-01
S021,P00496,22,25,2026-07-01
S021,P00497,78,25,2026-07-01
S021,P00498,286,25,2026-07-01
S021,P00499,73,25,2026-07-01
S021,P00500,166,25,2026-07-01
S022,P00001,55,25,2026-07-01
S022,P00002,113,25,2026-07-01
S022,P00003,207,25,2026-07-01
S022,P00004,236,25,2026-07-01
S022,P00005,17,25,2026-07-01
S022,P00006,133,25,2026-07-01
S022,P00007,90,25,2026-07-01
S022,P00008,57,25,2026-07-01
S022,P00009,98,25,2026-07-01
S022,P00010,127,25,2026-07-01
S022,P00011,286,25,2026-07-01
S022,P00012,233,25,2026-07-01
S022,P00013,93,25,2026-07-01
S022,P00014,168,25,2026-07-01
S022,P00015,3,25,2026-07-01
S022,P00016,241,25,2026-07-01
S022,P00017,41,25,2026-07-01
S022,P00018,52,25,2026-07-01
S022,P00019,269,25,2026-07-01
S022,P00020,150,25,2026-07-01
S022,P00021,79,25,2026-07-01
S022,P00022,250,25,2026-07-01
S022,P00023,293,25,2026-07-01
S022,P00024,219,25,2026-07-01
S022,P00025,34,25,2026-07-01
S022,P00026,69,25,2026-07-01
S022,P00027,218,25,2026-07-01
S022,P00028,128,25,2026-07-01
S022,P00029,91,25,2026-07-01
S022,P00030,111,25,2026-07-01
S022,P00031,177,25,2026-07-01
S022,P00032,43,25,2026-07-01
S022,P00033,87,25,2026-07-01
S022,P00034,110,25,2026-07-01
S022,P00035,14,25,2026-07-01
S022,P00036,203,25,2026-07-01
S022,P00037,210,25,2026-07-01
S022,P00038,154,25,2026-07-01
S022,P00039,147,25,2026-07-01
S022,P00040,246,25,2026-07-01
S022,P00041,161,25,2026-07-01
S022,P00042,38,25,2026-07-01
S022,P00043,143,25,2026-07-01
S022,P00044,292,25,2026-07-01
S022,P00045,105,25,2026-07-01
S022,P00046,71,25,2026-07-01
S022,P00047,59,25,2026-07-01
S022,P00048,115,25,2026-07-01
S022,P00049,163,25,2026-07-01
S022,P00050,90,25,2026-07-01
S022,P00051,108,25,2026-07-01
S022,P00052,285,25,2026-07-01
S022,P00053,10,25,2026-07-01
S022,P00054,78,25,2026-07-01
S022,P00055,118,25,2026-07-01
S022,P00056,66,25,2026-07-01
S022,P00057,192,25,2026-07-01
S022,P00058,34,25,2026-07-01
S022,P00059,254,25,2026-07-01
S022,P00060,183,25,2026-07-01
S022,P00061,219,25,2026-07-01
S022,P00062,137,25,2026-07-01
S022,P00063,201,25,2026-07-01
S022,P00064,268,25,2026-07-01
S022,P00065,89,25,2026-07-01
S022,P00066,113,25,2026-07-01
S022,P00067,55,25,2026-07-01
S022,P00068,97,25,2026-07-01
S022,P00069,18,25,2026-07-01
S022,P00070,122,25,2026-07-01
S022,P00071,284,25,2026-07-01
S022,P00072,175,25,2026-07-01
S022,P00073,166,25,2026-07-01
S022,P00074,20,25,2026-07-01
S022,P00075,121,25,2026-07-01
S022,P00076,274,25,2026-07-01
S022,P00077,157,25,2026-07-01
S022,P00078,150,25,2026-07-01
S022,P00079,132,25,2026-07-01
S022,P00080,35,25,2026-07-01
S022,P00081,136,25,2026-07-01
S022,P00082,71,25,2026-07-01
S022,P00083,84,25,2026-07-01
S022,P00084,9,25,2026-07-01
S022,P00085,200,25,2026-07-01
S022,P00086,31,25,2026-07-01
S022,P00087,219,25,2026-07-01
S022,P00088,14,25,2026-07-01
S022,P00089,198,25,2026-07-01
S022,P00090,45,25,2026-07-01
S022,P00091,267,25,2026-07-01
S022,P00092,298,25,2026-07-01
S022,P00093,68,25,2026-07-01
S022,P00094,198,25,2026-07-01
S022,P00095,208,25,2026-07-01
S022,P00096,173,25,2026-07-01
S022,P00097,299,25,2026-07-01
S022,P00098,106,25,2026-07-01
S022,P00099,286,25,2026-07-01
S022,P00100,205,25,2026-07-01
S022,P00101,298,25,2026-07-01
S022,P00102,72,25,2026-07-01
S022,P00103,277,25,2026-07-01
S022,P00104,6,25,2026-07-01
S022,P00105,14,25,2026-07-01
S022,P00106,39,25,2026-07-01
S022,P00107,97,25,2026-07-01
S022,P00108,55,25,2026-07-01
S022,P00109,188,25,2026-07-01
S022,P00110,49,25,2026-07-01
S022,P00111,45,25,2026-07-01
S022,P00112,37,25,2026-07-01
S022,P00113,267,25,2026-07-01
S022,P00114,32,25,2026-07-01
S022,P00115,181,25,2026-07-01
S022,P00116,282,25,2026-07-01
S022,P00117,100,25,2026-07-01
S022,P00118,152,25,2026-07-01
S022,P00119,178,25,2026-07-01
S022,P00120,57,25,2026-07-01
S022,P00121,105,25,2026-07-01
S022,P00122,171,25,2026-07-01
S022,P00123,109,25,2026-07-01
S022,P00124,75,25,2026-07-01
S022,P00125,57,25,2026-07-01
S022,P00126,105,25,2026-07-01
S022,P00127,29,25,2026-07-01
S022,P00128,45,25,2026-07-01
S022,P00129,98,25,2026-07-01
S022,P00130,114,25,2026-07-01
S022,P00131,77,25,2026-07-01
S022,P00132,110,25,2026-07-01
S022,P00133,209,25,2026-07-01
S022,P00134,219,25,2026-07-01
S022,P00135,99,25,2026-07-01
S022,P00136,294,25,2026-07-01
S022,P00137,2,25,2026-07-01
S022,P00138,195,25,2026-07-01
S022,P00139,21,25,2026-07-01
S022,P00140,46,25,2026-07-01
S022,P00141,106,25,2026-07-01
S022,P00142,235,25,2026-07-01
S022,P00143,274,25,2026-07-01
S022,P00144,277,25,2026-07-01
S022,P00145,271,25,2026-07-01
S022,P00146,272,25,2026-07-01
S022,P00147,228,25,2026-07-01
S022,P00148,21,25,2026-07-01
S022,P00149,177,25,2026-07-01
S022,P00150,23,25,2026-07-01
S022,P00151,234,25,2026-07-01
S022,P00152,252,25,2026-07-01
S022,P00153,15,25,2026-07-01
S022,P00154,223,25,2026-07-01
S022,P00155,62,25,2026-07-01
S022,P00156,116,25,2026-07-01
S022,P00157,267,25,2026-07-01
S022,P00158,203,25,2026-07-01
S022,P00159,110,25,2026-07-01
S022,P00160,134,25,2026-07-01
S022,P00161,123,25,2026-07-01
S022,P00162,120,25,2026-07-01
S022,P00163,269,25,2026-07-01
S022,P00164,76,25,2026-07-01
S022,P00165,4,25,2026-07-01
S022,P00166,281,25,2026-07-01
S022,P00167,0,25,2026-07-01
S022,P00168,159,25,2026-07-01
S022,P00169,8,25,2026-07-01
S022,P00170,153,25,2026-07-01
S022,P00171,235,25,2026-07-01
S022,P00172,10,25,2026-07-01
S022,P00173,21,25,2026-07-01
S022,P00174,34,25,2026-07-01
S022,P00175,197,25,2026-07-01
S022,P00176,297,25,2026-07-01
S022,P00177,194,25,2026-07-01
S022,P00178,147,25,2026-07-01
S022,P00179,10,25,2026-07-01
S022,P00180,170,25,2026-07-01
S022,P00181,180,25,2026-07-01
S022,P00182,52,25,2026-07-01
S022,P00183,286,25,2026-07-01
S022,P00184,293,25,2026-07-01
S022,P00185,100,25,2026-07-01
S022,P00186,3,25,2026-07-01
S022,P00187,45,25,2026-07-01
S022,P00188,216,25,2026-07-01
S022,P00189,180,25,2026-07-01
S022,P00190,163,25,2026-07-01
S022,P00191,143,25,2026-07-01
S022,P00192,94,25,2026-07-01
S022,P00193,242,25,2026-07-01
S022,P00194,284,25,2026-07-01
S022,P00195,240,25,2026-07-01
S022,P00196,126,25,2026-07-01
S022,P00197,96,25,2026-07-01
S022,P00198,209,25,2026-07-01
S022,P00199,153,25,2026-07-01
S022,P00200,65,25,2026-07-01
S022,P00201,12,25,2026-07-01
S022,P00202,230,25,2026-07-01
S022,P00203,274,25,2026-07-01
S022,P00204,245,25,2026-07-01
S022,P00205,36,25,2026-07-01
S022,P00206,211,25,2026-07-01
S022,P00207,292,25,2026-07-01
S022,P00208,77,25,2026-07-01
S022,P00209,140,25,2026-07-01
S022,P00210,211,25,2026-07-01
S022,P00211,143,25,2026-07-01
S022,P00212,77,25,2026-07-01
S022,P00213,174,25,2026-07-01
S022,P00214,28,25,2026-07-01
S022,P00215,29,25,2026-07-01
S022,P00216,149,25,2026-07-01
S022,P00217,131,25,2026-07-01
S022,P00218,262,25,2026-07-01
S022,P00219,150,25,2026-07-01
S022,P00220,233,25,2026-07-01
S022,P00221,243,25,2026-07-01
S022,P00222,110,25,2026-07-01
S022,P00223,218,25,2026-07-01
S022,P00224,215,25,2026-07-01
S022,P00225,254,25,2026-07-01
S022,P00226,207,25,2026-07-01
S022,P00227,99,25,2026-07-01
S022,P00228,218,25,2026-07-01
S022,P00229,243,25,2026-07-01
S022,P00230,207,25,2026-07-01
S022,P00231,164,25,2026-07-01
S022,P00232,3,25,2026-07-01
S022,P00233,181,25,2026-07-01
S022,P00234,153,25,2026-07-01
S022,P00235,158,25,2026-07-01
S022,P00236,299,25,2026-07-01
S022,P00237,223,25,2026-07-01
S022,P00238,207,25,2026-07-01
S022,P00239,215,25,2026-07-01
S022,P00240,255,25,2026-07-01
S022,P00241,279,25,2026-07-01
S022,P00242,246,25,2026-07-01
S022,P00243,149,25,2026-07-01
S022,P00244,291,25,2026-07-01
S022,P00245,92,25,2026-07-01
S022,P00246,94,25,2026-07-01
S022,P00247,111,25,2026-07-01
S022,P00248,275,25,2026-07-01
S022,P00249,54,25,2026-07-01
S022,P00250,206,25,2026-07-01
S022,P00251,112,25,2026-07-01
S022,P00252,14,25,2026-07-01
S022,P00253,30,25,2026-07-01
S022,P00254,150,25,2026-07-01
S022,P00255,284,25,2026-07-01
S022,P00256,156,25,2026-07-01
S022,P00257,138,25,2026-07-01
S022,P00258,175,25,2026-07-01
S022,P00259,220,25,2026-07-01
S022,P00260,215,25,2026-07-01
S022,P00261,261,25,2026-07-01
S022,P00262,250,25,2026-07-01
S022,P00263,145,25,2026-07-01
S022,P00264,8,25,2026-07-01
S022,P00265,57,25,2026-07-01
S022,P00266,184,25,2026-07-01
S022,P00267,279,25,2026-07-01
S022,P00268,10,25,2026-07-01
S022,P00269,75,25,2026-07-01
S022,P00270,111,25,2026-07-01
S022,P00271,175,25,2026-07-01
S022,P00272,154,25,2026-07-01
S022,P00273,281,25,2026-07-01
S022,P00274,281,25,2026-07-01
S022,P00275,12,25,2026-07-01
S022,P00276,100,25,2026-07-01
S022,P00277,222,25,2026-07-01
S022,P00278,130,25,2026-07-01
S022,P00279,136,25,2026-07-01
S022,P00280,274,25,2026-07-01
S022,P00281,136,25,2026-07-01
S022,P00282,97,25,2026-07-01
S022,P00283,177,25,2026-07-01
S022,P00284,85,25,2026-07-01
S022,P00285,114,25,2026-07-01
S022,P00286,223,25,2026-07-01
S022,P00287,28,25,2026-07-01
S022,P00288,107,25,2026-07-01
S022,P00289,180,25,2026-07-01
S022,P00290,173,25,2026-07-01
S022,P00291,266,25,2026-07-01
S022,P00292,94,25,2026-07-01
S022,P00293,70,25,2026-07-01
S022,P00294,86,25,2026-07-01
S022,P00295,87,25,2026-07-01
S022,P00296,216,25,2026-07-01
S022,P00297,159,25,2026-07-01
S022,P00298,120,25,2026-07-01
S022,P00299,96,25,2026-07-01
S022,P00300,164,25,2026-07-01
S022,P00301,150,25,2026-07-01
S022,P00302,198,25,2026-07-01
S022,P00303,110,25,2026-07-01
S022,P00304,220,25,2026-07-01
S022,P00305,199,25,2026-07-01
S022,P00306,219,25,2026-07-01
S022,P00307,238,25,2026-07-01
S022,P00308,195,25,2026-07-01
S022,P00309,187,25,2026-07-01
S022,P00310,75,25,2026-07-01
S022,P00311,247,25,2026-07-01
S022,P00312,66,25,2026-07-01
S022,P00313,53,25,2026-07-01
S022,P00314,78,25,2026-07-01
S022,P00315,296,25,2026-07-01
S022,P00316,127,25,2026-07-01
S022,P00317,51,25,2026-07-01
S022,P00318,156,25,2026-07-01
S022,P00319,126,25,2026-07-01
S022,P00320,36,25,2026-07-01
S022,P00321,3,25,2026-07-01
S022,P00322,226,25,2026-07-01
S022,P00323,275,25,2026-07-01
S022,P00324,300,25,2026-07-01
S022,P00325,218,25,2026-07-01
S022,P00326,50,25,2026-07-01
S022,P00327,174,25,2026-07-01
S022,P00328,98,25,2026-07-01
S022,P00329,297,25,2026-07-01
S022,P00330,149,25,2026-07-01
S022,P00331,136,25,2026-07-01
S022,P00332,136,25,2026-07-01
S022,P00333,89,25,2026-07-01
S022,P00334,257,25,2026-07-01
S022,P00335,31,25,2026-07-01
S022,P00336,137,25,2026-07-01
S022,P00337,123,25,2026-07-01
S022,P00338,153,25,2026-07-01
S022,P00339,35,25,2026-07-01
S022,P00340,182,25,2026-07-01
S022,P00341,262,25,2026-07-01
S022,P00342,270,25,2026-07-01
S022,P00343,140,25,2026-07-01
S022,P00344,297,25,2026-07-01
S022,P00345,58,25,2026-07-01
S022,P00346,220,25,2026-07-01
S022,P00347,115,25,2026-07-01
S022,P00348,22,25,2026-07-01
S022,P00349,44,25,2026-07-01
S022,P00350,149,25,2026-07-01
S022,P00351,126,25,2026-07-01
S022,P00352,103,25,2026-07-01
S022,P00353,66,25,2026-07-01
S022,P00354,34,25,2026-07-01
S022,P00355,249,25,2026-07-01
S022,P00356,7,25,2026-07-01
S022,P00357,239,25,2026-07-01
S022,P00358,48,25,2026-07-01
S022,P00359,256,25,2026-07-01
S022,P00360,211,25,2026-07-01
S022,P00361,79,25,2026-07-01
S022,P00362,275,25,2026-07-01
S022,P00363,117,25,2026-07-01
S022,P00364,119,25,2026-07-01
S022,P00365,250,25,2026-07-01
S022,P00366,17,25,2026-07-01
S022,P00367,13,25,2026-07-01
S022,P00368,151,25,2026-07-01
S022,P00369,32,25,2026-07-01
S022,P00370,165,25,2026-07-01
S022,P00371,180,25,2026-07-01
S022,P00372,91,25,2026-07-01
S022,P00373,57,25,2026-07-01
S022,P00374,75,25,2026-07-01
S022,P00375,293,25,2026-07-01
S022,P00376,190,25,2026-07-01
S022,P00377,288,25,2026-07-01
S022,P00378,175,25,2026-07-01
S022,P00379,166,25,2026-07-01
S022,P00380,163,25,2026-07-01
S022,P00381,212,25,2026-07-01
S022,P00382,224,25,2026-07-01
S022,P00383,98,25,2026-07-01
S022,P00384,151,25,2026-07-01
S022,P00385,78,25,2026-07-01
S022,P00386,234,25,2026-07-01
S022,P00387,40,25,2026-07-01
S022,P00388,132,25,2026-07-01
S022,P00389,13,25,2026-07-01
S022,P00390,279,25,2026-07-01
S022,P00391,272,25,2026-07-01
S022,P00392,46,25,2026-07-01
S022,P00393,74,25,2026-07-01
S022,P00394,127,25,2026-07-01
S022,P00395,238,25,2026-07-01
S022,P00396,216,25,2026-07-01
S022,P00397,270,25,2026-07-01
S022,P00398,40,25,2026-07-01
S022,P00399,63,25,2026-07-01
S022,P00400,14,25,2026-07-01
S022,P00401,228,25,2026-07-01
S022,P00402,238,25,2026-07-01
S022,P00403,269,25,2026-07-01
S022,P00404,115,25,2026-07-01
S022,P00405,216,25,2026-07-01
S022,P00406,219,25,2026-07-01
S022,P00407,223,25,2026-07-01
S022,P00408,87,25,2026-07-01
S022,P00409,5,25,2026-07-01
S022,P00410,64,25,2026-07-01
S022,P00411,141,25,2026-07-01
S022,P00412,37,25,2026-07-01
S022,P00413,162,25,2026-07-01
S022,P00414,179,25,2026-07-01
S022,P00415,242,25,2026-07-01
S022,P00416,241,25,2026-07-01
S022,P00417,180,25,2026-07-01
S022,P00418,294,25,2026-07-01
S022,P00419,200,25,2026-07-01
S022,P00420,10,25,2026-07-01
S022,P00421,110,25,2026-07-01
S022,P00422,70,25,2026-07-01
S022,P00423,246,25,2026-07-01
S022,P00424,210,25,2026-07-01
S022,P00425,91,25,2026-07-01
S022,P00426,276,25,2026-07-01
S022,P00427,256,25,2026-07-01
S022,P00428,43,25,2026-07-01
S022,P00429,123,25,2026-07-01
S022,P00430,120,25,2026-07-01
S022,P00431,158,25,2026-07-01
S022,P00432,8,25,2026-07-01
S022,P00433,221,25,2026-07-01
S022,P00434,65,25,2026-07-01
S022,P00435,215,25,2026-07-01
S022,P00436,298,25,2026-07-01
S022,P00437,210,25,2026-07-01
S022,P00438,262,25,2026-07-01
S022,P00439,7,25,2026-07-01
S022,P00440,219,25,2026-07-01
S022,P00441,31,25,2026-07-01
S022,P00442,60,25,2026-07-01
S022,P00443,211,25,2026-07-01
S022,P00444,25,25,2026-07-01
S022,P00445,75,25,2026-07-01
S022,P00446,33,25,2026-07-01
S022,P00447,165,25,2026-07-01
S022,P00448,222,25,2026-07-01
S022,P00449,18,25,2026-07-01
S022,P00450,154,25,2026-07-01
S022,P00451,94,25,2026-07-01
S022,P00452,299,25,2026-07-01
S022,P00453,269,25,2026-07-01
S022,P00454,22,25,2026-07-01
S022,P00455,26,25,2026-07-01
S022,P00456,108,25,2026-07-01
S022,P00457,294,25,2026-07-01
S022,P00458,101,25,2026-07-01
S022,P00459,111,25,2026-07-01
S022,P00460,275,25,2026-07-01
S022,P00461,59,25,2026-07-01
S022,P00462,114,25,2026-07-01
S022,P00463,152,25,2026-07-01
S022,P00464,272,25,2026-07-01
S022,P00465,249,25,2026-07-01
S022,P00466,64,25,2026-07-01
S022,P00467,148,25,2026-07-01
S022,P00468,204,25,2026-07-01
S022,P00469,167,25,2026-07-01
S022,P00470,180,25,2026-07-01
S022,P00471,131,25,2026-07-01
S022,P00472,59,25,2026-07-01
S022,P00473,19,25,2026-07-01
S022,P00474,93,25,2026-07-01
S022,P00475,127,25,2026-07-01
S022,P00476,62,25,2026-07-01
S022,P00477,77,25,2026-07-01
S022,P00478,259,25,2026-07-01
S022,P00479,246,25,2026-07-01
S022,P00480,195,25,2026-07-01
S022,P00481,149,25,2026-07-01
S022,P00482,182,25,2026-07-01
S022,P00483,175,25,2026-07-01
S022,P00484,264,25,2026-07-01
S022,P00485,53,25,2026-07-01
S022,P00486,95,25,2026-07-01
S022,P00487,271,25,2026-07-01
S022,P00488,9,25,2026-07-01
S022,P00489,187,25,2026-07-01
S022,P00490,30,25,2026-07-01
S022,P00491,175,25,2026-07-01
S022,P00492,5,25,2026-07-01
S022,P00493,280,25,2026-07-01
S022,P00494,23,25,2026-07-01
S022,P00495,113,25,2026-07-01
S022,P00496,71,25,2026-07-01
S022,P00497,249,25,2026-07-01
S022,P00498,142,25,2026-07-01
S022,P00499,204,25,2026-07-01
S022,P00500,12,25,2026-07-01
S023,P00001,227,25,2026-07-01
S023,P00002,238,25,2026-07-01
S023,P00003,73,25,2026-07-01
S023,P00004,178,25,2026-07-01
S023,P00005,56,25,2026-07-01
S023,P00006,209,25,2026-07-01
S023,P00007,300,25,2026-07-01
S023,P00008,227,25,2026-07-01
S023,P00009,175,25,2026-07-01
S023,P00010,102,25,2026-07-01
S023,P00011,272,25,2026-07-01
S023,P00012,179,25,2026-07-01
S023,P00013,140,25,2026-07-01
S023,P00014,274,25,2026-07-01
S023,P00015,39,25,2026-07-01
S023,P00016,53,25,2026-07-01
S023,P00017,86,25,2026-07-01
S023,P00018,93,25,2026-07-01
S023,P00019,111,25,2026-07-01
S023,P00020,51,25,2026-07-01
S023,P00021,200,25,2026-07-01
S023,P00022,218,25,2026-07-01
S023,P00023,178,25,2026-07-01
S023,P00024,131,25,2026-07-01
S023,P00025,250,25,2026-07-01
S023,P00026,171,25,2026-07-01
S023,P00027,53,25,2026-07-01
S023,P00028,147,25,2026-07-01
S023,P00029,283,25,2026-07-01
S023,P00030,155,25,2026-07-01
S023,P00031,275,25,2026-07-01
S023,P00032,175,25,2026-07-01
S023,P00033,160,25,2026-07-01
S023,P00034,73,25,2026-07-01
S023,P00035,229,25,2026-07-01
S023,P00036,3,25,2026-07-01
S023,P00037,276,25,2026-07-01
S023,P00038,104,25,2026-07-01
S023,P00039,100,25,2026-07-01
S023,P00040,259,25,2026-07-01
S023,P00041,137,25,2026-07-01
S023,P00042,80,25,2026-07-01
S023,P00043,72,25,2026-07-01
S023,P00044,275,25,2026-07-01
S023,P00045,208,25,2026-07-01
S023,P00046,1,25,2026-07-01
S023,P00047,115,25,2026-07-01
S023,P00048,24,25,2026-07-01
S023,P00049,88,25,2026-07-01
S023,P00050,71,25,2026-07-01
S023,P00051,13,25,2026-07-01
S023,P00052,175,25,2026-07-01
S023,P00053,39,25,2026-07-01
S023,P00054,178,25,2026-07-01
S023,P00055,170,25,2026-07-01
S023,P00056,94,25,2026-07-01
S023,P00057,228,25,2026-07-01
S023,P00058,193,25,2026-07-01
S023,P00059,53,25,2026-07-01
S023,P00060,60,25,2026-07-01
S023,P00061,50,25,2026-07-01
S023,P00062,62,25,2026-07-01
S023,P00063,111,25,2026-07-01
S023,P00064,194,25,2026-07-01
S023,P00065,119,25,2026-07-01
S023,P00066,134,25,2026-07-01
S023,P00067,102,25,2026-07-01
S023,P00068,225,25,2026-07-01
S023,P00069,256,25,2026-07-01
S023,P00070,41,25,2026-07-01
S023,P00071,139,25,2026-07-01
S023,P00072,286,25,2026-07-01
S023,P00073,153,25,2026-07-01
S023,P00074,114,25,2026-07-01
S023,P00075,141,25,2026-07-01
S023,P00076,96,25,2026-07-01
S023,P00077,211,25,2026-07-01
S023,P00078,201,25,2026-07-01
S023,P00079,280,25,2026-07-01
S023,P00080,159,25,2026-07-01
S023,P00081,261,25,2026-07-01
S023,P00082,231,25,2026-07-01
S023,P00083,0,25,2026-07-01
S023,P00084,141,25,2026-07-01
S023,P00085,191,25,2026-07-01
S023,P00086,106,25,2026-07-01
S023,P00087,230,25,2026-07-01
S023,P00088,237,25,2026-07-01
S023,P00089,144,25,2026-07-01
S023,P00090,201,25,2026-07-01
S023,P00091,227,25,2026-07-01
S023,P00092,182,25,2026-07-01
S023,P00093,282,25,2026-07-01
S023,P00094,36,25,2026-07-01
S023,P00095,78,25,2026-07-01
S023,P00096,38,25,2026-07-01
S023,P00097,41,25,2026-07-01
S023,P00098,181,25,2026-07-01
S023,P00099,87,25,2026-07-01
S023,P00100,83,25,2026-07-01
S023,P00101,178,25,2026-07-01
S023,P00102,45,25,2026-07-01
S023,P00103,75,25,2026-07-01
S023,P00104,152,25,2026-07-01
S023,P00105,270,25,2026-07-01
S023,P00106,135,25,2026-07-01
S023,P00107,300,25,2026-07-01
S023,P00108,31,25,2026-07-01
S023,P00109,23,25,2026-07-01
S023,P00110,249,25,2026-07-01
S023,P00111,60,25,2026-07-01
S023,P00112,74,25,2026-07-01
S023,P00113,161,25,2026-07-01
S023,P00114,55,25,2026-07-01
S023,P00115,73,25,2026-07-01
S023,P00116,65,25,2026-07-01
S023,P00117,298,25,2026-07-01
S023,P00118,89,25,2026-07-01
S023,P00119,177,25,2026-07-01
S023,P00120,144,25,2026-07-01
S023,P00121,100,25,2026-07-01
S023,P00122,150,25,2026-07-01
S023,P00123,163,25,2026-07-01
S023,P00124,189,25,2026-07-01
S023,P00125,64,25,2026-07-01
S023,P00126,215,25,2026-07-01
S023,P00127,283,25,2026-07-01
S023,P00128,182,25,2026-07-01
S023,P00129,236,25,2026-07-01
S023,P00130,222,25,2026-07-01
S023,P00131,85,25,2026-07-01
S023,P00132,206,25,2026-07-01
S023,P00133,89,25,2026-07-01
S023,P00134,55,25,2026-07-01
S023,P00135,233,25,2026-07-01
S023,P00136,264,25,2026-07-01
S023,P00137,293,25,2026-07-01
S023,P00138,19,25,2026-07-01
S023,P00139,133,25,2026-07-01
S023,P00140,247,25,2026-07-01
S023,P00141,178,25,2026-07-01
S023,P00142,217,25,2026-07-01
S023,P00143,248,25,2026-07-01
S023,P00144,187,25,2026-07-01
S023,P00145,95,25,2026-07-01
S023,P00146,14,25,2026-07-01
S023,P00147,98,25,2026-07-01
S023,P00148,74,25,2026-07-01
S023,P00149,33,25,2026-07-01
S023,P00150,225,25,2026-07-01
S023,P00151,215,25,2026-07-01
S023,P00152,156,25,2026-07-01
S023,P00153,269,25,2026-07-01
S023,P00154,181,25,2026-07-01
S023,P00155,203,25,2026-07-01
S023,P00156,19,25,2026-07-01
S023,P00157,17,25,2026-07-01
S023,P00158,1,25,2026-07-01
S023,P00159,118,25,2026-07-01
S023,P00160,222,25,2026-07-01
S023,P00161,229,25,2026-07-01
S023,P00162,27,25,2026-07-01
S023,P00163,30,25,2026-07-01
S023,P00164,231,25,2026-07-01
S023,P00165,238,25,2026-07-01
S023,P00166,9,25,2026-07-01
S023,P00167,158,25,2026-07-01
S023,P00168,149,25,2026-07-01
S023,P00169,206,25,2026-07-01
S023,P00170,39,25,2026-07-01
S023,P00171,40,25,2026-07-01
S023,P00172,222,25,2026-07-01
S023,P00173,167,25,2026-07-01
S023,P00174,285,25,2026-07-01
S023,P00175,20,25,2026-07-01
S023,P00176,277,25,2026-07-01
S023,P00177,126,25,2026-07-01
S023,P00178,299,25,2026-07-01
S023,P00179,45,25,2026-07-01
S023,P00180,115,25,2026-07-01
S023,P00181,28,25,2026-07-01
S023,P00182,164,25,2026-07-01
S023,P00183,119,25,2026-07-01
S023,P00184,177,25,2026-07-01
S023,P00185,154,25,2026-07-01
S023,P00186,47,25,2026-07-01
S023,P00187,121,25,2026-07-01
S023,P00188,119,25,2026-07-01
S023,P00189,69,25,2026-07-01
S023,P00190,30,25,2026-07-01
S023,P00191,208,25,2026-07-01
S023,P00192,89,25,2026-07-01
S023,P00193,152,25,2026-07-01
S023,P00194,247,25,2026-07-01
S023,P00195,48,25,2026-07-01
S023,P00196,126,25,2026-07-01
S023,P00197,138,25,2026-07-01
S023,P00198,144,25,2026-07-01
S023,P00199,40,25,2026-07-01
S023,P00200,75,25,2026-07-01
S023,P00201,268,25,2026-07-01
S023,P00202,230,25,2026-07-01
S023,P00203,141,25,2026-07-01
S023,P00204,209,25,2026-07-01
S023,P00205,166,25,2026-07-01
S023,P00206,14,25,2026-07-01
S023,P00207,131,25,2026-07-01
S023,P00208,40,25,2026-07-01
S023,P00209,267,25,2026-07-01
S023,P00210,8,25,2026-07-01
S023,P00211,247,25,2026-07-01
S023,P00212,297,25,2026-07-01
S023,P00213,77,25,2026-07-01
S023,P00214,91,25,2026-07-01
S023,P00215,294,25,2026-07-01
S023,P00216,206,25,2026-07-01
S023,P00217,62,25,2026-07-01
S023,P00218,286,25,2026-07-01
S023,P00219,238,25,2026-07-01
S023,P00220,175,25,2026-07-01
S023,P00221,101,25,2026-07-01
S023,P00222,49,25,2026-07-01
S023,P00223,83,25,2026-07-01
S023,P00224,25,25,2026-07-01
S023,P00225,92,25,2026-07-01
S023,P00226,25,25,2026-07-01
S023,P00227,77,25,2026-07-01
S023,P00228,272,25,2026-07-01
S023,P00229,225,25,2026-07-01
S023,P00230,96,25,2026-07-01
S023,P00231,228,25,2026-07-01
S023,P00232,215,25,2026-07-01
S023,P00233,7,25,2026-07-01
S023,P00234,109,25,2026-07-01
S023,P00235,207,25,2026-07-01
S023,P00236,95,25,2026-07-01
S023,P00237,228,25,2026-07-01
S023,P00238,43,25,2026-07-01
S023,P00239,297,25,2026-07-01
S023,P00240,113,25,2026-07-01
S023,P00241,60,25,2026-07-01
S023,P00242,228,25,2026-07-01
S023,P00243,221,25,2026-07-01
S023,P00244,268,25,2026-07-01
S023,P00245,151,25,2026-07-01
S023,P00246,241,25,2026-07-01
S023,P00247,268,25,2026-07-01
S023,P00248,212,25,2026-07-01
S023,P00249,149,25,2026-07-01
S023,P00250,278,25,2026-07-01
S023,P00251,142,25,2026-07-01
S023,P00252,60,25,2026-07-01
S023,P00253,226,25,2026-07-01
S023,P00254,232,25,2026-07-01
S023,P00255,115,25,2026-07-01
S023,P00256,71,25,2026-07-01
S023,P00257,227,25,2026-07-01
S023,P00258,29,25,2026-07-01
S023,P00259,209,25,2026-07-01
S023,P00260,163,25,2026-07-01
S023,P00261,233,25,2026-07-01
S023,P00262,136,25,2026-07-01
S023,P00263,57,25,2026-07-01
S023,P00264,22,25,2026-07-01
S023,P00265,97,25,2026-07-01
S023,P00266,57,25,2026-07-01
S023,P00267,257,25,2026-07-01
S023,P00268,59,25,2026-07-01
S023,P00269,271,25,2026-07-01
S023,P00270,123,25,2026-07-01
S023,P00271,151,25,2026-07-01
S023,P00272,133,25,2026-07-01
S023,P00273,154,25,2026-07-01
S023,P00274,68,25,2026-07-01
S023,P00275,136,25,2026-07-01
S023,P00276,297,25,2026-07-01
S023,P00277,183,25,2026-07-01
S023,P00278,288,25,2026-07-01
S023,P00279,95,25,2026-07-01
S023,P00280,294,25,2026-07-01
S023,P00281,200,25,2026-07-01
S023,P00282,293,25,2026-07-01
S023,P00283,60,25,2026-07-01
S023,P00284,261,25,2026-07-01
S023,P00285,74,25,2026-07-01
S023,P00286,288,25,2026-07-01
S023,P00287,91,25,2026-07-01
S023,P00288,107,25,2026-07-01
S023,P00289,193,25,2026-07-01
S023,P00290,215,25,2026-07-01
S023,P00291,124,25,2026-07-01
S023,P00292,158,25,2026-07-01
S023,P00293,221,25,2026-07-01
S023,P00294,214,25,2026-07-01
S023,P00295,159,25,2026-07-01
S023,P00296,226,25,2026-07-01
S023,P00297,50,25,2026-07-01
S023,P00298,253,25,2026-07-01
S023,P00299,274,25,2026-07-01
S023,P00300,171,25,2026-07-01
S023,P00301,119,25,2026-07-01
S023,P00302,75,25,2026-07-01
S023,P00303,34,25,2026-07-01
S023,P00304,150,25,2026-07-01
S023,P00305,139,25,2026-07-01
S023,P00306,64,25,2026-07-01
S023,P00307,62,25,2026-07-01
S023,P00308,31,25,2026-07-01
S023,P00309,48,25,2026-07-01
S023,P00310,280,25,2026-07-01
S023,P00311,22,25,2026-07-01
S023,P00312,254,25,2026-07-01
S023,P00313,9,25,2026-07-01
S023,P00314,266,25,2026-07-01
S023,P00315,243,25,2026-07-01
S023,P00316,68,25,2026-07-01
S023,P00317,140,25,2026-07-01
S023,P00318,14,25,2026-07-01
S023,P00319,274,25,2026-07-01
S023,P00320,59,25,2026-07-01
S023,P00321,291,25,2026-07-01
S023,P00322,247,25,2026-07-01
S023,P00323,40,25,2026-07-01
S023,P00324,88,25,2026-07-01
S023,P00325,110,25,2026-07-01
S023,P00326,50,25,2026-07-01
S023,P00327,208,25,2026-07-01
S023,P00328,108,25,2026-07-01
S023,P00329,155,25,2026-07-01
S023,P00330,280,25,2026-07-01
S023,P00331,14,25,2026-07-01
S023,P00332,224,25,2026-07-01
S023,P00333,229,25,2026-07-01
S023,P00334,51,25,2026-07-01
S023,P00335,258,25,2026-07-01
S023,P00336,29,25,2026-07-01
S023,P00337,30,25,2026-07-01
S023,P00338,205,25,2026-07-01
S023,P00339,57,25,2026-07-01
S023,P00340,173,25,2026-07-01
S023,P00341,231,25,2026-07-01
S023,P00342,152,25,2026-07-01
S023,P00343,240,25,2026-07-01
S023,P00344,83,25,2026-07-01
S023,P00345,260,25,2026-07-01
S023,P00346,196,25,2026-07-01
S023,P00347,27,25,2026-07-01
S023,P00348,116,25,2026-07-01
S023,P00349,254,25,2026-07-01
S023,P00350,159,25,2026-07-01
S023,P00351,295,25,2026-07-01
S023,P00352,175,25,2026-07-01
S023,P00353,144,25,2026-07-01
S023,P00354,186,25,2026-07-01
S023,P00355,213,25,2026-07-01
S023,P00356,255,25,2026-07-01
S023,P00357,131,25,2026-07-01
S023,P00358,262,25,2026-07-01
S023,P00359,226,25,2026-07-01
S023,P00360,60,25,2026-07-01
S023,P00361,75,25,2026-07-01
S023,P00362,208,25,2026-07-01
S023,P00363,76,25,2026-07-01
S023,P00364,54,25,2026-07-01
S023,P00365,17,25,2026-07-01
S023,P00366,203,25,2026-07-01
S023,P00367,276,25,2026-07-01
S023,P00368,146,25,2026-07-01
S023,P00369,189,25,2026-07-01
S023,P00370,253,25,2026-07-01
S023,P00371,87,25,2026-07-01
S023,P00372,109,25,2026-07-01
S023,P00373,132,25,2026-07-01
S023,P00374,2,25,2026-07-01
S023,P00375,82,25,2026-07-01
S023,P00376,40,25,2026-07-01
S023,P00377,257,25,2026-07-01
S023,P00378,84,25,2026-07-01
S023,P00379,187,25,2026-07-01
S023,P00380,240,25,2026-07-01
S023,P00381,20,25,2026-07-01
S023,P00382,47,25,2026-07-01
S023,P00383,7,25,2026-07-01
S023,P00384,202,25,2026-07-01
S023,P00385,2,25,2026-07-01
S023,P00386,222,25,2026-07-01
S023,P00387,191,25,2026-07-01
S023,P00388,3,25,2026-07-01
S023,P00389,70,25,2026-07-01
S023,P00390,257,25,2026-07-01
S023,P00391,288,25,2026-07-01
S023,P00392,124,25,2026-07-01
S023,P00393,105,25,2026-07-01
S023,P00394,163,25,2026-07-01
S023,P00395,63,25,2026-07-01
S023,P00396,35,25,2026-07-01
S023,P00397,34,25,2026-07-01
S023,P00398,35,25,2026-07-01
S023,P00399,134,25,2026-07-01
S023,P00400,60,25,2026-07-01
S023,P00401,68,25,2026-07-01
S023,P00402,55,25,2026-07-01
S023,P00403,292,25,2026-07-01
S023,P00404,123,25,2026-07-01
S023,P00405,241,25,2026-07-01
S023,P00406,115,25,2026-07-01
S023,P00407,56,25,2026-07-01
S023,P00408,278,25,2026-07-01
S023,P00409,34,25,2026-07-01
S023,P00410,277,25,2026-07-01
S023,P00411,158,25,2026-07-01
S023,P00412,185,25,2026-07-01
S023,P00413,127,25,2026-07-01
S023,P00414,19,25,2026-07-01
S023,P00415,182,25,2026-07-01
S023,P00416,217,25,2026-07-01
S023,P00417,159,25,2026-07-01
S023,P00418,252,25,2026-07-01
S023,P00419,260,25,2026-07-01
S023,P00420,226,25,2026-07-01
S023,P00421,177,25,2026-07-01
S023,P00422,5,25,2026-07-01
S023,P00423,208,25,2026-07-01
S023,P00424,190,25,2026-07-01
S023,P00425,51,25,2026-07-01
S023,P00426,71,25,2026-07-01
S023,P00427,212,25,2026-07-01
S023,P00428,237,25,2026-07-01
S023,P00429,100,25,2026-07-01
S023,P00430,212,25,2026-07-01
S023,P00431,171,25,2026-07-01
S023,P00432,159,25,2026-07-01
S023,P00433,125,25,2026-07-01
S023,P00434,263,25,2026-07-01
S023,P00435,191,25,2026-07-01
S023,P00436,247,25,2026-07-01
S023,P00437,263,25,2026-07-01
S023,P00438,125,25,2026-07-01
S023,P00439,117,25,2026-07-01
S023,P00440,71,25,2026-07-01
S023,P00441,256,25,2026-07-01
S023,P00442,135,25,2026-07-01
S023,P00443,223,25,2026-07-01
S023,P00444,197,25,2026-07-01
S023,P00445,228,25,2026-07-01
S023,P00446,117,25,2026-07-01
S023,P00447,175,25,2026-07-01
S023,P00448,160,25,2026-07-01
S023,P00449,217,25,2026-07-01
S023,P00450,254,25,2026-07-01
S023,P00451,41,25,2026-07-01
S023,P00452,96,25,2026-07-01
S023,P00453,165,25,2026-07-01
S023,P00454,8,25,2026-07-01
S023,P00455,210,25,2026-07-01
S023,P00456,166,25,2026-07-01
S023,P00457,258,25,2026-07-01
S023,P00458,181,25,2026-07-01
S023,P00459,222,25,2026-07-01
S023,P00460,76,25,2026-07-01
S023,P00461,50,25,2026-07-01
S023,P00462,47,25,2026-07-01
S023,P00463,295,25,2026-07-01
S023,P00464,243,25,2026-07-01
S023,P00465,213,25,2026-07-01
S023,P00466,59,25,2026-07-01
S023,P00467,29,25,2026-07-01
S023,P00468,14,25,2026-07-01
S023,P00469,146,25,2026-07-01
S023,P00470,48,25,2026-07-01
S023,P00471,91,25,2026-07-01
S023,P00472,65,25,2026-07-01
S023,P00473,183,25,2026-07-01
S023,P00474,88,25,2026-07-01
S023,P00475,23,25,2026-07-01
S023,P00476,175,25,2026-07-01
S023,P00477,256,25,2026-07-01
S023,P00478,164,25,2026-07-01
S023,P00479,31,25,2026-07-01
S023,P00480,26,25,2026-07-01
S023,P00481,171,25,2026-07-01
S023,P00482,136,25,2026-07-01
S023,P00483,162,25,2026-07-01
S023,P00484,137,25,2026-07-01
S023,P00485,53,25,2026-07-01
S023,P00486,168,25,2026-07-01
S023,P00487,121,25,2026-07-01
S023,P00488,114,25,2026-07-01
S023,P00489,93,25,2026-07-01
S023,P00490,127,25,2026-07-01
S023,P00491,290,25,2026-07-01
S023,P00492,219,25,2026-07-01
S023,P00493,111,25,2026-07-01
S023,P00494,266,25,2026-07-01
S023,P00495,276,25,2026-07-01
S023,P00496,238,25,2026-07-01
S023,P00497,275,25,2026-07-01
S023,P00498,250,25,2026-07-01
S023,P00499,150,25,2026-07-01
S023,P00500,55,25,2026-07-01
S024,P00001,179,25,2026-07-01
S024,P00002,221,25,2026-07-01
S024,P00003,156,25,2026-07-01
S024,P00004,165,25,2026-07-01
S024,P00005,162,25,2026-07-01
S024,P00006,279,25,2026-07-01
S024,P00007,259,25,2026-07-01
S024,P00008,71,25,2026-07-01
S024,P00009,223,25,2026-07-01
S024,P00010,74,25,2026-07-01
S024,P00011,189,25,2026-07-01
S024,P00012,298,25,2026-07-01
S024,P00013,257,25,2026-07-01
S024,P00014,292,25,2026-07-01
S024,P00015,19,25,2026-07-01
S024,P00016,212,25,2026-07-01
S024,P00017,2,25,2026-07-01
S024,P00018,128,25,2026-07-01
S024,P00019,248,25,2026-07-01
S024,P00020,208,25,2026-07-01
S024,P00021,63,25,2026-07-01
S024,P00022,52,25,2026-07-01
S024,P00023,186,25,2026-07-01
S024,P00024,39,25,2026-07-01
S024,P00025,257,25,2026-07-01
S024,P00026,96,25,2026-07-01
S024,P00027,11,25,2026-07-01
S024,P00028,247,25,2026-07-01
S024,P00029,275,25,2026-07-01
S024,P00030,124,25,2026-07-01
S024,P00031,208,25,2026-07-01
S024,P00032,183,25,2026-07-01
S024,P00033,50,25,2026-07-01
S024,P00034,53,25,2026-07-01
S024,P00035,268,25,2026-07-01
S024,P00036,168,25,2026-07-01
S024,P00037,213,25,2026-07-01
S024,P00038,89,25,2026-07-01
S024,P00039,192,25,2026-07-01
S024,P00040,245,25,2026-07-01
S024,P00041,114,25,2026-07-01
S024,P00042,232,25,2026-07-01
S024,P00043,57,25,2026-07-01
S024,P00044,187,25,2026-07-01
S024,P00045,20,25,2026-07-01
S024,P00046,130,25,2026-07-01
S024,P00047,160,25,2026-07-01
S024,P00048,221,25,2026-07-01
S024,P00049,32,25,2026-07-01
S024,P00050,199,25,2026-07-01
S024,P00051,148,25,2026-07-01
S024,P00052,214,25,2026-07-01
S024,P00053,172,25,2026-07-01
S024,P00054,171,25,2026-07-01
S024,P00055,114,25,2026-07-01
S024,P00056,87,25,2026-07-01
S024,P00057,19,25,2026-07-01
S024,P00058,256,25,2026-07-01
S024,P00059,252,25,2026-07-01
S024,P00060,75,25,2026-07-01
S024,P00061,28,25,2026-07-01
S024,P00062,118,25,2026-07-01
S024,P00063,35,25,2026-07-01
S024,P00064,6,25,2026-07-01
S024,P00065,158,25,2026-07-01
S024,P00066,17,25,2026-07-01
S024,P00067,254,25,2026-07-01
S024,P00068,196,25,2026-07-01
S024,P00069,294,25,2026-07-01
S024,P00070,13,25,2026-07-01
S024,P00071,219,25,2026-07-01
S024,P00072,274,25,2026-07-01
S024,P00073,251,25,2026-07-01
S024,P00074,184,25,2026-07-01
S024,P00075,294,25,2026-07-01
S024,P00076,8,25,2026-07-01
S024,P00077,163,25,2026-07-01
S024,P00078,124,25,2026-07-01
S024,P00079,148,25,2026-07-01
S024,P00080,273,25,2026-07-01
S024,P00081,136,25,2026-07-01
S024,P00082,79,25,2026-07-01
S024,P00083,98,25,2026-07-01
S024,P00084,207,25,2026-07-01
S024,P00085,228,25,2026-07-01
S024,P00086,287,25,2026-07-01
S024,P00087,18,25,2026-07-01
S024,P00088,219,25,2026-07-01
S024,P00089,90,25,2026-07-01
S024,P00090,166,25,2026-07-01
S024,P00091,16,25,2026-07-01
S024,P00092,37,25,2026-07-01
S024,P00093,225,25,2026-07-01
S024,P00094,171,25,2026-07-01
S024,P00095,71,25,2026-07-01
S024,P00096,152,25,2026-07-01
S024,P00097,149,25,2026-07-01
S024,P00098,134,25,2026-07-01
S024,P00099,125,25,2026-07-01
S024,P00100,218,25,2026-07-01
S024,P00101,201,25,2026-07-01
S024,P00102,251,25,2026-07-01
S024,P00103,195,25,2026-07-01
S024,P00104,8,25,2026-07-01
S024,P00105,153,25,2026-07-01
S024,P00106,230,25,2026-07-01
S024,P00107,83,25,2026-07-01
S024,P00108,275,25,2026-07-01
S024,P00109,196,25,2026-07-01
S024,P00110,14,25,2026-07-01
S024,P00111,217,25,2026-07-01
S024,P00112,73,25,2026-07-01
S024,P00113,61,25,2026-07-01
S024,P00114,203,25,2026-07-01
S024,P00115,75,25,2026-07-01
S024,P00116,184,25,2026-07-01
S024,P00117,27,25,2026-07-01
S024,P00118,93,25,2026-07-01
S024,P00119,129,25,2026-07-01
S024,P00120,86,25,2026-07-01
S024,P00121,28,25,2026-07-01
S024,P00122,228,25,2026-07-01
S024,P00123,190,25,2026-07-01
S024,P00124,236,25,2026-07-01
S024,P00125,72,25,2026-07-01
S024,P00126,64,25,2026-07-01
S024,P00127,2,25,2026-07-01
S024,P00128,11,25,2026-07-01
S024,P00129,32,25,2026-07-01
S024,P00130,191,25,2026-07-01
S024,P00131,21,25,2026-07-01
S024,P00132,286,25,2026-07-01
S024,P00133,226,25,2026-07-01
S024,P00134,72,25,2026-07-01
S024,P00135,92,25,2026-07-01
S024,P00136,111,25,2026-07-01
S024,P00137,164,25,2026-07-01
S024,P00138,273,25,2026-07-01
S024,P00139,229,25,2026-07-01
S024,P00140,34,25,2026-07-01
S024,P00141,246,25,2026-07-01
S024,P00142,66,25,2026-07-01
S024,P00143,146,25,2026-07-01
S024,P00144,166,25,2026-07-01
S024,P00145,222,25,2026-07-01
S024,P00146,250,25,2026-07-01
S024,P00147,148,25,2026-07-01
S024,P00148,46,25,2026-07-01
S024,P00149,95,25,2026-07-01
S024,P00150,197,25,2026-07-01
S024,P00151,194,25,2026-07-01
S024,P00152,30,25,2026-07-01
S024,P00153,95,25,2026-07-01
S024,P00154,50,25,2026-07-01
S024,P00155,52,25,2026-07-01
S024,P00156,101,25,2026-07-01
S024,P00157,60,25,2026-07-01
S024,P00158,43,25,2026-07-01
S024,P00159,128,25,2026-07-01
S024,P00160,194,25,2026-07-01
S024,P00161,140,25,2026-07-01
S024,P00162,172,25,2026-07-01
S024,P00163,57,25,2026-07-01
S024,P00164,130,25,2026-07-01
S024,P00165,18,25,2026-07-01
S024,P00166,284,25,2026-07-01
S024,P00167,121,25,2026-07-01
S024,P00168,236,25,2026-07-01
S024,P00169,1,25,2026-07-01
S024,P00170,72,25,2026-07-01
S024,P00171,77,25,2026-07-01
S024,P00172,132,25,2026-07-01
S024,P00173,198,25,2026-07-01
S024,P00174,284,25,2026-07-01
S024,P00175,159,25,2026-07-01
S024,P00176,209,25,2026-07-01
S024,P00177,245,25,2026-07-01
S024,P00178,287,25,2026-07-01
S024,P00179,284,25,2026-07-01
S024,P00180,38,25,2026-07-01
S024,P00181,32,25,2026-07-01
S024,P00182,283,25,2026-07-01
S024,P00183,67,25,2026-07-01
S024,P00184,144,25,2026-07-01
S024,P00185,189,25,2026-07-01
S024,P00186,300,25,2026-07-01
S024,P00187,91,25,2026-07-01
S024,P00188,41,25,2026-07-01
S024,P00189,193,25,2026-07-01
S024,P00190,262,25,2026-07-01
S024,P00191,140,25,2026-07-01
S024,P00192,288,25,2026-07-01
S024,P00193,40,25,2026-07-01
S024,P00194,10,25,2026-07-01
S024,P00195,168,25,2026-07-01
S024,P00196,265,25,2026-07-01
S024,P00197,234,25,2026-07-01
S024,P00198,164,25,2026-07-01
S024,P00199,267,25,2026-07-01
S024,P00200,102,25,2026-07-01
S024,P00201,19,25,2026-07-01
S024,P00202,294,25,2026-07-01
S024,P00203,21,25,2026-07-01
S024,P00204,100,25,2026-07-01
S024,P00205,244,25,2026-07-01
S024,P00206,141,25,2026-07-01
S024,P00207,269,25,2026-07-01
S024,P00208,4,25,2026-07-01
S024,P00209,150,25,2026-07-01
S024,P00210,225,25,2026-07-01
S024,P00211,105,25,2026-07-01
S024,P00212,7,25,2026-07-01
S024,P00213,242,25,2026-07-01
S024,P00214,181,25,2026-07-01
S024,P00215,171,25,2026-07-01
S024,P00216,2,25,2026-07-01
S024,P00217,110,25,2026-07-01
S024,P00218,83,25,2026-07-01
S024,P00219,274,25,2026-07-01
S024,P00220,58,25,2026-07-01
S024,P00221,259,25,2026-07-01
S024,P00222,70,25,2026-07-01
S024,P00223,227,25,2026-07-01
S024,P00224,105,25,2026-07-01
S024,P00225,39,25,2026-07-01
S024,P00226,51,25,2026-07-01
S024,P00227,8,25,2026-07-01
S024,P00228,245,25,2026-07-01
S024,P00229,127,25,2026-07-01
S024,P00230,183,25,2026-07-01
S024,P00231,290,25,2026-07-01
S024,P00232,59,25,2026-07-01
S024,P00233,167,25,2026-07-01
S024,P00234,209,25,2026-07-01
S024,P00235,106,25,2026-07-01
S024,P00236,95,25,2026-07-01
S024,P00237,135,25,2026-07-01
S024,P00238,100,25,2026-07-01
S024,P00239,217,25,2026-07-01
S024,P00240,134,25,2026-07-01
S024,P00241,190,25,2026-07-01
S024,P00242,73,25,2026-07-01
S024,P00243,19,25,2026-07-01
S024,P00244,233,25,2026-07-01
S024,P00245,219,25,2026-07-01
S024,P00246,243,25,2026-07-01
S024,P00247,55,25,2026-07-01
S024,P00248,296,25,2026-07-01
S024,P00249,168,25,2026-07-01
S024,P00250,104,25,2026-07-01
S024,P00251,101,25,2026-07-01
S024,P00252,0,25,2026-07-01
S024,P00253,225,25,2026-07-01
S024,P00254,203,25,2026-07-01
S024,P00255,231,25,2026-07-01
S024,P00256,170,25,2026-07-01
S024,P00257,45,25,2026-07-01
S024,P00258,148,25,2026-07-01
S024,P00259,297,25,2026-07-01
S024,P00260,162,25,2026-07-01
S024,P00261,294,25,2026-07-01
S024,P00262,219,25,2026-07-01
S024,P00263,250,25,2026-07-01
S024,P00264,290,25,2026-07-01
S024,P00265,182,25,2026-07-01
S024,P00266,58,25,2026-07-01
S024,P00267,218,25,2026-07-01
S024,P00268,146,25,2026-07-01
S024,P00269,194,25,2026-07-01
S024,P00270,256,25,2026-07-01
S024,P00271,67,25,2026-07-01
S024,P00272,198,25,2026-07-01
S024,P00273,133,25,2026-07-01
S024,P00274,199,25,2026-07-01
S024,P00275,14,25,2026-07-01
S024,P00276,250,25,2026-07-01
S024,P00277,186,25,2026-07-01
S024,P00278,67,25,2026-07-01
S024,P00279,86,25,2026-07-01
S024,P00280,202,25,2026-07-01
S024,P00281,158,25,2026-07-01
S024,P00282,56,25,2026-07-01
S024,P00283,169,25,2026-07-01
S024,P00284,214,25,2026-07-01
S024,P00285,117,25,2026-07-01
S024,P00286,17,25,2026-07-01
S024,P00287,281,25,2026-07-01
S024,P00288,286,25,2026-07-01
S024,P00289,138,25,2026-07-01
S024,P00290,75,25,2026-07-01
S024,P00291,287,25,2026-07-01
S024,P00292,275,25,2026-07-01
S024,P00293,131,25,2026-07-01
S024,P00294,36,25,2026-07-01
S024,P00295,284,25,2026-07-01
S024,P00296,112,25,2026-07-01
S024,P00297,268,25,2026-07-01
S024,P00298,244,25,2026-07-01
S024,P00299,271,25,2026-07-01
S024,P00300,226,25,2026-07-01
S024,P00301,134,25,2026-07-01
S024,P00302,150,25,2026-07-01
S024,P00303,73,25,2026-07-01
S024,P00304,202,25,2026-07-01
S024,P00305,182,25,2026-07-01
S024,P00306,14,25,2026-07-01
S024,P00307,8,25,2026-07-01
S024,P00308,37,25,2026-07-01
S024,P00309,217,25,2026-07-01
S024,P00310,200,25,2026-07-01
S024,P00311,2,25,2026-07-01
S024,P00312,81,25,2026-07-01
S024,P00313,123,25,2026-07-01
S024,P00314,223,25,2026-07-01
S024,P00315,68,25,2026-07-01
S024,P00316,244,25,2026-07-01
S024,P00317,1,25,2026-07-01
S024,P00318,166,25,2026-07-01
S024,P00319,273,25,2026-07-01
S024,P00320,127,25,2026-07-01
S024,P00321,207,25,2026-07-01
S024,P00322,126,25,2026-07-01
S024,P00323,200,25,2026-07-01
S024,P00324,80,25,2026-07-01
S024,P00325,237,25,2026-07-01
S024,P00326,242,25,2026-07-01
S024,P00327,221,25,2026-07-01
S024,P00328,15,25,2026-07-01
S024,P00329,51,25,2026-07-01
S024,P00330,58,25,2026-07-01
S024,P00331,179,25,2026-07-01
S024,P00332,233,25,2026-07-01
S024,P00333,293,25,2026-07-01
S024,P00334,79,25,2026-07-01
S024,P00335,265,25,2026-07-01
S024,P00336,82,25,2026-07-01
S024,P00337,130,25,2026-07-01
S024,P00338,88,25,2026-07-01
S024,P00339,104,25,2026-07-01
S024,P00340,158,25,2026-07-01
S024,P00341,129,25,2026-07-01
S024,P00342,299,25,2026-07-01
S024,P00343,236,25,2026-07-01
S024,P00344,2,25,2026-07-01
S024,P00345,124,25,2026-07-01
S024,P00346,116,25,2026-07-01
S024,P00347,86,25,2026-07-01
S024,P00348,66,25,2026-07-01
S024,P00349,270,25,2026-07-01
S024,P00350,37,25,2026-07-01
S024,P00351,2,25,2026-07-01
S024,P00352,27,25,2026-07-01
S024,P00353,93,25,2026-07-01
S024,P00354,249,25,2026-07-01
S024,P00355,26,25,2026-07-01
S024,P00356,222,25,2026-07-01
S024,P00357,6,25,2026-07-01
S024,P00358,231,25,2026-07-01
S024,P00359,122,25,2026-07-01
S024,P00360,195,25,2026-07-01
S024,P00361,79,25,2026-07-01
S024,P00362,126,25,2026-07-01
S024,P00363,66,25,2026-07-01
S024,P00364,188,25,2026-07-01
S024,P00365,238,25,2026-07-01
S024,P00366,0,25,2026-07-01
S024,P00367,53,25,2026-07-01
S024,P00368,97,25,2026-07-01
S024,P00369,142,25,2026-07-01
S024,P00370,300,25,2026-07-01
S024,P00371,263,25,2026-07-01
S024,P00372,177,25,2026-07-01
S024,P00373,43,25,2026-07-01
S024,P00374,274,25,2026-07-01
S024,P00375,155,25,2026-07-01
S024,P00376,209,25,2026-07-01
S024,P00377,83,25,2026-07-01
S024,P00378,15,25,2026-07-01
S024,P00379,241,25,2026-07-01
S024,P00380,3,25,2026-07-01
S024,P00381,204,25,2026-07-01
S024,P00382,124,25,2026-07-01
S024,P00383,297,25,2026-07-01
S024,P00384,94,25,2026-07-01
S024,P00385,13,25,2026-07-01
S024,P00386,102,25,2026-07-01
S024,P00387,117,25,2026-07-01
S024,P00388,161,25,2026-07-01
S024,P00389,273,25,2026-07-01
S024,P00390,74,25,2026-07-01
S024,P00391,281,25,2026-07-01
S024,P00392,283,25,2026-07-01
S024,P00393,189,25,2026-07-01
S024,P00394,251,25,2026-07-01
S024,P00395,30,25,2026-07-01
S024,P00396,116,25,2026-07-01
S024,P00397,272,25,2026-07-01
S024,P00398,216,25,2026-07-01
S024,P00399,72,25,2026-07-01
S024,P00400,218,25,2026-07-01
S024,P00401,3,25,2026-07-01
S024,P00402,240,25,2026-07-01
S024,P00403,91,25,2026-07-01
S024,P00404,145,25,2026-07-01
S024,P00405,219,25,2026-07-01
S024,P00406,101,25,2026-07-01
S024,P00407,202,25,2026-07-01
S024,P00408,236,25,2026-07-01
S024,P00409,116,25,2026-07-01
S024,P00410,210,25,2026-07-01
S024,P00411,15,25,2026-07-01
S024,P00412,91,25,2026-07-01
S024,P00413,272,25,2026-07-01
S024,P00414,277,25,2026-07-01
S024,P00415,109,25,2026-07-01
S024,P00416,212,25,2026-07-01
S024,P00417,267,25,2026-07-01
S024,P00418,10,25,2026-07-01
S024,P00419,283,25,2026-07-01
S024,P00420,210,25,2026-07-01
S024,P00421,128,25,2026-07-01
S024,P00422,69,25,2026-07-01
S024,P00423,135,25,2026-07-01
S024,P00424,6,25,2026-07-01
S024,P00425,188,25,2026-07-01
S024,P00426,21,25,2026-07-01
S024,P00427,232,25,2026-07-01
S024,P00428,79,25,2026-07-01
S024,P00429,27,25,2026-07-01
S024,P00430,64,25,2026-07-01
S024,P00431,186,25,2026-07-01
S024,P00432,88,25,2026-07-01
S024,P00433,39,25,2026-07-01
S024,P00434,137,25,2026-07-01
S024,P00435,201,25,2026-07-01
S024,P00436,60,25,2026-07-01
S024,P00437,48,25,2026-07-01
S024,P00438,84,25,2026-07-01
S024,P00439,11,25,2026-07-01
S024,P00440,138,25,2026-07-01
S024,P00441,161,25,2026-07-01
S024,P00442,78,25,2026-07-01
S024,P00443,122,25,2026-07-01
S024,P00444,175,25,2026-07-01
S024,P00445,142,25,2026-07-01
S024,P00446,194,25,2026-07-01
S024,P00447,205,25,2026-07-01
S024,P00448,97,25,2026-07-01
S024,P00449,118,25,2026-07-01
S024,P00450,76,25,2026-07-01
S024,P00451,148,25,2026-07-01
S024,P00452,19,25,2026-07-01
S024,P00453,66,25,2026-07-01
S024,P00454,99,25,2026-07-01
S024,P00455,182,25,2026-07-01
S024,P00456,124,25,2026-07-01
S024,P00457,248,25,2026-07-01
S024,P00458,152,25,2026-07-01
S024,P00459,164,25,2026-07-01
S024,P00460,253,25,2026-07-01
S024,P00461,87,25,2026-07-01
S024,P00462,219,25,2026-07-01
S024,P00463,157,25,2026-07-01
S024,P00464,86,25,2026-07-01
S024,P00465,200,25,2026-07-01
S024,P00466,196,25,2026-07-01
S024,P00467,179,25,2026-07-01
S024,P00468,167,25,2026-07-01
S024,P00469,300,25,2026-07-01
S024,P00470,299,25,2026-07-01
S024,P00471,153,25,2026-07-01
S024,P00472,256,25,2026-07-01
S024,P00473,198,25,2026-07-01
S024,P00474,16,25,2026-07-01
S024,P00475,51,25,2026-07-01
S024,P00476,197,25,2026-07-01
S024,P00477,222,25,2026-07-01
S024,P00478,10,25,2026-07-01
S024,P00479,199,25,2026-07-01
S024,P00480,182,25,2026-07-01
S024,P00481,167,25,2026-07-01
S024,P00482,192,25,2026-07-01
S024,P00483,224,25,2026-07-01
S024,P00484,222,25,2026-07-01
S024,P00485,260,25,2026-07-01
S024,P00486,104,25,2026-07-01
S024,P00487,290,25,2026-07-01
S024,P00488,154,25,2026-07-01
S024,P00489,296,25,2026-07-01
S024,P00490,154,25,2026-07-01
S024,P00491,263,25,2026-07-01
S024,P00492,49,25,2026-07-01
S024,P00493,273,25,2026-07-01
S024,P00494,209,25,2026-07-01
S024,P00495,257,25,2026-07-01
S024,P00496,84,25,2026-07-01
S024,P00497,116,25,2026-07-01
S024,P00498,274,25,2026-07-01
S024,P00499,87,25,2026-07-01
S024,P00500,292,25,2026-07-01
S025,P00001,243,25,2026-07-01
S025,P00002,253,25,2026-07-01
S025,P00003,70,25,2026-07-01
S025,P00004,120,25,2026-07-01
S025,P00005,243,25,2026-07-01
S025,P00006,274,25,2026-07-01
S025,P00007,192,25,2026-07-01
S025,P00008,166,25,2026-07-01
S025,P00009,234,25,2026-07-01
S025,P00010,274,25,2026-07-01
S025,P00011,150,25,2026-07-01
S025,P00012,121,25,2026-07-01
S025,P00013,278,25,2026-07-01
S025,P00014,68,25,2026-07-01
S025,P00015,151,25,2026-07-01
S025,P00016,201,25,2026-07-01
S025,P00017,188,25,2026-07-01
S025,P00018,118,25,2026-07-01
S025,P00019,209,25,2026-07-01
S025,P00020,8,25,2026-07-01
S025,P00021,148,25,2026-07-01
S025,P00022,132,25,2026-07-01
S025,P00023,251,25,2026-07-01
S025,P00024,91,25,2026-07-01
S025,P00025,116,25,2026-07-01
S025,P00026,222,25,2026-07-01
S025,P00027,253,25,2026-07-01
S025,P00028,139,25,2026-07-01
S025,P00029,2,25,2026-07-01
S025,P00030,209,25,2026-07-01
S025,P00031,164,25,2026-07-01
S025,P00032,117,25,2026-07-01
S025,P00033,234,25,2026-07-01
S025,P00034,48,25,2026-07-01
S025,P00035,88,25,2026-07-01
S025,P00036,3,25,2026-07-01
S025,P00037,295,25,2026-07-01
S025,P00038,56,25,2026-07-01
S025,P00039,248,25,2026-07-01
S025,P00040,143,25,2026-07-01
S025,P00041,222,25,2026-07-01
S025,P00042,300,25,2026-07-01
S025,P00043,227,25,2026-07-01
S025,P00044,218,25,2026-07-01
S025,P00045,94,25,2026-07-01
S025,P00046,48,25,2026-07-01
S025,P00047,266,25,2026-07-01
S025,P00048,90,25,2026-07-01
S025,P00049,95,25,2026-07-01
S025,P00050,295,25,2026-07-01
S025,P00051,225,25,2026-07-01
S025,P00052,231,25,2026-07-01
S025,P00053,177,25,2026-07-01
S025,P00054,160,25,2026-07-01
S025,P00055,41,25,2026-07-01
S025,P00056,260,25,2026-07-01
S025,P00057,279,25,2026-07-01
S025,P00058,103,25,2026-07-01
S025,P00059,61,25,2026-07-01
S025,P00060,103,25,2026-07-01
S025,P00061,154,25,2026-07-01
S025,P00062,16,25,2026-07-01
S025,P00063,51,25,2026-07-01
S025,P00064,56,25,2026-07-01
S025,P00065,213,25,2026-07-01
S025,P00066,196,25,2026-07-01
S025,P00067,177,25,2026-07-01
S025,P00068,236,25,2026-07-01
S025,P00069,238,25,2026-07-01
S025,P00070,189,25,2026-07-01
S025,P00071,152,25,2026-07-01
S025,P00072,40,25,2026-07-01
S025,P00073,110,25,2026-07-01
S025,P00074,55,25,2026-07-01
S025,P00075,167,25,2026-07-01
S025,P00076,44,25,2026-07-01
S025,P00077,185,25,2026-07-01
S025,P00078,155,25,2026-07-01
S025,P00079,121,25,2026-07-01
S025,P00080,275,25,2026-07-01
S025,P00081,295,25,2026-07-01
S025,P00082,154,25,2026-07-01
S025,P00083,58,25,2026-07-01
S025,P00084,273,25,2026-07-01
S025,P00085,7,25,2026-07-01
S025,P00086,207,25,2026-07-01
S025,P00087,76,25,2026-07-01
S025,P00088,104,25,2026-07-01
S025,P00089,253,25,2026-07-01
S025,P00090,172,25,2026-07-01
S025,P00091,75,25,2026-07-01
S025,P00092,259,25,2026-07-01
S025,P00093,289,25,2026-07-01
S025,P00094,16,25,2026-07-01
S025,P00095,195,25,2026-07-01
S025,P00096,250,25,2026-07-01
S025,P00097,162,25,2026-07-01
S025,P00098,127,25,2026-07-01
S025,P00099,20,25,2026-07-01
S025,P00100,184,25,2026-07-01
S025,P00101,288,25,2026-07-01
S025,P00102,226,25,2026-07-01
S025,P00103,222,25,2026-07-01
S025,P00104,250,25,2026-07-01
S025,P00105,176,25,2026-07-01
S025,P00106,30,25,2026-07-01
S025,P00107,283,25,2026-07-01
S025,P00108,138,25,2026-07-01
S025,P00109,99,25,2026-07-01
S025,P00110,285,25,2026-07-01
S025,P00111,208,25,2026-07-01
S025,P00112,115,25,2026-07-01
S025,P00113,90,25,2026-07-01
S025,P00114,95,25,2026-07-01
S025,P00115,40,25,2026-07-01
S025,P00116,103,25,2026-07-01
S025,P00117,47,25,2026-07-01
S025,P00118,203,25,2026-07-01
S025,P00119,219,25,2026-07-01
S025,P00120,98,25,2026-07-01
S025,P00121,216,25,2026-07-01
S025,P00122,89,25,2026-07-01
S025,P00123,108,25,2026-07-01
S025,P00124,0,25,2026-07-01
S025,P00125,39,25,2026-07-01
S025,P00126,151,25,2026-07-01
S025,P00127,189,25,2026-07-01
S025,P00128,50,25,2026-07-01
S025,P00129,203,25,2026-07-01
S025,P00130,97,25,2026-07-01
S025,P00131,204,25,2026-07-01
S025,P00132,247,25,2026-07-01
S025,P00133,72,25,2026-07-01
S025,P00134,254,25,2026-07-01
S025,P00135,221,25,2026-07-01
S025,P00136,249,25,2026-07-01
S025,P00137,104,25,2026-07-01
S025,P00138,66,25,2026-07-01
S025,P00139,157,25,2026-07-01
S025,P00140,249,25,2026-07-01
S025,P00141,97,25,2026-07-01
S025,P00142,91,25,2026-07-01
S025,P00143,129,25,2026-07-01
S025,P00144,286,25,2026-07-01
S025,P00145,215,25,2026-07-01
S025,P00146,102,25,2026-07-01
S025,P00147,176,25,2026-07-01
S025,P00148,167,25,2026-07-01
S025,P00149,240,25,2026-07-01
S025,P00150,12,25,2026-07-01
S025,P00151,23,25,2026-07-01
S025,P00152,12,25,2026-07-01
S025,P00153,15,25,2026-07-01
S025,P00154,39,25,2026-07-01
S025,P00155,96,25,2026-07-01
S025,P00156,4,25,2026-07-01
S025,P00157,8,25,2026-07-01
S025,P00158,250,25,2026-07-01
S025,P00159,1,25,2026-07-01
S025,P00160,265,25,2026-07-01
S025,P00161,40,25,2026-07-01
S025,P00162,192,25,2026-07-01
S025,P00163,1,25,2026-07-01
S025,P00164,221,25,2026-07-01
S025,P00165,145,25,2026-07-01
S025,P00166,138,25,2026-07-01
S025,P00167,277,25,2026-07-01
S025,P00168,56,25,2026-07-01
S025,P00169,157,25,2026-07-01
S025,P00170,3,25,2026-07-01
S025,P00171,295,25,2026-07-01
S025,P00172,201,25,2026-07-01
S025,P00173,82,25,2026-07-01
S025,P00174,7,25,2026-07-01
S025,P00175,12,25,2026-07-01
S025,P00176,183,25,2026-07-01
S025,P00177,182,25,2026-07-01
S025,P00178,241,25,2026-07-01
S025,P00179,19,25,2026-07-01
S025,P00180,89,25,2026-07-01
S025,P00181,288,25,2026-07-01
S025,P00182,125,25,2026-07-01
S025,P00183,270,25,2026-07-01
S025,P00184,229,25,2026-07-01
S025,P00185,102,25,2026-07-01
S025,P00186,229,25,2026-07-01
S025,P00187,221,25,2026-07-01
S025,P00188,222,25,2026-07-01
S025,P00189,13,25,2026-07-01
S025,P00190,34,25,2026-07-01
S025,P00191,102,25,2026-07-01
S025,P00192,220,25,2026-07-01
S025,P00193,276,25,2026-07-01
S025,P00194,92,25,2026-07-01
S025,P00195,50,25,2026-07-01
S025,P00196,286,25,2026-07-01
S025,P00197,75,25,2026-07-01
S025,P00198,66,25,2026-07-01
S025,P00199,71,25,2026-07-01
S025,P00200,224,25,2026-07-01
S025,P00201,293,25,2026-07-01
S025,P00202,83,25,2026-07-01
S025,P00203,131,25,2026-07-01
S025,P00204,15,25,2026-07-01
S025,P00205,90,25,2026-07-01
S025,P00206,175,25,2026-07-01
S025,P00207,268,25,2026-07-01
S025,P00208,229,25,2026-07-01
S025,P00209,202,25,2026-07-01
S025,P00210,144,25,2026-07-01
S025,P00211,69,25,2026-07-01
S025,P00212,222,25,2026-07-01
S025,P00213,237,25,2026-07-01
S025,P00214,50,25,2026-07-01
S025,P00215,25,25,2026-07-01
S025,P00216,215,25,2026-07-01
S025,P00217,77,25,2026-07-01
S025,P00218,242,25,2026-07-01
S025,P00219,114,25,2026-07-01
S025,P00220,13,25,2026-07-01
S025,P00221,292,25,2026-07-01
S025,P00222,254,25,2026-07-01
S025,P00223,65,25,2026-07-01
S025,P00224,260,25,2026-07-01
S025,P00225,283,25,2026-07-01
S025,P00226,195,25,2026-07-01
S025,P00227,86,25,2026-07-01
S025,P00228,55,25,2026-07-01
S025,P00229,256,25,2026-07-01
S025,P00230,151,25,2026-07-01
S025,P00231,25,25,2026-07-01
S025,P00232,122,25,2026-07-01
S025,P00233,118,25,2026-07-01
S025,P00234,140,25,2026-07-01
S025,P00235,202,25,2026-07-01
S025,P00236,277,25,2026-07-01
S025,P00237,52,25,2026-07-01
S025,P00238,283,25,2026-07-01
S025,P00239,7,25,2026-07-01
S025,P00240,233,25,2026-07-01
S025,P00241,187,25,2026-07-01
S025,P00242,194,25,2026-07-01
S025,P00243,90,25,2026-07-01
S025,P00244,249,25,2026-07-01
S025,P00245,244,25,2026-07-01
S025,P00246,166,25,2026-07-01
S025,P00247,124,25,2026-07-01
S025,P00248,70,25,2026-07-01
S025,P00249,7,25,2026-07-01
S025,P00250,30,25,2026-07-01
S025,P00251,279,25,2026-07-01
S025,P00252,197,25,2026-07-01
S025,P00253,29,25,2026-07-01
S025,P00254,9,25,2026-07-01
S025,P00255,85,25,2026-07-01
S025,P00256,170,25,2026-07-01
S025,P00257,95,25,2026-07-01
S025,P00258,247,25,2026-07-01
S025,P00259,205,25,2026-07-01
S025,P00260,90,25,2026-07-01
S025,P00261,154,25,2026-07-01
S025,P00262,234,25,2026-07-01
S025,P00263,68,25,2026-07-01
S025,P00264,18,25,2026-07-01
S025,P00265,246,25,2026-07-01
S025,P00266,189,25,2026-07-01
S025,P00267,93,25,2026-07-01
S025,P00268,175,25,2026-07-01
S025,P00269,27,25,2026-07-01
S025,P00270,8,25,2026-07-01
S025,P00271,110,25,2026-07-01
S025,P00272,194,25,2026-07-01
S025,P00273,53,25,2026-07-01
S025,P00274,218,25,2026-07-01
S025,P00275,253,25,2026-07-01
S025,P00276,23,25,2026-07-01
S025,P00277,101,25,2026-07-01
S025,P00278,173,25,2026-07-01
S025,P00279,176,25,2026-07-01
S025,P00280,174,25,2026-07-01
S025,P00281,77,25,2026-07-01
S025,P00282,251,25,2026-07-01
S025,P00283,59,25,2026-07-01
S025,P00284,174,25,2026-07-01
S025,P00285,245,25,2026-07-01
S025,P00286,41,25,2026-07-01
S025,P00287,175,25,2026-07-01
S025,P00288,265,25,2026-07-01
S025,P00289,265,25,2026-07-01
S025,P00290,86,25,2026-07-01
S025,P00291,78,25,2026-07-01
S025,P00292,222,25,2026-07-01
S025,P00293,259,25,2026-07-01
S025,P00294,291,25,2026-07-01
S025,P00295,114,25,2026-07-01
S025,P00296,53,25,2026-07-01
S025,P00297,279,25,2026-07-01
S025,P00298,34,25,2026-07-01
S025,P00299,13,25,2026-07-01
S025,P00300,79,25,2026-07-01
S025,P00301,181,25,2026-07-01
S025,P00302,247,25,2026-07-01
S025,P00303,20,25,2026-07-01
S025,P00304,23,25,2026-07-01
S025,P00305,194,25,2026-07-01
S025,P00306,148,25,2026-07-01
S025,P00307,183,25,2026-07-01
S025,P00308,46,25,2026-07-01
S025,P00309,123,25,2026-07-01
S025,P00310,176,25,2026-07-01
S025,P00311,94,25,2026-07-01
S025,P00312,144,25,2026-07-01
S025,P00313,174,25,2026-07-01
S025,P00314,280,25,2026-07-01
S025,P00315,189,25,2026-07-01
S025,P00316,74,25,2026-07-01
S025,P00317,244,25,2026-07-01
S025,P00318,237,25,2026-07-01
S025,P00319,50,25,2026-07-01
S025,P00320,200,25,2026-07-01
S025,P00321,222,25,2026-07-01
S025,P00322,84,25,2026-07-01
S025,P00323,76,25,2026-07-01
S025,P00324,48,25,2026-07-01
S025,P00325,196,25,2026-07-01
S025,P00326,31,25,2026-07-01
S025,P00327,42,25,2026-07-01
S025,P00328,223,25,2026-07-01
S025,P00329,198,25,2026-07-01
S025,P00330,198,25,2026-07-01
S025,P00331,273,25,2026-07-01
S025,P00332,292,25,2026-07-01
S025,P00333,126,25,2026-07-01
S025,P00334,88,25,2026-07-01
S025,P00335,276,25,2026-07-01
S025,P00336,185,25,2026-07-01
S025,P00337,132,25,2026-07-01
S025,P00338,281,25,2026-07-01
S025,P00339,1,25,2026-07-01
S025,P00340,163,25,2026-07-01
S025,P00341,28,25,2026-07-01
S025,P00342,238,25,2026-07-01
S025,P00343,40,25,2026-07-01
S025,P00344,139,25,2026-07-01
S025,P00345,37,25,2026-07-01
S025,P00346,216,25,2026-07-01
S025,P00347,31,25,2026-07-01
S025,P00348,277,25,2026-07-01
S025,P00349,176,25,2026-07-01
S025,P00350,229,25,2026-07-01
S025,P00351,68,25,2026-07-01
S025,P00352,157,25,2026-07-01
S025,P00353,275,25,2026-07-01
S025,P00354,215,25,2026-07-01
S025,P00355,81,25,2026-07-01
S025,P00356,90,25,2026-07-01
S025,P00357,274,25,2026-07-01
S025,P00358,101,25,2026-07-01
S025,P00359,208,25,2026-07-01
S025,P00360,34,25,2026-07-01
S025,P00361,270,25,2026-07-01
S025,P00362,7,25,2026-07-01
S025,P00363,185,25,2026-07-01
S025,P00364,78,25,2026-07-01
S025,P00365,127,25,2026-07-01
S025,P00366,109,25,2026-07-01
S025,P00367,176,25,2026-07-01
S025,P00368,124,25,2026-07-01
S025,P00369,132,25,2026-07-01
S025,P00370,19,25,2026-07-01
S025,P00371,102,25,2026-07-01
S025,P00372,279,25,2026-07-01
S025,P00373,299,25,2026-07-01
S025,P00374,246,25,2026-07-01
S025,P00375,145,25,2026-07-01
S025,P00376,34,25,2026-07-01
S025,P00377,268,25,2026-07-01
S025,P00378,66,25,2026-07-01
S025,P00379,144,25,2026-07-01
S025,P00380,195,25,2026-07-01
S025,P00381,87,25,2026-07-01
S025,P00382,70,25,2026-07-01
S025,P00383,52,25,2026-07-01
S025,P00384,288,25,2026-07-01
S025,P00385,49,25,2026-07-01
S025,P00386,177,25,2026-07-01
S025,P00387,7,25,2026-07-01
S025,P00388,10,25,2026-07-01
S025,P00389,133,25,2026-07-01
S025,P00390,31,25,2026-07-01
S025,P00391,161,25,2026-07-01
S025,P00392,245,25,2026-07-01
S025,P00393,193,25,2026-07-01
S025,P00394,38,25,2026-07-01
S025,P00395,118,25,2026-07-01
S025,P00396,0,25,2026-07-01
S025,P00397,40,25,2026-07-01
S025,P00398,94,25,2026-07-01
S025,P00399,44,25,2026-07-01
S025,P00400,76,25,2026-07-01
S025,P00401,111,25,2026-07-01
S025,P00402,211,25,2026-07-01
S025,P00403,25,25,2026-07-01
S025,P00404,15,25,2026-07-01
S025,P00405,279,25,2026-07-01
S025,P00406,198,25,2026-07-01
S025,P00407,115,25,2026-07-01
S025,P00408,2,25,2026-07-01
S025,P00409,35,25,2026-07-01
S025,P00410,232,25,2026-07-01
S025,P00411,27,25,2026-07-01
S025,P00412,229,25,2026-07-01
S025,P00413,151,25,2026-07-01
S025,P00414,211,25,2026-07-01
S025,P00415,236,25,2026-07-01
S025,P00416,110,25,2026-07-01
S025,P00417,300,25,2026-07-01
S025,P00418,35,25,2026-07-01
S025,P00419,199,25,2026-07-01
S025,P00420,239,25,2026-07-01
S025,P00421,95,25,2026-07-01
S025,P00422,58,25,2026-07-01
S025,P00423,297,25,2026-07-01
S025,P00424,205,25,2026-07-01
S025,P00425,150,25,2026-07-01
S025,P00426,232,25,2026-07-01
S025,P00427,1,25,2026-07-01
S025,P00428,210,25,2026-07-01
S025,P00429,138,25,2026-07-01
S025,P00430,135,25,2026-07-01
S025,P00431,216,25,2026-07-01
S025,P00432,174,25,2026-07-01
S025,P00433,115,25,2026-07-01
S025,P00434,147,25,2026-07-01
S025,P00435,16,25,2026-07-01
S025,P00436,298,25,2026-07-01
S025,P00437,91,25,2026-07-01
S025,P00438,59,25,2026-07-01
S025,P00439,211,25,2026-07-01
S025,P00440,283,25,2026-07-01
S025,P00441,228,25,2026-07-01
S025,P00442,290,25,2026-07-01
S025,P00443,9,25,2026-07-01
S025,P00444,272,25,2026-07-01
S025,P00445,181,25,2026-07-01
S025,P00446,292,25,2026-07-01
S025,P00447,257,25,2026-07-01
S025,P00448,52,25,2026-07-01
S025,P00449,114,25,2026-07-01
S025,P00450,181,25,2026-07-01
S025,P00451,244,25,2026-07-01
S025,P00452,219,25,2026-07-01
S025,P00453,257,25,2026-07-01
S025,P00454,40,25,2026-07-01
S025,P00455,209,25,2026-07-01
S025,P00456,166,25,2026-07-01
S025,P00457,155,25,2026-07-01
S025,P00458,42,25,2026-07-01
S025,P00459,93,25,2026-07-01
S025,P00460,296,25,2026-07-01
S025,P00461,267,25,2026-07-01
S025,P00462,259,25,2026-07-01
S025,P00463,204,25,2026-07-01
S025,P00464,53,25,2026-07-01
S025,P00465,251,25,2026-07-01
S025,P00466,289,25,2026-07-01
S025,P00467,299,25,2026-07-01
S025,P00468,22,25,2026-07-01
S025,P00469,264,25,2026-07-01
S025,P00470,30,25,2026-07-01
S025,P00471,40,25,2026-07-01
S025,P00472,103,25,2026-07-01
S025,P00473,131,25,2026-07-01
S025,P00474,49,25,2026-07-01
S025,P00475,185,25,2026-07-01
S025,P00476,107,25,2026-07-01
S025,P00477,10,25,2026-07-01
S025,P00478,297,25,2026-07-01
S025,P00479,133,25,2026-07-01
S025,P00480,234,25,2026-07-01
S025,P00481,114,25,2026-07-01
S025,P00482,55,25,2026-07-01
S025,P00483,43,25,2026-07-01
S025,P00484,293,25,2026-07-01
S025,P00485,228,25,2026-07-01
S025,P00486,260,25,2026-07-01
S025,P00487,12,25,2026-07-01
S025,P00488,80,25,2026-07-01
S025,P00489,205,25,2026-07-01
S025,P00490,139,25,2026-07-01
S025,P00491,267,25,2026-07-01
S025,P00492,57,25,2026-07-01
S025,P00493,76,25,2026-07-01
S025,P00494,115,25,2026-07-01
S025,P00495,77,25,2026-07-01
S025,P00496,226,25,2026-07-01
S025,P00497,232,25,2026-07-01
S025,P00498,266,25,2026-07-01
S025,P00499,128,25,2026-07-01
S025,P00500,137,25,2026-07-01
