store_id,product_id,stock_quantity,reorder_level,snapshot_date
S001,P00001,-5,25,2026-07-08
S001,P00002,59,25,2026-07-08
S001,P00003,284,25,2026-07-08
S001,P00004,113,25,2026-07-08
S001,P00005,56,25,2026-07-08
S001,P00006,32,25,2026-07-08
S001,P00007,122,25,2026-07-08
S001,P00008,25,25,2026-07-08
S001,P00009,208,25,2026-07-08
S001,P00010,54,25,2026-07-08
S001,P00011,123,25,2026-07-08
S001,P00012,173,25,2026-07-08
S001,P00013,111,25,2026-07-08
S001,P00014,140,25,2026-07-08
S001,P00015,179,25,2026-07-08
S001,P00016,281,25,2026-07-08
S001,P00017,269,25,2026-07-08
S001,P00018,148,25,2026-07-08
S001,P00019,187,25,2026-07-08
S001,P00020,151,25,2026-07-08
S001,P00021,148,25,2026-07-08
S001,P00022,198,25,2026-07-08
S001,P00023,209,25,2026-07-08
S001,P00024,185,25,2026-07-08
S001,P00025,22,25,2026-07-08
S001,P00026,216,25,2026-07-08
S001,P00027,0,25,2026-07-08
S001,P00028,96,25,2026-07-08
S001,P00029,171,25,2026-07-08
S001,P00030,121,25,2026-07-08
S001,P00031,102,25,2026-07-08
S001,P00032,260,25,2026-07-08
S001,P00033,209,25,2026-07-08
S001,P00034,123,25,2026-07-08
S001,P00035,137,25,2026-07-08
S001,P00036,33,25,2026-07-08
S001,P00037,56,25,2026-07-08
S001,P00038,52,25,2026-07-08
S001,P00039,79,25,2026-07-08
S001,P00040,209,25,2026-07-08
S001,P00041,33,25,2026-07-08
S001,P00042,223,25,2026-07-08
S001,P00043,47,25,2026-07-08
S001,P00044,219,25,2026-07-08
S001,P00045,144,25,2026-07-08
S001,P00046,119,25,2026-07-08
S001,P00047,265,25,2026-07-08
S001,P00048,74,25,2026-07-08
S001,P00049,273,25,2026-07-08
S001,P00050,38,25,2026-07-08
S001,P00051,157,25,2026-07-08
S001,P00052,51,25,2026-07-08
S001,P00053,160,25,2026-07-08
S001,P00054,118,25,2026-07-08
S001,P00055,157,25,2026-07-08
S001,P00056,295,25,2026-07-08
S001,P00057,47,25,2026-07-08
S001,P00058,27,25,2026-07-08
S001,P00059,72,25,2026-07-08
S001,P00060,102,25,2026-07-08
S001,P00061,181,25,2026-07-08
S001,P00062,132,25,2026-07-08
S001,P00063,273,25,2026-07-08
S001,P00064,196,25,2026-07-08
S001,P00065,100,25,2026-07-08
S001,P00066,54,25,2026-07-08
S001,P00067,92,25,2026-07-08
S001,P00068,4,25,2026-07-08
S001,P00069,188,25,2026-07-08
S001,P00070,143,25,2026-07-08
S001,P00071,100,25,2026-07-08
S001,P00072,161,25,2026-07-08
S001,P00073,231,25,2026-07-08
S001,P00074,288,25,2026-07-08
S001,P00075,297,25,2026-07-08
S001,P00076,269,25,2026-07-08
S001,P00077,260,25,2026-07-08
S001,P00078,244,25,2026-07-08
S001,P00079,285,25,2026-07-08
S001,P00080,157,25,2026-07-08
S001,P00081,280,25,2026-07-08
S001,P00082,296,25,2026-07-08
S001,P00083,102,25,2026-07-08
S001,P00084,87,25,2026-07-08
S001,P00085,164,25,2026-07-08
S001,P00086,111,25,2026-07-08
S001,P00087,107,25,2026-07-08
S001,P00088,296,25,2026-07-08
S001,P00089,134,25,2026-07-08
S001,P00090,106,25,2026-07-08
S001,P00091,206,25,2026-07-08
S001,P00092,94,25,2026-07-08
S001,P00093,278,25,2026-07-08
S001,P00094,285,25,2026-07-08
S001,P00095,86,25,2026-07-08
S001,P00096,11,25,2026-07-08
S001,P00097,141,25,2026-07-08
S001,P00098,71,25,2026-07-08
S001,P00099,227,25,2026-07-08
S001,P00100,212,25,2026-07-08
S001,P00101,74,25,2026-07-08
S001,P00102,243,25,2026-07-08
S001,P00103,48,25,2026-07-08
S001,P00104,76,25,2026-07-08
S001,P00105,71,25,2026-07-08
S001,P00106,17,25,2026-07-08
S001,P00107,16,25,2026-07-08
S001,P00108,127,25,2026-07-08
S001,P00109,228,25,2026-07-08
S001,P00110,51,25,2026-07-08
S001,P00111,248,25,2026-07-08
S001,P00112,103,25,2026-07-08
S001,P00113,124,25,2026-07-08
S001,P00114,164,25,2026-07-08
S001,P00115,226,25,2026-07-08
S001,P00116,296,25,2026-07-08
S001,P00117,39,25,2026-07-08
S001,P00118,68,25,2026-07-08
S001,P00119,165,25,2026-07-08
S001,P00120,88,25,2026-07-08
S001,P00121,232,25,2026-07-08
S001,P00122,293,25,2026-07-08
S001,P00123,105,25,2026-07-08
S001,P00124,179,25,2026-07-08
S001,P00125,270,25,2026-07-08
S001,P00126,240,25,2026-07-08
S001,P00127,215,25,2026-07-08
S001,P00128,60,25,2026-07-08
S001,P00129,73,25,2026-07-08
S001,P00130,284,25,2026-07-08
S001,P00131,8,25,2026-07-08
S001,P00132,198,25,2026-07-08
S001,P00133,24,25,2026-07-08
S001,P00134,238,25,2026-07-08
S001,P00135,206,25,2026-07-08
S001,P00136,21,25,2026-07-08
S001,P00137,60,25,2026-07-08
S001,P00138,142,25,2026-07-08
S001,P00139,236,25,2026-07-08
S001,P00140,98,25,2026-07-08
S001,P00141,274,25,2026-07-08
S001,P00142,254,25,2026-07-08
S001,P00143,226,25,2026-07-08
S001,P00144,29,25,2026-07-08
S001,P00145,143,25,2026-07-08
S001,P00146,217,25,2026-07-08
S001,P00147,49,25,2026-07-08
S001,P00148,9,25,2026-07-08
S001,P00149,162,25,2026-07-08
S001,P00150,126,25,2026-07-08
S001,P00151,232,25,2026-07-08
S001,P00152,203,25,2026-07-08
S001,P00153,292,25,2026-07-08
S001,P00154,215,25,2026-07-08
S001,P00155,264,25,2026-07-08
S001,P00156,43,25,2026-07-08
S001,P00157,290,25,2026-07-08
S001,P00158,281,25,2026-07-08
S001,P00159,255,25,2026-07-08
S001,P00160,100,25,2026-07-08
S001,P00161,300,25,2026-07-08
S001,P00162,148,25,2026-07-08
S001,P00163,208,25,2026-07-08
S001,P00164,270,25,2026-07-08
S001,P00165,289,25,2026-07-08
S001,P00166,212,25,2026-07-08
S001,P00167,7,25,2026-07-08
S001,P00168,118,25,2026-07-08
S001,P00169,105,25,2026-07-08
S001,P00170,115,25,2026-07-08
S001,P00171,217,25,2026-07-08
S001,P00172,57,25,2026-07-08
S001,P00173,204,25,2026-07-08
S001,P00174,104,25,2026-07-08
S001,P00175,68,25,2026-07-08
S001,P00176,30,25,2026-07-08
S001,P00177,45,25,2026-07-08
S001,P00178,184,25,2026-07-08
S001,P00179,65,25,2026-07-08
S001,P00180,92,25,2026-07-08
S001,P00181,9,25,2026-07-08
S001,P00182,239,25,2026-07-08
S001,P00183,248,25,2026-07-08
S001,P00184,50,25,2026-07-08
S001,P00185,225,25,2026-07-08
S001,P00186,17,25,2026-07-08
S001,P00187,226,25,2026-07-08
S001,P00188,24,25,2026-07-08
S001,P00189,288,25,2026-07-08
S001,P00190,79,25,2026-07-08
S001,P00191,168,25,2026-07-08
S001,P00192,188,25,2026-07-08
S001,P00193,268,25,2026-07-08
S001,P00194,46,25,2026-07-08
S001,P00195,16,25,2026-07-08
S001,P00196,211,25,2026-07-08
S001,P00197,26,25,2026-07-08
S001,P00198,11,25,2026-07-08
S001,P00199,74,25,2026-07-08
S001,P00200,6,25,2026-07-08
S001,P00201,119,25,2026-07-08
S001,P00202,158,25,2026-07-08
S001,P00203,245,25,2026-07-08
S001,P00204,257,25,2026-07-08
S001,P00205,163,25,2026-07-08
S001,P00206,9,25,2026-07-08
S001,P00207,252,25,2026-07-08
S001,P00208,102,25,2026-07-08
S001,P00209,23,25,2026-07-08
S001,P00210,27,25,2026-07-08
S001,P00211,279,25,2026-07-08
S001,P00212,281,25,2026-07-08
S001,P00213,238,25,2026-07-08
S001,P00214,170,25,2026-07-08
S001,P00215,129,25,2026-07-08
S001,P00216,198,25,2026-07-08
S001,P00217,258,25,2026-07-08
S001,P00218,269,25,2026-07-08
S001,P00219,17,25,2026-07-08
S001,P00220,241,25,2026-07-08
S001,P00221,64,25,2026-07-08
S001,P00222,277,25,2026-07-08
S001,P00223,10,25,2026-07-08
S001,P00224,242,25,2026-07-08
S001,P00225,215,25,2026-07-08
S001,P00226,183,25,2026-07-08
S001,P00227,74,25,2026-07-08
S001,P00228,46,25,2026-07-08
S001,P00229,51,25,2026-07-08
S001,P00230,164,25,2026-07-08
S001,P00231,9,25,2026-07-08
S001,P00232,241,25,2026-07-08
S001,P00233,83,25,2026-07-08
S001,P00234,221,25,2026-07-08
S001,P00235,107,25,2026-07-08
S001,P00236,94,25,2026-07-08
S001,P00237,103,25,2026-07-08
S001,P00238,209,25,2026-07-08
S001,P00239,213,25,2026-07-08
S001,P00240,158,25,2026-07-08
S001,P00241,51,25,2026-07-08
S001,P00242,8,25,2026-07-08
S001,P00243,183,25,2026-07-08
S001,P00244,191,25,2026-07-08
S001,P00245,221,25,2026-07-08
S001,P00246,266,25,2026-07-08
S001,P00247,276,25,2026-07-08
S001,P00248,153,25,2026-07-08
S001,P00249,15,25,2026-07-08
S001,P00250,139,25,2026-07-08
S001,P00251,263,25,2026-07-08
S001,P00252,86,25,2026-07-08
S001,P00253,53,25,2026-07-08
S001,P00254,127,25,2026-07-08
S001,P00255,188,25,2026-07-08
S001,P00256,235,25,2026-07-08
S001,P00257,5,25,2026-07-08
S001,P00258,147,25,2026-07-08
S001,P00259,0,25,2026-07-08
S001,P00260,132,25,2026-07-08
S001,P00261,164,25,2026-07-08
S001,P00262,109,25,2026-07-08
S001,P00263,257,25,2026-07-08
S001,P00264,30,25,2026-07-08
S001,P00265,210,25,2026-07-08
S001,P00266,161,25,2026-07-08
S001,P00267,230,25,2026-07-08
S001,P00268,107,25,2026-07-08
S001,P00269,34,25,2026-07-08
S001,P00270,187,25,2026-07-08
S001,P00271,211,25,2026-07-08
S001,P00272,272,25,2026-07-08
S001,P00273,120,25,2026-07-08
S001,P00274,275,25,2026-07-08
S001,P00275,279,25,2026-07-08
S001,P00276,287,25,2026-07-08
S001,P00277,43,25,2026-07-08
S001,P00278,192,25,2026-07-08
S001,P00279,122,25,2026-07-08
S001,P00280,188,25,2026-07-08
S001,P00281,146,25,2026-07-08
S001,P00282,260,25,2026-07-08
S001,P00283,161,25,2026-07-08
S001,P00284,11,25,2026-07-08
S001,P00285,182,25,2026-07-08
S001,P00286,49,25,2026-07-08
S001,P00287,42,25,2026-07-08
S001,P00288,24,25,2026-07-08
S001,P00289,228,25,2026-07-08
S001,P00290,62,25,2026-07-08
S001,P00291,109,25,2026-07-08
S001,P00292,250,25,2026-07-08
S001,P00293,200,25,2026-07-08
S001,P00294,18,25,2026-07-08
S001,P00295,73,25,2026-07-08
S001,P00296,56,25,2026-07-08
S001,P00297,158,25,2026-07-08
S001,P00298,203,25,2026-07-08
S001,P00299,162,25,2026-07-08
S001,P00300,148,25,2026-07-08
S001,P00301,195,25,2026-07-08
S001,P00302,266,25,2026-07-08
S001,P00303,102,25,2026-07-08
S001,P00304,63,25,2026-07-08
S001,P00305,13,25,2026-07-08
S001,P00306,218,25,2026-07-08
S001,P00307,93,25,2026-07-08
S001,P00308,188,25,2026-07-08
S001,P00309,298,25,2026-07-08
S001,P00310,162,25,2026-07-08
S001,P00311,176,25,2026-07-08
S001,P00312,170,25,2026-07-08
S001,P00313,89,25,2026-07-08
S001,P00314,24,25,2026-07-08
S001,P00315,121,25,2026-07-08
S001,P00316,55,25,2026-07-08
S001,P00317,171,25,2026-07-08
S001,P00318,46,25,2026-07-08
S001,P00319,277,25,2026-07-08
S001,P00320,263,25,2026-07-08
S001,P00321,100,25,2026-07-08
S001,P00322,256,25,2026-07-08
S001,P00323,48,25,2026-07-08
S001,P00324,76,25,2026-07-08
S001,P00325,51,25,2026-07-08
S001,P00326,175,25,2026-07-08
S001,P00327,183,25,2026-07-08
S001,P00328,55,25,2026-07-08
S001,P00329,276,25,2026-07-08
S001,P00330,270,25,2026-07-08
S001,P00331,264,25,2026-07-08
S001,P00332,239,25,2026-07-08
S001,P00333,204,25,2026-07-08
S001,P00334,33,25,2026-07-08
S001,P00335,232,25,2026-07-08
S001,P00336,3,25,2026-07-08
S001,P00337,278,25,2026-07-08
S001,P00338,286,25,2026-07-08
S001,P00339,136,25,2026-07-08
S001,P00340,161,25,2026-07-08
S001,P00341,101,25,2026-07-08
S001,P00342,114,25,2026-07-08
S001,P00343,79,25,2026-07-08
S001,P00344,193,25,2026-07-08
S001,P00345,196,25,2026-07-08
S001,P00346,160,25,2026-07-08
S001,P00347,100,25,2026-07-08
S001,P00348,175,25,2026-07-08
S001,P00349,260,25,2026-07-08
S001,P00350,146,25,2026-07-08
S001,P00351,213,25,2026-07-08
S001,P00352,37,25,2026-07-08
S001,P00353,28,25,2026-07-08
S001,P00354,69,25,2026-07-08
S001,P00355,54,25,2026-07-08
S001,P00356,249,25,2026-07-08
S001,P00357,109,25,2026-07-08
S001,P00358,29,25,2026-07-08
S001,P00359,158,25,2026-07-08
S001,P00360,97,25,2026-07-08
S001,P00361,293,25,2026-07-08
S001,P00362,167,25,2026-07-08
S001,P00363,62,25,2026-07-08
S001,P00364,131,25,2026-07-08
S001,P00365,214,25,2026-07-08
S001,P00366,153,25,2026-07-08
S001,P00367,187,25,2026-07-08
S001,P00368,144,25,2026-07-08
S001,P00369,5,25,2026-07-08
S001,P00370,83,25,2026-07-08
S001,P00371,300,25,2026-07-08
S001,P00372,289,25,2026-07-08
S001,P00373,78,25,2026-07-08
S001,P00374,152,25,2026-07-08
S001,P00375,21,25,2026-07-08
S001,P00376,290,25,2026-07-08
S001,P00377,33,25,2026-07-08
S001,P00378,94,25,2026-07-08
S001,P00379,286,25,2026-07-08
S001,P00380,269,25,2026-07-08
S001,P00381,113,25,2026-07-08
S001,P00382,34,25,2026-07-08
S001,P00383,110,25,2026-07-08
S001,P00384,165,25,2026-07-08
S001,P00385,100,25,2026-07-08
S001,P00386,279,25,2026-07-08
S001,P00387,86,25,2026-07-08
S001,P00388,70,25,2026-07-08
S001,P00389,44,25,2026-07-08
S001,P00390,24,25,2026-07-08
S001,P00391,128,25,2026-07-08
S001,P00392,41,25,2026-07-08
S001,P00393,89,25,2026-07-08
S001,P00394,293,25,2026-07-08
S001,P00395,16,25,2026-07-08
S001,P00396,174,25,2026-07-08
S001,P00397,294,25,2026-07-08
S001,P00398,171,25,2026-07-08
S001,P00399,146,25,2026-07-08
S001,P00400,300,25,2026-07-08
S001,P00401,176,25,2026-07-08
S001,P00402,107,25,2026-07-08
S001,P00403,80,25,2026-07-08
S001,P00404,276,25,2026-07-08
S001,P00405,141,25,2026-07-08
S001,P00406,88,25,2026-07-08
S001,P00407,160,25,2026-07-08
S001,P00408,112,25,2026-07-08
S001,P00409,295,25,2026-07-08
S001,P00410,129,25,2026-07-08
S001,P00411,79,25,2026-07-08
S001,P00412,34,25,2026-07-08
S001,P00413,115,25,2026-07-08
S001,P00414,181,25,2026-07-08
S001,P00415,251,25,2026-07-08
S001,P00416,285,25,2026-07-08
S001,P00417,169,25,2026-07-08
S001,P00418,14,25,2026-07-08
S001,P00419,136,25,2026-07-08
S001,P00420,110,25,2026-07-08
S001,P00421,56,25,2026-07-08
S001,P00422,126,25,2026-07-08
S001,P00423,103,25,2026-07-08
S001,P00424,213,25,2026-07-08
S001,P00425,188,25,2026-07-08
S001,P00426,60,25,2026-07-08
S001,P00427,89,25,2026-07-08
S001,P00428,191,25,2026-07-08
S001,P00429,280,25,2026-07-08
S001,P00430,30,25,2026-07-08
S001,P00431,203,25,2026-07-08
S001,P00432,255,25,2026-07-08
S001,P00433,287,25,2026-07-08
S001,P00434,6,25,2026-07-08
S001,P00435,281,25,2026-07-08
S001,P00436,16,25,2026-07-08
S001,P00437,89,25,2026-07-08
S001,P00438,203,25,2026-07-08
S001,P00439,6,25,2026-07-08
S001,P00440,47,25,2026-07-08
S001,P00441,99,25,2026-07-08
S001,P00442,83,25,2026-07-08
S001,P00443,281,25,2026-07-08
S001,P00444,278,25,2026-07-08
S001,P00445,25,25,2026-07-08
S001,P00446,287,25,2026-07-08
S001,P00447,210,25,2026-07-08
S001,P00448,297,25,2026-07-08
S001,P00449,198,25,2026-07-08
S001,P00450,292,25,2026-07-08
S001,P00451,219,25,2026-07-08
S001,P00452,53,25,2026-07-08
S001,P00453,123,25,2026-07-08
S001,P00454,122,25,2026-07-08
S001,P00455,17,25,2026-07-08
S001,P00456,85,25,2026-07-08
S001,P00457,245,25,2026-07-08
S001,P00458,111,25,2026-07-08
S001,P00459,142,25,2026-07-08
S001,P00460,268,25,2026-07-08
S001,P00461,36,25,2026-07-08
S001,P00462,55,25,2026-07-08
S001,P00463,43,25,2026-07-08
S001,P00464,242,25,2026-07-08
S001,P00465,242,25,2026-07-08
S001,P00466,261,25,2026-07-08
S001,P00467,12,25,2026-07-08
S001,P00468,116,25,2026-07-08
S001,P00469,166,25,2026-07-08
S001,P00470,107,25,2026-07-08
S001,P00471,43,25,2026-07-08
S001,P00472,145,25,2026-07-08
S001,P00473,32,25,2026-07-08
S001,P00474,196,25,2026-07-08
S001,P00475,143,25,2026-07-08
S001,P00476,195,25,2026-07-08
S001,P00477,127,25,2026-07-08
S001,P00478,24,25,2026-07-08
S001,P00479,30,25,2026-07-08
S001,P00480,21,25,2026-07-08
S001,P00481,173,25,2026-07-08
S001,P00482,95,25,2026-07-08
S001,P00483,205,25,2026-07-08
S001,P00484,195,25,2026-07-08
S001,P00485,142,25,2026-07-08
S001,P00486,186,25,2026-07-08
S001,P00487,183,25,2026-07-08
S001,P00488,297,25,2026-07-08
S001,P00489,123,25,2026-07-08
S001,P00490,188,25,2026-07-08
S001,P00491,76,25,2026-07-08
S001,P00492,57,25,2026-07-08
S001,P00493,159,25,2026-07-08
S001,P00494,270,25,2026-07-08
S001,P00495,26,25,2026-07-08
S001,P00496,275,25,2026-07-08
S001,P00497,283,25,2026-07-08
S001,P00498,167,25,2026-07-08
S001,P00499,241,25,2026-07-08
S001,P00500,19,25,2026-07-08
S002,P00001,13,25,2026-07-08
S002,P00002,213,25,2026-07-08
S002,P00003,87,25,2026-07-08
S002,P00004,131,25,2026-07-08
S002,P00005,68,25,2026-07-08
S002,P00006,251,25,2026-07-08
S002,P00007,191,25,2026-07-08
S002,P00008,255,25,2026-07-08
S002,P00009,171,25,2026-07-08
S002,P00010,68,25,2026-07-08
S002,P00011,176,25,2026-07-08
S002,P00012,72,25,2026-07-08
S002,P00013,264,25,2026-07-08
S002,P00014,287,25,2026-07-08
S002,P00015,187,25,2026-07-08
S002,P00016,105,25,2026-07-08
S002,P00017,148,25,2026-07-08
S002,P00018,244,25,2026-07-08
S002,P00019,270,25,2026-07-08
S002,P00020,291,25,2026-07-08
S002,P00021,54,25,2026-07-08
S002,P00022,160,25,2026-07-08
S002,P00023,222,25,2026-07-08
S002,P00024,33,25,2026-07-08
S002,P00025,288,25,2026-07-08
S002,P00026,24,25,2026-07-08
S002,P00027,46,25,2026-07-08
S002,P00028,131,25,2026-07-08
S002,P00029,244,25,2026-07-08
S002,P00030,134,25,2026-07-08
S002,P00031,150,25,2026-07-08
S002,P00032,117,25,2026-07-08
S002,P00033,59,25,2026-07-08
S002,P00034,178,25,2026-07-08
S002,P00035,199,25,2026-07-08
S002,P00036,1,25,2026-07-08
S002,P00037,173,25,2026-07-08
S002,P00038,210,25,2026-07-08
S002,P00039,218,25,2026-07-08
S002,P00040,217,25,2026-07-08
S002,P00041,9,25,2026-07-08
S002,P00042,232,25,2026-07-08
S002,P00043,56,25,2026-07-08
S002,P00044,15,25,2026-07-08
S002,P00045,243,25,2026-07-08
S002,P00046,201,25,2026-07-08
S002,P00047,286,25,2026-07-08
S002,P00048,181,25,2026-07-08
S002,P00049,122,25,2026-07-08
S002,P00050,57,25,2026-07-08
S002,P00051,219,25,2026-07-08
S002,P00052,208,25,2026-07-08
S002,P00053,93,25,2026-07-08
S002,P00054,132,25,2026-07-08
S002,P00055,70,25,2026-07-08
S002,P00056,185,25,2026-07-08
S002,P00057,137,25,2026-07-08
S002,P00058,107,25,2026-07-08
S002,P00059,258,25,2026-07-08
S002,P00060,129,25,2026-07-08
S002,P00061,214,25,2026-07-08
S002,P00062,77,25,2026-07-08
S002,P00063,167,25,2026-07-08
S002,P00064,212,25,2026-07-08
S002,P00065,118,25,2026-07-08
S002,P00066,126,25,2026-07-08
S002,P00067,15,25,2026-07-08
S002,P00068,64,25,2026-07-08
S002,P00069,223,25,2026-07-08
S002,P00070,60,25,2026-07-08
S002,P00071,261,25,2026-07-08
S002,P00072,108,25,2026-07-08
S002,P00073,54,25,2026-07-08
S002,P00074,111,25,2026-07-08
S002,P00075,282,25,2026-07-08
S002,P00076,19,25,2026-07-08
S002,P00077,266,25,2026-07-08
S002,P00078,207,25,2026-07-08
S002,P00079,76,25,2026-07-08
S002,P00080,92,25,2026-07-08
S002,P00081,84,25,2026-07-08
S002,P00082,174,25,2026-07-08
S002,P00083,38,25,2026-07-08
S002,P00084,277,25,2026-07-08
S002,P00085,49,25,2026-07-08
S002,P00086,94,25,2026-07-08
S002,P00087,146,25,2026-07-08
S002,P00088,39,25,2026-07-08
S002,P00089,194,25,2026-07-08
S002,P00090,218,25,2026-07-08
S002,P00091,129,25,2026-07-08
S002,P00092,201,25,2026-07-08
S002,P00093,244,25,2026-07-08
S002,P00094,16,25,2026-07-08
S002,P00095,280,25,2026-07-08
S002,P00096,152,25,2026-07-08
S002,P00097,173,25,2026-07-08
S002,P00098,66,25,2026-07-08
S002,P00099,240,25,2026-07-08
S002,P00100,217,25,2026-07-08
S002,P00101,194,25,2026-07-08
S002,P00102,177,25,2026-07-08
S002,P00103,30,25,2026-07-08
S002,P00104,64,25,2026-07-08
S002,P00105,258,25,2026-07-08
S002,P00106,287,25,2026-07-08
S002,P00107,231,25,2026-07-08
S002,P00108,11,25,2026-07-08
S002,P00109,252,25,2026-07-08
S002,P00110,231,25,2026-07-08
S002,P00111,48,25,2026-07-08
S002,P00112,137,25,2026-07-08
S002,P00113,165,25,2026-07-08
S002,P00114,184,25,2026-07-08
S002,P00115,126,25,2026-07-08
S002,P00116,246,25,2026-07-08
S002,P00117,147,25,2026-07-08
S002,P00118,247,25,2026-07-08
S002,P00119,229,25,2026-07-08
S002,P00120,177,25,2026-07-08
S002,P00121,32,25,2026-07-08
S002,P00122,140,25,2026-07-08
S002,P00123,125,25,2026-07-08
S002,P00124,269,25,2026-07-08
S002,P00125,88,25,2026-07-08
S002,P00126,104,25,2026-07-08
S002,P00127,185,25,2026-07-08
S002,P00128,0,25,2026-07-08
S002,P00129,276,25,2026-07-08
S002,P00130,201,25,2026-07-08
S002,P00131,175,25,2026-07-08
S002,P00132,88,25,2026-07-08
S002,P00133,195,25,2026-07-08
S002,P00134,260,25,2026-07-08
S002,P00135,155,25,2026-07-08
S002,P00136,194,25,2026-07-08
S002,P00137,191,25,2026-07-08
S002,P00138,90,25,2026-07-08
S002,P00139,205,25,2026-07-08
S002,P00140,30,25,2026-07-08
S002,P00141,151,25,2026-07-08
S002,P00142,12,25,2026-07-08
S002,P00143,53,25,2026-07-08
S002,P00144,60,25,2026-07-08
S002,P00145,106,25,2026-07-08
S002,P00146,209,25,2026-07-08
S002,P00147,145,25,2026-07-08
S002,P00148,48,25,2026-07-08
S002,P00149,133,25,2026-07-08
S002,P00150,58,25,2026-07-08
S002,P00151,166,25,2026-07-08
S002,P00152,227,25,2026-07-08
S002,P00153,203,25,2026-07-08
S002,P00154,34,25,2026-07-08
S002,P00155,168,25,2026-07-08
S002,P00156,290,25,2026-07-08
S002,P00157,109,25,2026-07-08
S002,P00158,276,25,2026-07-08
S002,P00159,260,25,2026-07-08
S002,P00160,249,25,2026-07-08
S002,P00161,204,25,2026-07-08
S002,P00162,14,25,2026-07-08
S002,P00163,216,25,2026-07-08
S002,P00164,116,25,2026-07-08
S002,P00165,50,25,2026-07-08
S002,P00166,262,25,2026-07-08
S002,P00167,74,25,2026-07-08
S002,P00168,139,25,2026-07-08
S002,P00169,260,25,2026-07-08
S002,P00170,81,25,2026-07-08
S002,P00171,205,25,2026-07-08
S002,P00172,94,25,2026-07-08
S002,P00173,239,25,2026-07-08
S002,P00174,38,25,2026-07-08
S002,P00175,177,25,2026-07-08
S002,P00176,163,25,2026-07-08
S002,P00177,46,25,2026-07-08
S002,P00178,209,25,2026-07-08
S002,P00179,76,25,2026-07-08
S002,P00180,178,25,2026-07-08
S002,P00181,186,25,2026-07-08
S002,P00182,155,25,2026-07-08
S002,P00183,4,25,2026-07-08
S002,P00184,267,25,2026-07-08
S002,P00185,27,25,2026-07-08
S002,P00186,276,25,2026-07-08
S002,P00187,290,25,2026-07-08
S002,P00188,202,25,2026-07-08
S002,P00189,280,25,2026-07-08
S002,P00190,101,25,2026-07-08
S002,P00191,223,25,2026-07-08
S002,P00192,14,25,2026-07-08
S002,P00193,170,25,2026-07-08
S002,P00194,178,25,2026-07-08
S002,P00195,138,25,2026-07-08
S002,P00196,55,25,2026-07-08
S002,P00197,252,25,2026-07-08
S002,P00198,202,25,2026-07-08
S002,P00199,119,25,2026-07-08
S002,P00200,116,25,2026-07-08
S002,P00201,46,25,2026-07-08
S002,P00202,18,25,2026-07-08
S002,P00203,199,25,2026-07-08
S002,P00204,132,25,2026-07-08
S002,P00205,248,25,2026-07-08
S002,P00206,296,25,2026-07-08
S002,P00207,163,25,2026-07-08
S002,P00208,260,25,2026-07-08
S002,P00209,13,25,2026-07-08
S002,P00210,66,25,2026-07-08
S002,P00211,41,25,2026-07-08
S002,P00212,123,25,2026-07-08
S002,P00213,151,25,2026-07-08
S002,P00214,110,25,2026-07-08
S002,P00215,42,25,2026-07-08
S002,P00216,176,25,2026-07-08
S002,P00217,56,25,2026-07-08
S002,P00218,42,25,2026-07-08
S002,P00219,4,25,2026-07-08
S002,P00220,197,25,2026-07-08
S002,P00221,127,25,2026-07-08
S002,P00222,157,25,2026-07-08
S002,P00223,84,25,2026-07-08
S002,P00224,59,25,2026-07-08
S002,P00225,117,25,2026-07-08
S002,P00226,286,25,2026-07-08
S002,P00227,231,25,2026-07-08
S002,P00228,144,25,2026-07-08
S002,P00229,119,25,2026-07-08
S002,P00230,140,25,2026-07-08
S002,P00231,239,25,2026-07-08
S002,P00232,237,25,2026-07-08
S002,P00233,163,25,2026-07-08
S002,P00234,166,25,2026-07-08
S002,P00235,71,25,2026-07-08
S002,P00236,10,25,2026-07-08
S002,P00237,153,25,2026-07-08
S002,P00238,45,25,2026-07-08
S002,P00239,88,25,2026-07-08
S002,P00240,122,25,2026-07-08
S002,P00241,11,25,2026-07-08
S002,P00242,195,25,2026-07-08
S002,P00243,269,25,2026-07-08
S002,P00244,217,25,2026-07-08
S002,P00245,140,25,2026-07-08
S002,P00246,104,25,2026-07-08
S002,P00247,13,25,2026-07-08
S002,P00248,83,25,2026-07-08
S002,P00249,70,25,2026-07-08
S002,P00250,272,25,2026-07-08
S002,P00251,200,25,2026-07-08
S002,P00252,180,25,2026-07-08
S002,P00253,240,25,2026-07-08
S002,P00254,102,25,2026-07-08
S002,P00255,23,25,2026-07-08
S002,P00256,97,25,2026-07-08
S002,P00257,204,25,2026-07-08
S002,P00258,137,25,2026-07-08
S002,P00259,148,25,2026-07-08
S002,P00260,89,25,2026-07-08
S002,P00261,282,25,2026-07-08
S002,P00262,122,25,2026-07-08
S002,P00263,8,25,2026-07-08
S002,P00264,45,25,2026-07-08
S002,P00265,231,25,2026-07-08
S002,P00266,16,25,2026-07-08
S002,P00267,215,25,2026-07-08
S002,P00268,79,25,2026-07-08
S002,P00269,246,25,2026-07-08
S002,P00270,161,25,2026-07-08
S002,P00271,217,25,2026-07-08
S002,P00272,13,25,2026-07-08
S002,P00273,143,25,2026-07-08
S002,P00274,215,25,2026-07-08
S002,P00275,78,25,2026-07-08
S002,P00276,238,25,2026-07-08
S002,P00277,74,25,2026-07-08
S002,P00278,46,25,2026-07-08
S002,P00279,300,25,2026-07-08
S002,P00280,188,25,2026-07-08
S002,P00281,78,25,2026-07-08
S002,P00282,223,25,2026-07-08
S002,P00283,16,25,2026-07-08
S002,P00284,149,25,2026-07-08
S002,P00285,47,25,2026-07-08
S002,P00286,231,25,2026-07-08
S002,P00287,202,25,2026-07-08
S002,P00288,252,25,2026-07-08
S002,P00289,74,25,2026-07-08
S002,P00290,225,25,2026-07-08
S002,P00291,138,25,2026-07-08
S002,P00292,23,25,2026-07-08
S002,P00293,136,25,2026-07-08
S002,P00294,5,25,2026-07-08
S002,P00295,154,25,2026-07-08
S002,P00296,205,25,2026-07-08
S002,P00297,219,25,2026-07-08
S002,P00298,14,25,2026-07-08
S002,P00299,173,25,2026-07-08
S002,P00300,235,25,2026-07-08
S002,P00301,93,25,2026-07-08
S002,P00302,82,25,2026-07-08
S002,P00303,72,25,2026-07-08
S002,P00304,14,25,2026-07-08
S002,P00305,240,25,2026-07-08
S002,P00306,33,25,2026-07-08
S002,P00307,56,25,2026-07-08
S002,P00308,284,25,2026-07-08
S002,P00309,204,25,2026-07-08
S002,P00310,125,25,2026-07-08
S002,P00311,166,25,2026-07-08
S002,P00312,286,25,2026-07-08
S002,P00313,12,25,2026-07-08
S002,P00314,263,25,2026-07-08
S002,P00315,135,25,2026-07-08
S002,P00316,146,25,2026-07-08
S002,P00317,210,25,2026-07-08
S002,P00318,88,25,2026-07-08
S002,P00319,230,25,2026-07-08
S002,P00320,60,25,2026-07-08
S002,P00321,252,25,2026-07-08
S002,P00322,67,25,2026-07-08
S002,P00323,44,25,2026-07-08
S002,P00324,154,25,2026-07-08
S002,P00325,229,25,2026-07-08
S002,P00326,233,25,2026-07-08
S002,P00327,162,25,2026-07-08
S002,P00328,166,25,2026-07-08
S002,P00329,211,25,2026-07-08
S002,P00330,265,25,2026-07-08
S002,P00331,174,25,2026-07-08
S002,P00332,293,25,2026-07-08
S002,P00333,219,25,2026-07-08
S002,P00334,94,25,2026-07-08
S002,P00335,235,25,2026-07-08
S002,P00336,31,25,2026-07-08
S002,P00337,281,25,2026-07-08
S002,P00338,129,25,2026-07-08
S002,P00339,14,25,2026-07-08
S002,P00340,156,25,2026-07-08
S002,P00341,178,25,2026-07-08
S002,P00342,216,25,2026-07-08
S002,P00343,203,25,2026-07-08
S002,P00344,167,25,2026-07-08
S002,P00345,256,25,2026-07-08
S002,P00346,59,25,2026-07-08
S002,P00347,117,25,2026-07-08
S002,P00348,62,25,2026-07-08
S002,P00349,107,25,2026-07-08
S002,P00350,222,25,2026-07-08
S002,P00351,227,25,2026-07-08
S002,P00352,189,25,2026-07-08
S002,P00353,153,25,2026-07-08
S002,P00354,65,25,2026-07-08
S002,P00355,281,25,2026-07-08
S002,P00356,52,25,2026-07-08
S002,P00357,200,25,2026-07-08
S002,P00358,63,25,2026-07-08
S002,P00359,253,25,2026-07-08
S002,P00360,94,25,2026-07-08
S002,P00361,152,25,2026-07-08
S002,P00362,95,25,2026-07-08
S002,P00363,83,25,2026-07-08
S002,P00364,135,25,2026-07-08
S002,P00365,251,25,2026-07-08
S002,P00366,80,25,2026-07-08
S002,P00367,150,25,2026-07-08
S002,P00368,50,25,2026-07-08
S002,P00369,50,25,2026-07-08
S002,P00370,151,25,2026-07-08
S002,P00371,230,25,2026-07-08
S002,P00372,167,25,2026-07-08
S002,P00373,220,25,2026-07-08
S002,P00374,123,25,2026-07-08
S002,P00375,100,25,2026-07-08
S002,P00376,141,25,2026-07-08
S002,P00377,293,25,2026-07-08
S002,P00378,41,25,2026-07-08
S002,P00379,292,25,2026-07-08
S002,P00380,168,25,2026-07-08
S002,P00381,153,25,2026-07-08
S002,P00382,3,25,2026-07-08
S002,P00383,16,25,2026-07-08
S002,P00384,133,25,2026-07-08
S002,P00385,195,25,2026-07-08
S002,P00386,274,25,2026-07-08
S002,P00387,71,25,2026-07-08
S002,P00388,67,25,2026-07-08
S002,P00389,215,25,2026-07-08
S002,P00390,134,25,2026-07-08
S002,P00391,112,25,2026-07-08
S002,P00392,259,25,2026-07-08
S002,P00393,201,25,2026-07-08
S002,P00394,291,25,2026-07-08
S002,P00395,144,25,2026-07-08
S002,P00396,217,25,2026-07-08
S002,P00397,175,25,2026-07-08
S002,P00398,234,25,2026-07-08
S002,P00399,199,25,2026-07-08
S002,P00400,40,25,2026-07-08
S002,P00401,293,25,2026-07-08
S002,P00402,25,25,2026-07-08
S002,P00403,218,25,2026-07-08
S002,P00404,212,25,2026-07-08
S002,P00405,147,25,2026-07-08
S002,P00406,169,25,2026-07-08
S002,P00407,222,25,2026-07-08
S002,P00408,170,25,2026-07-08
S002,P00409,250,25,2026-07-08
S002,P00410,196,25,2026-07-08
S002,P00411,234,25,2026-07-08
S002,P00412,176,25,2026-07-08
S002,P00413,238,25,2026-07-08
S002,P00414,139,25,2026-07-08
S002,P00415,215,25,2026-07-08
S002,P00416,75,25,2026-07-08
S002,P00417,296,25,2026-07-08
S002,P00418,144,25,2026-07-08
S002,P00419,240,25,2026-07-08
S002,P00420,77,25,2026-07-08
S002,P00421,228,25,2026-07-08
S002,P00422,144,25,2026-07-08
S002,P00423,271,25,2026-07-08
S002,P00424,194,25,2026-07-08
S002,P00425,143,25,2026-07-08
S002,P00426,66,25,2026-07-08
S002,P00427,77,25,2026-07-08
S002,P00428,26,25,2026-07-08
S002,P00429,297,25,2026-07-08
S002,P00430,123,25,2026-07-08
S002,P00431,299,25,2026-07-08
S002,P00432,148,25,2026-07-08
S002,P00433,171,25,2026-07-08
S002,P00434,193,25,2026-07-08
S002,P00435,175,25,2026-07-08
S002,P00436,74,25,2026-07-08
S002,P00437,135,25,2026-07-08
S002,P00438,107,25,2026-07-08
S002,P00439,26,25,2026-07-08
S002,P00440,293,25,2026-07-08
S002,P00441,2,25,2026-07-08
S002,P00442,153,25,2026-07-08
S002,P00443,200,25,2026-07-08
S002,P00444,297,25,2026-07-08
S002,P00445,225,25,2026-07-08
S002,P00446,17,25,2026-07-08
S002,P00447,3,25,2026-07-08
S002,P00448,270,25,2026-07-08
S002,P00449,290,25,2026-07-08
S002,P00450,52,25,2026-07-08
S002,P00451,73,25,2026-07-08
S002,P00452,18,25,2026-07-08
S002,P00453,293,25,2026-07-08
S002,P00454,29,25,2026-07-08
S002,P00455,244,25,2026-07-08
S002,P00456,24,25,2026-07-08
S002,P00457,110,25,2026-07-08
S002,P00458,18,25,2026-07-08
S002,P00459,104,25,2026-07-08
S002,P00460,178,25,2026-07-08
S002,P00461,238,25,2026-07-08
S002,P00462,96,25,2026-07-08
S002,P00463,201,25,2026-07-08
S002,P00464,170,25,2026-07-08
S002,P00465,129,25,2026-07-08
S002,P00466,190,25,2026-07-08
S002,P00467,85,25,2026-07-08
S002,P00468,183,25,2026-07-08
S002,P00469,172,25,2026-07-08
S002,P00470,273,25,2026-07-08
S002,P00471,40,25,2026-07-08
S002,P00472,76,25,2026-07-08
S002,P00473,96,25,2026-07-08
S002,P00474,78,25,2026-07-08
S002,P00475,126,25,2026-07-08
S002,P00476,111,25,2026-07-08
S002,P00477,82,25,2026-07-08
S002,P00478,194,25,2026-07-08
S002,P00479,242,25,2026-07-08
S002,P00480,96,25,2026-07-08
S002,P00481,42,25,2026-07-08
S002,P00482,235,25,2026-07-08
S002,P00483,142,25,2026-07-08
S002,P00484,166,25,2026-07-08
S002,P00485,9,25,2026-07-08
S002,P00486,125,25,2026-07-08
S002,P00487,236,25,2026-07-08
S002,P00488,296,25,2026-07-08
S002,P00489,111,25,2026-07-08
S002,P00490,9,25,2026-07-08
S002,P00491,244,25,2026-07-08
S002,P00492,191,25,2026-07-08
S002,P00493,184,25,2026-07-08
S002,P00494,44,25,2026-07-08
S002,P00495,199,25,2026-07-08
S002,P00496,64,25,2026-07-08
S002,P00497,113,25,2026-07-08
S002,P00498,36,25,2026-07-08
S002,P00499,0,25,2026-07-08
S002,P00500,95,25,2026-07-08
S003,P00001,167,25,2026-07-08
S003,P00002,108,25,2026-07-08
S003,P00003,186,25,2026-07-08
S003,P00004,252,25,2026-07-08
S003,P00005,116,25,2026-07-08
S003,P00006,127,25,2026-07-08
S003,P00007,133,25,2026-07-08
S003,P00008,208,25,2026-07-08
S003,P00009,24,25,2026-07-08
S003,P00010,26,25,2026-07-08
S003,P00011,85,25,2026-07-08
S003,P00012,84,25,2026-07-08
S003,P00013,91,25,2026-07-08
S003,P00014,73,25,2026-07-08
S003,P00015,151,25,2026-07-08
S003,P00016,254,25,2026-07-08
S003,P00017,196,25,2026-07-08
S003,P00018,149,25,2026-07-08
S003,P00019,155,25,2026-07-08
S003,P00020,265,25,2026-07-08
S003,P00021,248,25,2026-07-08
S003,P00022,113,25,2026-07-08
S003,P00023,5,25,2026-07-08
S003,P00024,135,25,2026-07-08
S003,P00025,251,25,2026-07-08
S003,P00026,121,25,2026-07-08
S003,P00027,130,25,2026-07-08
S003,P00028,159,25,2026-07-08
S003,P00029,159,25,2026-07-08
S003,P00030,288,25,2026-07-08
S003,P00031,16,25,2026-07-08
S003,P00032,281,25,2026-07-08
S003,P00033,63,25,2026-07-08
S003,P00034,11,25,2026-07-08
S003,P00035,0,25,2026-07-08
S003,P00036,27,25,2026-07-08
S003,P00037,39,25,2026-07-08
S003,P00038,219,25,2026-07-08
S003,P00039,40,25,2026-07-08
S003,P00040,106,25,2026-07-08
S003,P00041,101,25,2026-07-08
S003,P00042,144,25,2026-07-08
S003,P00043,202,25,2026-07-08
S003,P00044,290,25,2026-07-08
S003,P00045,297,25,2026-07-08
S003,P00046,31,25,2026-07-08
S003,P00047,132,25,2026-07-08
S003,P00048,232,25,2026-07-08
S003,P00049,183,25,2026-07-08
S003,P00050,41,25,2026-07-08
S003,P00051,78,25,2026-07-08
S003,P00052,188,25,2026-07-08
S003,P00053,179,25,2026-07-08
S003,P00054,123,25,2026-07-08
S003,P00055,235,25,2026-07-08
S003,P00056,35,25,2026-07-08
S003,P00057,269,25,2026-07-08
S003,P00058,19,25,2026-07-08
S003,P00059,168,25,2026-07-08
S003,P00060,44,25,2026-07-08
S003,P00061,82,25,2026-07-08
S003,P00062,105,25,2026-07-08
S003,P00063,228,25,2026-07-08
S003,P00064,175,25,2026-07-08
S003,P00065,191,25,2026-07-08
S003,P00066,245,25,2026-07-08
S003,P00067,111,25,2026-07-08
S003,P00068,275,25,2026-07-08
S003,P00069,265,25,2026-07-08
S003,P00070,109,25,2026-07-08
S003,P00071,120,25,2026-07-08
S003,P00072,181,25,2026-07-08
S003,P00073,189,25,2026-07-08
S003,P00074,245,25,2026-07-08
S003,P00075,258,25,2026-07-08
S003,P00076,208,25,2026-07-08
S003,P00077,83,25,2026-07-08
S003,P00078,288,25,2026-07-08
S003,P00079,169,25,2026-07-08
S003,P00080,119,25,2026-07-08
S003,P00081,262,25,2026-07-08
S003,P00082,264,25,2026-07-08
S003,P00083,71,25,2026-07-08
S003,P00084,1,25,2026-07-08
S003,P00085,205,25,2026-07-08
S003,P00086,234,25,2026-07-08
S003,P00087,174,25,2026-07-08
S003,P00088,182,25,2026-07-08
S003,P00089,282,25,2026-07-08
S003,P00090,194,25,2026-07-08
S003,P00091,39,25,2026-07-08
S003,P00092,288,25,2026-07-08
S003,P00093,51,25,2026-07-08
S003,P00094,133,25,2026-07-08
S003,P00095,249,25,2026-07-08
S003,P00096,147,25,2026-07-08
S003,P00097,257,25,2026-07-08
S003,P00098,27,25,2026-07-08
S003,P00099,60,25,2026-07-08
S003,P00100,260,25,2026-07-08
S003,P00101,113,25,2026-07-08
S003,P00102,203,25,2026-07-08
S003,P00103,141,25,2026-07-08
S003,P00104,67,25,2026-07-08
S003,P00105,252,25,2026-07-08
S003,P00106,195,25,2026-07-08
S003,P00107,221,25,2026-07-08
S003,P00108,245,25,2026-07-08
S003,P00109,38,25,2026-07-08
S003,P00110,292,25,2026-07-08
S003,P00111,158,25,2026-07-08
S003,P00112,45,25,2026-07-08
S003,P00113,147,25,2026-07-08
S003,P00114,238,25,2026-07-08
S003,P00115,265,25,2026-07-08
S003,P00116,231,25,2026-07-08
S003,P00117,169,25,2026-07-08
S003,P00118,201,25,2026-07-08
S003,P00119,165,25,2026-07-08
S003,P00120,43,25,2026-07-08
S003,P00121,284,25,2026-07-08
S003,P00122,71,25,2026-07-08
S003,P00123,43,25,2026-07-08
S003,P00124,209,25,2026-07-08
S003,P00125,21,25,2026-07-08
S003,P00126,289,25,2026-07-08
S003,P00127,155,25,2026-07-08
S003,P00128,209,25,2026-07-08
S003,P00129,99,25,2026-07-08
S003,P00130,176,25,2026-07-08
S003,P00131,169,25,2026-07-08
S003,P00132,146,25,2026-07-08
S003,P00133,213,25,2026-07-08
S003,P00134,68,25,2026-07-08
S003,P00135,27,25,2026-07-08
S003,P00136,116,25,2026-07-08
S003,P00137,209,25,2026-07-08
S003,P00138,77,25,2026-07-08
S003,P00139,283,25,2026-07-08
S003,P00140,166,25,2026-07-08
S003,P00141,90,25,2026-07-08
S003,P00142,41,25,2026-07-08
S003,P00143,118,25,2026-07-08
S003,P00144,72,25,2026-07-08
S003,P00145,227,25,2026-07-08
S003,P00146,12,25,2026-07-08
S003,P00147,82,25,2026-07-08
S003,P00148,292,25,2026-07-08
S003,P00149,20,25,2026-07-08
S003,P00150,228,25,2026-07-08
S003,P00151,65,25,2026-07-08
S003,P00152,129,25,2026-07-08
S003,P00153,74,25,2026-07-08
S003,P00154,26,25,2026-07-08
S003,P00155,169,25,2026-07-08
S003,P00156,152,25,2026-07-08
S003,P00157,288,25,2026-07-08
S003,P00158,91,25,2026-07-08
S003,P00159,272,25,2026-07-08
S003,P00160,257,25,2026-07-08
S003,P00161,196,25,2026-07-08
S003,P00162,228,25,2026-07-08
S003,P00163,152,25,2026-07-08
S003,P00164,34,25,2026-07-08
S003,P00165,12,25,2026-07-08
S003,P00166,141,25,2026-07-08
S003,P00167,124,25,2026-07-08
S003,P00168,146,25,2026-07-08
S003,P00169,117,25,2026-07-08
S003,P00170,196,25,2026-07-08
S003,P00171,219,25,2026-07-08
S003,P00172,38,25,2026-07-08
S003,P00173,94,25,2026-07-08
S003,P00174,238,25,2026-07-08
S003,P00175,189,25,2026-07-08
S003,P00176,172,25,2026-07-08
S003,P00177,146,25,2026-07-08
S003,P00178,141,25,2026-07-08
S003,P00179,1,25,2026-07-08
S003,P00180,59,25,2026-07-08
S003,P00181,7,25,2026-07-08
S003,P00182,109,25,2026-07-08
S003,P00183,106,25,2026-07-08
S003,P00184,257,25,2026-07-08
S003,P00185,189,25,2026-07-08
S003,P00186,115,25,2026-07-08
S003,P00187,71,25,2026-07-08
S003,P00188,26,25,2026-07-08
S003,P00189,229,25,2026-07-08
S003,P00190,38,25,2026-07-08
S003,P00191,40,25,2026-07-08
S003,P00192,248,25,2026-07-08
S003,P00193,251,25,2026-07-08
S003,P00194,174,25,2026-07-08
S003,P00195,216,25,2026-07-08
S003,P00196,299,25,2026-07-08
S003,P00197,239,25,2026-07-08
S003,P00198,41,25,2026-07-08
S003,P00199,231,25,2026-07-08
S003,P00200,233,25,2026-07-08
S003,P00201,173,25,2026-07-08
S003,P00202,53,25,2026-07-08
S003,P00203,103,25,2026-07-08
S003,P00204,66,25,2026-07-08
S003,P00205,30,25,2026-07-08
S003,P00206,1,25,2026-07-08
S003,P00207,172,25,2026-07-08
S003,P00208,266,25,2026-07-08
S003,P00209,171,25,2026-07-08
S003,P00210,33,25,2026-07-08
S003,P00211,75,25,2026-07-08
S003,P00212,98,25,2026-07-08
S003,P00213,29,25,2026-07-08
S003,P00214,248,25,2026-07-08
S003,P00215,88,25,2026-07-08
S003,P00216,88,25,2026-07-08
S003,P00217,62,25,2026-07-08
S003,P00218,11,25,2026-07-08
S003,P00219,102,25,2026-07-08
S003,P00220,283,25,2026-07-08
S003,P00221,187,25,2026-07-08
S003,P00222,92,25,2026-07-08
S003,P00223,12,25,2026-07-08
S003,P00224,79,25,2026-07-08
S003,P00225,9,25,2026-07-08
S003,P00226,11,25,2026-07-08
S003,P00227,25,25,2026-07-08
S003,P00228,68,25,2026-07-08
S003,P00229,78,25,2026-07-08
S003,P00230,25,25,2026-07-08
S003,P00231,295,25,2026-07-08
S003,P00232,183,25,2026-07-08
S003,P00233,132,25,2026-07-08
S003,P00234,61,25,2026-07-08
S003,P00235,190,25,2026-07-08
S003,P00236,274,25,2026-07-08
S003,P00237,296,25,2026-07-08
S003,P00238,0,25,2026-07-08
S003,P00239,195,25,2026-07-08
S003,P00240,250,25,2026-07-08
S003,P00241,81,25,2026-07-08
S003,P00242,82,25,2026-07-08
S003,P00243,37,25,2026-07-08
S003,P00244,227,25,2026-07-08
S003,P00245,210,25,2026-07-08
S003,P00246,22,25,2026-07-08
S003,P00247,296,25,2026-07-08
S003,P00248,105,25,2026-07-08
S003,P00249,239,25,2026-07-08
S003,P00250,151,25,2026-07-08
S003,P00251,227,25,2026-07-08
S003,P00252,278,25,2026-07-08
S003,P00253,106,25,2026-07-08
S003,P00254,112,25,2026-07-08
S003,P00255,84,25,2026-07-08
S003,P00256,44,25,2026-07-08
S003,P00257,25,25,2026-07-08
S003,P00258,211,25,2026-07-08
S003,P00259,223,25,2026-07-08
S003,P00260,125,25,2026-07-08
S003,P00261,199,25,2026-07-08
S003,P00262,84,25,2026-07-08
S003,P00263,252,25,2026-07-08
S003,P00264,287,25,2026-07-08
S003,P00265,239,25,2026-07-08
S003,P00266,249,25,2026-07-08
S003,P00267,106,25,2026-07-08
S003,P00268,205,25,2026-07-08
S003,P00269,141,25,2026-07-08
S003,P00270,143,25,2026-07-08
S003,P00271,286,25,2026-07-08
S003,P00272,110,25,2026-07-08
S003,P00273,278,25,2026-07-08
S003,P00274,47,25,2026-07-08
S003,P00275,211,25,2026-07-08
S003,P00276,59,25,2026-07-08
S003,P00277,132,25,2026-07-08
S003,P00278,19,25,2026-07-08
S003,P00279,196,25,2026-07-08
S003,P00280,13,25,2026-07-08
S003,P00281,156,25,2026-07-08
S003,P00282,129,25,2026-07-08
S003,P00283,7,25,2026-07-08
S003,P00284,221,25,2026-07-08
S003,P00285,41,25,2026-07-08
S003,P00286,149,25,2026-07-08
S003,P00287,140,25,2026-07-08
S003,P00288,22,25,2026-07-08
S003,P00289,167,25,2026-07-08
S003,P00290,226,25,2026-07-08
S003,P00291,67,25,2026-07-08
S003,P00292,84,25,2026-07-08
S003,P00293,282,25,2026-07-08
S003,P00294,98,25,2026-07-08
S003,P00295,210,25,2026-07-08
S003,P00296,32,25,2026-07-08
S003,P00297,66,25,2026-07-08
S003,P00298,16,25,2026-07-08
S003,P00299,167,25,2026-07-08
S003,P00300,160,25,2026-07-08
S003,P00301,32,25,2026-07-08
S003,P00302,262,25,2026-07-08
S003,P00303,115,25,2026-07-08
S003,P00304,22,25,2026-07-08
S003,P00305,103,25,2026-07-08
S003,P00306,23,25,2026-07-08
S003,P00307,262,25,2026-07-08
S003,P00308,230,25,2026-07-08
S003,P00309,147,25,2026-07-08
S003,P00310,135,25,2026-07-08
S003,P00311,118,25,2026-07-08
S003,P00312,149,25,2026-07-08
S003,P00313,290,25,2026-07-08
S003,P00314,289,25,2026-07-08
S003,P00315,272,25,2026-07-08
S003,P00316,183,25,2026-07-08
S003,P00317,204,25,2026-07-08
S003,P00318,161,25,2026-07-08
S003,P00319,218,25,2026-07-08
S003,P00320,300,25,2026-07-08
S003,P00321,137,25,2026-07-08
S003,P00322,194,25,2026-07-08
S003,P00323,32,25,2026-07-08
S003,P00324,178,25,2026-07-08
S003,P00325,164,25,2026-07-08
S003,P00326,230,25,2026-07-08
S003,P00327,30,25,2026-07-08
S003,P00328,118,25,2026-07-08
S003,P00329,147,25,2026-07-08
S003,P00330,279,25,2026-07-08
S003,P00331,112,25,2026-07-08
S003,P00332,254,25,2026-07-08
S003,P00333,98,25,2026-07-08
S003,P00334,266,25,2026-07-08
S003,P00335,78,25,2026-07-08
S003,P00336,265,25,2026-07-08
S003,P00337,269,25,2026-07-08
S003,P00338,76,25,2026-07-08
S003,P00339,143,25,2026-07-08
S003,P00340,24,25,2026-07-08
S003,P00341,97,25,2026-07-08
S003,P00342,139,25,2026-07-08
S003,P00343,294,25,2026-07-08
S003,P00344,183,25,2026-07-08
S003,P00345,74,25,2026-07-08
S003,P00346,7,25,2026-07-08
S003,P00347,153,25,2026-07-08
S003,P00348,237,25,2026-07-08
S003,P00349,135,25,2026-07-08
S003,P00350,88,25,2026-07-08
S003,P00351,187,25,2026-07-08
S003,P00352,156,25,2026-07-08
S003,P00353,281,25,2026-07-08
S003,P00354,35,25,2026-07-08
S003,P00355,185,25,2026-07-08
S003,P00356,180,25,2026-07-08
S003,P00357,222,25,2026-07-08
S003,P00358,169,25,2026-07-08
S003,P00359,129,25,2026-07-08
S003,P00360,94,25,2026-07-08
S003,P00361,288,25,2026-07-08
S003,P00362,279,25,2026-07-08
S003,P00363,71,25,2026-07-08
S003,P00364,209,25,2026-07-08
S003,P00365,210,25,2026-07-08
S003,P00366,155,25,2026-07-08
S003,P00367,148,25,2026-07-08
S003,P00368,33,25,2026-07-08
S003,P00369,232,25,2026-07-08
S003,P00370,51,25,2026-07-08
S003,P00371,247,25,2026-07-08
S003,P00372,2,25,2026-07-08
S003,P00373,157,25,2026-07-08
S003,P00374,130,25,2026-07-08
S003,P00375,275,25,2026-07-08
S003,P00376,3,25,2026-07-08
S003,P00377,160,25,2026-07-08
S003,P00378,280,25,2026-07-08
S003,P00379,4,25,2026-07-08
S003,P00380,193,25,2026-07-08
S003,P00381,62,25,2026-07-08
S003,P00382,165,25,2026-07-08
S003,P00383,297,25,2026-07-08
S003,P00384,167,25,2026-07-08
S003,P00385,99,25,2026-07-08
S003,P00386,177,25,2026-07-08
S003,P00387,203,25,2026-07-08
S003,P00388,223,25,2026-07-08
S003,P00389,153,25,2026-07-08
S003,P00390,191,25,2026-07-08
S003,P00391,42,25,2026-07-08
S003,P00392,283,25,2026-07-08
S003,P00393,265,25,2026-07-08
S003,P00394,112,25,2026-07-08
S003,P00395,18,25,2026-07-08
S003,P00396,133,25,2026-07-08
S003,P00397,237,25,2026-07-08
S003,P00398,226,25,2026-07-08
S003,P00399,255,25,2026-07-08
S003,P00400,80,25,2026-07-08
S003,P00401,147,25,2026-07-08
S003,P00402,184,25,2026-07-08
S003,P00403,44,25,2026-07-08
S003,P00404,134,25,2026-07-08
S003,P00405,254,25,2026-07-08
S003,P00406,156,25,2026-07-08
S003,P00407,219,25,2026-07-08
S003,P00408,178,25,2026-07-08
S003,P00409,292,25,2026-07-08
S003,P00410,291,25,2026-07-08
S003,P00411,40,25,2026-07-08
S003,P00412,105,25,2026-07-08
S003,P00413,208,25,2026-07-08
S003,P00414,238,25,2026-07-08
S003,P00415,21,25,2026-07-08
S003,P00416,32,25,2026-07-08
S003,P00417,75,25,2026-07-08
S003,P00418,13,25,2026-07-08
S003,P00419,264,25,2026-07-08
S003,P00420,70,25,2026-07-08
S003,P00421,177,25,2026-07-08
S003,P00422,54,25,2026-07-08
S003,P00423,183,25,2026-07-08
S003,P00424,261,25,2026-07-08
S003,P00425,61,25,2026-07-08
S003,P00426,78,25,2026-07-08
S003,P00427,6,25,2026-07-08
S003,P00428,280,25,2026-07-08
S003,P00429,115,25,2026-07-08
S003,P00430,202,25,2026-07-08
S003,P00431,149,25,2026-07-08
S003,P00432,249,25,2026-07-08
S003,P00433,108,25,2026-07-08
S003,P00434,232,25,2026-07-08
S003,P00435,160,25,2026-07-08
S003,P00436,67,25,2026-07-08
S003,P00437,175,25,2026-07-08
S003,P00438,274,25,2026-07-08
S003,P00439,163,25,2026-07-08
S003,P00440,276,25,2026-07-08
S003,P00441,283,25,2026-07-08
S003,P00442,130,25,2026-07-08
S003,P00443,40,25,2026-07-08
S003,P00444,297,25,2026-07-08
S003,P00445,168,25,2026-07-08
S003,P00446,260,25,2026-07-08
S003,P00447,1,25,2026-07-08
S003,P00448,124,25,2026-07-08
S003,P00449,300,25,2026-07-08
S003,P00450,112,25,2026-07-08
S003,P00451,9,25,2026-07-08
S003,P00452,96,25,2026-07-08
S003,P00453,31,25,2026-07-08
S003,P00454,229,25,2026-07-08
S003,P00455,110,25,2026-07-08
S003,P00456,247,25,2026-07-08
S003,P00457,227,25,2026-07-08
S003,P00458,258,25,2026-07-08
S003,P00459,19,25,2026-07-08
S003,P00460,128,25,2026-07-08
S003,P00461,100,25,2026-07-08
S003,P00462,225,25,2026-07-08
S003,P00463,188,25,2026-07-08
S003,P00464,276,25,2026-07-08
S003,P00465,104,25,2026-07-08
S003,P00466,212,25,2026-07-08
S003,P00467,289,25,2026-07-08
S003,P00468,103,25,2026-07-08
S003,P00469,52,25,2026-07-08
S003,P00470,178,25,2026-07-08
S003,P00471,63,25,2026-07-08
S003,P00472,177,25,2026-07-08
S003,P00473,69,25,2026-07-08
S003,P00474,296,25,2026-07-08
S003,P00475,95,25,2026-07-08
S003,P00476,239,25,2026-07-08
S003,P00477,31,25,2026-07-08
S003,P00478,239,25,2026-07-08
S003,P00479,118,25,2026-07-08
S003,P00480,279,25,2026-07-08
S003,P00481,158,25,2026-07-08
S003,P00482,262,25,2026-07-08
S003,P00483,185,25,2026-07-08
S003,P00484,71,25,2026-07-08
S003,P00485,279,25,2026-07-08
S003,P00486,145,25,2026-07-08
S003,P00487,126,25,2026-07-08
S003,P00488,181,25,2026-07-08
S003,P00489,281,25,2026-07-08
S003,P00490,241,25,2026-07-08
S003,P00491,23,25,2026-07-08
S003,P00492,238,25,2026-07-08
S003,P00493,13,25,2026-07-08
S003,P00494,204,25,2026-07-08
S003,P00495,49,25,2026-07-08
S003,P00496,271,25,2026-07-08
S003,P00497,32,25,2026-07-08
S003,P00498,294,25,2026-07-08
S003,P00499,63,25,2026-07-08
S003,P00500,232,25,2026-07-08
S004,P00001,243,25,2026-07-08
S004,P00002,295,25,2026-07-08
S004,P00003,82,25,2026-07-08
S004,P00004,148,25,2026-07-08
S004,P00005,57,25,2026-07-08
S004,P00006,190,25,2026-07-08
S004,P00007,112,25,2026-07-08
S004,P00008,298,25,2026-07-08
S004,P00009,249,25,2026-07-08
S004,P00010,16,25,2026-07-08
S004,P00011,57,25,2026-07-08
S004,P00012,250,25,2026-07-08
S004,P00013,49,25,2026-07-08
S004,P00014,237,25,2026-07-08
S004,P00015,176,25,2026-07-08
S004,P00016,116,25,2026-07-08
S004,P00017,45,25,2026-07-08
S004,P00018,80,25,2026-07-08
S004,P00019,166,25,2026-07-08
S004,P00020,271,25,2026-07-08
S004,P00021,226,25,2026-07-08
S004,P00022,107,25,2026-07-08
S004,P00023,1,25,2026-07-08
S004,P00024,169,25,2026-07-08
S004,P00025,168,25,2026-07-08
S004,P00026,153,25,2026-07-08
S004,P00027,32,25,2026-07-08
S004,P00028,284,25,2026-07-08
S004,P00029,294,25,2026-07-08
S004,P00030,21,25,2026-07-08
S004,P00031,122,25,2026-07-08
S004,P00032,285,25,2026-07-08
S004,P00033,54,25,2026-07-08
S004,P00034,66,25,2026-07-08
S004,P00035,201,25,2026-07-08
S004,P00036,31,25,2026-07-08
S004,P00037,114,25,2026-07-08
S004,P00038,227,25,2026-07-08
S004,P00039,212,25,2026-07-08
S004,P00040,176,25,2026-07-08
S004,P00041,35,25,2026-07-08
S004,P00042,144,25,2026-07-08
S004,P00043,20,25,2026-07-08
S004,P00044,206,25,2026-07-08
S004,P00045,55,25,2026-07-08
S004,P00046,44,25,2026-07-08
S004,P00047,219,25,2026-07-08
S004,P00048,199,25,2026-07-08
S004,P00049,166,25,2026-07-08
S004,P00050,215,25,2026-07-08
S004,P00051,71,25,2026-07-08
S004,P00052,298,25,2026-07-08
S004,P00053,102,25,2026-07-08
S004,P00054,4,25,2026-07-08
S004,P00055,123,25,2026-07-08
S004,P00056,65,25,2026-07-08
S004,P00057,57,25,2026-07-08
S004,P00058,14,25,2026-07-08
S004,P00059,252,25,2026-07-08
S004,P00060,86,25,2026-07-08
S004,P00061,6,25,2026-07-08
S004,P00062,246,25,2026-07-08
S004,P00063,189,25,2026-07-08
S004,P00064,191,25,2026-07-08
S004,P00065,87,25,2026-07-08
S004,P00066,109,25,2026-07-08
S004,P00067,46,25,2026-07-08
S004,P00068,168,25,2026-07-08
S004,P00069,184,25,2026-07-08
S004,P00070,89,25,2026-07-08
S004,P00071,156,25,2026-07-08
S004,P00072,248,25,2026-07-08
S004,P00073,107,25,2026-07-08
S004,P00074,251,25,2026-07-08
S004,P00075,32,25,2026-07-08
S004,P00076,241,25,2026-07-08
S004,P00077,88,25,2026-07-08
S004,P00078,180,25,2026-07-08
S004,P00079,108,25,2026-07-08
S004,P00080,194,25,2026-07-08
S004,P00081,283,25,2026-07-08
S004,P00082,33,25,2026-07-08
S004,P00083,29,25,2026-07-08
S004,P00084,203,25,2026-07-08
S004,P00085,274,25,2026-07-08
S004,P00086,83,25,2026-07-08
S004,P00087,78,25,2026-07-08
S004,P00088,287,25,2026-07-08
S004,P00089,64,25,2026-07-08
S004,P00090,109,25,2026-07-08
S004,P00091,61,25,2026-07-08
S004,P00092,18,25,2026-07-08
S004,P00093,288,25,2026-07-08
S004,P00094,101,25,2026-07-08
S004,P00095,285,25,2026-07-08
S004,P00096,271,25,2026-07-08
S004,P00097,189,25,2026-07-08
S004,P00098,227,25,2026-07-08
S004,P00099,130,25,2026-07-08
S004,P00100,82,25,2026-07-08
S004,P00101,252,25,2026-07-08
S004,P00102,202,25,2026-07-08
S004,P00103,69,25,2026-07-08
S004,P00104,261,25,2026-07-08
S004,P00105,119,25,2026-07-08
S004,P00106,119,25,2026-07-08
S004,P00107,95,25,2026-07-08
S004,P00108,208,25,2026-07-08
S004,P00109,188,25,2026-07-08
S004,P00110,44,25,2026-07-08
S004,P00111,198,25,2026-07-08
S004,P00112,29,25,2026-07-08
S004,P00113,89,25,2026-07-08
S004,P00114,21,25,2026-07-08
S004,P00115,83,25,2026-07-08
S004,P00116,187,25,2026-07-08
S004,P00117,14,25,2026-07-08
S004,P00118,38,25,2026-07-08
S004,P00119,21,25,2026-07-08
S004,P00120,27,25,2026-07-08
S004,P00121,82,25,2026-07-08
S004,P00122,150,25,2026-07-08
S004,P00123,57,25,2026-07-08
S004,P00124,182,25,2026-07-08
S004,P00125,225,25,2026-07-08
S004,P00126,117,25,2026-07-08
S004,P00127,172,25,2026-07-08
S004,P00128,166,25,2026-07-08
S004,P00129,40,25,2026-07-08
S004,P00130,121,25,2026-07-08
S004,P00131,233,25,2026-07-08
S004,P00132,195,25,2026-07-08
S004,P00133,248,25,2026-07-08
S004,P00134,213,25,2026-07-08
S004,P00135,231,25,2026-07-08
S004,P00136,271,25,2026-07-08
S004,P00137,278,25,2026-07-08
S004,P00138,199,25,2026-07-08
S004,P00139,50,25,2026-07-08
S004,P00140,230,25,2026-07-08
S004,P00141,240,25,2026-07-08
S004,P00142,31,25,2026-07-08
S004,P00143,164,25,2026-07-08
S004,P00144,248,25,2026-07-08
S004,P00145,272,25,2026-07-08
S004,P00146,256,25,2026-07-08
S004,P00147,285,25,2026-07-08
S004,P00148,42,25,2026-07-08
S004,P00149,299,25,2026-07-08
S004,P00150,248,25,2026-07-08
S004,P00151,58,25,2026-07-08
S004,P00152,137,25,2026-07-08
S004,P00153,69,25,2026-07-08
S004,P00154,175,25,2026-07-08
S004,P00155,119,25,2026-07-08
S004,P00156,293,25,2026-07-08
S004,P00157,53,25,2026-07-08
S004,P00158,260,25,2026-07-08
S004,P00159,102,25,2026-07-08
S004,P00160,16,25,2026-07-08
S004,P00161,51,25,2026-07-08
S004,P00162,177,25,2026-07-08
S004,P00163,139,25,2026-07-08
S004,P00164,265,25,2026-07-08
S004,P00165,227,25,2026-07-08
S004,P00166,251,25,2026-07-08
S004,P00167,99,25,2026-07-08
S004,P00168,73,25,2026-07-08
S004,P00169,58,25,2026-07-08
S004,P00170,197,25,2026-07-08
S004,P00171,2,25,2026-07-08
S004,P00172,17,25,2026-07-08
S004,P00173,293,25,2026-07-08
S004,P00174,125,25,2026-07-08
S004,P00175,177,25,2026-07-08
S004,P00176,89,25,2026-07-08
S004,P00177,71,25,2026-07-08
S004,P00178,143,25,2026-07-08
S004,P00179,194,25,2026-07-08
S004,P00180,56,25,2026-07-08
S004,P00181,167,25,2026-07-08
S004,P00182,91,25,2026-07-08
S004,P00183,297,25,2026-07-08
S004,P00184,291,25,2026-07-08
S004,P00185,21,25,2026-07-08
S004,P00186,272,25,2026-07-08
S004,P00187,218,25,2026-07-08
S004,P00188,115,25,2026-07-08
S004,P00189,282,25,2026-07-08
S004,P00190,178,25,2026-07-08
S004,P00191,110,25,2026-07-08
S004,P00192,300,25,2026-07-08
S004,P00193,289,25,2026-07-08
S004,P00194,252,25,2026-07-08
S004,P00195,168,25,2026-07-08
S004,P00196,119,25,2026-07-08
S004,P00197,237,25,2026-07-08
S004,P00198,34,25,2026-07-08
S004,P00199,119,25,2026-07-08
S004,P00200,105,25,2026-07-08
S004,P00201,61,25,2026-07-08
S004,P00202,219,25,2026-07-08
S004,P00203,296,25,2026-07-08
S004,P00204,76,25,2026-07-08
S004,P00205,51,25,2026-07-08
S004,P00206,177,25,2026-07-08
S004,P00207,299,25,2026-07-08
S004,P00208,175,25,2026-07-08
S004,P00209,185,25,2026-07-08
S004,P00210,66,25,2026-07-08
S004,P00211,114,25,2026-07-08
S004,P00212,68,25,2026-07-08
S004,P00213,112,25,2026-07-08
S004,P00214,170,25,2026-07-08
S004,P00215,174,25,2026-07-08
S004,P00216,249,25,2026-07-08
S004,P00217,269,25,2026-07-08
S004,P00218,46,25,2026-07-08
S004,P00219,261,25,2026-07-08
S004,P00220,31,25,2026-07-08
S004,P00221,169,25,2026-07-08
S004,P00222,194,25,2026-07-08
S004,P00223,190,25,2026-07-08
S004,P00224,259,25,2026-07-08
S004,P00225,273,25,2026-07-08
S004,P00226,207,25,2026-07-08
S004,P00227,32,25,2026-07-08
S004,P00228,157,25,2026-07-08
S004,P00229,179,25,2026-07-08
S004,P00230,57,25,2026-07-08
S004,P00231,229,25,2026-07-08
S004,P00232,87,25,2026-07-08
S004,P00233,100,25,2026-07-08
S004,P00234,231,25,2026-07-08
S004,P00235,287,25,2026-07-08
S004,P00236,83,25,2026-07-08
S004,P00237,195,25,2026-07-08
S004,P00238,165,25,2026-07-08
S004,P00239,146,25,2026-07-08
S004,P00240,129,25,2026-07-08
S004,P00241,121,25,2026-07-08
S004,P00242,249,25,2026-07-08
S004,P00243,261,25,2026-07-08
S004,P00244,7,25,2026-07-08
S004,P00245,147,25,2026-07-08
S004,P00246,295,25,2026-07-08
S004,P00247,21,25,2026-07-08
S004,P00248,287,25,2026-07-08
S004,P00249,274,25,2026-07-08
S004,P00250,132,25,2026-07-08
S004,P00251,216,25,2026-07-08
S004,P00252,266,25,2026-07-08
S004,P00253,29,25,2026-07-08
S004,P00254,154,25,2026-07-08
S004,P00255,138,25,2026-07-08
S004,P00256,255,25,2026-07-08
S004,P00257,37,25,2026-07-08
S004,P00258,214,25,2026-07-08
S004,P00259,90,25,2026-07-08
S004,P00260,288,25,2026-07-08
S004,P00261,79,25,2026-07-08
S004,P00262,196,25,2026-07-08
S004,P00263,196,25,2026-07-08
S004,P00264,136,25,2026-07-08
S004,P00265,24,25,2026-07-08
S004,P00266,242,25,2026-07-08
S004,P00267,147,25,2026-07-08
S004,P00268,94,25,2026-07-08
S004,P00269,253,25,2026-07-08
S004,P00270,141,25,2026-07-08
S004,P00271,48,25,2026-07-08
S004,P00272,126,25,2026-07-08
S004,P00273,198,25,2026-07-08
S004,P00274,113,25,2026-07-08
S004,P00275,69,25,2026-07-08
S004,P00276,226,25,2026-07-08
S004,P00277,8,25,2026-07-08
S004,P00278,213,25,2026-07-08
S004,P00279,122,25,2026-07-08
S004,P00280,176,25,2026-07-08
S004,P00281,109,25,2026-07-08
S004,P00282,201,25,2026-07-08
S004,P00283,5,25,2026-07-08
S004,P00284,146,25,2026-07-08
S004,P00285,28,25,2026-07-08
S004,P00286,291,25,2026-07-08
S004,P00287,295,25,2026-07-08
S004,P00288,9,25,2026-07-08
S004,P00289,154,25,2026-07-08
S004,P00290,58,25,2026-07-08
S004,P00291,241,25,2026-07-08
S004,P00292,225,25,2026-07-08
S004,P00293,81,25,2026-07-08
S004,P00294,141,25,2026-07-08
S004,P00295,173,25,2026-07-08
S004,P00296,261,25,2026-07-08
S004,P00297,45,25,2026-07-08
S004,P00298,197,25,2026-07-08
S004,P00299,157,25,2026-07-08
S004,P00300,97,25,2026-07-08
S004,P00301,40,25,2026-07-08
S004,P00302,144,25,2026-07-08
S004,P00303,249,25,2026-07-08
S004,P00304,64,25,2026-07-08
S004,P00305,108,25,2026-07-08
S004,P00306,16,25,2026-07-08
S004,P00307,206,25,2026-07-08
S004,P00308,242,25,2026-07-08
S004,P00309,14,25,2026-07-08
S004,P00310,168,25,2026-07-08
S004,P00311,113,25,2026-07-08
S004,P00312,204,25,2026-07-08
S004,P00313,105,25,2026-07-08
S004,P00314,73,25,2026-07-08
S004,P00315,289,25,2026-07-08
S004,P00316,136,25,2026-07-08
S004,P00317,186,25,2026-07-08
S004,P00318,24,25,2026-07-08
S004,P00319,285,25,2026-07-08
S004,P00320,162,25,2026-07-08
S004,P00321,294,25,2026-07-08
S004,P00322,268,25,2026-07-08
S004,P00323,100,25,2026-07-08
S004,P00324,275,25,2026-07-08
S004,P00325,202,25,2026-07-08
S004,P00326,268,25,2026-07-08
S004,P00327,151,25,2026-07-08
S004,P00328,262,25,2026-07-08
S004,P00329,297,25,2026-07-08
S004,P00330,67,25,2026-07-08
S004,P00331,285,25,2026-07-08
S004,P00332,154,25,2026-07-08
S004,P00333,227,25,2026-07-08
S004,P00334,120,25,2026-07-08
S004,P00335,2,25,2026-07-08
S004,P00336,182,25,2026-07-08
S004,P00337,166,25,2026-07-08
S004,P00338,282,25,2026-07-08
S004,P00339,76,25,2026-07-08
S004,P00340,201,25,2026-07-08
S004,P00341,79,25,2026-07-08
S004,P00342,215,25,2026-07-08
S004,P00343,3,25,2026-07-08
S004,P00344,218,25,2026-07-08
S004,P00345,196,25,2026-07-08
S004,P00346,32,25,2026-07-08
S004,P00347,46,25,2026-07-08
S004,P00348,81,25,2026-07-08
S004,P00349,169,25,2026-07-08
S004,P00350,296,25,2026-07-08
S004,P00351,110,25,2026-07-08
S004,P00352,22,25,2026-07-08
S004,P00353,22,25,2026-07-08
S004,P00354,200,25,2026-07-08
S004,P00355,131,25,2026-07-08
S004,P00356,70,25,2026-07-08
S004,P00357,300,25,2026-07-08
S004,P00358,193,25,2026-07-08
S004,P00359,258,25,2026-07-08
S004,P00360,82,25,2026-07-08
S004,P00361,26,25,2026-07-08
S004,P00362,288,25,2026-07-08
S004,P00363,22,25,2026-07-08
S004,P00364,104,25,2026-07-08
S004,P00365,114,25,2026-07-08
S004,P00366,83,25,2026-07-08
S004,P00367,272,25,2026-07-08
S004,P00368,36,25,2026-07-08
S004,P00369,259,25,2026-07-08
S004,P00370,228,25,2026-07-08
S004,P00371,266,25,2026-07-08
S004,P00372,149,25,2026-07-08
S004,P00373,77,25,2026-07-08
S004,P00374,32,25,2026-07-08
S004,P00375,182,25,2026-07-08
S004,P00376,118,25,2026-07-08
S004,P00377,259,25,2026-07-08
S004,P00378,270,25,2026-07-08
S004,P00379,113,25,2026-07-08
S004,P00380,49,25,2026-07-08
S004,P00381,103,25,2026-07-08
S004,P00382,289,25,2026-07-08
S004,P00383,61,25,2026-07-08
S004,P00384,98,25,2026-07-08
S004,P00385,113,25,2026-07-08
S004,P00386,283,25,2026-07-08
S004,P00387,278,25,2026-07-08
S004,P00388,184,25,2026-07-08
S004,P00389,76,25,2026-07-08
S004,P00390,66,25,2026-07-08
S004,P00391,4,25,2026-07-08
S004,P00392,109,25,2026-07-08
S004,P00393,129,25,2026-07-08
S004,P00394,234,25,2026-07-08
S004,P00395,295,25,2026-07-08
S004,P00396,21,25,2026-07-08
S004,P00397,188,25,2026-07-08
S004,P00398,71,25,2026-07-08
S004,P00399,101,25,2026-07-08
S004,P00400,293,25,2026-07-08
S004,P00401,55,25,2026-07-08
S004,P00402,50,25,2026-07-08
S004,P00403,66,25,2026-07-08
S004,P00404,269,25,2026-07-08
S004,P00405,35,25,2026-07-08
S004,P00406,92,25,2026-07-08
S004,P00407,53,25,2026-07-08
S004,P00408,209,25,2026-07-08
S004,P00409,121,25,2026-07-08
S004,P00410,116,25,2026-07-08
S004,P00411,208,25,2026-07-08
S004,P00412,7,25,2026-07-08
S004,P00413,292,25,2026-07-08
S004,P00414,114,25,2026-07-08
S004,P00415,37,25,2026-07-08
S004,P00416,4,25,2026-07-08
S004,P00417,293,25,2026-07-08
S004,P00418,76,25,2026-07-08
S004,P00419,74,25,2026-07-08
S004,P00420,48,25,2026-07-08
S004,P00421,43,25,2026-07-08
S004,P00422,295,25,2026-07-08
S004,P00423,203,25,2026-07-08
S004,P00424,33,25,2026-07-08
S004,P00425,93,25,2026-07-08
S004,P00426,74,25,2026-07-08
S004,P00427,151,25,2026-07-08
S004,P00428,81,25,2026-07-08
S004,P00429,224,25,2026-07-08
S004,P00430,227,25,2026-07-08
S004,P00431,126,25,2026-07-08
S004,P00432,94,25,2026-07-08
S004,P00433,100,25,2026-07-08
S004,P00434,228,25,2026-07-08
S004,P00435,8,25,2026-07-08
S004,P00436,84,25,2026-07-08
S004,P00437,233,25,2026-07-08
S004,P00438,6,25,2026-07-08
S004,P00439,153,25,2026-07-08
S004,P00440,94,25,2026-07-08
S004,P00441,280,25,2026-07-08
S004,P00442,177,25,2026-07-08
S004,P00443,207,25,2026-07-08
S004,P00444,101,25,2026-07-08
S004,P00445,122,25,2026-07-08
S004,P00446,105,25,2026-07-08
S004,P00447,172,25,2026-07-08
S004,P00448,63,25,2026-07-08
S004,P00449,58,25,2026-07-08
S004,P00450,233,25,2026-07-08
S004,P00451,80,25,2026-07-08
S004,P00452,159,25,2026-07-08
S004,P00453,146,25,2026-07-08
S004,P00454,52,25,2026-07-08
S004,P00455,193,25,2026-07-08
S004,P00456,24,25,2026-07-08
S004,P00457,287,25,2026-07-08
S004,P00458,113,25,2026-07-08
S004,P00459,179,25,2026-07-08
S004,P00460,9,25,2026-07-08
S004,P00461,84,25,2026-07-08
S004,P00462,289,25,2026-07-08
S004,P00463,121,25,2026-07-08
S004,P00464,235,25,2026-07-08
S004,P00465,249,25,2026-07-08
S004,P00466,224,25,2026-07-08
S004,P00467,83,25,2026-07-08
S004,P00468,53,25,2026-07-08
S004,P00469,113,25,2026-07-08
S004,P00470,300,25,2026-07-08
S004,P00471,188,25,2026-07-08
S004,P00472,280,25,2026-07-08
S004,P00473,210,25,2026-07-08
S004,P00474,294,25,2026-07-08
S004,P00475,276,25,2026-07-08
S004,P00476,268,25,2026-07-08
S004,P00477,170,25,2026-07-08
S004,P00478,33,25,2026-07-08
S004,P00479,296,25,2026-07-08
S004,P00480,153,25,2026-07-08
S004,P00481,123,25,2026-07-08
S004,P00482,218,25,2026-07-08
S004,P00483,63,25,2026-07-08
S004,P00484,76,25,2026-07-08
S004,P00485,251,25,2026-07-08
S004,P00486,152,25,2026-07-08
S004,P00487,238,25,2026-07-08
S004,P00488,192,25,2026-07-08
S004,P00489,238,25,2026-07-08
S004,P00490,115,25,2026-07-08
S004,P00491,146,25,2026-07-08
S004,P00492,20,25,2026-07-08
S004,P00493,120,25,2026-07-08
S004,P00494,109,25,2026-07-08
S004,P00495,240,25,2026-07-08
S004,P00496,71,25,2026-07-08
S004,P00497,247,25,2026-07-08
S004,P00498,194,25,2026-07-08
S004,P00499,215,25,2026-07-08
S004,P00500,230,25,2026-07-08
S005,P00001,299,25,2026-07-08
S005,P00002,259,25,2026-07-08
S005,P00003,18,25,2026-07-08
S005,P00004,246,25,2026-07-08
S005,P00005,96,25,2026-07-08
S005,P00006,48,25,2026-07-08
S005,P00007,40,25,2026-07-08
S005,P00008,175,25,2026-07-08
S005,P00009,144,25,2026-07-08
S005,P00010,206,25,2026-07-08
S005,P00011,220,25,2026-07-08
S005,P00012,81,25,2026-07-08
S005,P00013,12,25,2026-07-08
S005,P00014,161,25,2026-07-08
S005,P00015,295,25,2026-07-08
S005,P00016,54,25,2026-07-08
S005,P00017,165,25,2026-07-08
S005,P00018,299,25,2026-07-08
S005,P00019,256,25,2026-07-08
S005,P00020,239,25,2026-07-08
S005,P00021,205,25,2026-07-08
S005,P00022,100,25,2026-07-08
S005,P00023,39,25,2026-07-08
S005,P00024,80,25,2026-07-08
S005,P00025,282,25,2026-07-08
S005,P00026,251,25,2026-07-08
S005,P00027,257,25,2026-07-08
S005,P00028,122,25,2026-07-08
S005,P00029,77,25,2026-07-08
S005,P00030,228,25,2026-07-08
S005,P00031,204,25,2026-07-08
S005,P00032,206,25,2026-07-08
S005,P00033,101,25,2026-07-08
S005,P00034,24,25,2026-07-08
S005,P00035,77,25,2026-07-08
S005,P00036,243,25,2026-07-08
S005,P00037,270,25,2026-07-08
S005,P00038,5,25,2026-07-08
S005,P00039,151,25,2026-07-08
S005,P00040,0,25,2026-07-08
S005,P00041,257,25,2026-07-08
S005,P00042,66,25,2026-07-08
S005,P00043,228,25,2026-07-08
S005,P00044,286,25,2026-07-08
S005,P00045,192,25,2026-07-08
S005,P00046,119,25,2026-07-08
S005,P00047,267,25,2026-07-08
S005,P00048,300,25,2026-07-08
S005,P00049,254,25,2026-07-08
S005,P00050,230,25,2026-07-08
S005,P00051,11,25,2026-07-08
S005,P00052,58,25,2026-07-08
S005,P00053,169,25,2026-07-08
S005,P00054,246,25,2026-07-08
S005,P00055,153,25,2026-07-08
S005,P00056,116,25,2026-07-08
S005,P00057,153,25,2026-07-08
S005,P00058,44,25,2026-07-08
S005,P00059,89,25,2026-07-08
S005,P00060,287,25,2026-07-08
S005,P00061,32,25,2026-07-08
S005,P00062,1,25,2026-07-08
S005,P00063,32,25,2026-07-08
S005,P00064,253,25,2026-07-08
S005,P00065,165,25,2026-07-08
S005,P00066,145,25,2026-07-08
S005,P00067,144,25,2026-07-08
S005,P00068,295,25,2026-07-08
S005,P00069,81,25,2026-07-08
S005,P00070,25,25,2026-07-08
S005,P00071,164,25,2026-07-08
S005,P00072,80,25,2026-07-08
S005,P00073,107,25,2026-07-08
S005,P00074,76,25,2026-07-08
S005,P00075,120,25,2026-07-08
S005,P00076,195,25,2026-07-08
S005,P00077,39,25,2026-07-08
S005,P00078,176,25,2026-07-08
S005,P00079,94,25,2026-07-08
S005,P00080,10,25,2026-07-08
S005,P00081,184,25,2026-07-08
S005,P00082,8,25,2026-07-08
S005,P00083,207,25,2026-07-08
S005,P00084,48,25,2026-07-08
S005,P00085,20,25,2026-07-08
S005,P00086,248,25,2026-07-08
S005,P00087,228,25,2026-07-08
S005,P00088,147,25,2026-07-08
S005,P00089,253,25,2026-07-08
S005,P00090,206,25,2026-07-08
S005,P00091,102,25,2026-07-08
S005,P00092,158,25,2026-07-08
S005,P00093,178,25,2026-07-08
S005,P00094,289,25,2026-07-08
S005,P00095,225,25,2026-07-08
S005,P00096,120,25,2026-07-08
S005,P00097,117,25,2026-07-08
S005,P00098,253,25,2026-07-08
S005,P00099,260,25,2026-07-08
S005,P00100,292,25,2026-07-08
S005,P00101,159,25,2026-07-08
S005,P00102,179,25,2026-07-08
S005,P00103,138,25,2026-07-08
S005,P00104,9,25,2026-07-08
S005,P00105,40,25,2026-07-08
S005,P00106,49,25,2026-07-08
S005,P00107,22,25,2026-07-08
S005,P00108,137,25,2026-07-08
S005,P00109,241,25,2026-07-08
S005,P00110,292,25,2026-07-08
S005,P00111,194,25,2026-07-08
S005,P00112,206,25,2026-07-08
S005,P00113,299,25,2026-07-08
S005,P00114,260,25,2026-07-08
S005,P00115,137,25,2026-07-08
S005,P00116,155,25,2026-07-08
S005,P00117,11,25,2026-07-08
S005,P00118,115,25,2026-07-08
S005,P00119,133,25,2026-07-08
S005,P00120,247,25,2026-07-08
S005,P00121,184,25,2026-07-08
S005,P00122,154,25,2026-07-08
S005,P00123,162,25,2026-07-08
S005,P00124,125,25,2026-07-08
S005,P00125,251,25,2026-07-08
S005,P00126,198,25,2026-07-08
S005,P00127,284,25,2026-07-08
S005,P00128,232,25,2026-07-08
S005,P00129,106,25,2026-07-08
S005,P00130,112,25,2026-07-08
S005,P00131,144,25,2026-07-08
S005,P00132,234,25,2026-07-08
S005,P00133,159,25,2026-07-08
S005,P00134,133,25,2026-07-08
S005,P00135,256,25,2026-07-08
S005,P00136,252,25,2026-07-08
S005,P00137,152,25,2026-07-08
S005,P00138,96,25,2026-07-08
S005,P00139,65,25,2026-07-08
S005,P00140,107,25,2026-07-08
S005,P00141,24,25,2026-07-08
S005,P00142,121,25,2026-07-08
S005,P00143,46,25,2026-07-08
S005,P00144,90,25,2026-07-08
S005,P00145,84,25,2026-07-08
S005,P00146,203,25,2026-07-08
S005,P00147,33,25,2026-07-08
S005,P00148,106,25,2026-07-08
S005,P00149,52,25,2026-07-08
S005,P00150,272,25,2026-07-08
S005,P00151,131,25,2026-07-08
S005,P00152,170,25,2026-07-08
S005,P00153,230,25,2026-07-08
S005,P00154,123,25,2026-07-08
S005,P00155,269,25,2026-07-08
S005,P00156,130,25,2026-07-08
S005,P00157,3,25,2026-07-08
S005,P00158,258,25,2026-07-08
S005,P00159,139,25,2026-07-08
S005,P00160,138,25,2026-07-08
S005,P00161,102,25,2026-07-08
S005,P00162,130,25,2026-07-08
S005,P00163,198,25,2026-07-08
S005,P00164,294,25,2026-07-08
S005,P00165,209,25,2026-07-08
S005,P00166,9,25,2026-07-08
S005,P00167,151,25,2026-07-08
S005,P00168,275,25,2026-07-08
S005,P00169,34,25,2026-07-08
S005,P00170,82,25,2026-07-08
S005,P00171,19,25,2026-07-08
S005,P00172,32,25,2026-07-08
S005,P00173,136,25,2026-07-08
S005,P00174,289,25,2026-07-08
S005,P00175,163,25,2026-07-08
S005,P00176,284,25,2026-07-08
S005,P00177,259,25,2026-07-08
S005,P00178,226,25,2026-07-08
S005,P00179,279,25,2026-07-08
S005,P00180,32,25,2026-07-08
S005,P00181,222,25,2026-07-08
S005,P00182,262,25,2026-07-08
S005,P00183,225,25,2026-07-08
S005,P00184,170,25,2026-07-08
S005,P00185,294,25,2026-07-08
S005,P00186,258,25,2026-07-08
S005,P00187,99,25,2026-07-08
S005,P00188,285,25,2026-07-08
S005,P00189,232,25,2026-07-08
S005,P00190,132,25,2026-07-08
S005,P00191,241,25,2026-07-08
S005,P00192,36,25,2026-07-08
S005,P00193,64,25,2026-07-08
S005,P00194,145,25,2026-07-08
S005,P00195,93,25,2026-07-08
S005,P00196,5,25,2026-07-08
S005,P00197,25,25,2026-07-08
S005,P00198,140,25,2026-07-08
S005,P00199,295,25,2026-07-08
S005,P00200,20,25,2026-07-08
S005,P00201,55,25,2026-07-08
S005,P00202,133,25,2026-07-08
S005,P00203,121,25,2026-07-08
S005,P00204,102,25,2026-07-08
S005,P00205,77,25,2026-07-08
S005,P00206,198,25,2026-07-08
S005,P00207,40,25,2026-07-08
S005,P00208,177,25,2026-07-08
S005,P00209,129,25,2026-07-08
S005,P00210,146,25,2026-07-08
S005,P00211,120,25,2026-07-08
S005,P00212,200,25,2026-07-08
S005,P00213,259,25,2026-07-08
S005,P00214,263,25,2026-07-08
S005,P00215,166,25,2026-07-08
S005,P00216,110,25,2026-07-08
S005,P00217,245,25,2026-07-08
S005,P00218,236,25,2026-07-08
S005,P00219,138,25,2026-07-08
S005,P00220,262,25,2026-07-08
S005,P00221,300,25,2026-07-08
S005,P00222,27,25,2026-07-08
S005,P00223,92,25,2026-07-08
S005,P00224,228,25,2026-07-08
S005,P00225,89,25,2026-07-08
S005,P00226,292,25,2026-07-08
S005,P00227,258,25,2026-07-08
S005,P00228,214,25,2026-07-08
S005,P00229,91,25,2026-07-08
S005,P00230,117,25,2026-07-08
S005,P00231,94,25,2026-07-08
S005,P00232,228,25,2026-07-08
S005,P00233,21,25,2026-07-08
S005,P00234,186,25,2026-07-08
S005,P00235,79,25,2026-07-08
S005,P00236,74,25,2026-07-08
S005,P00237,63,25,2026-07-08
S005,P00238,219,25,2026-07-08
S005,P00239,295,25,2026-07-08
S005,P00240,108,25,2026-07-08
S005,P00241,211,25,2026-07-08
S005,P00242,230,25,2026-07-08
S005,P00243,17,25,2026-07-08
S005,P00244,135,25,2026-07-08
S005,P00245,298,25,2026-07-08
S005,P00246,236,25,2026-07-08
S005,P00247,25,25,2026-07-08
S005,P00248,229,25,2026-07-08
S005,P00249,213,25,2026-07-08
S005,P00250,62,25,2026-07-08
S005,P00251,5,25,2026-07-08
S005,P00252,28,25,2026-07-08
S005,P00253,171,25,2026-07-08
S005,P00254,264,25,2026-07-08
S005,P00255,98,25,2026-07-08
S005,P00256,105,25,2026-07-08
S005,P00257,99,25,2026-07-08
S005,P00258,291,25,2026-07-08
S005,P00259,59,25,2026-07-08
S005,P00260,260,25,2026-07-08
S005,P00261,9,25,2026-07-08
S005,P00262,66,25,2026-07-08
S005,P00263,177,25,2026-07-08
S005,P00264,177,25,2026-07-08
S005,P00265,97,25,2026-07-08
S005,P00266,276,25,2026-07-08
S005,P00267,262,25,2026-07-08
S005,P00268,175,25,2026-07-08
S005,P00269,176,25,2026-07-08
S005,P00270,73,25,2026-07-08
S005,P00271,210,25,2026-07-08
S005,P00272,232,25,2026-07-08
S005,P00273,85,25,2026-07-08
S005,P00274,272,25,2026-07-08
S005,P00275,7,25,2026-07-08
S005,P00276,232,25,2026-07-08
S005,P00277,149,25,2026-07-08
S005,P00278,161,25,2026-07-08
S005,P00279,16,25,2026-07-08
S005,P00280,165,25,2026-07-08
S005,P00281,235,25,2026-07-08
S005,P00282,55,25,2026-07-08
S005,P00283,145,25,2026-07-08
S005,P00284,86,25,2026-07-08
S005,P00285,61,25,2026-07-08
S005,P00286,50,25,2026-07-08
S005,P00287,64,25,2026-07-08
S005,P00288,131,25,2026-07-08
S005,P00289,117,25,2026-07-08
S005,P00290,114,25,2026-07-08
S005,P00291,220,25,2026-07-08
S005,P00292,203,25,2026-07-08
S005,P00293,264,25,2026-07-08
S005,P00294,42,25,2026-07-08
S005,P00295,49,25,2026-07-08
S005,P00296,151,25,2026-07-08
S005,P00297,229,25,2026-07-08
S005,P00298,189,25,2026-07-08
S005,P00299,249,25,2026-07-08
S005,P00300,26,25,2026-07-08
S005,P00301,101,25,2026-07-08
S005,P00302,263,25,2026-07-08
S005,P00303,9,25,2026-07-08
S005,P00304,77,25,2026-07-08
S005,P00305,292,25,2026-07-08
S005,P00306,118,25,2026-07-08
S005,P00307,276,25,2026-07-08
S005,P00308,283,25,2026-07-08
S005,P00309,11,25,2026-07-08
S005,P00310,27,25,2026-07-08
S005,P00311,273,25,2026-07-08
S005,P00312,197,25,2026-07-08
S005,P00313,86,25,2026-07-08
S005,P00314,13,25,2026-07-08
S005,P00315,199,25,2026-07-08
S005,P00316,193,25,2026-07-08
S005,P00317,137,25,2026-07-08
S005,P00318,5,25,2026-07-08
S005,P00319,225,25,2026-07-08
S005,P00320,291,25,2026-07-08
S005,P00321,251,25,2026-07-08
S005,P00322,188,25,2026-07-08
S005,P00323,173,25,2026-07-08
S005,P00324,46,25,2026-07-08
S005,P00325,281,25,2026-07-08
S005,P00326,10,25,2026-07-08
S005,P00327,289,25,2026-07-08
S005,P00328,71,25,2026-07-08
S005,P00329,283,25,2026-07-08
S005,P00330,79,25,2026-07-08
S005,P00331,106,25,2026-07-08
S005,P00332,16,25,2026-07-08
S005,P00333,232,25,2026-07-08
S005,P00334,244,25,2026-07-08
S005,P00335,190,25,2026-07-08
S005,P00336,140,25,2026-07-08
S005,P00337,84,25,2026-07-08
S005,P00338,282,25,2026-07-08
S005,P00339,61,25,2026-07-08
S005,P00340,82,25,2026-07-08
S005,P00341,81,25,2026-07-08
S005,P00342,276,25,2026-07-08
S005,P00343,132,25,2026-07-08
S005,P00344,245,25,2026-07-08
S005,P00345,185,25,2026-07-08
S005,P00346,68,25,2026-07-08
S005,P00347,155,25,2026-07-08
S005,P00348,167,25,2026-07-08
S005,P00349,97,25,2026-07-08
S005,P00350,156,25,2026-07-08
S005,P00351,234,25,2026-07-08
S005,P00352,248,25,2026-07-08
S005,P00353,59,25,2026-07-08
S005,P00354,0,25,2026-07-08
S005,P00355,221,25,2026-07-08
S005,P00356,294,25,2026-07-08
S005,P00357,237,25,2026-07-08
S005,P00358,47,25,2026-07-08
S005,P00359,78,25,2026-07-08
S005,P00360,9,25,2026-07-08
S005,P00361,76,25,2026-07-08
S005,P00362,253,25,2026-07-08
S005,P00363,159,25,2026-07-08
S005,P00364,79,25,2026-07-08
S005,P00365,191,25,2026-07-08
S005,P00366,11,25,2026-07-08
S005,P00367,206,25,2026-07-08
S005,P00368,133,25,2026-07-08
S005,P00369,211,25,2026-07-08
S005,P00370,99,25,2026-07-08
S005,P00371,99,25,2026-07-08
S005,P00372,53,25,2026-07-08
S005,P00373,185,25,2026-07-08
S005,P00374,190,25,2026-07-08
S005,P00375,141,25,2026-07-08
S005,P00376,279,25,2026-07-08
S005,P00377,154,25,2026-07-08
S005,P00378,37,25,2026-07-08
S005,P00379,220,25,2026-07-08
S005,P00380,37,25,2026-07-08
S005,P00381,240,25,2026-07-08
S005,P00382,284,25,2026-07-08
S005,P00383,48,25,2026-07-08
S005,P00384,262,25,2026-07-08
S005,P00385,287,25,2026-07-08
S005,P00386,65,25,2026-07-08
S005,P00387,10,25,2026-07-08
S005,P00388,159,25,2026-07-08
S005,P00389,11,25,2026-07-08
S005,P00390,75,25,2026-07-08
S005,P00391,76,25,2026-07-08
S005,P00392,277,25,2026-07-08
S005,P00393,51,25,2026-07-08
S005,P00394,59,25,2026-07-08
S005,P00395,72,25,2026-07-08
S005,P00396,255,25,2026-07-08
S005,P00397,143,25,2026-07-08
S005,P00398,173,25,2026-07-08
S005,P00399,163,25,2026-07-08
S005,P00400,23,25,2026-07-08
S005,P00401,71,25,2026-07-08
S005,P00402,201,25,2026-07-08
S005,P00403,204,25,2026-07-08
S005,P00404,55,25,2026-07-08
S005,P00405,157,25,2026-07-08
S005,P00406,74,25,2026-07-08
S005,P00407,31,25,2026-07-08
S005,P00408,298,25,2026-07-08
S005,P00409,271,25,2026-07-08
S005,P00410,282,25,2026-07-08
S005,P00411,36,25,2026-07-08
S005,P00412,58,25,2026-07-08
S005,P00413,251,25,2026-07-08
S005,P00414,163,25,2026-07-08
S005,P00415,136,25,2026-07-08
S005,P00416,7,25,2026-07-08
S005,P00417,196,25,2026-07-08
S005,P00418,38,25,2026-07-08
S005,P00419,220,25,2026-07-08
S005,P00420,72,25,2026-07-08
S005,P00421,271,25,2026-07-08
S005,P00422,258,25,2026-07-08
S005,P00423,180,25,2026-07-08
S005,P00424,206,25,2026-07-08
S005,P00425,106,25,2026-07-08
S005,P00426,102,25,2026-07-08
S005,P00427,6,25,2026-07-08
S005,P00428,120,25,2026-07-08
S005,P00429,14,25,2026-07-08
S005,P00430,198,25,2026-07-08
S005,P00431,88,25,2026-07-08
S005,P00432,111,25,2026-07-08
S005,P00433,191,25,2026-07-08
S005,P00434,130,25,2026-07-08
S005,P00435,272,25,2026-07-08
S005,P00436,131,25,2026-07-08
S005,P00437,268,25,2026-07-08
S005,P00438,91,25,2026-07-08
S005,P00439,177,25,2026-07-08
S005,P00440,277,25,2026-07-08
S005,P00441,217,25,2026-07-08
S005,P00442,119,25,2026-07-08
S005,P00443,279,25,2026-07-08
S005,P00444,60,25,2026-07-08
S005,P00445,192,25,2026-07-08
S005,P00446,80,25,2026-07-08
S005,P00447,163,25,2026-07-08
S005,P00448,111,25,2026-07-08
S005,P00449,90,25,2026-07-08
S005,P00450,226,25,2026-07-08
S005,P00451,242,25,2026-07-08
S005,P00452,148,25,2026-07-08
S005,P00453,140,25,2026-07-08
S005,P00454,178,25,2026-07-08
S005,P00455,203,25,2026-07-08
S005,P00456,187,25,2026-07-08
S005,P00457,246,25,2026-07-08
S005,P00458,50,25,2026-07-08
S005,P00459,135,25,2026-07-08
S005,P00460,23,25,2026-07-08
S005,P00461,18,25,2026-07-08
S005,P00462,139,25,2026-07-08
S005,P00463,295,25,2026-07-08
S005,P00464,205,25,2026-07-08
S005,P00465,59,25,2026-07-08
S005,P00466,68,25,2026-07-08
S005,P00467,177,25,2026-07-08
S005,P00468,91,25,2026-07-08
S005,P00469,181,25,2026-07-08
S005,P00470,16,25,2026-07-08
S005,P00471,129,25,2026-07-08
S005,P00472,181,25,2026-07-08
S005,P00473,90,25,2026-07-08
S005,P00474,100,25,2026-07-08
S005,P00475,66,25,2026-07-08
S005,P00476,170,25,2026-07-08
S005,P00477,280,25,2026-07-08
S005,P00478,41,25,2026-07-08
S005,P00479,110,25,2026-07-08
S005,P00480,83,25,2026-07-08
S005,P00481,215,25,2026-07-08
S005,P00482,282,25,2026-07-08
S005,P00483,102,25,2026-07-08
S005,P00484,122,25,2026-07-08
S005,P00485,250,25,2026-07-08
S005,P00486,242,25,2026-07-08
S005,P00487,27,25,2026-07-08
S005,P00488,247,25,2026-07-08
S005,P00489,296,25,2026-07-08
S005,P00490,267,25,2026-07-08
S005,P00491,24,25,2026-07-08
S005,P00492,242,25,2026-07-08
S005,P00493,249,25,2026-07-08
S005,P00494,248,25,2026-07-08
S005,P00495,82,25,2026-07-08
S005,P00496,220,25,2026-07-08
S005,P00497,41,25,2026-07-08
S005,P00498,210,25,2026-07-08
S005,P00499,66,25,2026-07-08
S005,P00500,2,25,2026-07-08
S006,P00001,118,25,2026-07-08
S006,P00002,142,25,2026-07-08
S006,P00003,281,25,2026-07-08
S006,P00004,76,25,2026-07-08
S006,P00005,125,25,2026-07-08
S006,P00006,279,25,2026-07-08
S006,P00007,108,25,2026-07-08
S006,P00008,220,25,2026-07-08
S006,P00009,86,25,2026-07-08
S006,P00010,66,25,2026-07-08
S006,P00011,142,25,2026-07-08
S006,P00012,50,25,2026-07-08
S006,P00013,128,25,2026-07-08
S006,P00014,123,25,2026-07-08
S006,P00015,211,25,2026-07-08
S006,P00016,196,25,2026-07-08
S006,P00017,98,25,2026-07-08
S006,P00018,78,25,2026-07-08
S006,P00019,237,25,2026-07-08
S006,P00020,60,25,2026-07-08
S006,P00021,137,25,2026-07-08
S006,P00022,188,25,2026-07-08
S006,P00023,128,25,2026-07-08
S006,P00024,109,25,2026-07-08
S006,P00025,205,25,2026-07-08
S006,P00026,113,25,2026-07-08
S006,P00027,182,25,2026-07-08
S006,P00028,272,25,2026-07-08
S006,P00029,256,25,2026-07-08
S006,P00030,230,25,2026-07-08
S006,P00031,150,25,2026-07-08
S006,P00032,21,25,2026-07-08
S006,P00033,58,25,2026-07-08
S006,P00034,90,25,2026-07-08
S006,P00035,41,25,2026-07-08
S006,P00036,131,25,2026-07-08
S006,P00037,251,25,2026-07-08
S006,P00038,284,25,2026-07-08
S006,P00039,114,25,2026-07-08
S006,P00040,300,25,2026-07-08
S006,P00041,34,25,2026-07-08
S006,P00042,199,25,2026-07-08
S006,P00043,100,25,2026-07-08
S006,P00044,113,25,2026-07-08
S006,P00045,186,25,2026-07-08
S006,P00046,76,25,2026-07-08
S006,P00047,296,25,2026-07-08
S006,P00048,42,25,2026-07-08
S006,P00049,296,25,2026-07-08
S006,P00050,93,25,2026-07-08
S006,P00051,286,25,2026-07-08
S006,P00052,53,25,2026-07-08
S006,P00053,229,25,2026-07-08
S006,P00054,13,25,2026-07-08
S006,P00055,34,25,2026-07-08
S006,P00056,185,25,2026-07-08
S006,P00057,65,25,2026-07-08
S006,P00058,230,25,2026-07-08
S006,P00059,288,25,2026-07-08
S006,P00060,68,25,2026-07-08
S006,P00061,48,25,2026-07-08
S006,P00062,184,25,2026-07-08
S006,P00063,45,25,2026-07-08
S006,P00064,51,25,2026-07-08
S006,P00065,16,25,2026-07-08
S006,P00066,60,25,2026-07-08
S006,P00067,280,25,2026-07-08
S006,P00068,94,25,2026-07-08
S006,P00069,141,25,2026-07-08
S006,P00070,260,25,2026-07-08
S006,P00071,16,25,2026-07-08
S006,P00072,105,25,2026-07-08
S006,P00073,25,25,2026-07-08
S006,P00074,267,25,2026-07-08
S006,P00075,58,25,2026-07-08
S006,P00076,46,25,2026-07-08
S006,P00077,54,25,2026-07-08
S006,P00078,156,25,2026-07-08
S006,P00079,22,25,2026-07-08
S006,P00080,285,25,2026-07-08
S006,P00081,178,25,2026-07-08
S006,P00082,74,25,2026-07-08
S006,P00083,176,25,2026-07-08
S006,P00084,117,25,2026-07-08
S006,P00085,105,25,2026-07-08
S006,P00086,26,25,2026-07-08
S006,P00087,5,25,2026-07-08
S006,P00088,142,25,2026-07-08
S006,P00089,50,25,2026-07-08
S006,P00090,207,25,2026-07-08
S006,P00091,135,25,2026-07-08
S006,P00092,156,25,2026-07-08
S006,P00093,126,25,2026-07-08
S006,P00094,47,25,2026-07-08
S006,P00095,154,25,2026-07-08
S006,P00096,36,25,2026-07-08
S006,P00097,110,25,2026-07-08
S006,P00098,134,25,2026-07-08
S006,P00099,134,25,2026-07-08
S006,P00100,194,25,2026-07-08
S006,P00101,223,25,2026-07-08
S006,P00102,93,25,2026-07-08
S006,P00103,147,25,2026-07-08
S006,P00104,101,25,2026-07-08
S006,P00105,226,25,2026-07-08
S006,P00106,199,25,2026-07-08
S006,P00107,202,25,2026-07-08
S006,P00108,292,25,2026-07-08
S006,P00109,32,25,2026-07-08
S006,P00110,152,25,2026-07-08
S006,P00111,164,25,2026-07-08
S006,P00112,33,25,2026-07-08
S006,P00113,189,25,2026-07-08
S006,P00114,218,25,2026-07-08
S006,P00115,23,25,2026-07-08
S006,P00116,243,25,2026-07-08
S006,P00117,273,25,2026-07-08
S006,P00118,179,25,2026-07-08
S006,P00119,162,25,2026-07-08
S006,P00120,4,25,2026-07-08
S006,P00121,292,25,2026-07-08
S006,P00122,282,25,2026-07-08
S006,P00123,177,25,2026-07-08
S006,P00124,186,25,2026-07-08
S006,P00125,170,25,2026-07-08
S006,P00126,297,25,2026-07-08
S006,P00127,290,25,2026-07-08
S006,P00128,156,25,2026-07-08
S006,P00129,201,25,2026-07-08
S006,P00130,260,25,2026-07-08
S006,P00131,247,25,2026-07-08
S006,P00132,67,25,2026-07-08
S006,P00133,289,25,2026-07-08
S006,P00134,35,25,2026-07-08
S006,P00135,298,25,2026-07-08
S006,P00136,166,25,2026-07-08
S006,P00137,24,25,2026-07-08
S006,P00138,21,25,2026-07-08
S006,P00139,178,25,2026-07-08
S006,P00140,38,25,2026-07-08
S006,P00141,189,25,2026-07-08
S006,P00142,48,25,2026-07-08
S006,P00143,279,25,2026-07-08
S006,P00144,244,25,2026-07-08
S006,P00145,229,25,2026-07-08
S006,P00146,104,25,2026-07-08
S006,P00147,142,25,2026-07-08
S006,P00148,219,25,2026-07-08
S006,P00149,63,25,2026-07-08
S006,P00150,10,25,2026-07-08
S006,P00151,289,25,2026-07-08
S006,P00152,14,25,2026-07-08
S006,P00153,298,25,2026-07-08
S006,P00154,29,25,2026-07-08
S006,P00155,187,25,2026-07-08
S006,P00156,171,25,2026-07-08
S006,P00157,66,25,2026-07-08
S006,P00158,45,25,2026-07-08
S006,P00159,293,25,2026-07-08
S006,P00160,267,25,2026-07-08
S006,P00161,218,25,2026-07-08
S006,P00162,103,25,2026-07-08
S006,P00163,230,25,2026-07-08
S006,P00164,107,25,2026-07-08
S006,P00165,295,25,2026-07-08
S006,P00166,30,25,2026-07-08
S006,P00167,23,25,2026-07-08
S006,P00168,297,25,2026-07-08
S006,P00169,61,25,2026-07-08
S006,P00170,113,25,2026-07-08
S006,P00171,215,25,2026-07-08
S006,P00172,264,25,2026-07-08
S006,P00173,299,25,2026-07-08
S006,P00174,184,25,2026-07-08
S006,P00175,52,25,2026-07-08
S006,P00176,115,25,2026-07-08
S006,P00177,7,25,2026-07-08
S006,P00178,180,25,2026-07-08
S006,P00179,165,25,2026-07-08
S006,P00180,74,25,2026-07-08
S006,P00181,27,25,2026-07-08
S006,P00182,19,25,2026-07-08
S006,P00183,144,25,2026-07-08
S006,P00184,30,25,2026-07-08
S006,P00185,95,25,2026-07-08
S006,P00186,160,25,2026-07-08
S006,P00187,105,25,2026-07-08
S006,P00188,27,25,2026-07-08
S006,P00189,29,25,2026-07-08
S006,P00190,134,25,2026-07-08
S006,P00191,231,25,2026-07-08
S006,P00192,31,25,2026-07-08
S006,P00193,43,25,2026-07-08
S006,P00194,134,25,2026-07-08
S006,P00195,194,25,2026-07-08
S006,P00196,100,25,2026-07-08
S006,P00197,89,25,2026-07-08
S006,P00198,184,25,2026-07-08
S006,P00199,171,25,2026-07-08
S006,P00200,157,25,2026-07-08
S006,P00201,158,25,2026-07-08
S006,P00202,246,25,2026-07-08
S006,P00203,227,25,2026-07-08
S006,P00204,42,25,2026-07-08
S006,P00205,68,25,2026-07-08
S006,P00206,207,25,2026-07-08
S006,P00207,191,25,2026-07-08
S006,P00208,263,25,2026-07-08
S006,P00209,137,25,2026-07-08
S006,P00210,278,25,2026-07-08
S006,P00211,238,25,2026-07-08
S006,P00212,289,25,2026-07-08
S006,P00213,150,25,2026-07-08
S006,P00214,103,25,2026-07-08
S006,P00215,210,25,2026-07-08
S006,P00216,288,25,2026-07-08
S006,P00217,23,25,2026-07-08
S006,P00218,275,25,2026-07-08
S006,P00219,251,25,2026-07-08
S006,P00220,53,25,2026-07-08
S006,P00221,88,25,2026-07-08
S006,P00222,271,25,2026-07-08
S006,P00223,83,25,2026-07-08
S006,P00224,38,25,2026-07-08
S006,P00225,273,25,2026-07-08
S006,P00226,211,25,2026-07-08
S006,P00227,79,25,2026-07-08
S006,P00228,182,25,2026-07-08
S006,P00229,136,25,2026-07-08
S006,P00230,43,25,2026-07-08
S006,P00231,111,25,2026-07-08
S006,P00232,285,25,2026-07-08
S006,P00233,194,25,2026-07-08
S006,P00234,93,25,2026-07-08
S006,P00235,96,25,2026-07-08
S006,P00236,109,25,2026-07-08
S006,P00237,8,25,2026-07-08
S006,P00238,82,25,2026-07-08
S006,P00239,299,25,2026-07-08
S006,P00240,63,25,2026-07-08
S006,P00241,40,25,2026-07-08
S006,P00242,209,25,2026-07-08
S006,P00243,276,25,2026-07-08
S006,P00244,277,25,2026-07-08
S006,P00245,16,25,2026-07-08
S006,P00246,212,25,2026-07-08
S006,P00247,282,25,2026-07-08
S006,P00248,195,25,2026-07-08
S006,P00249,227,25,2026-07-08
S006,P00250,277,25,2026-07-08
S006,P00251,168,25,2026-07-08
S006,P00252,115,25,2026-07-08
S006,P00253,195,25,2026-07-08
S006,P00254,48,25,2026-07-08
S006,P00255,111,25,2026-07-08
S006,P00256,292,25,2026-07-08
S006,P00257,191,25,2026-07-08
S006,P00258,238,25,2026-07-08
S006,P00259,108,25,2026-07-08
S006,P00260,86,25,2026-07-08
S006,P00261,90,25,2026-07-08
S006,P00262,56,25,2026-07-08
S006,P00263,280,25,2026-07-08
S006,P00264,254,25,2026-07-08
S006,P00265,32,25,2026-07-08
S006,P00266,296,25,2026-07-08
S006,P00267,12,25,2026-07-08
S006,P00268,251,25,2026-07-08
S006,P00269,184,25,2026-07-08
S006,P00270,255,25,2026-07-08
S006,P00271,33,25,2026-07-08
S006,P00272,300,25,2026-07-08
S006,P00273,132,25,2026-07-08
S006,P00274,35,25,2026-07-08
S006,P00275,224,25,2026-07-08
S006,P00276,239,25,2026-07-08
S006,P00277,284,25,2026-07-08
S006,P00278,180,25,2026-07-08
S006,P00279,183,25,2026-07-08
S006,P00280,107,25,2026-07-08
S006,P00281,29,25,2026-07-08
S006,P00282,170,25,2026-07-08
S006,P00283,297,25,2026-07-08
S006,P00284,194,25,2026-07-08
S006,P00285,202,25,2026-07-08
S006,P00286,294,25,2026-07-08
S006,P00287,187,25,2026-07-08
S006,P00288,275,25,2026-07-08
S006,P00289,26,25,2026-07-08
S006,P00290,151,25,2026-07-08
S006,P00291,83,25,2026-07-08
S006,P00292,278,25,2026-07-08
S006,P00293,78,25,2026-07-08
S006,P00294,265,25,2026-07-08
S006,P00295,143,25,2026-07-08
S006,P00296,278,25,2026-07-08
S006,P00297,130,25,2026-07-08
S006,P00298,21,25,2026-07-08
S006,P00299,167,25,2026-07-08
S006,P00300,34,25,2026-07-08
S006,P00301,174,25,2026-07-08
S006,P00302,287,25,2026-07-08
S006,P00303,112,25,2026-07-08
S006,P00304,271,25,2026-07-08
S006,P00305,230,25,2026-07-08
S006,P00306,97,25,2026-07-08
S006,P00307,5,25,2026-07-08
S006,P00308,297,25,2026-07-08
S006,P00309,234,25,2026-07-08
S006,P00310,58,25,2026-07-08
S006,P00311,51,25,2026-07-08
S006,P00312,129,25,2026-07-08
S006,P00313,87,25,2026-07-08
S006,P00314,29,25,2026-07-08
S006,P00315,132,25,2026-07-08
S006,P00316,188,25,2026-07-08
S006,P00317,271,25,2026-07-08
S006,P00318,164,25,2026-07-08
S006,P00319,3,25,2026-07-08
S006,P00320,225,25,2026-07-08
S006,P00321,193,25,2026-07-08
S006,P00322,246,25,2026-07-08
S006,P00323,196,25,2026-07-08
S006,P00324,171,25,2026-07-08
S006,P00325,59,25,2026-07-08
S006,P00326,50,25,2026-07-08
S006,P00327,49,25,2026-07-08
S006,P00328,104,25,2026-07-08
S006,P00329,179,25,2026-07-08
S006,P00330,78,25,2026-07-08
S006,P00331,186,25,2026-07-08
S006,P00332,289,25,2026-07-08
S006,P00333,264,25,2026-07-08
S006,P00334,245,25,2026-07-08
S006,P00335,187,25,2026-07-08
S006,P00336,72,25,2026-07-08
S006,P00337,270,25,2026-07-08
S006,P00338,300,25,2026-07-08
S006,P00339,284,25,2026-07-08
S006,P00340,186,25,2026-07-08
S006,P00341,12,25,2026-07-08
S006,P00342,272,25,2026-07-08
S006,P00343,150,25,2026-07-08
S006,P00344,50,25,2026-07-08
S006,P00345,241,25,2026-07-08
S006,P00346,76,25,2026-07-08
S006,P00347,194,25,2026-07-08
S006,P00348,198,25,2026-07-08
S006,P00349,53,25,2026-07-08
S006,P00350,282,25,2026-07-08
S006,P00351,235,25,2026-07-08
S006,P00352,194,25,2026-07-08
S006,P00353,9,25,2026-07-08
S006,P00354,38,25,2026-07-08
S006,P00355,14,25,2026-07-08
S006,P00356,288,25,2026-07-08
S006,P00357,88,25,2026-07-08
S006,P00358,192,25,2026-07-08
S006,P00359,225,25,2026-07-08
S006,P00360,69,25,2026-07-08
S006,P00361,17,25,2026-07-08
S006,P00362,269,25,2026-07-08
S006,P00363,42,25,2026-07-08
S006,P00364,215,25,2026-07-08
S006,P00365,234,25,2026-07-08
S006,P00366,258,25,2026-07-08
S006,P00367,216,25,2026-07-08
S006,P00368,213,25,2026-07-08
S006,P00369,75,25,2026-07-08
S006,P00370,111,25,2026-07-08
S006,P00371,11,25,2026-07-08
S006,P00372,290,25,2026-07-08
S006,P00373,124,25,2026-07-08
S006,P00374,296,25,2026-07-08
S006,P00375,86,25,2026-07-08
S006,P00376,102,25,2026-07-08
S006,P00377,53,25,2026-07-08
S006,P00378,198,25,2026-07-08
S006,P00379,87,25,2026-07-08
S006,P00380,280,25,2026-07-08
S006,P00381,284,25,2026-07-08
S006,P00382,79,25,2026-07-08
S006,P00383,15,25,2026-07-08
S006,P00384,90,25,2026-07-08
S006,P00385,196,25,2026-07-08
S006,P00386,262,25,2026-07-08
S006,P00387,260,25,2026-07-08
S006,P00388,2,25,2026-07-08
S006,P00389,271,25,2026-07-08
S006,P00390,248,25,2026-07-08
S006,P00391,219,25,2026-07-08
S006,P00392,106,25,2026-07-08
S006,P00393,211,25,2026-07-08
S006,P00394,221,25,2026-07-08
S006,P00395,105,25,2026-07-08
S006,P00396,63,25,2026-07-08
S006,P00397,70,25,2026-07-08
S006,P00398,237,25,2026-07-08
S006,P00399,133,25,2026-07-08
S006,P00400,118,25,2026-07-08
S006,P00401,41,25,2026-07-08
S006,P00402,242,25,2026-07-08
S006,P00403,123,25,2026-07-08
S006,P00404,212,25,2026-07-08
S006,P00405,50,25,2026-07-08
S006,P00406,120,25,2026-07-08
S006,P00407,82,25,2026-07-08
S006,P00408,132,25,2026-07-08
S006,P00409,284,25,2026-07-08
S006,P00410,0,25,2026-07-08
S006,P00411,178,25,2026-07-08
S006,P00412,22,25,2026-07-08
S006,P00413,244,25,2026-07-08
S006,P00414,250,25,2026-07-08
S006,P00415,101,25,2026-07-08
S006,P00416,291,25,2026-07-08
S006,P00417,237,25,2026-07-08
S006,P00418,28,25,2026-07-08
S006,P00419,24,25,2026-07-08
S006,P00420,142,25,2026-07-08
S006,P00421,177,25,2026-07-08
S006,P00422,130,25,2026-07-08
S006,P00423,236,25,2026-07-08
S006,P00424,115,25,2026-07-08
S006,P00425,127,25,2026-07-08
S006,P00426,245,25,2026-07-08
S006,P00427,227,25,2026-07-08
S006,P00428,46,25,2026-07-08
S006,P00429,88,25,2026-07-08
S006,P00430,197,25,2026-07-08
S006,P00431,182,25,2026-07-08
S006,P00432,237,25,2026-07-08
S006,P00433,294,25,2026-07-08
S006,P00434,97,25,2026-07-08
S006,P00435,186,25,2026-07-08
S006,P00436,61,25,2026-07-08
S006,P00437,132,25,2026-07-08
S006,P00438,25,25,2026-07-08
S006,P00439,93,25,2026-07-08
S006,P00440,18,25,2026-07-08
S006,P00441,128,25,2026-07-08
S006,P00442,245,25,2026-07-08
S006,P00443,122,25,2026-07-08
S006,P00444,292,25,2026-07-08
S006,P00445,245,25,2026-07-08
S006,P00446,81,25,2026-07-08
S006,P00447,224,25,2026-07-08
S006,P00448,27,25,2026-07-08
S006,P00449,71,25,2026-07-08
S006,P00450,71,25,2026-07-08
S006,P00451,123,25,2026-07-08
S006,P00452,257,25,2026-07-08
S006,P00453,56,25,2026-07-08
S006,P00454,175,25,2026-07-08
S006,P00455,119,25,2026-07-08
S006,P00456,276,25,2026-07-08
S006,P00457,152,25,2026-07-08
S006,P00458,294,25,2026-07-08
S006,P00459,34,25,2026-07-08
S006,P00460,67,25,2026-07-08
S006,P00461,181,25,2026-07-08
S006,P00462,195,25,2026-07-08
S006,P00463,240,25,2026-07-08
S006,P00464,78,25,2026-07-08
S006,P00465,124,25,2026-07-08
S006,P00466,279,25,2026-07-08
S006,P00467,198,25,2026-07-08
S006,P00468,151,25,2026-07-08
S006,P00469,146,25,2026-07-08
S006,P00470,98,25,2026-07-08
S006,P00471,26,25,2026-07-08
S006,P00472,44,25,2026-07-08
S006,P00473,138,25,2026-07-08
S006,P00474,67,25,2026-07-08
S006,P00475,271,25,2026-07-08
S006,P00476,103,25,2026-07-08
S006,P00477,48,25,2026-07-08
S006,P00478,0,25,2026-07-08
S006,P00479,13,25,2026-07-08
S006,P00480,68,25,2026-07-08
S006,P00481,222,25,2026-07-08
S006,P00482,228,25,2026-07-08
S006,P00483,63,25,2026-07-08
S006,P00484,106,25,2026-07-08
S006,P00485,203,25,2026-07-08
S006,P00486,106,25,2026-07-08
S006,P00487,91,25,2026-07-08
S006,P00488,10,25,2026-07-08
S006,P00489,176,25,2026-07-08
S006,P00490,199,25,2026-07-08
S006,P00491,58,25,2026-07-08
S006,P00492,116,25,2026-07-08
S006,P00493,174,25,2026-07-08
S006,P00494,220,25,2026-07-08
S006,P00495,115,25,2026-07-08
S006,P00496,4,25,2026-07-08
S006,P00497,180,25,2026-07-08
S006,P00498,193,25,2026-07-08
S006,P00499,50,25,2026-07-08
S006,P00500,139,25,2026-07-08
S007,P00001,177,25,2026-07-08
S007,P00002,108,25,2026-07-08
S007,P00003,281,25,2026-07-08
S007,P00004,212,25,2026-07-08
S007,P00005,206,25,2026-07-08
S007,P00006,114,25,2026-07-08
S007,P00007,19,25,2026-07-08
S007,P00008,94,25,2026-07-08
S007,P00009,215,25,2026-07-08
S007,P00010,17,25,2026-07-08
S007,P00011,255,25,2026-07-08
S007,P00012,9,25,2026-07-08
S007,P00013,25,25,2026-07-08
S007,P00014,26,25,2026-07-08
S007,P00015,158,25,2026-07-08
S007,P00016,53,25,2026-07-08
S007,P00017,259,25,2026-07-08
S007,P00018,24,25,2026-07-08
S007,P00019,50,25,2026-07-08
S007,P00020,157,25,2026-07-08
S007,P00021,59,25,2026-07-08
S007,P00022,152,25,2026-07-08
S007,P00023,49,25,2026-07-08
S007,P00024,198,25,2026-07-08
S007,P00025,38,25,2026-07-08
S007,P00026,180,25,2026-07-08
S007,P00027,234,25,2026-07-08
S007,P00028,132,25,2026-07-08
S007,P00029,209,25,2026-07-08
S007,P00030,296,25,2026-07-08
S007,P00031,38,25,2026-07-08
S007,P00032,294,25,2026-07-08
S007,P00033,58,25,2026-07-08
S007,P00034,242,25,2026-07-08
S007,P00035,1,25,2026-07-08
S007,P00036,85,25,2026-07-08
S007,P00037,63,25,2026-07-08
S007,P00038,283,25,2026-07-08
S007,P00039,161,25,2026-07-08
S007,P00040,81,25,2026-07-08
S007,P00041,188,25,2026-07-08
S007,P00042,76,25,2026-07-08
S007,P00043,142,25,2026-07-08
S007,P00044,93,25,2026-07-08
S007,P00045,10,25,2026-07-08
S007,P00046,217,25,2026-07-08
S007,P00047,282,25,2026-07-08
S007,P00048,229,25,2026-07-08
S007,P00049,81,25,2026-07-08
S007,P00050,165,25,2026-07-08
S007,P00051,247,25,2026-07-08
S007,P00052,230,25,2026-07-08
S007,P00053,234,25,2026-07-08
S007,P00054,242,25,2026-07-08
S007,P00055,123,25,2026-07-08
S007,P00056,23,25,2026-07-08
S007,P00057,16,25,2026-07-08
S007,P00058,138,25,2026-07-08
S007,P00059,26,25,2026-07-08
S007,P00060,64,25,2026-07-08
S007,P00061,231,25,2026-07-08
S007,P00062,249,25,2026-07-08
S007,P00063,258,25,2026-07-08
S007,P00064,232,25,2026-07-08
S007,P00065,115,25,2026-07-08
S007,P00066,12,25,2026-07-08
S007,P00067,102,25,2026-07-08
S007,P00068,75,25,2026-07-08
S007,P00069,290,25,2026-07-08
S007,P00070,173,25,2026-07-08
S007,P00071,147,25,2026-07-08
S007,P00072,271,25,2026-07-08
S007,P00073,99,25,2026-07-08
S007,P00074,51,25,2026-07-08
S007,P00075,179,25,2026-07-08
S007,P00076,109,25,2026-07-08
S007,P00077,26,25,2026-07-08
S007,P00078,169,25,2026-07-08
S007,P00079,151,25,2026-07-08
S007,P00080,230,25,2026-07-08
S007,P00081,183,25,2026-07-08
S007,P00082,77,25,2026-07-08
S007,P00083,271,25,2026-07-08
S007,P00084,120,25,2026-07-08
S007,P00085,295,25,2026-07-08
S007,P00086,183,25,2026-07-08
S007,P00087,62,25,2026-07-08
S007,P00088,181,25,2026-07-08
S007,P00089,85,25,2026-07-08
S007,P00090,214,25,2026-07-08
S007,P00091,240,25,2026-07-08
S007,P00092,255,25,2026-07-08
S007,P00093,157,25,2026-07-08
S007,P00094,275,25,2026-07-08
S007,P00095,29,25,2026-07-08
S007,P00096,200,25,2026-07-08
S007,P00097,299,25,2026-07-08
S007,P00098,214,25,2026-07-08
S007,P00099,212,25,2026-07-08
S007,P00100,294,25,2026-07-08
S007,P00101,86,25,2026-07-08
S007,P00102,127,25,2026-07-08
S007,P00103,209,25,2026-07-08
S007,P00104,11,25,2026-07-08
S007,P00105,184,25,2026-07-08
S007,P00106,197,25,2026-07-08
S007,P00107,66,25,2026-07-08
S007,P00108,62,25,2026-07-08
S007,P00109,266,25,2026-07-08
S007,P00110,278,25,2026-07-08
S007,P00111,46,25,2026-07-08
S007,P00112,17,25,2026-07-08
S007,P00113,17,25,2026-07-08
S007,P00114,166,25,2026-07-08
S007,P00115,214,25,2026-07-08
S007,P00116,13,25,2026-07-08
S007,P00117,78,25,2026-07-08
S007,P00118,15,25,2026-07-08
S007,P00119,208,25,2026-07-08
S007,P00120,62,25,2026-07-08
S007,P00121,156,25,2026-07-08
S007,P00122,141,25,2026-07-08
S007,P00123,229,25,2026-07-08
S007,P00124,91,25,2026-07-08
S007,P00125,51,25,2026-07-08
S007,P00126,279,25,2026-07-08
S007,P00127,222,25,2026-07-08
S007,P00128,2,25,2026-07-08
S007,P00129,254,25,2026-07-08
S007,P00130,159,25,2026-07-08
S007,P00131,29,25,2026-07-08
S007,P00132,7,25,2026-07-08
S007,P00133,251,25,2026-07-08
S007,P00134,167,25,2026-07-08
S007,P00135,101,25,2026-07-08
S007,P00136,180,25,2026-07-08
S007,P00137,126,25,2026-07-08
S007,P00138,71,25,2026-07-08
S007,P00139,28,25,2026-07-08
S007,P00140,20,25,2026-07-08
S007,P00141,233,25,2026-07-08
S007,P00142,107,25,2026-07-08
S007,P00143,24,25,2026-07-08
S007,P00144,70,25,2026-07-08
S007,P00145,86,25,2026-07-08
S007,P00146,33,25,2026-07-08
S007,P00147,198,25,2026-07-08
S007,P00148,217,25,2026-07-08
S007,P00149,175,25,2026-07-08
S007,P00150,115,25,2026-07-08
S007,P00151,258,25,2026-07-08
S007,P00152,215,25,2026-07-08
S007,P00153,140,25,2026-07-08
S007,P00154,36,25,2026-07-08
S007,P00155,198,25,2026-07-08
S007,P00156,231,25,2026-07-08
S007,P00157,263,25,2026-07-08
S007,P00158,55,25,2026-07-08
S007,P00159,285,25,2026-07-08
S007,P00160,88,25,2026-07-08
S007,P00161,28,25,2026-07-08
S007,P00162,187,25,2026-07-08
S007,P00163,248,25,2026-07-08
S007,P00164,100,25,2026-07-08
S007,P00165,90,25,2026-07-08
S007,P00166,80,25,2026-07-08
S007,P00167,56,25,2026-07-08
S007,P00168,27,25,2026-07-08
S007,P00169,122,25,2026-07-08
S007,P00170,92,25,2026-07-08
S007,P00171,291,25,2026-07-08
S007,P00172,115,25,2026-07-08
S007,P00173,200,25,2026-07-08
S007,P00174,218,25,2026-07-08
S007,P00175,104,25,2026-07-08
S007,P00176,298,25,2026-07-08
S007,P00177,183,25,2026-07-08
S007,P00178,207,25,2026-07-08
S007,P00179,152,25,2026-07-08
S007,P00180,143,25,2026-07-08
S007,P00181,101,25,2026-07-08
S007,P00182,60,25,2026-07-08
S007,P00183,276,25,2026-07-08
S007,P00184,79,25,2026-07-08
S007,P00185,162,25,2026-07-08
S007,P00186,17,25,2026-07-08
S007,P00187,162,25,2026-07-08
S007,P00188,200,25,2026-07-08
S007,P00189,122,25,2026-07-08
S007,P00190,132,25,2026-07-08
S007,P00191,182,25,2026-07-08
S007,P00192,190,25,2026-07-08
S007,P00193,76,25,2026-07-08
S007,P00194,183,25,2026-07-08
S007,P00195,105,25,2026-07-08
S007,P00196,128,25,2026-07-08
S007,P00197,296,25,2026-07-08
S007,P00198,1,25,2026-07-08
S007,P00199,7,25,2026-07-08
S007,P00200,34,25,2026-07-08
S007,P00201,203,25,2026-07-08
S007,P00202,202,25,2026-07-08
S007,P00203,26,25,2026-07-08
S007,P00204,148,25,2026-07-08
S007,P00205,102,25,2026-07-08
S007,P00206,285,25,2026-07-08
S007,P00207,90,25,2026-07-08
S007,P00208,145,25,2026-07-08
S007,P00209,66,25,2026-07-08
S007,P00210,240,25,2026-07-08
S007,P00211,163,25,2026-07-08
S007,P00212,37,25,2026-07-08
S007,P00213,29,25,2026-07-08
S007,P00214,22,25,2026-07-08
S007,P00215,160,25,2026-07-08
S007,P00216,272,25,2026-07-08
S007,P00217,206,25,2026-07-08
S007,P00218,215,25,2026-07-08
S007,P00219,223,25,2026-07-08
S007,P00220,40,25,2026-07-08
S007,P00221,245,25,2026-07-08
S007,P00222,261,25,2026-07-08
S007,P00223,82,25,2026-07-08
S007,P00224,224,25,2026-07-08
S007,P00225,289,25,2026-07-08
S007,P00226,53,25,2026-07-08
S007,P00227,5,25,2026-07-08
S007,P00228,10,25,2026-07-08
S007,P00229,224,25,2026-07-08
S007,P00230,174,25,2026-07-08
S007,P00231,66,25,2026-07-08
S007,P00232,184,25,2026-07-08
S007,P00233,209,25,2026-07-08
S007,P00234,42,25,2026-07-08
S007,P00235,98,25,2026-07-08
S007,P00236,31,25,2026-07-08
S007,P00237,142,25,2026-07-08
S007,P00238,236,25,2026-07-08
S007,P00239,102,25,2026-07-08
S007,P00240,99,25,2026-07-08
S007,P00241,5,25,2026-07-08
S007,P00242,250,25,2026-07-08
S007,P00243,239,25,2026-07-08
S007,P00244,57,25,2026-07-08
S007,P00245,230,25,2026-07-08
S007,P00246,42,25,2026-07-08
S007,P00247,111,25,2026-07-08
S007,P00248,190,25,2026-07-08
S007,P00249,103,25,2026-07-08
S007,P00250,132,25,2026-07-08
S007,P00251,33,25,2026-07-08
S007,P00252,127,25,2026-07-08
S007,P00253,87,25,2026-07-08
S007,P00254,202,25,2026-07-08
S007,P00255,10,25,2026-07-08
S007,P00256,222,25,2026-07-08
S007,P00257,72,25,2026-07-08
S007,P00258,118,25,2026-07-08
S007,P00259,95,25,2026-07-08
S007,P00260,36,25,2026-07-08
S007,P00261,84,25,2026-07-08
S007,P00262,190,25,2026-07-08
S007,P00263,117,25,2026-07-08
S007,P00264,72,25,2026-07-08
S007,P00265,51,25,2026-07-08
S007,P00266,230,25,2026-07-08
S007,P00267,15,25,2026-07-08
S007,P00268,247,25,2026-07-08
S007,P00269,145,25,2026-07-08
S007,P00270,13,25,2026-07-08
S007,P00271,221,25,2026-07-08
S007,P00272,179,25,2026-07-08
S007,P00273,157,25,2026-07-08
S007,P00274,106,25,2026-07-08
S007,P00275,294,25,2026-07-08
S007,P00276,160,25,2026-07-08
S007,P00277,273,25,2026-07-08
S007,P00278,267,25,2026-07-08
S007,P00279,257,25,2026-07-08
S007,P00280,83,25,2026-07-08
S007,P00281,156,25,2026-07-08
S007,P00282,111,25,2026-07-08
S007,P00283,247,25,2026-07-08
S007,P00284,196,25,2026-07-08
S007,P00285,188,25,2026-07-08
S007,P00286,203,25,2026-07-08
S007,P00287,225,25,2026-07-08
S007,P00288,139,25,2026-07-08
S007,P00289,223,25,2026-07-08
S007,P00290,33,25,2026-07-08
S007,P00291,102,25,2026-07-08
S007,P00292,211,25,2026-07-08
S007,P00293,198,25,2026-07-08
S007,P00294,89,25,2026-07-08
S007,P00295,252,25,2026-07-08
S007,P00296,43,25,2026-07-08
S007,P00297,231,25,2026-07-08
S007,P00298,143,25,2026-07-08
S007,P00299,142,25,2026-07-08
S007,P00300,188,25,2026-07-08
S007,P00301,95,25,2026-07-08
S007,P00302,41,25,2026-07-08
S007,P00303,249,25,2026-07-08
S007,P00304,73,25,2026-07-08
S007,P00305,290,25,2026-07-08
S007,P00306,174,25,2026-07-08
S007,P00307,182,25,2026-07-08
S007,P00308,14,25,2026-07-08
S007,P00309,232,25,2026-07-08
S007,P00310,101,25,2026-07-08
S007,P00311,104,25,2026-07-08
S007,P00312,39,25,2026-07-08
S007,P00313,293,25,2026-07-08
S007,P00314,130,25,2026-07-08
S007,P00315,151,25,2026-07-08
S007,P00316,268,25,2026-07-08
S007,P00317,117,25,2026-07-08
S007,P00318,54,25,2026-07-08
S007,P00319,85,25,2026-07-08
S007,P00320,41,25,2026-07-08
S007,P00321,279,25,2026-07-08
S007,P00322,145,25,2026-07-08
S007,P00323,215,25,2026-07-08
S007,P00324,167,25,2026-07-08
S007,P00325,55,25,2026-07-08
S007,P00326,263,25,2026-07-08
S007,P00327,34,25,2026-07-08
S007,P00328,187,25,2026-07-08
S007,P00329,239,25,2026-07-08
S007,P00330,70,25,2026-07-08
S007,P00331,9,25,2026-07-08
S007,P00332,68,25,2026-07-08
S007,P00333,215,25,2026-07-08
S007,P00334,59,25,2026-07-08
S007,P00335,126,25,2026-07-08
S007,P00336,101,25,2026-07-08
S007,P00337,220,25,2026-07-08
S007,P00338,225,25,2026-07-08
S007,P00339,174,25,2026-07-08
S007,P00340,99,25,2026-07-08
S007,P00341,79,25,2026-07-08
S007,P00342,204,25,2026-07-08
S007,P00343,97,25,2026-07-08
S007,P00344,4,25,2026-07-08
S007,P00345,156,25,2026-07-08
S007,P00346,200,25,2026-07-08
S007,P00347,200,25,2026-07-08
S007,P00348,30,25,2026-07-08
S007,P00349,260,25,2026-07-08
S007,P00350,67,25,2026-07-08
S007,P00351,231,25,2026-07-08
S007,P00352,169,25,2026-07-08
S007,P00353,67,25,2026-07-08
S007,P00354,153,25,2026-07-08
S007,P00355,82,25,2026-07-08
S007,P00356,192,25,2026-07-08
S007,P00357,259,25,2026-07-08
S007,P00358,194,25,2026-07-08
S007,P00359,166,25,2026-07-08
S007,P00360,21,25,2026-07-08
S007,P00361,204,25,2026-07-08
S007,P00362,70,25,2026-07-08
S007,P00363,2,25,2026-07-08
S007,P00364,268,25,2026-07-08
S007,P00365,230,25,2026-07-08
S007,P00366,185,25,2026-07-08
S007,P00367,45,25,2026-07-08
S007,P00368,289,25,2026-07-08
S007,P00369,159,25,2026-07-08
S007,P00370,177,25,2026-07-08
S007,P00371,288,25,2026-07-08
S007,P00372,70,25,2026-07-08
S007,P00373,286,25,2026-07-08
S007,P00374,59,25,2026-07-08
S007,P00375,51,25,2026-07-08
S007,P00376,276,25,2026-07-08
S007,P00377,127,25,2026-07-08
S007,P00378,283,25,2026-07-08
S007,P00379,295,25,2026-07-08
S007,P00380,122,25,2026-07-08
S007,P00381,253,25,2026-07-08
S007,P00382,193,25,2026-07-08
S007,P00383,195,25,2026-07-08
S007,P00384,266,25,2026-07-08
S007,P00385,101,25,2026-07-08
S007,P00386,141,25,2026-07-08
S007,P00387,231,25,2026-07-08
S007,P00388,181,25,2026-07-08
S007,P00389,160,25,2026-07-08
S007,P00390,44,25,2026-07-08
S007,P00391,37,25,2026-07-08
S007,P00392,86,25,2026-07-08
S007,P00393,295,25,2026-07-08
S007,P00394,270,25,2026-07-08
S007,P00395,6,25,2026-07-08
S007,P00396,163,25,2026-07-08
S007,P00397,52,25,2026-07-08
S007,P00398,202,25,2026-07-08
S007,P00399,74,25,2026-07-08
S007,P00400,201,25,2026-07-08
S007,P00401,234,25,2026-07-08
S007,P00402,159,25,2026-07-08
S007,P00403,93,25,2026-07-08
S007,P00404,106,25,2026-07-08
S007,P00405,132,25,2026-07-08
S007,P00406,10,25,2026-07-08
S007,P00407,281,25,2026-07-08
S007,P00408,144,25,2026-07-08
S007,P00409,242,25,2026-07-08
S007,P00410,197,25,2026-07-08
S007,P00411,28,25,2026-07-08
S007,P00412,193,25,2026-07-08
S007,P00413,257,25,2026-07-08
S007,P00414,233,25,2026-07-08
S007,P00415,88,25,2026-07-08
S007,P00416,220,25,2026-07-08
S007,P00417,128,25,2026-07-08
S007,P00418,212,25,2026-07-08
S007,P00419,155,25,2026-07-08
S007,P00420,242,25,2026-07-08
S007,P00421,277,25,2026-07-08
S007,P00422,211,25,2026-07-08
S007,P00423,286,25,2026-07-08
S007,P00424,259,25,2026-07-08
S007,P00425,68,25,2026-07-08
S007,P00426,185,25,2026-07-08
S007,P00427,12,25,2026-07-08
S007,P00428,10,25,2026-07-08
S007,P00429,210,25,2026-07-08
S007,P00430,67,25,2026-07-08
S007,P00431,238,25,2026-07-08
S007,P00432,83,25,2026-07-08
S007,P00433,68,25,2026-07-08
S007,P00434,272,25,2026-07-08
S007,P00435,4,25,2026-07-08
S007,P00436,194,25,2026-07-08
S007,P00437,300,25,2026-07-08
S007,P00438,101,25,2026-07-08
S007,P00439,157,25,2026-07-08
S007,P00440,85,25,2026-07-08
S007,P00441,36,25,2026-07-08
S007,P00442,273,25,2026-07-08
S007,P00443,251,25,2026-07-08
S007,P00444,206,25,2026-07-08
S007,P00445,241,25,2026-07-08
S007,P00446,120,25,2026-07-08
S007,P00447,204,25,2026-07-08
S007,P00448,40,25,2026-07-08
S007,P00449,241,25,2026-07-08
S007,P00450,215,25,2026-07-08
S007,P00451,2,25,2026-07-08
S007,P00452,87,25,2026-07-08
S007,P00453,229,25,2026-07-08
S007,P00454,275,25,2026-07-08
S007,P00455,95,25,2026-07-08
S007,P00456,121,25,2026-07-08
S007,P00457,189,25,2026-07-08
S007,P00458,214,25,2026-07-08
S007,P00459,227,25,2026-07-08
S007,P00460,176,25,2026-07-08
S007,P00461,7,25,2026-07-08
S007,P00462,121,25,2026-07-08
S007,P00463,147,25,2026-07-08
S007,P00464,188,25,2026-07-08
S007,P00465,38,25,2026-07-08
S007,P00466,287,25,2026-07-08
S007,P00467,63,25,2026-07-08
S007,P00468,117,25,2026-07-08
S007,P00469,119,25,2026-07-08
S007,P00470,61,25,2026-07-08
S007,P00471,85,25,2026-07-08
S007,P00472,50,25,2026-07-08
S007,P00473,91,25,2026-07-08
S007,P00474,270,25,2026-07-08
S007,P00475,19,25,2026-07-08
S007,P00476,79,25,2026-07-08
S007,P00477,189,25,2026-07-08
S007,P00478,6,25,2026-07-08
S007,P00479,94,25,2026-07-08
S007,P00480,197,25,2026-07-08
S007,P00481,96,25,2026-07-08
S007,P00482,105,25,2026-07-08
S007,P00483,191,25,2026-07-08
S007,P00484,145,25,2026-07-08
S007,P00485,125,25,2026-07-08
S007,P00486,259,25,2026-07-08
S007,P00487,189,25,2026-07-08
S007,P00488,300,25,2026-07-08
S007,P00489,135,25,2026-07-08
S007,P00490,203,25,2026-07-08
S007,P00491,202,25,2026-07-08
S007,P00492,206,25,2026-07-08
S007,P00493,84,25,2026-07-08
S007,P00494,271,25,2026-07-08
S007,P00495,260,25,2026-07-08
S007,P00496,246,25,2026-07-08
S007,P00497,225,25,2026-07-08
S007,P00498,142,25,2026-07-08
S007,P00499,9,25,2026-07-08
S007,P00500,227,25,2026-07-08
S008,P00001,144,25,2026-07-08
S008,P00002,219,25,2026-07-08
S008,P00003,238,25,2026-07-08
S008,P00004,12,25,2026-07-08
S008,P00005,293,25,2026-07-08
S008,P00006,21,25,2026-07-08
S008,P00007,85,25,2026-07-08
S008,P00008,89,25,2026-07-08
S008,P00009,90,25,2026-07-08
S008,P00010,123,25,2026-07-08
S008,P00011,199,25,2026-07-08
S008,P00012,146,25,2026-07-08
S008,P00013,110,25,2026-07-08
S008,P00014,160,25,2026-07-08
S008,P00015,239,25,2026-07-08
S008,P00016,139,25,2026-07-08
S008,P00017,51,25,2026-07-08
S008,P00018,270,25,2026-07-08
S008,P00019,252,25,2026-07-08
S008,P00020,255,25,2026-07-08
S008,P00021,9,25,2026-07-08
S008,P00022,242,25,2026-07-08
S008,P00023,39,25,2026-07-08
S008,P00024,295,25,2026-07-08
S008,P00025,129,25,2026-07-08
S008,P00026,142,25,2026-07-08
S008,P00027,182,25,2026-07-08
S008,P00028,67,25,2026-07-08
S008,P00029,256,25,2026-07-08
S008,P00030,146,25,2026-07-08
S008,P00031,66,25,2026-07-08
S008,P00032,260,25,2026-07-08
S008,P00033,19,25,2026-07-08
S008,P00034,103,25,2026-07-08
S008,P00035,6,25,2026-07-08
S008,P00036,174,25,2026-07-08
S008,P00037,95,25,2026-07-08
S008,P00038,239,25,2026-07-08
S008,P00039,241,25,2026-07-08
S008,P00040,121,25,2026-07-08
S008,P00041,67,25,2026-07-08
S008,P00042,86,25,2026-07-08
S008,P00043,292,25,2026-07-08
S008,P00044,192,25,2026-07-08
S008,P00045,171,25,2026-07-08
S008,P00046,70,25,2026-07-08
S008,P00047,84,25,2026-07-08
S008,P00048,107,25,2026-07-08
S008,P00049,37,25,2026-07-08
S008,P00050,125,25,2026-07-08
S008,P00051,104,25,2026-07-08
S008,P00052,261,25,2026-07-08
S008,P00053,228,25,2026-07-08
S008,P00054,8,25,2026-07-08
S008,P00055,297,25,2026-07-08
S008,P00056,263,25,2026-07-08
S008,P00057,119,25,2026-07-08
S008,P00058,45,25,2026-07-08
S008,P00059,173,25,2026-07-08
S008,P00060,62,25,2026-07-08
S008,P00061,242,25,2026-07-08
S008,P00062,229,25,2026-07-08
S008,P00063,230,25,2026-07-08
S008,P00064,204,25,2026-07-08
S008,P00065,198,25,2026-07-08
S008,P00066,33,25,2026-07-08
S008,P00067,219,25,2026-07-08
S008,P00068,261,25,2026-07-08
S008,P00069,266,25,2026-07-08
S008,P00070,105,25,2026-07-08
S008,P00071,75,25,2026-07-08
S008,P00072,135,25,2026-07-08
S008,P00073,8,25,2026-07-08
S008,P00074,162,25,2026-07-08
S008,P00075,78,25,2026-07-08
S008,P00076,169,25,2026-07-08
S008,P00077,236,25,2026-07-08
S008,P00078,180,25,2026-07-08
S008,P00079,43,25,2026-07-08
S008,P00080,80,25,2026-07-08
S008,P00081,81,25,2026-07-08
S008,P00082,236,25,2026-07-08
S008,P00083,102,25,2026-07-08
S008,P00084,217,25,2026-07-08
S008,P00085,267,25,2026-07-08
S008,P00086,297,25,2026-07-08
S008,P00087,127,25,2026-07-08
S008,P00088,151,25,2026-07-08
S008,P00089,83,25,2026-07-08
S008,P00090,56,25,2026-07-08
S008,P00091,248,25,2026-07-08
S008,P00092,296,25,2026-07-08
S008,P00093,115,25,2026-07-08
S008,P00094,282,25,2026-07-08
S008,P00095,209,25,2026-07-08
S008,P00096,212,25,2026-07-08
S008,P00097,157,25,2026-07-08
S008,P00098,144,25,2026-07-08
S008,P00099,5,25,2026-07-08
S008,P00100,290,25,2026-07-08
S008,P00101,183,25,2026-07-08
S008,P00102,291,25,2026-07-08
S008,P00103,215,25,2026-07-08
S008,P00104,41,25,2026-07-08
S008,P00105,206,25,2026-07-08
S008,P00106,250,25,2026-07-08
S008,P00107,25,25,2026-07-08
S008,P00108,103,25,2026-07-08
S008,P00109,12,25,2026-07-08
S008,P00110,285,25,2026-07-08
S008,P00111,129,25,2026-07-08
S008,P00112,47,25,2026-07-08
S008,P00113,176,25,2026-07-08
S008,P00114,222,25,2026-07-08
S008,P00115,128,25,2026-07-08
S008,P00116,125,25,2026-07-08
S008,P00117,223,25,2026-07-08
S008,P00118,214,25,2026-07-08
S008,P00119,157,25,2026-07-08
S008,P00120,164,25,2026-07-08
S008,P00121,179,25,2026-07-08
S008,P00122,152,25,2026-07-08
S008,P00123,175,25,2026-07-08
S008,P00124,139,25,2026-07-08
S008,P00125,96,25,2026-07-08
S008,P00126,110,25,2026-07-08
S008,P00127,278,25,2026-07-08
S008,P00128,71,25,2026-07-08
S008,P00129,77,25,2026-07-08
S008,P00130,170,25,2026-07-08
S008,P00131,299,25,2026-07-08
S008,P00132,71,25,2026-07-08
S008,P00133,211,25,2026-07-08
S008,P00134,164,25,2026-07-08
S008,P00135,221,25,2026-07-08
S008,P00136,120,25,2026-07-08
S008,P00137,284,25,2026-07-08
S008,P00138,117,25,2026-07-08
S008,P00139,64,25,2026-07-08
S008,P00140,40,25,2026-07-08
S008,P00141,158,25,2026-07-08
S008,P00142,48,25,2026-07-08
S008,P00143,19,25,2026-07-08
S008,P00144,4,25,2026-07-08
S008,P00145,62,25,2026-07-08
S008,P00146,138,25,2026-07-08
S008,P00147,89,25,2026-07-08
S008,P00148,86,25,2026-07-08
S008,P00149,249,25,2026-07-08
S008,P00150,62,25,2026-07-08
S008,P00151,253,25,2026-07-08
S008,P00152,40,25,2026-07-08
S008,P00153,273,25,2026-07-08
S008,P00154,3,25,2026-07-08
S008,P00155,288,25,2026-07-08
S008,P00156,169,25,2026-07-08
S008,P00157,274,25,2026-07-08
S008,P00158,55,25,2026-07-08
S008,P00159,169,25,2026-07-08
S008,P00160,147,25,2026-07-08
S008,P00161,112,25,2026-07-08
S008,P00162,246,25,2026-07-08
S008,P00163,254,25,2026-07-08
S008,P00164,188,25,2026-07-08
S008,P00165,118,25,2026-07-08
S008,P00166,274,25,2026-07-08
S008,P00167,154,25,2026-07-08
S008,P00168,44,25,2026-07-08
S008,P00169,257,25,2026-07-08
S008,P00170,143,25,2026-07-08
S008,P00171,162,25,2026-07-08
S008,P00172,17,25,2026-07-08
S008,P00173,220,25,2026-07-08
S008,P00174,237,25,2026-07-08
S008,P00175,105,25,2026-07-08
S008,P00176,140,25,2026-07-08
S008,P00177,78,25,2026-07-08
S008,P00178,100,25,2026-07-08
S008,P00179,240,25,2026-07-08
S008,P00180,173,25,2026-07-08
S008,P00181,26,25,2026-07-08
S008,P00182,256,25,2026-07-08
S008,P00183,10,25,2026-07-08
S008,P00184,278,25,2026-07-08
S008,P00185,246,25,2026-07-08
S008,P00186,97,25,2026-07-08
S008,P00187,119,25,2026-07-08
S008,P00188,75,25,2026-07-08
S008,P00189,230,25,2026-07-08
S008,P00190,185,25,2026-07-08
S008,P00191,119,25,2026-07-08
S008,P00192,107,25,2026-07-08
S008,P00193,247,25,2026-07-08
S008,P00194,70,25,2026-07-08
S008,P00195,220,25,2026-07-08
S008,P00196,238,25,2026-07-08
S008,P00197,163,25,2026-07-08
S008,P00198,63,25,2026-07-08
S008,P00199,0,25,2026-07-08
S008,P00200,51,25,2026-07-08
S008,P00201,0,25,2026-07-08
S008,P00202,279,25,2026-07-08
S008,P00203,93,25,2026-07-08
S008,P00204,169,25,2026-07-08
S008,P00205,5,25,2026-07-08
S008,P00206,26,25,2026-07-08
S008,P00207,184,25,2026-07-08
S008,P00208,282,25,2026-07-08
S008,P00209,114,25,2026-07-08
S008,P00210,1,25,2026-07-08
S008,P00211,111,25,2026-07-08
S008,P00212,20,25,2026-07-08
S008,P00213,255,25,2026-07-08
S008,P00214,131,25,2026-07-08
S008,P00215,55,25,2026-07-08
S008,P00216,193,25,2026-07-08
S008,P00217,116,25,2026-07-08
S008,P00218,137,25,2026-07-08
S008,P00219,44,25,2026-07-08
S008,P00220,95,25,2026-07-08
S008,P00221,60,25,2026-07-08
S008,P00222,273,25,2026-07-08
S008,P00223,278,25,2026-07-08
S008,P00224,149,25,2026-07-08
S008,P00225,194,25,2026-07-08
S008,P00226,246,25,2026-07-08
S008,P00227,234,25,2026-07-08
S008,P00228,78,25,2026-07-08
S008,P00229,94,25,2026-07-08
S008,P00230,250,25,2026-07-08
S008,P00231,43,25,2026-07-08
S008,P00232,27,25,2026-07-08
S008,P00233,217,25,2026-07-08
S008,P00234,63,25,2026-07-08
S008,P00235,56,25,2026-07-08
S008,P00236,137,25,2026-07-08
S008,P00237,12,25,2026-07-08
S008,P00238,257,25,2026-07-08
S008,P00239,240,25,2026-07-08
S008,P00240,227,25,2026-07-08
S008,P00241,58,25,2026-07-08
S008,P00242,251,25,2026-07-08
S008,P00243,68,25,2026-07-08
S008,P00244,29,25,2026-07-08
S008,P00245,298,25,2026-07-08
S008,P00246,84,25,2026-07-08
S008,P00247,252,25,2026-07-08
S008,P00248,285,25,2026-07-08
S008,P00249,246,25,2026-07-08
S008,P00250,211,25,2026-07-08
S008,P00251,157,25,2026-07-08
S008,P00252,15,25,2026-07-08
S008,P00253,172,25,2026-07-08
S008,P00254,234,25,2026-07-08
S008,P00255,134,25,2026-07-08
S008,P00256,13,25,2026-07-08
S008,P00257,179,25,2026-07-08
S008,P00258,80,25,2026-07-08
S008,P00259,61,25,2026-07-08
S008,P00260,158,25,2026-07-08
S008,P00261,35,25,2026-07-08
S008,P00262,286,25,2026-07-08
S008,P00263,31,25,2026-07-08
S008,P00264,146,25,2026-07-08
S008,P00265,24,25,2026-07-08
S008,P00266,56,25,2026-07-08
S008,P00267,36,25,2026-07-08
S008,P00268,207,25,2026-07-08
S008,P00269,75,25,2026-07-08
S008,P00270,13,25,2026-07-08
S008,P00271,58,25,2026-07-08
S008,P00272,271,25,2026-07-08
S008,P00273,19,25,2026-07-08
S008,P00274,256,25,2026-07-08
S008,P00275,251,25,2026-07-08
S008,P00276,206,25,2026-07-08
S008,P00277,79,25,2026-07-08
S008,P00278,129,25,2026-07-08
S008,P00279,8,25,2026-07-08
S008,P00280,136,25,2026-07-08
S008,P00281,63,25,2026-07-08
S008,P00282,175,25,2026-07-08
S008,P00283,233,25,2026-07-08
S008,P00284,56,25,2026-07-08
S008,P00285,84,25,2026-07-08
S008,P00286,84,25,2026-07-08
S008,P00287,36,25,2026-07-08
S008,P00288,233,25,2026-07-08
S008,P00289,281,25,2026-07-08
S008,P00290,221,25,2026-07-08
S008,P00291,83,25,2026-07-08
S008,P00292,117,25,2026-07-08
S008,P00293,270,25,2026-07-08
S008,P00294,127,25,2026-07-08
S008,P00295,298,25,2026-07-08
S008,P00296,173,25,2026-07-08
S008,P00297,180,25,2026-07-08
S008,P00298,42,25,2026-07-08
S008,P00299,124,25,2026-07-08
S008,P00300,115,25,2026-07-08
S008,P00301,250,25,2026-07-08
S008,P00302,120,25,2026-07-08
S008,P00303,122,25,2026-07-08
S008,P00304,70,25,2026-07-08
S008,P00305,235,25,2026-07-08
S008,P00306,107,25,2026-07-08
S008,P00307,120,25,2026-07-08
S008,P00308,107,25,2026-07-08
S008,P00309,276,25,2026-07-08
S008,P00310,203,25,2026-07-08
S008,P00311,34,25,2026-07-08
S008,P00312,106,25,2026-07-08
S008,P00313,134,25,2026-07-08
S008,P00314,205,25,2026-07-08
S008,P00315,55,25,2026-07-08
S008,P00316,37,25,2026-07-08
S008,P00317,191,25,2026-07-08
S008,P00318,74,25,2026-07-08
S008,P00319,205,25,2026-07-08
S008,P00320,120,25,2026-07-08
S008,P00321,142,25,2026-07-08
S008,P00322,299,25,2026-07-08
S008,P00323,150,25,2026-07-08
S008,P00324,188,25,2026-07-08
S008,P00325,147,25,2026-07-08
S008,P00326,48,25,2026-07-08
S008,P00327,191,25,2026-07-08
S008,P00328,46,25,2026-07-08
S008,P00329,267,25,2026-07-08
S008,P00330,123,25,2026-07-08
S008,P00331,204,25,2026-07-08
S008,P00332,59,25,2026-07-08
S008,P00333,46,25,2026-07-08
S008,P00334,263,25,2026-07-08
S008,P00335,236,25,2026-07-08
S008,P00336,91,25,2026-07-08
S008,P00337,211,25,2026-07-08
S008,P00338,187,25,2026-07-08
S008,P00339,6,25,2026-07-08
S008,P00340,193,25,2026-07-08
S008,P00341,67,25,2026-07-08
S008,P00342,221,25,2026-07-08
S008,P00343,90,25,2026-07-08
S008,P00344,23,25,2026-07-08
S008,P00345,156,25,2026-07-08
S008,P00346,170,25,2026-07-08
S008,P00347,261,25,2026-07-08
S008,P00348,53,25,2026-07-08
S008,P00349,158,25,2026-07-08
S008,P00350,134,25,2026-07-08
S008,P00351,145,25,2026-07-08
S008,P00352,277,25,2026-07-08
S008,P00353,77,25,2026-07-08
S008,P00354,99,25,2026-07-08
S008,P00355,139,25,2026-07-08
S008,P00356,28,25,2026-07-08
S008,P00357,179,25,2026-07-08
S008,P00358,267,25,2026-07-08
S008,P00359,270,25,2026-07-08
S008,P00360,298,25,2026-07-08
S008,P00361,115,25,2026-07-08
S008,P00362,213,25,2026-07-08
S008,P00363,216,25,2026-07-08
S008,P00364,207,25,2026-07-08
S008,P00365,115,25,2026-07-08
S008,P00366,31,25,2026-07-08
S008,P00367,256,25,2026-07-08
S008,P00368,209,25,2026-07-08
S008,P00369,117,25,2026-07-08
S008,P00370,75,25,2026-07-08
S008,P00371,119,25,2026-07-08
S008,P00372,168,25,2026-07-08
S008,P00373,77,25,2026-07-08
S008,P00374,155,25,2026-07-08
S008,P00375,211,25,2026-07-08
S008,P00376,279,25,2026-07-08
S008,P00377,181,25,2026-07-08
S008,P00378,120,25,2026-07-08
S008,P00379,289,25,2026-07-08
S008,P00380,213,25,2026-07-08
S008,P00381,153,25,2026-07-08
S008,P00382,249,25,2026-07-08
S008,P00383,23,25,2026-07-08
S008,P00384,121,25,2026-07-08
S008,P00385,227,25,2026-07-08
S008,P00386,219,25,2026-07-08
S008,P00387,207,25,2026-07-08
S008,P00388,116,25,2026-07-08
S008,P00389,158,25,2026-07-08
S008,P00390,126,25,2026-07-08
S008,P00391,156,25,2026-07-08
S008,P00392,31,25,2026-07-08
S008,P00393,203,25,2026-07-08
S008,P00394,236,25,2026-07-08
S008,P00395,148,25,2026-07-08
S008,P00396,292,25,2026-07-08
S008,P00397,110,25,2026-07-08
S008,P00398,34,25,2026-07-08
S008,P00399,60,25,2026-07-08
S008,P00400,220,25,2026-07-08
S008,P00401,204,25,2026-07-08
S008,P00402,30,25,2026-07-08
S008,P00403,46,25,2026-07-08
S008,P00404,173,25,2026-07-08
S008,P00405,191,25,2026-07-08
S008,P00406,31,25,2026-07-08
S008,P00407,154,25,2026-07-08
S008,P00408,35,25,2026-07-08
S008,P00409,123,25,2026-07-08
S008,P00410,287,25,2026-07-08
S008,P00411,174,25,2026-07-08
S008,P00412,128,25,2026-07-08
S008,P00413,226,25,2026-07-08
S008,P00414,111,25,2026-07-08
S008,P00415,190,25,2026-07-08
S008,P00416,203,25,2026-07-08
S008,P00417,36,25,2026-07-08
S008,P00418,134,25,2026-07-08
S008,P00419,288,25,2026-07-08
S008,P00420,100,25,2026-07-08
S008,P00421,44,25,2026-07-08
S008,P00422,173,25,2026-07-08
S008,P00423,32,25,2026-07-08
S008,P00424,274,25,2026-07-08
S008,P00425,163,25,2026-07-08
S008,P00426,285,25,2026-07-08
S008,P00427,144,25,2026-07-08
S008,P00428,101,25,2026-07-08
S008,P00429,252,25,2026-07-08
S008,P00430,286,25,2026-07-08
S008,P00431,244,25,2026-07-08
S008,P00432,135,25,2026-07-08
S008,P00433,60,25,2026-07-08
S008,P00434,17,25,2026-07-08
S008,P00435,38,25,2026-07-08
S008,P00436,283,25,2026-07-08
S008,P00437,296,25,2026-07-08
S008,P00438,192,25,2026-07-08
S008,P00439,150,25,2026-07-08
S008,P00440,44,25,2026-07-08
S008,P00441,51,25,2026-07-08
S008,P00442,8,25,2026-07-08
S008,P00443,118,25,2026-07-08
S008,P00444,57,25,2026-07-08
S008,P00445,175,25,2026-07-08
S008,P00446,159,25,2026-07-08
S008,P00447,104,25,2026-07-08
S008,P00448,240,25,2026-07-08
S008,P00449,65,25,2026-07-08
S008,P00450,93,25,2026-07-08
S008,P00451,192,25,2026-07-08
S008,P00452,99,25,2026-07-08
S008,P00453,92,25,2026-07-08
S008,P00454,154,25,2026-07-08
S008,P00455,77,25,2026-07-08
S008,P00456,47,25,2026-07-08
S008,P00457,226,25,2026-07-08
S008,P00458,173,25,2026-07-08
S008,P00459,282,25,2026-07-08
S008,P00460,271,25,2026-07-08
S008,P00461,202,25,2026-07-08
S008,P00462,141,25,2026-07-08
S008,P00463,163,25,2026-07-08
S008,P00464,51,25,2026-07-08
S008,P00465,62,25,2026-07-08
S008,P00466,249,25,2026-07-08
S008,P00467,181,25,2026-07-08
S008,P00468,4,25,2026-07-08
S008,P00469,213,25,2026-07-08
S008,P00470,120,25,2026-07-08
S008,P00471,19,25,2026-07-08
S008,P00472,137,25,2026-07-08
S008,P00473,97,25,2026-07-08
S008,P00474,119,25,2026-07-08
S008,P00475,183,25,2026-07-08
S008,P00476,131,25,2026-07-08
S008,P00477,10,25,2026-07-08
S008,P00478,106,25,2026-07-08
S008,P00479,208,25,2026-07-08
S008,P00480,126,25,2026-07-08
S008,P00481,1,25,2026-07-08
S008,P00482,69,25,2026-07-08
S008,P00483,264,25,2026-07-08
S008,P00484,209,25,2026-07-08
S008,P00485,3,25,2026-07-08
S008,P00486,7,25,2026-07-08
S008,P00487,265,25,2026-07-08
S008,P00488,160,25,2026-07-08
S008,P00489,132,25,2026-07-08
S008,P00490,183,25,2026-07-08
S008,P00491,206,25,2026-07-08
S008,P00492,48,25,2026-07-08
S008,P00493,107,25,2026-07-08
S008,P00494,196,25,2026-07-08
S008,P00495,244,25,2026-07-08
S008,P00496,105,25,2026-07-08
S008,P00497,265,25,2026-07-08
S008,P00498,171,25,2026-07-08
S008,P00499,80,25,2026-07-08
S008,P00500,297,25,2026-07-08
S009,P00001,31,25,2026-07-08
S009,P00002,144,25,2026-07-08
S009,P00003,156,25,2026-07-08
S009,P00004,81,25,2026-07-08
S009,P00005,225,25,2026-07-08
S009,P00006,79,25,2026-07-08
S009,P00007,203,25,2026-07-08
S009,P00008,146,25,2026-07-08
S009,P00009,96,25,2026-07-08
S009,P00010,175,25,2026-07-08
S009,P00011,108,25,2026-07-08
S009,P00012,291,25,2026-07-08
S009,P00013,200,25,2026-07-08
S009,P00014,42,25,2026-07-08
S009,P00015,158,25,2026-07-08
S009,P00016,137,25,2026-07-08
S009,P00017,270,25,2026-07-08
S009,P00018,67,25,2026-07-08
S009,P00019,24,25,2026-07-08
S009,P00020,8,25,2026-07-08
S009,P00021,110,25,2026-07-08
S009,P00022,148,25,2026-07-08
S009,P00023,179,25,2026-07-08
S009,P00024,168,25,2026-07-08
S009,P00025,119,25,2026-07-08
S009,P00026,48,25,2026-07-08
S009,P00027,182,25,2026-07-08
S009,P00028,232,25,2026-07-08
S009,P00029,213,25,2026-07-08
S009,P00030,284,25,2026-07-08
S009,P00031,246,25,2026-07-08
S009,P00032,247,25,2026-07-08
S009,P00033,247,25,2026-07-08
S009,P00034,31,25,2026-07-08
S009,P00035,86,25,2026-07-08
S009,P00036,160,25,2026-07-08
S009,P00037,201,25,2026-07-08
S009,P00038,182,25,2026-07-08
S009,P00039,165,25,2026-07-08
S009,P00040,81,25,2026-07-08
S009,P00041,274,25,2026-07-08
S009,P00042,99,25,2026-07-08
S009,P00043,43,25,2026-07-08
S009,P00044,43,25,2026-07-08
S009,P00045,5,25,2026-07-08
S009,P00046,52,25,2026-07-08
S009,P00047,274,25,2026-07-08
S009,P00048,199,25,2026-07-08
S009,P00049,264,25,2026-07-08
S009,P00050,298,25,2026-07-08
S009,P00051,167,25,2026-07-08
S009,P00052,100,25,2026-07-08
S009,P00053,5,25,2026-07-08
S009,P00054,230,25,2026-07-08
S009,P00055,78,25,2026-07-08
S009,P00056,270,25,2026-07-08
S009,P00057,73,25,2026-07-08
S009,P00058,84,25,2026-07-08
S009,P00059,179,25,2026-07-08
S009,P00060,27,25,2026-07-08
S009,P00061,268,25,2026-07-08
S009,P00062,262,25,2026-07-08
S009,P00063,145,25,2026-07-08
S009,P00064,57,25,2026-07-08
S009,P00065,156,25,2026-07-08
S009,P00066,53,25,2026-07-08
S009,P00067,246,25,2026-07-08
S009,P00068,107,25,2026-07-08
S009,P00069,243,25,2026-07-08
S009,P00070,213,25,2026-07-08
S009,P00071,61,25,2026-07-08
S009,P00072,76,25,2026-07-08
S009,P00073,7,25,2026-07-08
S009,P00074,171,25,2026-07-08
S009,P00075,136,25,2026-07-08
S009,P00076,81,25,2026-07-08
S009,P00077,235,25,2026-07-08
S009,P00078,125,25,2026-07-08
S009,P00079,70,25,2026-07-08
S009,P00080,284,25,2026-07-08
S009,P00081,270,25,2026-07-08
S009,P00082,264,25,2026-07-08
S009,P00083,4,25,2026-07-08
S009,P00084,215,25,2026-07-08
S009,P00085,51,25,2026-07-08
S009,P00086,34,25,2026-07-08
S009,P00087,262,25,2026-07-08
S009,P00088,294,25,2026-07-08
S009,P00089,290,25,2026-07-08
S009,P00090,234,25,2026-07-08
S009,P00091,182,25,2026-07-08
S009,P00092,32,25,2026-07-08
S009,P00093,235,25,2026-07-08
S009,P00094,64,25,2026-07-08
S009,P00095,106,25,2026-07-08
S009,P00096,1,25,2026-07-08
S009,P00097,142,25,2026-07-08
S009,P00098,268,25,2026-07-08
S009,P00099,28,25,2026-07-08
S009,P00100,248,25,2026-07-08
S009,P00101,72,25,2026-07-08
S009,P00102,180,25,2026-07-08
S009,P00103,118,25,2026-07-08
S009,P00104,233,25,2026-07-08
S009,P00105,180,25,2026-07-08
S009,P00106,186,25,2026-07-08
S009,P00107,95,25,2026-07-08
S009,P00108,38,25,2026-07-08
S009,P00109,215,25,2026-07-08
S009,P00110,253,25,2026-07-08
S009,P00111,121,25,2026-07-08
S009,P00112,13,25,2026-07-08
S009,P00113,7,25,2026-07-08
S009,P00114,76,25,2026-07-08
S009,P00115,113,25,2026-07-08
S009,P00116,35,25,2026-07-08
S009,P00117,85,25,2026-07-08
S009,P00118,168,25,2026-07-08
S009,P00119,230,25,2026-07-08
S009,P00120,153,25,2026-07-08
S009,P00121,279,25,2026-07-08
S009,P00122,89,25,2026-07-08
S009,P00123,85,25,2026-07-08
S009,P00124,189,25,2026-07-08
S009,P00125,292,25,2026-07-08
S009,P00126,8,25,2026-07-08
S009,P00127,138,25,2026-07-08
S009,P00128,95,25,2026-07-08
S009,P00129,34,25,2026-07-08
S009,P00130,289,25,2026-07-08
S009,P00131,297,25,2026-07-08
S009,P00132,27,25,2026-07-08
S009,P00133,223,25,2026-07-08
S009,P00134,139,25,2026-07-08
S009,P00135,284,25,2026-07-08
S009,P00136,189,25,2026-07-08
S009,P00137,300,25,2026-07-08
S009,P00138,133,25,2026-07-08
S009,P00139,59,25,2026-07-08
S009,P00140,7,25,2026-07-08
S009,P00141,246,25,2026-07-08
S009,P00142,93,25,2026-07-08
S009,P00143,144,25,2026-07-08
S009,P00144,83,25,2026-07-08
S009,P00145,73,25,2026-07-08
S009,P00146,165,25,2026-07-08
S009,P00147,75,25,2026-07-08
S009,P00148,186,25,2026-07-08
S009,P00149,147,25,2026-07-08
S009,P00150,58,25,2026-07-08
S009,P00151,239,25,2026-07-08
S009,P00152,22,25,2026-07-08
S009,P00153,119,25,2026-07-08
S009,P00154,25,25,2026-07-08
S009,P00155,113,25,2026-07-08
S009,P00156,264,25,2026-07-08
S009,P00157,179,25,2026-07-08
S009,P00158,215,25,2026-07-08
S009,P00159,134,25,2026-07-08
S009,P00160,272,25,2026-07-08
S009,P00161,73,25,2026-07-08
S009,P00162,112,25,2026-07-08
S009,P00163,274,25,2026-07-08
S009,P00164,7,25,2026-07-08
S009,P00165,242,25,2026-07-08
S009,P00166,272,25,2026-07-08
S009,P00167,10,25,2026-07-08
S009,P00168,77,25,2026-07-08
S009,P00169,238,25,2026-07-08
S009,P00170,3,25,2026-07-08
S009,P00171,154,25,2026-07-08
S009,P00172,252,25,2026-07-08
S009,P00173,124,25,2026-07-08
S009,P00174,161,25,2026-07-08
S009,P00175,219,25,2026-07-08
S009,P00176,280,25,2026-07-08
S009,P00177,76,25,2026-07-08
S009,P00178,193,25,2026-07-08
S009,P00179,117,25,2026-07-08
S009,P00180,181,25,2026-07-08
S009,P00181,127,25,2026-07-08
S009,P00182,180,25,2026-07-08
S009,P00183,94,25,2026-07-08
S009,P00184,239,25,2026-07-08
S009,P00185,58,25,2026-07-08
S009,P00186,64,25,2026-07-08
S009,P00187,181,25,2026-07-08
S009,P00188,82,25,2026-07-08
S009,P00189,116,25,2026-07-08
S009,P00190,279,25,2026-07-08
S009,P00191,98,25,2026-07-08
S009,P00192,249,25,2026-07-08
S009,P00193,38,25,2026-07-08
S009,P00194,153,25,2026-07-08
S009,P00195,238,25,2026-07-08
S009,P00196,291,25,2026-07-08
S009,P00197,246,25,2026-07-08
S009,P00198,175,25,2026-07-08
S009,P00199,144,25,2026-07-08
S009,P00200,225,25,2026-07-08
S009,P00201,298,25,2026-07-08
S009,P00202,215,25,2026-07-08
S009,P00203,71,25,2026-07-08
S009,P00204,210,25,2026-07-08
S009,P00205,14,25,2026-07-08
S009,P00206,45,25,2026-07-08
S009,P00207,192,25,2026-07-08
S009,P00208,219,25,2026-07-08
S009,P00209,174,25,2026-07-08
S009,P00210,297,25,2026-07-08
S009,P00211,257,25,2026-07-08
S009,P00212,108,25,2026-07-08
S009,P00213,77,25,2026-07-08
S009,P00214,120,25,2026-07-08
S009,P00215,117,25,2026-07-08
S009,P00216,99,25,2026-07-08
S009,P00217,49,25,2026-07-08
S009,P00218,297,25,2026-07-08
S009,P00219,33,25,2026-07-08
S009,P00220,192,25,2026-07-08
S009,P00221,83,25,2026-07-08
S009,P00222,267,25,2026-07-08
S009,P00223,70,25,2026-07-08
S009,P00224,78,25,2026-07-08
S009,P00225,162,25,2026-07-08
S009,P00226,36,25,2026-07-08
S009,P00227,300,25,2026-07-08
S009,P00228,201,25,2026-07-08
S009,P00229,290,25,2026-07-08
S009,P00230,236,25,2026-07-08
S009,P00231,93,25,2026-07-08
S009,P00232,230,25,2026-07-08
S009,P00233,220,25,2026-07-08
S009,P00234,147,25,2026-07-08
S009,P00235,215,25,2026-07-08
S009,P00236,286,25,2026-07-08
S009,P00237,281,25,2026-07-08
S009,P00238,140,25,2026-07-08
S009,P00239,66,25,2026-07-08
S009,P00240,280,25,2026-07-08
S009,P00241,141,25,2026-07-08
S009,P00242,30,25,2026-07-08
S009,P00243,20,25,2026-07-08
S009,P00244,32,25,2026-07-08
S009,P00245,6,25,2026-07-08
S009,P00246,48,25,2026-07-08
S009,P00247,77,25,2026-07-08
S009,P00248,270,25,2026-07-08
S009,P00249,177,25,2026-07-08
S009,P00250,154,25,2026-07-08
S009,P00251,115,25,2026-07-08
S009,P00252,188,25,2026-07-08
S009,P00253,175,25,2026-07-08
S009,P00254,14,25,2026-07-08
S009,P00255,203,25,2026-07-08
S009,P00256,83,25,2026-07-08
S009,P00257,93,25,2026-07-08
S009,P00258,275,25,2026-07-08
S009,P00259,153,25,2026-07-08
S009,P00260,17,25,2026-07-08
S009,P00261,240,25,2026-07-08
S009,P00262,238,25,2026-07-08
S009,P00263,183,25,2026-07-08
S009,P00264,142,25,2026-07-08
S009,P00265,33,25,2026-07-08
S009,P00266,10,25,2026-07-08
S009,P00267,275,25,2026-07-08
S009,P00268,120,25,2026-07-08
S009,P00269,0,25,2026-07-08
S009,P00270,65,25,2026-07-08
S009,P00271,59,25,2026-07-08
S009,P00272,186,25,2026-07-08
S009,P00273,252,25,2026-07-08
S009,P00274,36,25,2026-07-08
S009,P00275,263,25,2026-07-08
S009,P00276,7,25,2026-07-08
S009,P00277,52,25,2026-07-08
S009,P00278,258,25,2026-07-08
S009,P00279,164,25,2026-07-08
S009,P00280,61,25,2026-07-08
S009,P00281,223,25,2026-07-08
S009,P00282,294,25,2026-07-08
S009,P00283,278,25,2026-07-08
S009,P00284,205,25,2026-07-08
S009,P00285,201,25,2026-07-08
S009,P00286,119,25,2026-07-08
S009,P00287,267,25,2026-07-08
S009,P00288,108,25,2026-07-08
S009,P00289,186,25,2026-07-08
S009,P00290,150,25,2026-07-08
S009,P00291,189,25,2026-07-08
S009,P00292,185,25,2026-07-08
S009,P00293,270,25,2026-07-08
S009,P00294,279,25,2026-07-08
S009,P00295,87,25,2026-07-08
S009,P00296,232,25,2026-07-08
S009,P00297,122,25,2026-07-08
S009,P00298,291,25,2026-07-08
S009,P00299,243,25,2026-07-08
S009,P00300,249,25,2026-07-08
S009,P00301,3,25,2026-07-08
S009,P00302,188,25,2026-07-08
S009,P00303,281,25,2026-07-08
S009,P00304,297,25,2026-07-08
S009,P00305,144,25,2026-07-08
S009,P00306,245,25,2026-07-08
S009,P00307,53,25,2026-07-08
S009,P00308,42,25,2026-07-08
S009,P00309,290,25,2026-07-08
S009,P00310,50,25,2026-07-08
S009,P00311,263,25,2026-07-08
S009,P00312,128,25,2026-07-08
S009,P00313,289,25,2026-07-08
S009,P00314,85,25,2026-07-08
S009,P00315,80,25,2026-07-08
S009,P00316,72,25,2026-07-08
S009,P00317,73,25,2026-07-08
S009,P00318,53,25,2026-07-08
S009,P00319,69,25,2026-07-08
S009,P00320,212,25,2026-07-08
S009,P00321,115,25,2026-07-08
S009,P00322,188,25,2026-07-08
S009,P00323,142,25,2026-07-08
S009,P00324,73,25,2026-07-08
S009,P00325,41,25,2026-07-08
S009,P00326,287,25,2026-07-08
S009,P00327,237,25,2026-07-08
S009,P00328,238,25,2026-07-08
S009,P00329,30,25,2026-07-08
S009,P00330,134,25,2026-07-08
S009,P00331,46,25,2026-07-08
S009,P00332,252,25,2026-07-08
S009,P00333,97,25,2026-07-08
S009,P00334,199,25,2026-07-08
S009,P00335,58,25,2026-07-08
S009,P00336,93,25,2026-07-08
S009,P00337,252,25,2026-07-08
S009,P00338,152,25,2026-07-08
S009,P00339,211,25,2026-07-08
S009,P00340,236,25,2026-07-08
S009,P00341,103,25,2026-07-08
S009,P00342,272,25,2026-07-08
S009,P00343,195,25,2026-07-08
S009,P00344,2,25,2026-07-08
S009,P00345,259,25,2026-07-08
S009,P00346,163,25,2026-07-08
S009,P00347,7,25,2026-07-08
S009,P00348,214,25,2026-07-08
S009,P00349,164,25,2026-07-08
S009,P00350,77,25,2026-07-08
S009,P00351,33,25,2026-07-08
S009,P00352,159,25,2026-07-08
S009,P00353,273,25,2026-07-08
S009,P00354,173,25,2026-07-08
S009,P00355,228,25,2026-07-08
S009,P00356,220,25,2026-07-08
S009,P00357,234,25,2026-07-08
S009,P00358,202,25,2026-07-08
S009,P00359,85,25,2026-07-08
S009,P00360,35,25,2026-07-08
S009,P00361,175,25,2026-07-08
S009,P00362,251,25,2026-07-08
S009,P00363,257,25,2026-07-08
S009,P00364,97,25,2026-07-08
S009,P00365,168,25,2026-07-08
S009,P00366,56,25,2026-07-08
S009,P00367,261,25,2026-07-08
S009,P00368,77,25,2026-07-08
S009,P00369,198,25,2026-07-08
S009,P00370,128,25,2026-07-08
S009,P00371,1,25,2026-07-08
S009,P00372,105,25,2026-07-08
S009,P00373,110,25,2026-07-08
S009,P00374,88,25,2026-07-08
S009,P00375,52,25,2026-07-08
S009,P00376,267,25,2026-07-08
S009,P00377,9,25,2026-07-08
S009,P00378,159,25,2026-07-08
S009,P00379,4,25,2026-07-08
S009,P00380,110,25,2026-07-08
S009,P00381,4,25,2026-07-08
S009,P00382,284,25,2026-07-08
S009,P00383,178,25,2026-07-08
S009,P00384,273,25,2026-07-08
S009,P00385,60,25,2026-07-08
S009,P00386,68,25,2026-07-08
S009,P00387,244,25,2026-07-08
S009,P00388,37,25,2026-07-08
S009,P00389,127,25,2026-07-08
S009,P00390,93,25,2026-07-08
S009,P00391,235,25,2026-07-08
S009,P00392,34,25,2026-07-08
S009,P00393,91,25,2026-07-08
S009,P00394,236,25,2026-07-08
S009,P00395,2,25,2026-07-08
S009,P00396,271,25,2026-07-08
S009,P00397,72,25,2026-07-08
S009,P00398,182,25,2026-07-08
S009,P00399,244,25,2026-07-08
S009,P00400,13,25,2026-07-08
S009,P00401,25,25,2026-07-08
S009,P00402,15,25,2026-07-08
S009,P00403,187,25,2026-07-08
S009,P00404,251,25,2026-07-08
S009,P00405,129,25,2026-07-08
S009,P00406,240,25,2026-07-08
S009,P00407,78,25,2026-07-08
S009,P00408,110,25,2026-07-08
S009,P00409,253,25,2026-07-08
S009,P00410,136,25,2026-07-08
S009,P00411,122,25,2026-07-08
S009,P00412,218,25,2026-07-08
S009,P00413,111,25,2026-07-08
S009,P00414,159,25,2026-07-08
S009,P00415,20,25,2026-07-08
S009,P00416,299,25,2026-07-08
S009,P00417,9,25,2026-07-08
S009,P00418,207,25,2026-07-08
S009,P00419,33,25,2026-07-08
S009,P00420,0,25,2026-07-08
S009,P00421,73,25,2026-07-08
S009,P00422,36,25,2026-07-08
S009,P00423,46,25,2026-07-08
S009,P00424,175,25,2026-07-08
S009,P00425,197,25,2026-07-08
S009,P00426,112,25,2026-07-08
S009,P00427,148,25,2026-07-08
S009,P00428,273,25,2026-07-08
S009,P00429,209,25,2026-07-08
S009,P00430,187,25,2026-07-08
S009,P00431,62,25,2026-07-08
S009,P00432,267,25,2026-07-08
S009,P00433,52,25,2026-07-08
S009,P00434,189,25,2026-07-08
S009,P00435,75,25,2026-07-08
S009,P00436,74,25,2026-07-08
S009,P00437,187,25,2026-07-08
S009,P00438,60,25,2026-07-08
S009,P00439,116,25,2026-07-08
S009,P00440,243,25,2026-07-08
S009,P00441,244,25,2026-07-08
S009,P00442,56,25,2026-07-08
S009,P00443,118,25,2026-07-08
S009,P00444,151,25,2026-07-08
S009,P00445,38,25,2026-07-08
S009,P00446,54,25,2026-07-08
S009,P00447,266,25,2026-07-08
S009,P00448,17,25,2026-07-08
S009,P00449,115,25,2026-07-08
S009,P00450,237,25,2026-07-08
S009,P00451,232,25,2026-07-08
S009,P00452,223,25,2026-07-08
S009,P00453,155,25,2026-07-08
S009,P00454,63,25,2026-07-08
S009,P00455,239,25,2026-07-08
S009,P00456,77,25,2026-07-08
S009,P00457,250,25,2026-07-08
S009,P00458,255,25,2026-07-08
S009,P00459,271,25,2026-07-08
S009,P00460,298,25,2026-07-08
S009,P00461,208,25,2026-07-08
S009,P00462,258,25,2026-07-08
S009,P00463,111,25,2026-07-08
S009,P00464,148,25,2026-07-08
S009,P00465,29,25,2026-07-08
S009,P00466,50,25,2026-07-08
S009,P00467,256,25,2026-07-08
S009,P00468,128,25,2026-07-08
S009,P00469,49,25,2026-07-08
S009,P00470,43,25,2026-07-08
S009,P00471,119,25,2026-07-08
S009,P00472,288,25,2026-07-08
S009,P00473,46,25,2026-07-08
S009,P00474,214,25,2026-07-08
S009,P00475,188,25,2026-07-08
S009,P00476,182,25,2026-07-08
S009,P00477,10,25,2026-07-08
S009,P00478,14,25,2026-07-08
S009,P00479,267,25,2026-07-08
S009,P00480,155,25,2026-07-08
S009,P00481,141,25,2026-07-08
S009,P00482,134,25,2026-07-08
S009,P00483,107,25,2026-07-08
S009,P00484,287,25,2026-07-08
S009,P00485,146,25,2026-07-08
S009,P00486,102,25,2026-07-08
S009,P00487,190,25,2026-07-08
S009,P00488,130,25,2026-07-08
S009,P00489,255,25,2026-07-08
S009,P00490,69,25,2026-07-08
S009,P00491,122,25,2026-07-08
S009,P00492,173,25,2026-07-08
S009,P00493,27,25,2026-07-08
S009,P00494,100,25,2026-07-08
S009,P00495,147,25,2026-07-08
S009,P00496,211,25,2026-07-08
S009,P00497,275,25,2026-07-08
S009,P00498,219,25,2026-07-08
S009,P00499,255,25,2026-07-08
S009,P00500,200,25,2026-07-08
S010,P00001,21,25,2026-07-08
S010,P00002,286,25,2026-07-08
S010,P00003,217,25,2026-07-08
S010,P00004,151,25,2026-07-08
S010,P00005,226,25,2026-07-08
S010,P00006,195,25,2026-07-08
S010,P00007,178,25,2026-07-08
S010,P00008,5,25,2026-07-08
S010,P00009,131,25,2026-07-08
S010,P00010,263,25,2026-07-08
S010,P00011,70,25,2026-07-08
S010,P00012,281,25,2026-07-08
S010,P00013,229,25,2026-07-08
S010,P00014,256,25,2026-07-08
S010,P00015,181,25,2026-07-08
S010,P00016,90,25,2026-07-08
S010,P00017,263,25,2026-07-08
S010,P00018,275,25,2026-07-08
S010,P00019,56,25,2026-07-08
S010,P00020,182,25,2026-07-08
S010,P00021,104,25,2026-07-08
S010,P00022,74,25,2026-07-08
S010,P00023,148,25,2026-07-08
S010,P00024,92,25,2026-07-08
S010,P00025,17,25,2026-07-08
S010,P00026,193,25,2026-07-08
S010,P00027,287,25,2026-07-08
S010,P00028,279,25,2026-07-08
S010,P00029,214,25,2026-07-08
S010,P00030,142,25,2026-07-08
S010,P00031,100,25,2026-07-08
S010,P00032,1,25,2026-07-08
S010,P00033,170,25,2026-07-08
S010,P00034,121,25,2026-07-08
S010,P00035,29,25,2026-07-08
S010,P00036,102,25,2026-07-08
S010,P00037,133,25,2026-07-08
S010,P00038,200,25,2026-07-08
S010,P00039,138,25,2026-07-08
S010,P00040,124,25,2026-07-08
S010,P00041,173,25,2026-07-08
S010,P00042,51,25,2026-07-08
S010,P00043,144,25,2026-07-08
S010,P00044,219,25,2026-07-08
S010,P00045,163,25,2026-07-08
S010,P00046,276,25,2026-07-08
S010,P00047,248,25,2026-07-08
S010,P00048,281,25,2026-07-08
S010,P00049,116,25,2026-07-08
S010,P00050,111,25,2026-07-08
S010,P00051,278,25,2026-07-08
S010,P00052,293,25,2026-07-08
S010,P00053,17,25,2026-07-08
S010,P00054,120,25,2026-07-08
S010,P00055,188,25,2026-07-08
S010,P00056,25,25,2026-07-08
S010,P00057,264,25,2026-07-08
S010,P00058,171,25,2026-07-08
S010,P00059,52,25,2026-07-08
S010,P00060,121,25,2026-07-08
S010,P00061,288,25,2026-07-08
S010,P00062,164,25,2026-07-08
S010,P00063,138,25,2026-07-08
S010,P00064,175,25,2026-07-08
S010,P00065,102,25,2026-07-08
S010,P00066,235,25,2026-07-08
S010,P00067,116,25,2026-07-08
S010,P00068,230,25,2026-07-08
S010,P00069,232,25,2026-07-08
S010,P00070,187,25,2026-07-08
S010,P00071,272,25,2026-07-08
S010,P00072,206,25,2026-07-08
S010,P00073,210,25,2026-07-08
S010,P00074,89,25,2026-07-08
S010,P00075,175,25,2026-07-08
S010,P00076,179,25,2026-07-08
S010,P00077,47,25,2026-07-08
S010,P00078,253,25,2026-07-08
S010,P00079,154,25,2026-07-08
S010,P00080,164,25,2026-07-08
S010,P00081,60,25,2026-07-08
S010,P00082,259,25,2026-07-08
S010,P00083,63,25,2026-07-08
S010,P00084,248,25,2026-07-08
S010,P00085,80,25,2026-07-08
S010,P00086,190,25,2026-07-08
S010,P00087,247,25,2026-07-08
S010,P00088,123,25,2026-07-08
S010,P00089,48,25,2026-07-08
S010,P00090,44,25,2026-07-08
S010,P00091,59,25,2026-07-08
S010,P00092,277,25,2026-07-08
S010,P00093,254,25,2026-07-08
S010,P00094,132,25,2026-07-08
S010,P00095,136,25,2026-07-08
S010,P00096,285,25,2026-07-08
S010,P00097,17,25,2026-07-08
S010,P00098,270,25,2026-07-08
S010,P00099,270,25,2026-07-08
S010,P00100,159,25,2026-07-08
S010,P00101,34,25,2026-07-08
S010,P00102,51,25,2026-07-08
S010,P00103,106,25,2026-07-08
S010,P00104,73,25,2026-07-08
S010,P00105,110,25,2026-07-08
S010,P00106,139,25,2026-07-08
S010,P00107,8,25,2026-07-08
S010,P00108,157,25,2026-07-08
S010,P00109,179,25,2026-07-08
S010,P00110,60,25,2026-07-08
S010,P00111,285,25,2026-07-08
S010,P00112,238,25,2026-07-08
S010,P00113,54,25,2026-07-08
S010,P00114,180,25,2026-07-08
S010,P00115,80,25,2026-07-08
S010,P00116,285,25,2026-07-08
S010,P00117,158,25,2026-07-08
S010,P00118,285,25,2026-07-08
S010,P00119,83,25,2026-07-08
S010,P00120,52,25,2026-07-08
S010,P00121,141,25,2026-07-08
S010,P00122,196,25,2026-07-08
S010,P00123,297,25,2026-07-08
S010,P00124,73,25,2026-07-08
S010,P00125,69,25,2026-07-08
S010,P00126,36,25,2026-07-08
S010,P00127,234,25,2026-07-08
S010,P00128,121,25,2026-07-08
S010,P00129,248,25,2026-07-08
S010,P00130,229,25,2026-07-08
S010,P00131,72,25,2026-07-08
S010,P00132,229,25,2026-07-08
S010,P00133,25,25,2026-07-08
S010,P00134,104,25,2026-07-08
S010,P00135,265,25,2026-07-08
S010,P00136,278,25,2026-07-08
S010,P00137,215,25,2026-07-08
S010,P00138,190,25,2026-07-08
S010,P00139,98,25,2026-07-08
S010,P00140,6,25,2026-07-08
S010,P00141,100,25,2026-07-08
S010,P00142,95,25,2026-07-08
S010,P00143,45,25,2026-07-08
S010,P00144,125,25,2026-07-08
S010,P00145,55,25,2026-07-08
S010,P00146,213,25,2026-07-08
S010,P00147,81,25,2026-07-08
S010,P00148,241,25,2026-07-08
S010,P00149,145,25,2026-07-08
S010,P00150,177,25,2026-07-08
S010,P00151,283,25,2026-07-08
S010,P00152,178,25,2026-07-08
S010,P00153,111,25,2026-07-08
S010,P00154,209,25,2026-07-08
S010,P00155,108,25,2026-07-08
S010,P00156,223,25,2026-07-08
S010,P00157,231,25,2026-07-08
S010,P00158,87,25,2026-07-08
S010,P00159,87,25,2026-07-08
S010,P00160,242,25,2026-07-08
S010,P00161,38,25,2026-07-08
S010,P00162,104,25,2026-07-08
S010,P00163,118,25,2026-07-08
S010,P00164,220,25,2026-07-08
S010,P00165,50,25,2026-07-08
S010,P00166,32,25,2026-07-08
S010,P00167,285,25,2026-07-08
S010,P00168,66,25,2026-07-08
S010,P00169,115,25,2026-07-08
S010,P00170,127,25,2026-07-08
S010,P00171,220,25,2026-07-08
S010,P00172,77,25,2026-07-08
S010,P00173,31,25,2026-07-08
S010,P00174,273,25,2026-07-08
S010,P00175,151,25,2026-07-08
S010,P00176,73,25,2026-07-08
S010,P00177,194,25,2026-07-08
S010,P00178,272,25,2026-07-08
S010,P00179,300,25,2026-07-08
S010,P00180,7,25,2026-07-08
S010,P00181,90,25,2026-07-08
S010,P00182,236,25,2026-07-08
S010,P00183,159,25,2026-07-08
S010,P00184,114,25,2026-07-08
S010,P00185,84,25,2026-07-08
S010,P00186,208,25,2026-07-08
S010,P00187,105,25,2026-07-08
S010,P00188,19,25,2026-07-08
S010,P00189,35,25,2026-07-08
S010,P00190,32,25,2026-07-08
S010,P00191,287,25,2026-07-08
S010,P00192,140,25,2026-07-08
S010,P00193,249,25,2026-07-08
S010,P00194,86,25,2026-07-08
S010,P00195,266,25,2026-07-08
S010,P00196,98,25,2026-07-08
S010,P00197,278,25,2026-07-08
S010,P00198,108,25,2026-07-08
S010,P00199,240,25,2026-07-08
S010,P00200,206,25,2026-07-08
S010,P00201,236,25,2026-07-08
S010,P00202,121,25,2026-07-08
S010,P00203,155,25,2026-07-08
S010,P00204,50,25,2026-07-08
S010,P00205,73,25,2026-07-08
S010,P00206,150,25,2026-07-08
S010,P00207,174,25,2026-07-08
S010,P00208,191,25,2026-07-08
S010,P00209,97,25,2026-07-08
S010,P00210,12,25,2026-07-08
S010,P00211,57,25,2026-07-08
S010,P00212,298,25,2026-07-08
S010,P00213,10,25,2026-07-08
S010,P00214,274,25,2026-07-08
S010,P00215,144,25,2026-07-08
S010,P00216,239,25,2026-07-08
S010,P00217,2,25,2026-07-08
S010,P00218,245,25,2026-07-08
S010,P00219,5,25,2026-07-08
S010,P00220,42,25,2026-07-08
S010,P00221,101,25,2026-07-08
S010,P00222,80,25,2026-07-08
S010,P00223,154,25,2026-07-08
S010,P00224,99,25,2026-07-08
S010,P00225,226,25,2026-07-08
S010,P00226,138,25,2026-07-08
S010,P00227,198,25,2026-07-08
S010,P00228,223,25,2026-07-08
S010,P00229,214,25,2026-07-08
S010,P00230,61,25,2026-07-08
S010,P00231,233,25,2026-07-08
S010,P00232,63,25,2026-07-08
S010,P00233,174,25,2026-07-08
S010,P00234,134,25,2026-07-08
S010,P00235,10,25,2026-07-08
S010,P00236,114,25,2026-07-08
S010,P00237,154,25,2026-07-08
S010,P00238,225,25,2026-07-08
S010,P00239,200,25,2026-07-08
S010,P00240,240,25,2026-07-08
S010,P00241,113,25,2026-07-08
S010,P00242,291,25,2026-07-08
S010,P00243,97,25,2026-07-08
S010,P00244,13,25,2026-07-08
S010,P00245,221,25,2026-07-08
S010,P00246,23,25,2026-07-08
S010,P00247,154,25,2026-07-08
S010,P00248,98,25,2026-07-08
S010,P00249,249,25,2026-07-08
S010,P00250,52,25,2026-07-08
S010,P00251,146,25,2026-07-08
S010,P00252,184,25,2026-07-08
S010,P00253,75,25,2026-07-08
S010,P00254,11,25,2026-07-08
S010,P00255,187,25,2026-07-08
S010,P00256,247,25,2026-07-08
S010,P00257,64,25,2026-07-08
S010,P00258,37,25,2026-07-08
S010,P00259,110,25,2026-07-08
S010,P00260,151,25,2026-07-08
S010,P00261,226,25,2026-07-08
S010,P00262,116,25,2026-07-08
S010,P00263,90,25,2026-07-08
S010,P00264,209,25,2026-07-08
S010,P00265,175,25,2026-07-08
S010,P00266,220,25,2026-07-08
S010,P00267,26,25,2026-07-08
S010,P00268,276,25,2026-07-08
S010,P00269,204,25,2026-07-08
S010,P00270,95,25,2026-07-08
S010,P00271,76,25,2026-07-08
S010,P00272,71,25,2026-07-08
S010,P00273,219,25,2026-07-08
S010,P00274,235,25,2026-07-08
S010,P00275,96,25,2026-07-08
S010,P00276,118,25,2026-07-08
S010,P00277,65,25,2026-07-08
S010,P00278,151,25,2026-07-08
S010,P00279,46,25,2026-07-08
S010,P00280,141,25,2026-07-08
S010,P00281,271,25,2026-07-08
S010,P00282,32,25,2026-07-08
S010,P00283,268,25,2026-07-08
S010,P00284,184,25,2026-07-08
S010,P00285,26,25,2026-07-08
S010,P00286,55,25,2026-07-08
S010,P00287,136,25,2026-07-08
S010,P00288,218,25,2026-07-08
S010,P00289,264,25,2026-07-08
S010,P00290,106,25,2026-07-08
S010,P00291,56,25,2026-07-08
S010,P00292,97,25,2026-07-08
S010,P00293,79,25,2026-07-08
S010,P00294,221,25,2026-07-08
S010,P00295,198,25,2026-07-08
S010,P00296,281,25,2026-07-08
S010,P00297,236,25,2026-07-08
S010,P00298,270,25,2026-07-08
S010,P00299,122,25,2026-07-08
S010,P00300,92,25,2026-07-08
S010,P00301,143,25,2026-07-08
S010,P00302,156,25,2026-07-08
S010,P00303,186,25,2026-07-08
S010,P00304,284,25,2026-07-08
S010,P00305,61,25,2026-07-08
S010,P00306,258,25,2026-07-08
S010,P00307,100,25,2026-07-08
S010,P00308,192,25,2026-07-08
S010,P00309,261,25,2026-07-08
S010,P00310,55,25,2026-07-08
S010,P00311,263,25,2026-07-08
S010,P00312,217,25,2026-07-08
S010,P00313,220,25,2026-07-08
S010,P00314,243,25,2026-07-08
S010,P00315,164,25,2026-07-08
S010,P00316,259,25,2026-07-08
S010,P00317,204,25,2026-07-08
S010,P00318,283,25,2026-07-08
S010,P00319,108,25,2026-07-08
S010,P00320,118,25,2026-07-08
S010,P00321,152,25,2026-07-08
S010,P00322,181,25,2026-07-08
S010,P00323,119,25,2026-07-08
S010,P00324,120,25,2026-07-08
S010,P00325,69,25,2026-07-08
S010,P00326,280,25,2026-07-08
S010,P00327,145,25,2026-07-08
S010,P00328,28,25,2026-07-08
S010,P00329,165,25,2026-07-08
S010,P00330,73,25,2026-07-08
S010,P00331,39,25,2026-07-08
S010,P00332,113,25,2026-07-08
S010,P00333,246,25,2026-07-08
S010,P00334,2,25,2026-07-08
S010,P00335,5,25,2026-07-08
S010,P00336,300,25,2026-07-08
S010,P00337,116,25,2026-07-08
S010,P00338,274,25,2026-07-08
S010,P00339,126,25,2026-07-08
S010,P00340,2,25,2026-07-08
S010,P00341,6,25,2026-07-08
S010,P00342,258,25,2026-07-08
S010,P00343,293,25,2026-07-08
S010,P00344,109,25,2026-07-08
S010,P00345,154,25,2026-07-08
S010,P00346,225,25,2026-07-08
S010,P00347,249,25,2026-07-08
S010,P00348,85,25,2026-07-08
S010,P00349,34,25,2026-07-08
S010,P00350,13,25,2026-07-08
S010,P00351,48,25,2026-07-08
S010,P00352,234,25,2026-07-08
S010,P00353,248,25,2026-07-08
S010,P00354,256,25,2026-07-08
S010,P00355,156,25,2026-07-08
S010,P00356,0,25,2026-07-08
S010,P00357,299,25,2026-07-08
S010,P00358,2,25,2026-07-08
S010,P00359,155,25,2026-07-08
S010,P00360,282,25,2026-07-08
S010,P00361,27,25,2026-07-08
S010,P00362,152,25,2026-07-08
S010,P00363,105,25,2026-07-08
S010,P00364,53,25,2026-07-08
S010,P00365,191,25,2026-07-08
S010,P00366,243,25,2026-07-08
S010,P00367,191,25,2026-07-08
S010,P00368,164,25,2026-07-08
S010,P00369,245,25,2026-07-08
S010,P00370,189,25,2026-07-08
S010,P00371,196,25,2026-07-08
S010,P00372,152,25,2026-07-08
S010,P00373,198,25,2026-07-08
S010,P00374,285,25,2026-07-08
S010,P00375,30,25,2026-07-08
S010,P00376,255,25,2026-07-08
S010,P00377,248,25,2026-07-08
S010,P00378,62,25,2026-07-08
S010,P00379,300,25,2026-07-08
S010,P00380,269,25,2026-07-08
S010,P00381,164,25,2026-07-08
S010,P00382,8,25,2026-07-08
S010,P00383,187,25,2026-07-08
S010,P00384,1,25,2026-07-08
S010,P00385,97,25,2026-07-08
S010,P00386,78,25,2026-07-08
S010,P00387,300,25,2026-07-08
S010,P00388,159,25,2026-07-08
S010,P00389,196,25,2026-07-08
S010,P00390,217,25,2026-07-08
S010,P00391,86,25,2026-07-08
S010,P00392,128,25,2026-07-08
S010,P00393,25,25,2026-07-08
S010,P00394,160,25,2026-07-08
S010,P00395,63,25,2026-07-08
S010,P00396,157,25,2026-07-08
S010,P00397,258,25,2026-07-08
S010,P00398,76,25,2026-07-08
S010,P00399,6,25,2026-07-08
S010,P00400,146,25,2026-07-08
S010,P00401,173,25,2026-07-08
S010,P00402,132,25,2026-07-08
S010,P00403,11,25,2026-07-08
S010,P00404,28,25,2026-07-08
S010,P00405,238,25,2026-07-08
S010,P00406,200,25,2026-07-08
S010,P00407,261,25,2026-07-08
S010,P00408,232,25,2026-07-08
S010,P00409,243,25,2026-07-08
S010,P00410,31,25,2026-07-08
S010,P00411,228,25,2026-07-08
S010,P00412,67,25,2026-07-08
S010,P00413,199,25,2026-07-08
S010,P00414,150,25,2026-07-08
S010,P00415,32,25,2026-07-08
S010,P00416,250,25,2026-07-08
S010,P00417,70,25,2026-07-08
S010,P00418,111,25,2026-07-08
S010,P00419,255,25,2026-07-08
S010,P00420,85,25,2026-07-08
S010,P00421,25,25,2026-07-08
S010,P00422,37,25,2026-07-08
S010,P00423,259,25,2026-07-08
S010,P00424,256,25,2026-07-08
S010,P00425,276,25,2026-07-08
S010,P00426,261,25,2026-07-08
S010,P00427,255,25,2026-07-08
S010,P00428,60,25,2026-07-08
S010,P00429,190,25,2026-07-08
S010,P00430,81,25,2026-07-08
S010,P00431,11,25,2026-07-08
S010,P00432,120,25,2026-07-08
S010,P00433,281,25,2026-07-08
S010,P00434,152,25,2026-07-08
S010,P00435,172,25,2026-07-08
S010,P00436,15,25,2026-07-08
S010,P00437,45,25,2026-07-08
S010,P00438,246,25,2026-07-08
S010,P00439,167,25,2026-07-08
S010,P00440,232,25,2026-07-08
S010,P00441,150,25,2026-07-08
S010,P00442,189,25,2026-07-08
S010,P00443,98,25,2026-07-08
S010,P00444,149,25,2026-07-08
S010,P00445,104,25,2026-07-08
S010,P00446,50,25,2026-07-08
S010,P00447,177,25,2026-07-08
S010,P00448,246,25,2026-07-08
S010,P00449,197,25,2026-07-08
S010,P00450,238,25,2026-07-08
S010,P00451,96,25,2026-07-08
S010,P00452,247,25,2026-07-08
S010,P00453,138,25,2026-07-08
S010,P00454,149,25,2026-07-08
S010,P00455,3,25,2026-07-08
S010,P00456,185,25,2026-07-08
S010,P00457,120,25,2026-07-08
S010,P00458,250,25,2026-07-08
S010,P00459,204,25,2026-07-08
S010,P00460,279,25,2026-07-08
S010,P00461,85,25,2026-07-08
S010,P00462,257,25,2026-07-08
S010,P00463,132,25,2026-07-08
S010,P00464,60,25,2026-07-08
S010,P00465,40,25,2026-07-08
S010,P00466,256,25,2026-07-08
S010,P00467,152,25,2026-07-08
S010,P00468,45,25,2026-07-08
S010,P00469,101,25,2026-07-08
S010,P00470,280,25,2026-07-08
S010,P00471,78,25,2026-07-08
S010,P00472,8,25,2026-07-08
S010,P00473,26,25,2026-07-08
S010,P00474,104,25,2026-07-08
S010,P00475,115,25,2026-07-08
S010,P00476,157,25,2026-07-08
S010,P00477,184,25,2026-07-08
S010,P00478,220,25,2026-07-08
S010,P00479,40,25,2026-07-08
S010,P00480,128,25,2026-07-08
S010,P00481,183,25,2026-07-08
S010,P00482,265,25,2026-07-08
S010,P00483,64,25,2026-07-08
S010,P00484,94,25,2026-07-08
S010,P00485,34,25,2026-07-08
S010,P00486,66,25,2026-07-08
S010,P00487,159,25,2026-07-08
S010,P00488,92,25,2026-07-08
S010,P00489,250,25,2026-07-08
S010,P00490,59,25,2026-07-08
S010,P00491,120,25,2026-07-08
S010,P00492,252,25,2026-07-08
S010,P00493,120,25,2026-07-08
S010,P00494,137,25,2026-07-08
S010,P00495,253,25,2026-07-08
S010,P00496,243,25,2026-07-08
S010,P00497,191,25,2026-07-08
S010,P00498,73,25,2026-07-08
S010,P00499,264,25,2026-07-08
S010,P00500,219,25,2026-07-08
S011,P00001,222,25,2026-07-08
S011,P00002,49,25,2026-07-08
S011,P00003,10,25,2026-07-08
S011,P00004,202,25,2026-07-08
S011,P00005,180,25,2026-07-08
S011,P00006,12,25,2026-07-08
S011,P00007,295,25,2026-07-08
S011,P00008,44,25,2026-07-08
S011,P00009,2,25,2026-07-08
S011,P00010,125,25,2026-07-08
S011,P00011,209,25,2026-07-08
S011,P00012,206,25,2026-07-08
S011,P00013,155,25,2026-07-08
S011,P00014,21,25,2026-07-08
S011,P00015,127,25,2026-07-08
S011,P00016,10,25,2026-07-08
S011,P00017,249,25,2026-07-08
S011,P00018,60,25,2026-07-08
S011,P00019,216,25,2026-07-08
S011,P00020,155,25,2026-07-08
S011,P00021,119,25,2026-07-08
S011,P00022,215,25,2026-07-08
S011,P00023,191,25,2026-07-08
S011,P00024,148,25,2026-07-08
S011,P00025,262,25,2026-07-08
S011,P00026,195,25,2026-07-08
S011,P00027,12,25,2026-07-08
S011,P00028,101,25,2026-07-08
S011,P00029,220,25,2026-07-08
S011,P00030,265,25,2026-07-08
S011,P00031,165,25,2026-07-08
S011,P00032,207,25,2026-07-08
S011,P00033,103,25,2026-07-08
S011,P00034,111,25,2026-07-08
S011,P00035,252,25,2026-07-08
S011,P00036,54,25,2026-07-08
S011,P00037,278,25,2026-07-08
S011,P00038,240,25,2026-07-08
S011,P00039,259,25,2026-07-08
S011,P00040,10,25,2026-07-08
S011,P00041,112,25,2026-07-08
S011,P00042,185,25,2026-07-08
S011,P00043,131,25,2026-07-08
S011,P00044,129,25,2026-07-08
S011,P00045,76,25,2026-07-08
S011,P00046,85,25,2026-07-08
S011,P00047,167,25,2026-07-08
S011,P00048,292,25,2026-07-08
S011,P00049,201,25,2026-07-08
S011,P00050,88,25,2026-07-08
S011,P00051,176,25,2026-07-08
S011,P00052,115,25,2026-07-08
S011,P00053,94,25,2026-07-08
S011,P00054,147,25,2026-07-08
S011,P00055,109,25,2026-07-08
S011,P00056,228,25,2026-07-08
S011,P00057,146,25,2026-07-08
S011,P00058,164,25,2026-07-08
S011,P00059,277,25,2026-07-08
S011,P00060,38,25,2026-07-08
S011,P00061,151,25,2026-07-08
S011,P00062,105,25,2026-07-08
S011,P00063,195,25,2026-07-08
S011,P00064,250,25,2026-07-08
S011,P00065,28,25,2026-07-08
S011,P00066,128,25,2026-07-08
S011,P00067,285,25,2026-07-08
S011,P00068,255,25,2026-07-08
S011,P00069,80,25,2026-07-08
S011,P00070,148,25,2026-07-08
S011,P00071,195,25,2026-07-08
S011,P00072,51,25,2026-07-08
S011,P00073,134,25,2026-07-08
S011,P00074,3,25,2026-07-08
S011,P00075,230,25,2026-07-08
S011,P00076,143,25,2026-07-08
S011,P00077,143,25,2026-07-08
S011,P00078,287,25,2026-07-08
S011,P00079,25,25,2026-07-08
S011,P00080,59,25,2026-07-08
S011,P00081,190,25,2026-07-08
S011,P00082,104,25,2026-07-08
S011,P00083,61,25,2026-07-08
S011,P00084,1,25,2026-07-08
S011,P00085,140,25,2026-07-08
S011,P00086,121,25,2026-07-08
S011,P00087,106,25,2026-07-08
S011,P00088,31,25,2026-07-08
S011,P00089,157,25,2026-07-08
S011,P00090,20,25,2026-07-08
S011,P00091,140,25,2026-07-08
S011,P00092,124,25,2026-07-08
S011,P00093,119,25,2026-07-08
S011,P00094,25,25,2026-07-08
S011,P00095,257,25,2026-07-08
S011,P00096,142,25,2026-07-08
S011,P00097,72,25,2026-07-08
S011,P00098,96,25,2026-07-08
S011,P00099,180,25,2026-07-08
S011,P00100,106,25,2026-07-08
S011,P00101,77,25,2026-07-08
S011,P00102,139,25,2026-07-08
S011,P00103,221,25,2026-07-08
S011,P00104,130,25,2026-07-08
S011,P00105,32,25,2026-07-08
S011,P00106,295,25,2026-07-08
S011,P00107,96,25,2026-07-08
S011,P00108,221,25,2026-07-08
S011,P00109,38,25,2026-07-08
S011,P00110,31,25,2026-07-08
S011,P00111,213,25,2026-07-08
S011,P00112,272,25,2026-07-08
S011,P00113,214,25,2026-07-08
S011,P00114,195,25,2026-07-08
S011,P00115,151,25,2026-07-08
S011,P00116,46,25,2026-07-08
S011,P00117,150,25,2026-07-08
S011,P00118,219,25,2026-07-08
S011,P00119,141,25,2026-07-08
S011,P00120,296,25,2026-07-08
S011,P00121,95,25,2026-07-08
S011,P00122,114,25,2026-07-08
S011,P00123,168,25,2026-07-08
S011,P00124,275,25,2026-07-08
S011,P00125,50,25,2026-07-08
S011,P00126,99,25,2026-07-08
S011,P00127,187,25,2026-07-08
S011,P00128,0,25,2026-07-08
S011,P00129,271,25,2026-07-08
S011,P00130,106,25,2026-07-08
S011,P00131,169,25,2026-07-08
S011,P00132,283,25,2026-07-08
S011,P00133,63,25,2026-07-08
S011,P00134,149,25,2026-07-08
S011,P00135,279,25,2026-07-08
S011,P00136,172,25,2026-07-08
S011,P00137,84,25,2026-07-08
S011,P00138,0,25,2026-07-08
S011,P00139,279,25,2026-07-08
S011,P00140,212,25,2026-07-08
S011,P00141,50,25,2026-07-08
S011,P00142,75,25,2026-07-08
S011,P00143,45,25,2026-07-08
S011,P00144,296,25,2026-07-08
S011,P00145,169,25,2026-07-08
S011,P00146,272,25,2026-07-08
S011,P00147,140,25,2026-07-08
S011,P00148,289,25,2026-07-08
S011,P00149,177,25,2026-07-08
S011,P00150,219,25,2026-07-08
S011,P00151,50,25,2026-07-08
S011,P00152,168,25,2026-07-08
S011,P00153,178,25,2026-07-08
S011,P00154,152,25,2026-07-08
S011,P00155,222,25,2026-07-08
S011,P00156,221,25,2026-07-08
S011,P00157,103,25,2026-07-08
S011,P00158,31,25,2026-07-08
S011,P00159,187,25,2026-07-08
S011,P00160,202,25,2026-07-08
S011,P00161,40,25,2026-07-08
S011,P00162,274,25,2026-07-08
S011,P00163,254,25,2026-07-08
S011,P00164,86,25,2026-07-08
S011,P00165,168,25,2026-07-08
S011,P00166,124,25,2026-07-08
S011,P00167,60,25,2026-07-08
S011,P00168,98,25,2026-07-08
S011,P00169,161,25,2026-07-08
S011,P00170,44,25,2026-07-08
S011,P00171,218,25,2026-07-08
S011,P00172,220,25,2026-07-08
S011,P00173,262,25,2026-07-08
S011,P00174,191,25,2026-07-08
S011,P00175,237,25,2026-07-08
S011,P00176,273,25,2026-07-08
S011,P00177,113,25,2026-07-08
S011,P00178,14,25,2026-07-08
S011,P00179,54,25,2026-07-08
S011,P00180,216,25,2026-07-08
S011,P00181,88,25,2026-07-08
S011,P00182,23,25,2026-07-08
S011,P00183,211,25,2026-07-08
S011,P00184,272,25,2026-07-08
S011,P00185,143,25,2026-07-08
S011,P00186,152,25,2026-07-08
S011,P00187,45,25,2026-07-08
S011,P00188,147,25,2026-07-08
S011,P00189,86,25,2026-07-08
S011,P00190,300,25,2026-07-08
S011,P00191,197,25,2026-07-08
S011,P00192,30,25,2026-07-08
S011,P00193,293,25,2026-07-08
S011,P00194,3,25,2026-07-08
S011,P00195,158,25,2026-07-08
S011,P00196,96,25,2026-07-08
S011,P00197,90,25,2026-07-08
S011,P00198,248,25,2026-07-08
S011,P00199,12,25,2026-07-08
S011,P00200,93,25,2026-07-08
S011,P00201,155,25,2026-07-08
S011,P00202,290,25,2026-07-08
S011,P00203,260,25,2026-07-08
S011,P00204,104,25,2026-07-08
S011,P00205,242,25,2026-07-08
S011,P00206,165,25,2026-07-08
S011,P00207,263,25,2026-07-08
S011,P00208,268,25,2026-07-08
S011,P00209,14,25,2026-07-08
S011,P00210,4,25,2026-07-08
S011,P00211,28,25,2026-07-08
S011,P00212,55,25,2026-07-08
S011,P00213,128,25,2026-07-08
S011,P00214,40,25,2026-07-08
S011,P00215,281,25,2026-07-08
S011,P00216,163,25,2026-07-08
S011,P00217,186,25,2026-07-08
S011,P00218,123,25,2026-07-08
S011,P00219,46,25,2026-07-08
S011,P00220,205,25,2026-07-08
S011,P00221,201,25,2026-07-08
S011,P00222,288,25,2026-07-08
S011,P00223,10,25,2026-07-08
S011,P00224,48,25,2026-07-08
S011,P00225,62,25,2026-07-08
S011,P00226,209,25,2026-07-08
S011,P00227,211,25,2026-07-08
S011,P00228,196,25,2026-07-08
S011,P00229,21,25,2026-07-08
S011,P00230,121,25,2026-07-08
S011,P00231,209,25,2026-07-08
S011,P00232,82,25,2026-07-08
S011,P00233,172,25,2026-07-08
S011,P00234,209,25,2026-07-08
S011,P00235,201,25,2026-07-08
S011,P00236,270,25,2026-07-08
S011,P00237,126,25,2026-07-08
S011,P00238,270,25,2026-07-08
S011,P00239,52,25,2026-07-08
S011,P00240,278,25,2026-07-08
S011,P00241,222,25,2026-07-08
S011,P00242,21,25,2026-07-08
S011,P00243,105,25,2026-07-08
S011,P00244,123,25,2026-07-08
S011,P00245,182,25,2026-07-08
S011,P00246,270,25,2026-07-08
S011,P00247,214,25,2026-07-08
S011,P00248,290,25,2026-07-08
S011,P00249,141,25,2026-07-08
S011,P00250,24,25,2026-07-08
S011,P00251,248,25,2026-07-08
S011,P00252,244,25,2026-07-08
S011,P00253,280,25,2026-07-08
S011,P00254,254,25,2026-07-08
S011,P00255,107,25,2026-07-08
S011,P00256,185,25,2026-07-08
S011,P00257,248,25,2026-07-08
S011,P00258,248,25,2026-07-08
S011,P00259,256,25,2026-07-08
S011,P00260,45,25,2026-07-08
S011,P00261,157,25,2026-07-08
S011,P00262,67,25,2026-07-08
S011,P00263,157,25,2026-07-08
S011,P00264,98,25,2026-07-08
S011,P00265,300,25,2026-07-08
S011,P00266,205,25,2026-07-08
S011,P00267,96,25,2026-07-08
S011,P00268,58,25,2026-07-08
S011,P00269,61,25,2026-07-08
S011,P00270,131,25,2026-07-08
S011,P00271,147,25,2026-07-08
S011,P00272,50,25,2026-07-08
S011,P00273,49,25,2026-07-08
S011,P00274,299,25,2026-07-08
S011,P00275,21,25,2026-07-08
S011,P00276,102,25,2026-07-08
S011,P00277,276,25,2026-07-08
S011,P00278,213,25,2026-07-08
S011,P00279,87,25,2026-07-08
S011,P00280,174,25,2026-07-08
S011,P00281,12,25,2026-07-08
S011,P00282,28,25,2026-07-08
S011,P00283,7,25,2026-07-08
S011,P00284,187,25,2026-07-08
S011,P00285,107,25,2026-07-08
S011,P00286,219,25,2026-07-08
S011,P00287,145,25,2026-07-08
S011,P00288,151,25,2026-07-08
S011,P00289,159,25,2026-07-08
S011,P00290,239,25,2026-07-08
S011,P00291,211,25,2026-07-08
S011,P00292,160,25,2026-07-08
S011,P00293,135,25,2026-07-08
S011,P00294,196,25,2026-07-08
S011,P00295,15,25,2026-07-08
S011,P00296,283,25,2026-07-08
S011,P00297,106,25,2026-07-08
S011,P00298,86,25,2026-07-08
S011,P00299,184,25,2026-07-08
S011,P00300,78,25,2026-07-08
S011,P00301,111,25,2026-07-08
S011,P00302,110,25,2026-07-08
S011,P00303,261,25,2026-07-08
S011,P00304,68,25,2026-07-08
S011,P00305,185,25,2026-07-08
S011,P00306,243,25,2026-07-08
S011,P00307,95,25,2026-07-08
S011,P00308,135,25,2026-07-08
S011,P00309,81,25,2026-07-08
S011,P00310,128,25,2026-07-08
S011,P00311,77,25,2026-07-08
S011,P00312,78,25,2026-07-08
S011,P00313,286,25,2026-07-08
S011,P00314,151,25,2026-07-08
S011,P00315,40,25,2026-07-08
S011,P00316,131,25,2026-07-08
S011,P00317,67,25,2026-07-08
S011,P00318,73,25,2026-07-08
S011,P00319,43,25,2026-07-08
S011,P00320,131,25,2026-07-08
S011,P00321,255,25,2026-07-08
S011,P00322,168,25,2026-07-08
S011,P00323,172,25,2026-07-08
S011,P00324,278,25,2026-07-08
S011,P00325,78,25,2026-07-08
S011,P00326,209,25,2026-07-08
S011,P00327,164,25,2026-07-08
S011,P00328,221,25,2026-07-08
S011,P00329,217,25,2026-07-08
S011,P00330,5,25,2026-07-08
S011,P00331,85,25,2026-07-08
S011,P00332,92,25,2026-07-08
S011,P00333,58,25,2026-07-08
S011,P00334,300,25,2026-07-08
S011,P00335,81,25,2026-07-08
S011,P00336,202,25,2026-07-08
S011,P00337,152,25,2026-07-08
S011,P00338,129,25,2026-07-08
S011,P00339,185,25,2026-07-08
S011,P00340,112,25,2026-07-08
S011,P00341,113,25,2026-07-08
S011,P00342,217,25,2026-07-08
S011,P00343,36,25,2026-07-08
S011,P00344,141,25,2026-07-08
S011,P00345,8,25,2026-07-08
S011,P00346,59,25,2026-07-08
S011,P00347,277,25,2026-07-08
S011,P00348,98,25,2026-07-08
S011,P00349,140,25,2026-07-08
S011,P00350,15,25,2026-07-08
S011,P00351,251,25,2026-07-08
S011,P00352,227,25,2026-07-08
S011,P00353,76,25,2026-07-08
S011,P00354,166,25,2026-07-08
S011,P00355,287,25,2026-07-08
S011,P00356,284,25,2026-07-08
S011,P00357,204,25,2026-07-08
S011,P00358,76,25,2026-07-08
S011,P00359,100,25,2026-07-08
S011,P00360,104,25,2026-07-08
S011,P00361,71,25,2026-07-08
S011,P00362,31,25,2026-07-08
S011,P00363,31,25,2026-07-08
S011,P00364,186,25,2026-07-08
S011,P00365,53,25,2026-07-08
S011,P00366,103,25,2026-07-08
S011,P00367,67,25,2026-07-08
S011,P00368,120,25,2026-07-08
S011,P00369,113,25,2026-07-08
S011,P00370,246,25,2026-07-08
S011,P00371,126,25,2026-07-08
S011,P00372,171,25,2026-07-08
S011,P00373,197,25,2026-07-08
S011,P00374,215,25,2026-07-08
S011,P00375,113,25,2026-07-08
S011,P00376,92,25,2026-07-08
S011,P00377,297,25,2026-07-08
S011,P00378,293,25,2026-07-08
S011,P00379,7,25,2026-07-08
S011,P00380,212,25,2026-07-08
S011,P00381,94,25,2026-07-08
S011,P00382,42,25,2026-07-08
S011,P00383,161,25,2026-07-08
S011,P00384,27,25,2026-07-08
S011,P00385,144,25,2026-07-08
S011,P00386,148,25,2026-07-08
S011,P00387,268,25,2026-07-08
S011,P00388,124,25,2026-07-08
S011,P00389,120,25,2026-07-08
S011,P00390,298,25,2026-07-08
S011,P00391,185,25,2026-07-08
S011,P00392,265,25,2026-07-08
S011,P00393,90,25,2026-07-08
S011,P00394,225,25,2026-07-08
S011,P00395,181,25,2026-07-08
S011,P00396,27,25,2026-07-08
S011,P00397,41,25,2026-07-08
S011,P00398,46,25,2026-07-08
S011,P00399,5,25,2026-07-08
S011,P00400,255,25,2026-07-08
S011,P00401,7,25,2026-07-08
S011,P00402,285,25,2026-07-08
S011,P00403,41,25,2026-07-08
S011,P00404,1,25,2026-07-08
S011,P00405,34,25,2026-07-08
S011,P00406,280,25,2026-07-08
S011,P00407,26,25,2026-07-08
S011,P00408,68,25,2026-07-08
S011,P00409,156,25,2026-07-08
S011,P00410,114,25,2026-07-08
S011,P00411,232,25,2026-07-08
S011,P00412,261,25,2026-07-08
S011,P00413,193,25,2026-07-08
S011,P00414,197,25,2026-07-08
S011,P00415,58,25,2026-07-08
S011,P00416,36,25,2026-07-08
S011,P00417,187,25,2026-07-08
S011,P00418,93,25,2026-07-08
S011,P00419,129,25,2026-07-08
S011,P00420,5,25,2026-07-08
S011,P00421,248,25,2026-07-08
S011,P00422,99,25,2026-07-08
S011,P00423,208,25,2026-07-08
S011,P00424,126,25,2026-07-08
S011,P00425,294,25,2026-07-08
S011,P00426,96,25,2026-07-08
S011,P00427,24,25,2026-07-08
S011,P00428,205,25,2026-07-08
S011,P00429,73,25,2026-07-08
S011,P00430,93,25,2026-07-08
S011,P00431,3,25,2026-07-08
S011,P00432,122,25,2026-07-08
S011,P00433,107,25,2026-07-08
S011,P00434,112,25,2026-07-08
S011,P00435,208,25,2026-07-08
S011,P00436,264,25,2026-07-08
S011,P00437,92,25,2026-07-08
S011,P00438,232,25,2026-07-08
S011,P00439,260,25,2026-07-08
S011,P00440,0,25,2026-07-08
S011,P00441,52,25,2026-07-08
S011,P00442,200,25,2026-07-08
S011,P00443,247,25,2026-07-08
S011,P00444,115,25,2026-07-08
S011,P00445,23,25,2026-07-08
S011,P00446,287,25,2026-07-08
S011,P00447,64,25,2026-07-08
S011,P00448,115,25,2026-07-08
S011,P00449,50,25,2026-07-08
S011,P00450,97,25,2026-07-08
S011,P00451,175,25,2026-07-08
S011,P00452,164,25,2026-07-08
S011,P00453,257,25,2026-07-08
S011,P00454,175,25,2026-07-08
S011,P00455,18,25,2026-07-08
S011,P00456,119,25,2026-07-08
S011,P00457,37,25,2026-07-08
S011,P00458,156,25,2026-07-08
S011,P00459,279,25,2026-07-08
S011,P00460,199,25,2026-07-08
S011,P00461,286,25,2026-07-08
S011,P00462,164,25,2026-07-08
S011,P00463,154,25,2026-07-08
S011,P00464,146,25,2026-07-08
S011,P00465,34,25,2026-07-08
S011,P00466,189,25,2026-07-08
S011,P00467,10,25,2026-07-08
S011,P00468,126,25,2026-07-08
S011,P00469,25,25,2026-07-08
S011,P00470,175,25,2026-07-08
S011,P00471,130,25,2026-07-08
S011,P00472,35,25,2026-07-08
S011,P00473,293,25,2026-07-08
S011,P00474,151,25,2026-07-08
S011,P00475,116,25,2026-07-08
S011,P00476,186,25,2026-07-08
S011,P00477,128,25,2026-07-08
S011,P00478,73,25,2026-07-08
S011,P00479,210,25,2026-07-08
S011,P00480,3,25,2026-07-08
S011,P00481,145,25,2026-07-08
S011,P00482,16,25,2026-07-08
S011,P00483,160,25,2026-07-08
S011,P00484,245,25,2026-07-08
S011,P00485,233,25,2026-07-08
S011,P00486,125,25,2026-07-08
S011,P00487,73,25,2026-07-08
S011,P00488,99,25,2026-07-08
S011,P00489,159,25,2026-07-08
S011,P00490,92,25,2026-07-08
S011,P00491,217,25,2026-07-08
S011,P00492,67,25,2026-07-08
S011,P00493,154,25,2026-07-08
S011,P00494,42,25,2026-07-08
S011,P00495,213,25,2026-07-08
S011,P00496,180,25,2026-07-08
S011,P00497,43,25,2026-07-08
S011,P00498,51,25,2026-07-08
S011,P00499,81,25,2026-07-08
S011,P00500,82,25,2026-07-08
S012,P00001,129,25,2026-07-08
S012,P00002,60,25,2026-07-08
S012,P00003,265,25,2026-07-08
S012,P00004,260,25,2026-07-08
S012,P00005,87,25,2026-07-08
S012,P00006,131,25,2026-07-08
S012,P00007,96,25,2026-07-08
S012,P00008,256,25,2026-07-08
S012,P00009,133,25,2026-07-08
S012,P00010,64,25,2026-07-08
S012,P00011,200,25,2026-07-08
S012,P00012,155,25,2026-07-08
S012,P00013,91,25,2026-07-08
S012,P00014,224,25,2026-07-08
S012,P00015,281,25,2026-07-08
S012,P00016,215,25,2026-07-08
S012,P00017,57,25,2026-07-08
S012,P00018,172,25,2026-07-08
S012,P00019,31,25,2026-07-08
S012,P00020,210,25,2026-07-08
S012,P00021,173,25,2026-07-08
S012,P00022,82,25,2026-07-08
S012,P00023,271,25,2026-07-08
S012,P00024,215,25,2026-07-08
S012,P00025,238,25,2026-07-08
S012,P00026,118,25,2026-07-08
S012,P00027,141,25,2026-07-08
S012,P00028,104,25,2026-07-08
S012,P00029,295,25,2026-07-08
S012,P00030,60,25,2026-07-08
S012,P00031,157,25,2026-07-08
S012,P00032,104,25,2026-07-08
S012,P00033,59,25,2026-07-08
S012,P00034,168,25,2026-07-08
S012,P00035,287,25,2026-07-08
S012,P00036,200,25,2026-07-08
S012,P00037,49,25,2026-07-08
S012,P00038,5,25,2026-07-08
S012,P00039,16,25,2026-07-08
S012,P00040,178,25,2026-07-08
S012,P00041,187,25,2026-07-08
S012,P00042,47,25,2026-07-08
S012,P00043,157,25,2026-07-08
S012,P00044,164,25,2026-07-08
S012,P00045,252,25,2026-07-08
S012,P00046,165,25,2026-07-08
S012,P00047,94,25,2026-07-08
S012,P00048,204,25,2026-07-08
S012,P00049,193,25,2026-07-08
S012,P00050,33,25,2026-07-08
S012,P00051,225,25,2026-07-08
S012,P00052,261,25,2026-07-08
S012,P00053,99,25,2026-07-08
S012,P00054,13,25,2026-07-08
S012,P00055,219,25,2026-07-08
S012,P00056,155,25,2026-07-08
S012,P00057,223,25,2026-07-08
S012,P00058,81,25,2026-07-08
S012,P00059,83,25,2026-07-08
S012,P00060,73,25,2026-07-08
S012,P00061,294,25,2026-07-08
S012,P00062,72,25,2026-07-08
S012,P00063,6,25,2026-07-08
S012,P00064,56,25,2026-07-08
S012,P00065,180,25,2026-07-08
S012,P00066,32,25,2026-07-08
S012,P00067,188,25,2026-07-08
S012,P00068,235,25,2026-07-08
S012,P00069,244,25,2026-07-08
S012,P00070,165,25,2026-07-08
S012,P00071,2,25,2026-07-08
S012,P00072,100,25,2026-07-08
S012,P00073,73,25,2026-07-08
S012,P00074,180,25,2026-07-08
S012,P00075,17,25,2026-07-08
S012,P00076,47,25,2026-07-08
S012,P00077,293,25,2026-07-08
S012,P00078,35,25,2026-07-08
S012,P00079,126,25,2026-07-08
S012,P00080,222,25,2026-07-08
S012,P00081,250,25,2026-07-08
S012,P00082,51,25,2026-07-08
S012,P00083,78,25,2026-07-08
S012,P00084,88,25,2026-07-08
S012,P00085,202,25,2026-07-08
S012,P00086,67,25,2026-07-08
S012,P00087,169,25,2026-07-08
S012,P00088,264,25,2026-07-08
S012,P00089,127,25,2026-07-08
S012,P00090,70,25,2026-07-08
S012,P00091,160,25,2026-07-08
S012,P00092,42,25,2026-07-08
S012,P00093,39,25,2026-07-08
S012,P00094,18,25,2026-07-08
S012,P00095,0,25,2026-07-08
S012,P00096,280,25,2026-07-08
S012,P00097,271,25,2026-07-08
S012,P00098,200,25,2026-07-08
S012,P00099,176,25,2026-07-08
S012,P00100,125,25,2026-07-08
S012,P00101,113,25,2026-07-08
S012,P00102,29,25,2026-07-08
S012,P00103,192,25,2026-07-08
S012,P00104,118,25,2026-07-08
S012,P00105,46,25,2026-07-08
S012,P00106,225,25,2026-07-08
S012,P00107,245,25,2026-07-08
S012,P00108,215,25,2026-07-08
S012,P00109,68,25,2026-07-08
S012,P00110,47,25,2026-07-08
S012,P00111,167,25,2026-07-08
S012,P00112,226,25,2026-07-08
S012,P00113,19,25,2026-07-08
S012,P00114,10,25,2026-07-08
S012,P00115,46,25,2026-07-08
S012,P00116,80,25,2026-07-08
S012,P00117,293,25,2026-07-08
S012,P00118,37,25,2026-07-08
S012,P00119,41,25,2026-07-08
S012,P00120,107,25,2026-07-08
S012,P00121,241,25,2026-07-08
S012,P00122,83,25,2026-07-08
S012,P00123,168,25,2026-07-08
S012,P00124,201,25,2026-07-08
S012,P00125,154,25,2026-07-08
S012,P00126,65,25,2026-07-08
S012,P00127,76,25,2026-07-08
S012,P00128,247,25,2026-07-08
S012,P00129,28,25,2026-07-08
S012,P00130,2,25,2026-07-08
S012,P00131,81,25,2026-07-08
S012,P00132,296,25,2026-07-08
S012,P00133,283,25,2026-07-08
S012,P00134,215,25,2026-07-08
S012,P00135,195,25,2026-07-08
S012,P00136,46,25,2026-07-08
S012,P00137,62,25,2026-07-08
S012,P00138,118,25,2026-07-08
S012,P00139,247,25,2026-07-08
S012,P00140,107,25,2026-07-08
S012,P00141,38,25,2026-07-08
S012,P00142,168,25,2026-07-08
S012,P00143,202,25,2026-07-08
S012,P00144,152,25,2026-07-08
S012,P00145,243,25,2026-07-08
S012,P00146,184,25,2026-07-08
S012,P00147,95,25,2026-07-08
S012,P00148,256,25,2026-07-08
S012,P00149,52,25,2026-07-08
S012,P00150,14,25,2026-07-08
S012,P00151,187,25,2026-07-08
S012,P00152,245,25,2026-07-08
S012,P00153,213,25,2026-07-08
S012,P00154,8,25,2026-07-08
S012,P00155,213,25,2026-07-08
S012,P00156,296,25,2026-07-08
S012,P00157,245,25,2026-07-08
S012,P00158,169,25,2026-07-08
S012,P00159,209,25,2026-07-08
S012,P00160,195,25,2026-07-08
S012,P00161,56,25,2026-07-08
S012,P00162,95,25,2026-07-08
S012,P00163,289,25,2026-07-08
S012,P00164,6,25,2026-07-08
S012,P00165,195,25,2026-07-08
S012,P00166,11,25,2026-07-08
S012,P00167,181,25,2026-07-08
S012,P00168,212,25,2026-07-08
S012,P00169,121,25,2026-07-08
S012,P00170,291,25,2026-07-08
S012,P00171,281,25,2026-07-08
S012,P00172,89,25,2026-07-08
S012,P00173,165,25,2026-07-08
S012,P00174,65,25,2026-07-08
S012,P00175,48,25,2026-07-08
S012,P00176,195,25,2026-07-08
S012,P00177,186,25,2026-07-08
S012,P00178,132,25,2026-07-08
S012,P00179,288,25,2026-07-08
S012,P00180,39,25,2026-07-08
S012,P00181,232,25,2026-07-08
S012,P00182,106,25,2026-07-08
S012,P00183,91,25,2026-07-08
S012,P00184,183,25,2026-07-08
S012,P00185,195,25,2026-07-08
S012,P00186,11,25,2026-07-08
S012,P00187,258,25,2026-07-08
S012,P00188,201,25,2026-07-08
S012,P00189,256,25,2026-07-08
S012,P00190,157,25,2026-07-08
S012,P00191,84,25,2026-07-08
S012,P00192,26,25,2026-07-08
S012,P00193,246,25,2026-07-08
S012,P00194,87,25,2026-07-08
S012,P00195,88,25,2026-07-08
S012,P00196,297,25,2026-07-08
S012,P00197,140,25,2026-07-08
S012,P00198,168,25,2026-07-08
S012,P00199,68,25,2026-07-08
S012,P00200,165,25,2026-07-08
S012,P00201,71,25,2026-07-08
S012,P00202,109,25,2026-07-08
S012,P00203,88,25,2026-07-08
S012,P00204,274,25,2026-07-08
S012,P00205,34,25,2026-07-08
S012,P00206,97,25,2026-07-08
S012,P00207,153,25,2026-07-08
S012,P00208,3,25,2026-07-08
S012,P00209,145,25,2026-07-08
S012,P00210,238,25,2026-07-08
S012,P00211,156,25,2026-07-08
S012,P00212,208,25,2026-07-08
S012,P00213,136,25,2026-07-08
S012,P00214,37,25,2026-07-08
S012,P00215,287,25,2026-07-08
S012,P00216,109,25,2026-07-08
S012,P00217,169,25,2026-07-08
S012,P00218,246,25,2026-07-08
S012,P00219,166,25,2026-07-08
S012,P00220,182,25,2026-07-08
S012,P00221,269,25,2026-07-08
S012,P00222,264,25,2026-07-08
S012,P00223,100,25,2026-07-08
S012,P00224,283,25,2026-07-08
S012,P00225,293,25,2026-07-08
S012,P00226,286,25,2026-07-08
S012,P00227,11,25,2026-07-08
S012,P00228,268,25,2026-07-08
S012,P00229,77,25,2026-07-08
S012,P00230,157,25,2026-07-08
S012,P00231,281,25,2026-07-08
S012,P00232,51,25,2026-07-08
S012,P00233,189,25,2026-07-08
S012,P00234,78,25,2026-07-08
S012,P00235,240,25,2026-07-08
S012,P00236,46,25,2026-07-08
S012,P00237,10,25,2026-07-08
S012,P00238,241,25,2026-07-08
S012,P00239,62,25,2026-07-08
S012,P00240,176,25,2026-07-08
S012,P00241,177,25,2026-07-08
S012,P00242,254,25,2026-07-08
S012,P00243,173,25,2026-07-08
S012,P00244,227,25,2026-07-08
S012,P00245,76,25,2026-07-08
S012,P00246,157,25,2026-07-08
S012,P00247,69,25,2026-07-08
S012,P00248,298,25,2026-07-08
S012,P00249,128,25,2026-07-08
S012,P00250,66,25,2026-07-08
S012,P00251,171,25,2026-07-08
S012,P00252,50,25,2026-07-08
S012,P00253,287,25,2026-07-08
S012,P00254,83,25,2026-07-08
S012,P00255,170,25,2026-07-08
S012,P00256,102,25,2026-07-08
S012,P00257,48,25,2026-07-08
S012,P00258,245,25,2026-07-08
S012,P00259,126,25,2026-07-08
S012,P00260,87,25,2026-07-08
S012,P00261,132,25,2026-07-08
S012,P00262,274,25,2026-07-08
S012,P00263,292,25,2026-07-08
S012,P00264,174,25,2026-07-08
S012,P00265,177,25,2026-07-08
S012,P00266,17,25,2026-07-08
S012,P00267,205,25,2026-07-08
S012,P00268,2,25,2026-07-08
S012,P00269,231,25,2026-07-08
S012,P00270,290,25,2026-07-08
S012,P00271,1,25,2026-07-08
S012,P00272,202,25,2026-07-08
S012,P00273,45,25,2026-07-08
S012,P00274,209,25,2026-07-08
S012,P00275,51,25,2026-07-08
S012,P00276,182,25,2026-07-08
S012,P00277,248,25,2026-07-08
S012,P00278,172,25,2026-07-08
S012,P00279,116,25,2026-07-08
S012,P00280,177,25,2026-07-08
S012,P00281,71,25,2026-07-08
S012,P00282,171,25,2026-07-08
S012,P00283,208,25,2026-07-08
S012,P00284,14,25,2026-07-08
S012,P00285,21,25,2026-07-08
S012,P00286,204,25,2026-07-08
S012,P00287,264,25,2026-07-08
S012,P00288,187,25,2026-07-08
S012,P00289,282,25,2026-07-08
S012,P00290,227,25,2026-07-08
S012,P00291,120,25,2026-07-08
S012,P00292,272,25,2026-07-08
S012,P00293,3,25,2026-07-08
S012,P00294,298,25,2026-07-08
S012,P00295,77,25,2026-07-08
S012,P00296,126,25,2026-07-08
S012,P00297,159,25,2026-07-08
S012,P00298,137,25,2026-07-08
S012,P00299,117,25,2026-07-08
S012,P00300,165,25,2026-07-08
S012,P00301,162,25,2026-07-08
S012,P00302,8,25,2026-07-08
S012,P00303,155,25,2026-07-08
S012,P00304,58,25,2026-07-08
S012,P00305,185,25,2026-07-08
S012,P00306,224,25,2026-07-08
S012,P00307,175,25,2026-07-08
S012,P00308,227,25,2026-07-08
S012,P00309,0,25,2026-07-08
S012,P00310,1,25,2026-07-08
S012,P00311,90,25,2026-07-08
S012,P00312,14,25,2026-07-08
S012,P00313,250,25,2026-07-08
S012,P00314,146,25,2026-07-08
S012,P00315,265,25,2026-07-08
S012,P00316,118,25,2026-07-08
S012,P00317,64,25,2026-07-08
S012,P00318,85,25,2026-07-08
S012,P00319,3,25,2026-07-08
S012,P00320,197,25,2026-07-08
S012,P00321,210,25,2026-07-08
S012,P00322,253,25,2026-07-08
S012,P00323,93,25,2026-07-08
S012,P00324,270,25,2026-07-08
S012,P00325,263,25,2026-07-08
S012,P00326,234,25,2026-07-08
S012,P00327,99,25,2026-07-08
S012,P00328,98,25,2026-07-08
S012,P00329,253,25,2026-07-08
S012,P00330,46,25,2026-07-08
S012,P00331,183,25,2026-07-08
S012,P00332,290,25,2026-07-08
S012,P00333,71,25,2026-07-08
S012,P00334,183,25,2026-07-08
S012,P00335,162,25,2026-07-08
S012,P00336,73,25,2026-07-08
S012,P00337,160,25,2026-07-08
S012,P00338,136,25,2026-07-08
S012,P00339,124,25,2026-07-08
S012,P00340,187,25,2026-07-08
S012,P00341,47,25,2026-07-08
S012,P00342,195,25,2026-07-08
S012,P00343,182,25,2026-07-08
S012,P00344,29,25,2026-07-08
S012,P00345,123,25,2026-07-08
S012,P00346,112,25,2026-07-08
S012,P00347,81,25,2026-07-08
S012,P00348,85,25,2026-07-08
S012,P00349,49,25,2026-07-08
S012,P00350,72,25,2026-07-08
S012,P00351,117,25,2026-07-08
S012,P00352,73,25,2026-07-08
S012,P00353,219,25,2026-07-08
S012,P00354,62,25,2026-07-08
S012,P00355,15,25,2026-07-08
S012,P00356,270,25,2026-07-08
S012,P00357,137,25,2026-07-08
S012,P00358,40,25,2026-07-08
S012,P00359,111,25,2026-07-08
S012,P00360,58,25,2026-07-08
S012,P00361,194,25,2026-07-08
S012,P00362,165,25,2026-07-08
S012,P00363,247,25,2026-07-08
S012,P00364,186,25,2026-07-08
S012,P00365,291,25,2026-07-08
S012,P00366,298,25,2026-07-08
S012,P00367,34,25,2026-07-08
S012,P00368,298,25,2026-07-08
S012,P00369,19,25,2026-07-08
S012,P00370,49,25,2026-07-08
S012,P00371,10,25,2026-07-08
S012,P00372,134,25,2026-07-08
S012,P00373,274,25,2026-07-08
S012,P00374,172,25,2026-07-08
S012,P00375,135,25,2026-07-08
S012,P00376,3,25,2026-07-08
S012,P00377,158,25,2026-07-08
S012,P00378,86,25,2026-07-08
S012,P00379,180,25,2026-07-08
S012,P00380,213,25,2026-07-08
S012,P00381,141,25,2026-07-08
S012,P00382,228,25,2026-07-08
S012,P00383,175,25,2026-07-08
S012,P00384,109,25,2026-07-08
S012,P00385,144,25,2026-07-08
S012,P00386,282,25,2026-07-08
S012,P00387,18,25,2026-07-08
S012,P00388,127,25,2026-07-08
S012,P00389,45,25,2026-07-08
S012,P00390,271,25,2026-07-08
S012,P00391,211,25,2026-07-08
S012,P00392,30,25,2026-07-08
S012,P00393,7,25,2026-07-08
S012,P00394,133,25,2026-07-08
S012,P00395,166,25,2026-07-08
S012,P00396,58,25,2026-07-08
S012,P00397,24,25,2026-07-08
S012,P00398,189,25,2026-07-08
S012,P00399,243,25,2026-07-08
S012,P00400,41,25,2026-07-08
S012,P00401,132,25,2026-07-08
S012,P00402,241,25,2026-07-08
S012,P00403,89,25,2026-07-08
S012,P00404,21,25,2026-07-08
S012,P00405,87,25,2026-07-08
S012,P00406,224,25,2026-07-08
S012,P00407,101,25,2026-07-08
S012,P00408,36,25,2026-07-08
S012,P00409,82,25,2026-07-08
S012,P00410,17,25,2026-07-08
S012,P00411,157,25,2026-07-08
S012,P00412,27,25,2026-07-08
S012,P00413,234,25,2026-07-08
S012,P00414,300,25,2026-07-08
S012,P00415,256,25,2026-07-08
S012,P00416,83,25,2026-07-08
S012,P00417,175,25,2026-07-08
S012,P00418,111,25,2026-07-08
S012,P00419,254,25,2026-07-08
S012,P00420,151,25,2026-07-08
S012,P00421,204,25,2026-07-08
S012,P00422,101,25,2026-07-08
S012,P00423,102,25,2026-07-08
S012,P00424,187,25,2026-07-08
S012,P00425,43,25,2026-07-08
S012,P00426,151,25,2026-07-08
S012,P00427,28,25,2026-07-08
S012,P00428,177,25,2026-07-08
S012,P00429,246,25,2026-07-08
S012,P00430,159,25,2026-07-08
S012,P00431,284,25,2026-07-08
S012,P00432,108,25,2026-07-08
S012,P00433,212,25,2026-07-08
S012,P00434,256,25,2026-07-08
S012,P00435,183,25,2026-07-08
S012,P00436,140,25,2026-07-08
S012,P00437,235,25,2026-07-08
S012,P00438,235,25,2026-07-08
S012,P00439,188,25,2026-07-08
S012,P00440,286,25,2026-07-08
S012,P00441,18,25,2026-07-08
S012,P00442,249,25,2026-07-08
S012,P00443,181,25,2026-07-08
S012,P00444,246,25,2026-07-08
S012,P00445,238,25,2026-07-08
S012,P00446,31,25,2026-07-08
S012,P00447,89,25,2026-07-08
S012,P00448,132,25,2026-07-08
S012,P00449,237,25,2026-07-08
S012,P00450,33,25,2026-07-08
S012,P00451,62,25,2026-07-08
S012,P00452,114,25,2026-07-08
S012,P00453,201,25,2026-07-08
S012,P00454,168,25,2026-07-08
S012,P00455,189,25,2026-07-08
S012,P00456,298,25,2026-07-08
S012,P00457,210,25,2026-07-08
S012,P00458,294,25,2026-07-08
S012,P00459,146,25,2026-07-08
S012,P00460,162,25,2026-07-08
S012,P00461,284,25,2026-07-08
S012,P00462,24,25,2026-07-08
S012,P00463,246,25,2026-07-08
S012,P00464,284,25,2026-07-08
S012,P00465,93,25,2026-07-08
S012,P00466,221,25,2026-07-08
S012,P00467,129,25,2026-07-08
S012,P00468,34,25,2026-07-08
S012,P00469,194,25,2026-07-08
S012,P00470,87,25,2026-07-08
S012,P00471,129,25,2026-07-08
S012,P00472,242,25,2026-07-08
S012,P00473,50,25,2026-07-08
S012,P00474,252,25,2026-07-08
S012,P00475,38,25,2026-07-08
S012,P00476,288,25,2026-07-08
S012,P00477,131,25,2026-07-08
S012,P00478,220,25,2026-07-08
S012,P00479,97,25,2026-07-08
S012,P00480,223,25,2026-07-08
S012,P00481,223,25,2026-07-08
S012,P00482,114,25,2026-07-08
S012,P00483,241,25,2026-07-08
S012,P00484,34,25,2026-07-08
S012,P00485,215,25,2026-07-08
S012,P00486,199,25,2026-07-08
S012,P00487,119,25,2026-07-08
S012,P00488,38,25,2026-07-08
S012,P00489,94,25,2026-07-08
S012,P00490,151,25,2026-07-08
S012,P00491,33,25,2026-07-08
S012,P00492,164,25,2026-07-08
S012,P00493,142,25,2026-07-08
S012,P00494,36,25,2026-07-08
S012,P00495,266,25,2026-07-08
S012,P00496,17,25,2026-07-08
S012,P00497,74,25,2026-07-08
S012,P00498,169,25,2026-07-08
S012,P00499,135,25,2026-07-08
S012,P00500,199,25,2026-07-08
S013,P00001,177,25,2026-07-08
S013,P00002,220,25,2026-07-08
S013,P00003,233,25,2026-07-08
S013,P00004,10,25,2026-07-08
S013,P00005,263,25,2026-07-08
S013,P00006,118,25,2026-07-08
S013,P00007,265,25,2026-07-08
S013,P00008,237,25,2026-07-08
S013,P00009,145,25,2026-07-08
S013,P00010,243,25,2026-07-08
S013,P00011,129,25,2026-07-08
S013,P00012,265,25,2026-07-08
S013,P00013,145,25,2026-07-08
S013,P00014,106,25,2026-07-08
S013,P00015,13,25,2026-07-08
S013,P00016,285,25,2026-07-08
S013,P00017,222,25,2026-07-08
S013,P00018,154,25,2026-07-08
S013,P00019,277,25,2026-07-08
S013,P00020,295,25,2026-07-08
S013,P00021,153,25,2026-07-08
S013,P00022,289,25,2026-07-08
S013,P00023,246,25,2026-07-08
S013,P00024,205,25,2026-07-08
S013,P00025,80,25,2026-07-08
S013,P00026,38,25,2026-07-08
S013,P00027,63,25,2026-07-08
S013,P00028,45,25,2026-07-08
S013,P00029,149,25,2026-07-08
S013,P00030,151,25,2026-07-08
S013,P00031,45,25,2026-07-08
S013,P00032,101,25,2026-07-08
S013,P00033,197,25,2026-07-08
S013,P00034,262,25,2026-07-08
S013,P00035,243,25,2026-07-08
S013,P00036,182,25,2026-07-08
S013,P00037,92,25,2026-07-08
S013,P00038,88,25,2026-07-08
S013,P00039,225,25,2026-07-08
S013,P00040,237,25,2026-07-08
S013,P00041,147,25,2026-07-08
S013,P00042,210,25,2026-07-08
S013,P00043,80,25,2026-07-08
S013,P00044,173,25,2026-07-08
S013,P00045,9,25,2026-07-08
S013,P00046,73,25,2026-07-08
S013,P00047,35,25,2026-07-08
S013,P00048,150,25,2026-07-08
S013,P00049,143,25,2026-07-08
S013,P00050,130,25,2026-07-08
S013,P00051,192,25,2026-07-08
S013,P00052,297,25,2026-07-08
S013,P00053,123,25,2026-07-08
S013,P00054,170,25,2026-07-08
S013,P00055,202,25,2026-07-08
S013,P00056,188,25,2026-07-08
S013,P00057,81,25,2026-07-08
S013,P00058,149,25,2026-07-08
S013,P00059,95,25,2026-07-08
S013,P00060,199,25,2026-07-08
S013,P00061,295,25,2026-07-08
S013,P00062,87,25,2026-07-08
S013,P00063,161,25,2026-07-08
S013,P00064,143,25,2026-07-08
S013,P00065,264,25,2026-07-08
S013,P00066,262,25,2026-07-08
S013,P00067,43,25,2026-07-08
S013,P00068,45,25,2026-07-08
S013,P00069,164,25,2026-07-08
S013,P00070,94,25,2026-07-08
S013,P00071,171,25,2026-07-08
S013,P00072,88,25,2026-07-08
S013,P00073,165,25,2026-07-08
S013,P00074,80,25,2026-07-08
S013,P00075,125,25,2026-07-08
S013,P00076,132,25,2026-07-08
S013,P00077,224,25,2026-07-08
S013,P00078,108,25,2026-07-08
S013,P00079,160,25,2026-07-08
S013,P00080,134,25,2026-07-08
S013,P00081,289,25,2026-07-08
S013,P00082,1,25,2026-07-08
S013,P00083,184,25,2026-07-08
S013,P00084,212,25,2026-07-08
S013,P00085,296,25,2026-07-08
S013,P00086,14,25,2026-07-08
S013,P00087,158,25,2026-07-08
S013,P00088,98,25,2026-07-08
S013,P00089,241,25,2026-07-08
S013,P00090,197,25,2026-07-08
S013,P00091,44,25,2026-07-08
S013,P00092,256,25,2026-07-08
S013,P00093,269,25,2026-07-08
S013,P00094,79,25,2026-07-08
S013,P00095,173,25,2026-07-08
S013,P00096,112,25,2026-07-08
S013,P00097,38,25,2026-07-08
S013,P00098,225,25,2026-07-08
S013,P00099,277,25,2026-07-08
S013,P00100,172,25,2026-07-08
S013,P00101,171,25,2026-07-08
S013,P00102,117,25,2026-07-08
S013,P00103,202,25,2026-07-08
S013,P00104,228,25,2026-07-08
S013,P00105,78,25,2026-07-08
S013,P00106,127,25,2026-07-08
S013,P00107,62,25,2026-07-08
S013,P00108,155,25,2026-07-08
S013,P00109,42,25,2026-07-08
S013,P00110,6,25,2026-07-08
S013,P00111,109,25,2026-07-08
S013,P00112,265,25,2026-07-08
S013,P00113,249,25,2026-07-08
S013,P00114,86,25,2026-07-08
S013,P00115,263,25,2026-07-08
S013,P00116,21,25,2026-07-08
S013,P00117,3,25,2026-07-08
S013,P00118,108,25,2026-07-08
S013,P00119,231,25,2026-07-08
S013,P00120,122,25,2026-07-08
S013,P00121,182,25,2026-07-08
S013,P00122,4,25,2026-07-08
S013,P00123,211,25,2026-07-08
S013,P00124,226,25,2026-07-08
S013,P00125,110,25,2026-07-08
S013,P00126,87,25,2026-07-08
S013,P00127,121,25,2026-07-08
S013,P00128,125,25,2026-07-08
S013,P00129,186,25,2026-07-08
S013,P00130,51,25,2026-07-08
S013,P00131,13,25,2026-07-08
S013,P00132,188,25,2026-07-08
S013,P00133,213,25,2026-07-08
S013,P00134,108,25,2026-07-08
S013,P00135,122,25,2026-07-08
S013,P00136,185,25,2026-07-08
S013,P00137,78,25,2026-07-08
S013,P00138,113,25,2026-07-08
S013,P00139,226,25,2026-07-08
S013,P00140,120,25,2026-07-08
S013,P00141,201,25,2026-07-08
S013,P00142,96,25,2026-07-08
S013,P00143,80,25,2026-07-08
S013,P00144,24,25,2026-07-08
S013,P00145,181,25,2026-07-08
S013,P00146,250,25,2026-07-08
S013,P00147,7,25,2026-07-08
S013,P00148,211,25,2026-07-08
S013,P00149,262,25,2026-07-08
S013,P00150,41,25,2026-07-08
S013,P00151,89,25,2026-07-08
S013,P00152,110,25,2026-07-08
S013,P00153,298,25,2026-07-08
S013,P00154,185,25,2026-07-08
S013,P00155,100,25,2026-07-08
S013,P00156,217,25,2026-07-08
S013,P00157,29,25,2026-07-08
S013,P00158,173,25,2026-07-08
S013,P00159,291,25,2026-07-08
S013,P00160,139,25,2026-07-08
S013,P00161,163,25,2026-07-08
S013,P00162,160,25,2026-07-08
S013,P00163,217,25,2026-07-08
S013,P00164,182,25,2026-07-08
S013,P00165,193,25,2026-07-08
S013,P00166,229,25,2026-07-08
S013,P00167,138,25,2026-07-08
S013,P00168,15,25,2026-07-08
S013,P00169,25,25,2026-07-08
S013,P00170,98,25,2026-07-08
S013,P00171,81,25,2026-07-08
S013,P00172,222,25,2026-07-08
S013,P00173,106,25,2026-07-08
S013,P00174,120,25,2026-07-08
S013,P00175,25,25,2026-07-08
S013,P00176,62,25,2026-07-08
S013,P00177,154,25,2026-07-08
S013,P00178,110,25,2026-07-08
S013,P00179,139,25,2026-07-08
S013,P00180,17,25,2026-07-08
S013,P00181,17,25,2026-07-08
S013,P00182,7,25,2026-07-08
S013,P00183,73,25,2026-07-08
S013,P00184,128,25,2026-07-08
S013,P00185,225,25,2026-07-08
S013,P00186,107,25,2026-07-08
S013,P00187,240,25,2026-07-08
S013,P00188,33,25,2026-07-08
S013,P00189,173,25,2026-07-08
S013,P00190,269,25,2026-07-08
S013,P00191,71,25,2026-07-08
S013,P00192,94,25,2026-07-08
S013,P00193,98,25,2026-07-08
S013,P00194,144,25,2026-07-08
S013,P00195,119,25,2026-07-08
S013,P00196,106,25,2026-07-08
S013,P00197,95,25,2026-07-08
S013,P00198,30,25,2026-07-08
S013,P00199,182,25,2026-07-08
S013,P00200,71,25,2026-07-08
S013,P00201,151,25,2026-07-08
S013,P00202,291,25,2026-07-08
S013,P00203,177,25,2026-07-08
S013,P00204,297,25,2026-07-08
S013,P00205,107,25,2026-07-08
S013,P00206,238,25,2026-07-08
S013,P00207,299,25,2026-07-08
S013,P00208,199,25,2026-07-08
S013,P00209,186,25,2026-07-08
S013,P00210,267,25,2026-07-08
S013,P00211,207,25,2026-07-08
S013,P00212,172,25,2026-07-08
S013,P00213,27,25,2026-07-08
S013,P00214,291,25,2026-07-08
S013,P00215,119,25,2026-07-08
S013,P00216,215,25,2026-07-08
S013,P00217,99,25,2026-07-08
S013,P00218,205,25,2026-07-08
S013,P00219,255,25,2026-07-08
S013,P00220,8,25,2026-07-08
S013,P00221,205,25,2026-07-08
S013,P00222,5,25,2026-07-08
S013,P00223,44,25,2026-07-08
S013,P00224,219,25,2026-07-08
S013,P00225,283,25,2026-07-08
S013,P00226,180,25,2026-07-08
S013,P00227,254,25,2026-07-08
S013,P00228,268,25,2026-07-08
S013,P00229,103,25,2026-07-08
S013,P00230,195,25,2026-07-08
S013,P00231,55,25,2026-07-08
S013,P00232,101,25,2026-07-08
S013,P00233,277,25,2026-07-08
S013,P00234,250,25,2026-07-08
S013,P00235,125,25,2026-07-08
S013,P00236,175,25,2026-07-08
S013,P00237,271,25,2026-07-08
S013,P00238,209,25,2026-07-08
S013,P00239,233,25,2026-07-08
S013,P00240,37,25,2026-07-08
S013,P00241,168,25,2026-07-08
S013,P00242,98,25,2026-07-08
S013,P00243,9,25,2026-07-08
S013,P00244,50,25,2026-07-08
S013,P00245,256,25,2026-07-08
S013,P00246,83,25,2026-07-08
S013,P00247,215,25,2026-07-08
S013,P00248,13,25,2026-07-08
S013,P00249,5,25,2026-07-08
S013,P00250,227,25,2026-07-08
S013,P00251,191,25,2026-07-08
S013,P00252,223,25,2026-07-08
S013,P00253,204,25,2026-07-08
S013,P00254,250,25,2026-07-08
S013,P00255,26,25,2026-07-08
S013,P00256,156,25,2026-07-08
S013,P00257,35,25,2026-07-08
S013,P00258,294,25,2026-07-08
S013,P00259,81,25,2026-07-08
S013,P00260,113,25,2026-07-08
S013,P00261,234,25,2026-07-08
S013,P00262,264,25,2026-07-08
S013,P00263,84,25,2026-07-08
S013,P00264,152,25,2026-07-08
S013,P00265,32,25,2026-07-08
S013,P00266,225,25,2026-07-08
S013,P00267,288,25,2026-07-08
S013,P00268,3,25,2026-07-08
S013,P00269,285,25,2026-07-08
S013,P00270,50,25,2026-07-08
S013,P00271,138,25,2026-07-08
S013,P00272,60,25,2026-07-08
S013,P00273,70,25,2026-07-08
S013,P00274,211,25,2026-07-08
S013,P00275,192,25,2026-07-08
S013,P00276,46,25,2026-07-08
S013,P00277,265,25,2026-07-08
S013,P00278,172,25,2026-07-08
S013,P00279,251,25,2026-07-08
S013,P00280,187,25,2026-07-08
S013,P00281,103,25,2026-07-08
S013,P00282,255,25,2026-07-08
S013,P00283,279,25,2026-07-08
S013,P00284,140,25,2026-07-08
S013,P00285,291,25,2026-07-08
S013,P00286,37,25,2026-07-08
S013,P00287,240,25,2026-07-08
S013,P00288,115,25,2026-07-08
S013,P00289,221,25,2026-07-08
S013,P00290,224,25,2026-07-08
S013,P00291,262,25,2026-07-08
S013,P00292,240,25,2026-07-08
S013,P00293,137,25,2026-07-08
S013,P00294,189,25,2026-07-08
S013,P00295,244,25,2026-07-08
S013,P00296,210,25,2026-07-08
S013,P00297,299,25,2026-07-08
S013,P00298,35,25,2026-07-08
S013,P00299,86,25,2026-07-08
S013,P00300,129,25,2026-07-08
S013,P00301,94,25,2026-07-08
S013,P00302,44,25,2026-07-08
S013,P00303,266,25,2026-07-08
S013,P00304,291,25,2026-07-08
S013,P00305,235,25,2026-07-08
S013,P00306,44,25,2026-07-08
S013,P00307,232,25,2026-07-08
S013,P00308,71,25,2026-07-08
S013,P00309,22,25,2026-07-08
S013,P00310,84,25,2026-07-08
S013,P00311,244,25,2026-07-08
S013,P00312,38,25,2026-07-08
S013,P00313,102,25,2026-07-08
S013,P00314,290,25,2026-07-08
S013,P00315,48,25,2026-07-08
S013,P00316,276,25,2026-07-08
S013,P00317,15,25,2026-07-08
S013,P00318,238,25,2026-07-08
S013,P00319,91,25,2026-07-08
S013,P00320,83,25,2026-07-08
S013,P00321,15,25,2026-07-08
S013,P00322,123,25,2026-07-08
S013,P00323,241,25,2026-07-08
S013,P00324,166,25,2026-07-08
S013,P00325,274,25,2026-07-08
S013,P00326,69,25,2026-07-08
S013,P00327,219,25,2026-07-08
S013,P00328,294,25,2026-07-08
S013,P00329,121,25,2026-07-08
S013,P00330,49,25,2026-07-08
S013,P00331,280,25,2026-07-08
S013,P00332,194,25,2026-07-08
S013,P00333,137,25,2026-07-08
S013,P00334,266,25,2026-07-08
S013,P00335,83,25,2026-07-08
S013,P00336,171,25,2026-07-08
S013,P00337,49,25,2026-07-08
S013,P00338,43,25,2026-07-08
S013,P00339,18,25,2026-07-08
S013,P00340,66,25,2026-07-08
S013,P00341,51,25,2026-07-08
S013,P00342,207,25,2026-07-08
S013,P00343,34,25,2026-07-08
S013,P00344,219,25,2026-07-08
S013,P00345,13,25,2026-07-08
S013,P00346,197,25,2026-07-08
S013,P00347,92,25,2026-07-08
S013,P00348,239,25,2026-07-08
S013,P00349,111,25,2026-07-08
S013,P00350,114,25,2026-07-08
S013,P00351,266,25,2026-07-08
S013,P00352,294,25,2026-07-08
S013,P00353,70,25,2026-07-08
S013,P00354,274,25,2026-07-08
S013,P00355,66,25,2026-07-08
S013,P00356,232,25,2026-07-08
S013,P00357,1,25,2026-07-08
S013,P00358,19,25,2026-07-08
S013,P00359,177,25,2026-07-08
S013,P00360,147,25,2026-07-08
S013,P00361,221,25,2026-07-08
S013,P00362,25,25,2026-07-08
S013,P00363,69,25,2026-07-08
S013,P00364,118,25,2026-07-08
S013,P00365,44,25,2026-07-08
S013,P00366,3,25,2026-07-08
S013,P00367,104,25,2026-07-08
S013,P00368,19,25,2026-07-08
S013,P00369,7,25,2026-07-08
S013,P00370,80,25,2026-07-08
S013,P00371,195,25,2026-07-08
S013,P00372,90,25,2026-07-08
S013,P00373,212,25,2026-07-08
S013,P00374,259,25,2026-07-08
S013,P00375,201,25,2026-07-08
S013,P00376,263,25,2026-07-08
S013,P00377,117,25,2026-07-08
S013,P00378,259,25,2026-07-08
S013,P00379,100,25,2026-07-08
S013,P00380,293,25,2026-07-08
S013,P00381,105,25,2026-07-08
S013,P00382,234,25,2026-07-08
S013,P00383,168,25,2026-07-08
S013,P00384,31,25,2026-07-08
S013,P00385,117,25,2026-07-08
S013,P00386,0,25,2026-07-08
S013,P00387,64,25,2026-07-08
S013,P00388,13,25,2026-07-08
S013,P00389,16,25,2026-07-08
S013,P00390,248,25,2026-07-08
S013,P00391,15,25,2026-07-08
S013,P00392,2,25,2026-07-08
S013,P00393,164,25,2026-07-08
S013,P00394,104,25,2026-07-08
S013,P00395,63,25,2026-07-08
S013,P00396,120,25,2026-07-08
S013,P00397,84,25,2026-07-08
S013,P00398,26,25,2026-07-08
S013,P00399,55,25,2026-07-08
S013,P00400,15,25,2026-07-08
S013,P00401,194,25,2026-07-08
S013,P00402,295,25,2026-07-08
S013,P00403,34,25,2026-07-08
S013,P00404,10,25,2026-07-08
S013,P00405,134,25,2026-07-08
S013,P00406,215,25,2026-07-08
S013,P00407,277,25,2026-07-08
S013,P00408,141,25,2026-07-08
S013,P00409,282,25,2026-07-08
S013,P00410,271,25,2026-07-08
S013,P00411,24,25,2026-07-08
S013,P00412,261,25,2026-07-08
S013,P00413,36,25,2026-07-08
S013,P00414,172,25,2026-07-08
S013,P00415,281,25,2026-07-08
S013,P00416,18,25,2026-07-08
S013,P00417,15,25,2026-07-08
S013,P00418,49,25,2026-07-08
S013,P00419,110,25,2026-07-08
S013,P00420,273,25,2026-07-08
S013,P00421,112,25,2026-07-08
S013,P00422,46,25,2026-07-08
S013,P00423,192,25,2026-07-08
S013,P00424,240,25,2026-07-08
S013,P00425,148,25,2026-07-08
S013,P00426,2,25,2026-07-08
S013,P00427,34,25,2026-07-08
S013,P00428,29,25,2026-07-08
S013,P00429,203,25,2026-07-08
S013,P00430,217,25,2026-07-08
S013,P00431,195,25,2026-07-08
S013,P00432,140,25,2026-07-08
S013,P00433,160,25,2026-07-08
S013,P00434,43,25,2026-07-08
S013,P00435,228,25,2026-07-08
S013,P00436,255,25,2026-07-08
S013,P00437,179,25,2026-07-08
S013,P00438,170,25,2026-07-08
S013,P00439,236,25,2026-07-08
S013,P00440,57,25,2026-07-08
S013,P00441,237,25,2026-07-08
S013,P00442,171,25,2026-07-08
S013,P00443,12,25,2026-07-08
S013,P00444,46,25,2026-07-08
S013,P00445,231,25,2026-07-08
S013,P00446,222,25,2026-07-08
S013,P00447,56,25,2026-07-08
S013,P00448,48,25,2026-07-08
S013,P00449,107,25,2026-07-08
S013,P00450,47,25,2026-07-08
S013,P00451,11,25,2026-07-08
S013,P00452,18,25,2026-07-08
S013,P00453,281,25,2026-07-08
S013,P00454,148,25,2026-07-08
S013,P00455,183,25,2026-07-08
S013,P00456,43,25,2026-07-08
S013,P00457,64,25,2026-07-08
S013,P00458,275,25,2026-07-08
S013,P00459,86,25,2026-07-08
S013,P00460,75,25,2026-07-08
S013,P00461,86,25,2026-07-08
S013,P00462,67,25,2026-07-08
S013,P00463,79,25,2026-07-08
S013,P00464,285,25,2026-07-08
S013,P00465,77,25,2026-07-08
S013,P00466,8,25,2026-07-08
S013,P00467,153,25,2026-07-08
S013,P00468,93,25,2026-07-08
S013,P00469,202,25,2026-07-08
S013,P00470,140,25,2026-07-08
S013,P00471,294,25,2026-07-08
S013,P00472,259,25,2026-07-08
S013,P00473,245,25,2026-07-08
S013,P00474,5,25,2026-07-08
S013,P00475,289,25,2026-07-08
S013,P00476,51,25,2026-07-08
S013,P00477,152,25,2026-07-08
S013,P00478,18,25,2026-07-08
S013,P00479,133,25,2026-07-08
S013,P00480,226,25,2026-07-08
S013,P00481,252,25,2026-07-08
S013,P00482,220,25,2026-07-08
S013,P00483,7,25,2026-07-08
S013,P00484,275,25,2026-07-08
S013,P00485,158,25,2026-07-08
S013,P00486,199,25,2026-07-08
S013,P00487,171,25,2026-07-08
S013,P00488,266,25,2026-07-08
S013,P00489,66,25,2026-07-08
S013,P00490,285,25,2026-07-08
S013,P00491,186,25,2026-07-08
S013,P00492,189,25,2026-07-08
S013,P00493,121,25,2026-07-08
S013,P00494,129,25,2026-07-08
S013,P00495,236,25,2026-07-08
S013,P00496,165,25,2026-07-08
S013,P00497,103,25,2026-07-08
S013,P00498,186,25,2026-07-08
S013,P00499,135,25,2026-07-08
S013,P00500,92,25,2026-07-08
S014,P00001,72,25,2026-07-08
S014,P00002,38,25,2026-07-08
S014,P00003,297,25,2026-07-08
S014,P00004,41,25,2026-07-08
S014,P00005,250,25,2026-07-08
S014,P00006,243,25,2026-07-08
S014,P00007,26,25,2026-07-08
S014,P00008,191,25,2026-07-08
S014,P00009,182,25,2026-07-08
S014,P00010,245,25,2026-07-08
S014,P00011,180,25,2026-07-08
S014,P00012,245,25,2026-07-08
S014,P00013,75,25,2026-07-08
S014,P00014,290,25,2026-07-08
S014,P00015,56,25,2026-07-08
S014,P00016,257,25,2026-07-08
S014,P00017,258,25,2026-07-08
S014,P00018,237,25,2026-07-08
S014,P00019,239,25,2026-07-08
S014,P00020,33,25,2026-07-08
S014,P00021,12,25,2026-07-08
S014,P00022,231,25,2026-07-08
S014,P00023,257,25,2026-07-08
S014,P00024,275,25,2026-07-08
S014,P00025,210,25,2026-07-08
S014,P00026,81,25,2026-07-08
S014,P00027,278,25,2026-07-08
S014,P00028,188,25,2026-07-08
S014,P00029,109,25,2026-07-08
S014,P00030,64,25,2026-07-08
S014,P00031,1,25,2026-07-08
S014,P00032,7,25,2026-07-08
S014,P00033,201,25,2026-07-08
S014,P00034,198,25,2026-07-08
S014,P00035,201,25,2026-07-08
S014,P00036,200,25,2026-07-08
S014,P00037,202,25,2026-07-08
S014,P00038,24,25,2026-07-08
S014,P00039,138,25,2026-07-08
S014,P00040,184,25,2026-07-08
S014,P00041,79,25,2026-07-08
S014,P00042,27,25,2026-07-08
S014,P00043,234,25,2026-07-08
S014,P00044,36,25,2026-07-08
S014,P00045,270,25,2026-07-08
S014,P00046,112,25,2026-07-08
S014,P00047,4,25,2026-07-08
S014,P00048,279,25,2026-07-08
S014,P00049,249,25,2026-07-08
S014,P00050,175,25,2026-07-08
S014,P00051,185,25,2026-07-08
S014,P00052,286,25,2026-07-08
S014,P00053,50,25,2026-07-08
S014,P00054,239,25,2026-07-08
S014,P00055,22,25,2026-07-08
S014,P00056,32,25,2026-07-08
S014,P00057,226,25,2026-07-08
S014,P00058,69,25,2026-07-08
S014,P00059,168,25,2026-07-08
S014,P00060,25,25,2026-07-08
S014,P00061,130,25,2026-07-08
S014,P00062,165,25,2026-07-08
S014,P00063,289,25,2026-07-08
S014,P00064,211,25,2026-07-08
S014,P00065,18,25,2026-07-08
S014,P00066,134,25,2026-07-08
S014,P00067,139,25,2026-07-08
S014,P00068,212,25,2026-07-08
S014,P00069,289,25,2026-07-08
S014,P00070,130,25,2026-07-08
S014,P00071,228,25,2026-07-08
S014,P00072,57,25,2026-07-08
S014,P00073,257,25,2026-07-08
S014,P00074,216,25,2026-07-08
S014,P00075,144,25,2026-07-08
S014,P00076,189,25,2026-07-08
S014,P00077,34,25,2026-07-08
S014,P00078,249,25,2026-07-08
S014,P00079,89,25,2026-07-08
S014,P00080,31,25,2026-07-08
S014,P00081,26,25,2026-07-08
S014,P00082,126,25,2026-07-08
S014,P00083,26,25,2026-07-08
S014,P00084,137,25,2026-07-08
S014,P00085,131,25,2026-07-08
S014,P00086,117,25,2026-07-08
S014,P00087,230,25,2026-07-08
S014,P00088,222,25,2026-07-08
S014,P00089,251,25,2026-07-08
S014,P00090,248,25,2026-07-08
S014,P00091,6,25,2026-07-08
S014,P00092,88,25,2026-07-08
S014,P00093,7,25,2026-07-08
S014,P00094,276,25,2026-07-08
S014,P00095,98,25,2026-07-08
S014,P00096,55,25,2026-07-08
S014,P00097,258,25,2026-07-08
S014,P00098,129,25,2026-07-08
S014,P00099,142,25,2026-07-08
S014,P00100,56,25,2026-07-08
S014,P00101,51,25,2026-07-08
S014,P00102,54,25,2026-07-08
S014,P00103,123,25,2026-07-08
S014,P00104,266,25,2026-07-08
S014,P00105,213,25,2026-07-08
S014,P00106,259,25,2026-07-08
S014,P00107,242,25,2026-07-08
S014,P00108,119,25,2026-07-08
S014,P00109,265,25,2026-07-08
S014,P00110,68,25,2026-07-08
S014,P00111,245,25,2026-07-08
S014,P00112,200,25,2026-07-08
S014,P00113,289,25,2026-07-08
S014,P00114,75,25,2026-07-08
S014,P00115,247,25,2026-07-08
S014,P00116,144,25,2026-07-08
S014,P00117,295,25,2026-07-08
S014,P00118,82,25,2026-07-08
S014,P00119,0,25,2026-07-08
S014,P00120,52,25,2026-07-08
S014,P00121,15,25,2026-07-08
S014,P00122,14,25,2026-07-08
S014,P00123,229,25,2026-07-08
S014,P00124,258,25,2026-07-08
S014,P00125,48,25,2026-07-08
S014,P00126,171,25,2026-07-08
S014,P00127,187,25,2026-07-08
S014,P00128,202,25,2026-07-08
S014,P00129,68,25,2026-07-08
S014,P00130,85,25,2026-07-08
S014,P00131,252,25,2026-07-08
S014,P00132,231,25,2026-07-08
S014,P00133,24,25,2026-07-08
S014,P00134,271,25,2026-07-08
S014,P00135,295,25,2026-07-08
S014,P00136,129,25,2026-07-08
S014,P00137,46,25,2026-07-08
S014,P00138,291,25,2026-07-08
S014,P00139,258,25,2026-07-08
S014,P00140,213,25,2026-07-08
S014,P00141,129,25,2026-07-08
S014,P00142,213,25,2026-07-08
S014,P00143,287,25,2026-07-08
S014,P00144,155,25,2026-07-08
S014,P00145,33,25,2026-07-08
S014,P00146,239,25,2026-07-08
S014,P00147,107,25,2026-07-08
S014,P00148,10,25,2026-07-08
S014,P00149,269,25,2026-07-08
S014,P00150,32,25,2026-07-08
S014,P00151,279,25,2026-07-08
S014,P00152,18,25,2026-07-08
S014,P00153,179,25,2026-07-08
S014,P00154,20,25,2026-07-08
S014,P00155,234,25,2026-07-08
S014,P00156,193,25,2026-07-08
S014,P00157,0,25,2026-07-08
S014,P00158,157,25,2026-07-08
S014,P00159,218,25,2026-07-08
S014,P00160,83,25,2026-07-08
S014,P00161,262,25,2026-07-08
S014,P00162,163,25,2026-07-08
S014,P00163,175,25,2026-07-08
S014,P00164,300,25,2026-07-08
S014,P00165,275,25,2026-07-08
S014,P00166,165,25,2026-07-08
S014,P00167,226,25,2026-07-08
S014,P00168,120,25,2026-07-08
S014,P00169,16,25,2026-07-08
S014,P00170,264,25,2026-07-08
S014,P00171,88,25,2026-07-08
S014,P00172,115,25,2026-07-08
S014,P00173,114,25,2026-07-08
S014,P00174,280,25,2026-07-08
S014,P00175,157,25,2026-07-08
S014,P00176,132,25,2026-07-08
S014,P00177,45,25,2026-07-08
S014,P00178,221,25,2026-07-08
S014,P00179,249,25,2026-07-08
S014,P00180,111,25,2026-07-08
S014,P00181,61,25,2026-07-08
S014,P00182,252,25,2026-07-08
S014,P00183,231,25,2026-07-08
S014,P00184,195,25,2026-07-08
S014,P00185,211,25,2026-07-08
S014,P00186,136,25,2026-07-08
S014,P00187,138,25,2026-07-08
S014,P00188,1,25,2026-07-08
S014,P00189,294,25,2026-07-08
S014,P00190,241,25,2026-07-08
S014,P00191,180,25,2026-07-08
S014,P00192,47,25,2026-07-08
S014,P00193,159,25,2026-07-08
S014,P00194,278,25,2026-07-08
S014,P00195,24,25,2026-07-08
S014,P00196,109,25,2026-07-08
S014,P00197,268,25,2026-07-08
S014,P00198,113,25,2026-07-08
S014,P00199,145,25,2026-07-08
S014,P00200,273,25,2026-07-08
S014,P00201,295,25,2026-07-08
S014,P00202,288,25,2026-07-08
S014,P00203,248,25,2026-07-08
S014,P00204,223,25,2026-07-08
S014,P00205,120,25,2026-07-08
S014,P00206,49,25,2026-07-08
S014,P00207,245,25,2026-07-08
S014,P00208,273,25,2026-07-08
S014,P00209,18,25,2026-07-08
S014,P00210,131,25,2026-07-08
S014,P00211,53,25,2026-07-08
S014,P00212,35,25,2026-07-08
S014,P00213,202,25,2026-07-08
S014,P00214,13,25,2026-07-08
S014,P00215,153,25,2026-07-08
S014,P00216,109,25,2026-07-08
S014,P00217,209,25,2026-07-08
S014,P00218,251,25,2026-07-08
S014,P00219,8,25,2026-07-08
S014,P00220,87,25,2026-07-08
S014,P00221,273,25,2026-07-08
S014,P00222,27,25,2026-07-08
S014,P00223,37,25,2026-07-08
S014,P00224,64,25,2026-07-08
S014,P00225,256,25,2026-07-08
S014,P00226,208,25,2026-07-08
S014,P00227,149,25,2026-07-08
S014,P00228,60,25,2026-07-08
S014,P00229,136,25,2026-07-08
S014,P00230,112,25,2026-07-08
S014,P00231,29,25,2026-07-08
S014,P00232,1,25,2026-07-08
S014,P00233,165,25,2026-07-08
S014,P00234,62,25,2026-07-08
S014,P00235,86,25,2026-07-08
S014,P00236,64,25,2026-07-08
S014,P00237,267,25,2026-07-08
S014,P00238,81,25,2026-07-08
S014,P00239,195,25,2026-07-08
S014,P00240,19,25,2026-07-08
S014,P00241,45,25,2026-07-08
S014,P00242,158,25,2026-07-08
S014,P00243,97,25,2026-07-08
S014,P00244,16,25,2026-07-08
S014,P00245,258,25,2026-07-08
S014,P00246,23,25,2026-07-08
S014,P00247,87,25,2026-07-08
S014,P00248,14,25,2026-07-08
S014,P00249,294,25,2026-07-08
S014,P00250,87,25,2026-07-08
S014,P00251,80,25,2026-07-08
S014,P00252,87,25,2026-07-08
S014,P00253,200,25,2026-07-08
S014,P00254,132,25,2026-07-08
S014,P00255,75,25,2026-07-08
S014,P00256,75,25,2026-07-08
S014,P00257,11,25,2026-07-08
S014,P00258,183,25,2026-07-08
S014,P00259,87,25,2026-07-08
S014,P00260,177,25,2026-07-08
S014,P00261,98,25,2026-07-08
S014,P00262,207,25,2026-07-08
S014,P00263,104,25,2026-07-08
S014,P00264,186,25,2026-07-08
S014,P00265,139,25,2026-07-08
S014,P00266,276,25,2026-07-08
S014,P00267,120,25,2026-07-08
S014,P00268,203,25,2026-07-08
S014,P00269,42,25,2026-07-08
S014,P00270,29,25,2026-07-08
S014,P00271,283,25,2026-07-08
S014,P00272,46,25,2026-07-08
S014,P00273,262,25,2026-07-08
S014,P00274,136,25,2026-07-08
S014,P00275,269,25,2026-07-08
S014,P00276,27,25,2026-07-08
S014,P00277,105,25,2026-07-08
S014,P00278,291,25,2026-07-08
S014,P00279,196,25,2026-07-08
S014,P00280,142,25,2026-07-08
S014,P00281,6,25,2026-07-08
S014,P00282,63,25,2026-07-08
S014,P00283,5,25,2026-07-08
S014,P00284,297,25,2026-07-08
S014,P00285,141,25,2026-07-08
S014,P00286,207,25,2026-07-08
S014,P00287,54,25,2026-07-08
S014,P00288,44,25,2026-07-08
S014,P00289,68,25,2026-07-08
S014,P00290,295,25,2026-07-08
S014,P00291,135,25,2026-07-08
S014,P00292,162,25,2026-07-08
S014,P00293,248,25,2026-07-08
S014,P00294,142,25,2026-07-08
S014,P00295,218,25,2026-07-08
S014,P00296,295,25,2026-07-08
S014,P00297,292,25,2026-07-08
S014,P00298,42,25,2026-07-08
S014,P00299,120,25,2026-07-08
S014,P00300,280,25,2026-07-08
S014,P00301,82,25,2026-07-08
S014,P00302,40,25,2026-07-08
S014,P00303,71,25,2026-07-08
S014,P00304,257,25,2026-07-08
S014,P00305,10,25,2026-07-08
S014,P00306,55,25,2026-07-08
S014,P00307,6,25,2026-07-08
S014,P00308,146,25,2026-07-08
S014,P00309,46,25,2026-07-08
S014,P00310,146,25,2026-07-08
S014,P00311,128,25,2026-07-08
S014,P00312,257,25,2026-07-08
S014,P00313,272,25,2026-07-08
S014,P00314,224,25,2026-07-08
S014,P00315,1,25,2026-07-08
S014,P00316,219,25,2026-07-08
S014,P00317,252,25,2026-07-08
S014,P00318,151,25,2026-07-08
S014,P00319,51,25,2026-07-08
S014,P00320,118,25,2026-07-08
S014,P00321,128,25,2026-07-08
S014,P00322,116,25,2026-07-08
S014,P00323,141,25,2026-07-08
S014,P00324,256,25,2026-07-08
S014,P00325,141,25,2026-07-08
S014,P00326,26,25,2026-07-08
S014,P00327,278,25,2026-07-08
S014,P00328,99,25,2026-07-08
S014,P00329,71,25,2026-07-08
S014,P00330,131,25,2026-07-08
S014,P00331,15,25,2026-07-08
S014,P00332,189,25,2026-07-08
S014,P00333,106,25,2026-07-08
S014,P00334,296,25,2026-07-08
S014,P00335,275,25,2026-07-08
S014,P00336,97,25,2026-07-08
S014,P00337,210,25,2026-07-08
S014,P00338,197,25,2026-07-08
S014,P00339,288,25,2026-07-08
S014,P00340,3,25,2026-07-08
S014,P00341,118,25,2026-07-08
S014,P00342,103,25,2026-07-08
S014,P00343,167,25,2026-07-08
S014,P00344,250,25,2026-07-08
S014,P00345,271,25,2026-07-08
S014,P00346,25,25,2026-07-08
S014,P00347,80,25,2026-07-08
S014,P00348,258,25,2026-07-08
S014,P00349,222,25,2026-07-08
S014,P00350,138,25,2026-07-08
S014,P00351,226,25,2026-07-08
S014,P00352,79,25,2026-07-08
S014,P00353,154,25,2026-07-08
S014,P00354,16,25,2026-07-08
S014,P00355,68,25,2026-07-08
S014,P00356,110,25,2026-07-08
S014,P00357,165,25,2026-07-08
S014,P00358,71,25,2026-07-08
S014,P00359,228,25,2026-07-08
S014,P00360,120,25,2026-07-08
S014,P00361,91,25,2026-07-08
S014,P00362,94,25,2026-07-08
S014,P00363,197,25,2026-07-08
S014,P00364,206,25,2026-07-08
S014,P00365,86,25,2026-07-08
S014,P00366,111,25,2026-07-08
S014,P00367,115,25,2026-07-08
S014,P00368,292,25,2026-07-08
S014,P00369,134,25,2026-07-08
S014,P00370,197,25,2026-07-08
S014,P00371,266,25,2026-07-08
S014,P00372,238,25,2026-07-08
S014,P00373,121,25,2026-07-08
S014,P00374,230,25,2026-07-08
S014,P00375,295,25,2026-07-08
S014,P00376,103,25,2026-07-08
S014,P00377,101,25,2026-07-08
S014,P00378,272,25,2026-07-08
S014,P00379,127,25,2026-07-08
S014,P00380,25,25,2026-07-08
S014,P00381,155,25,2026-07-08
S014,P00382,78,25,2026-07-08
S014,P00383,116,25,2026-07-08
S014,P00384,56,25,2026-07-08
S014,P00385,123,25,2026-07-08
S014,P00386,260,25,2026-07-08
S014,P00387,266,25,2026-07-08
S014,P00388,297,25,2026-07-08
S014,P00389,175,25,2026-07-08
S014,P00390,68,25,2026-07-08
S014,P00391,134,25,2026-07-08
S014,P00392,5,25,2026-07-08
S014,P00393,269,25,2026-07-08
S014,P00394,255,25,2026-07-08
S014,P00395,191,25,2026-07-08
S014,P00396,97,25,2026-07-08
S014,P00397,31,25,2026-07-08
S014,P00398,69,25,2026-07-08
S014,P00399,237,25,2026-07-08
S014,P00400,261,25,2026-07-08
S014,P00401,49,25,2026-07-08
S014,P00402,269,25,2026-07-08
S014,P00403,110,25,2026-07-08
S014,P00404,53,25,2026-07-08
S014,P00405,167,25,2026-07-08
S014,P00406,187,25,2026-07-08
S014,P00407,115,25,2026-07-08
S014,P00408,22,25,2026-07-08
S014,P00409,286,25,2026-07-08
S014,P00410,204,25,2026-07-08
S014,P00411,109,25,2026-07-08
S014,P00412,141,25,2026-07-08
S014,P00413,125,25,2026-07-08
S014,P00414,224,25,2026-07-08
S014,P00415,54,25,2026-07-08
S014,P00416,18,25,2026-07-08
S014,P00417,180,25,2026-07-08
S014,P00418,6,25,2026-07-08
S014,P00419,192,25,2026-07-08
S014,P00420,283,25,2026-07-08
S014,P00421,271,25,2026-07-08
S014,P00422,3,25,2026-07-08
S014,P00423,89,25,2026-07-08
S014,P00424,78,25,2026-07-08
S014,P00425,150,25,2026-07-08
S014,P00426,187,25,2026-07-08
S014,P00427,64,25,2026-07-08
S014,P00428,263,25,2026-07-08
S014,P00429,298,25,2026-07-08
S014,P00430,236,25,2026-07-08
S014,P00431,25,25,2026-07-08
S014,P00432,35,25,2026-07-08
S014,P00433,48,25,2026-07-08
S014,P00434,153,25,2026-07-08
S014,P00435,70,25,2026-07-08
S014,P00436,4,25,2026-07-08
S014,P00437,155,25,2026-07-08
S014,P00438,194,25,2026-07-08
S014,P00439,165,25,2026-07-08
S014,P00440,65,25,2026-07-08
S014,P00441,1,25,2026-07-08
S014,P00442,211,25,2026-07-08
S014,P00443,174,25,2026-07-08
S014,P00444,26,25,2026-07-08
S014,P00445,295,25,2026-07-08
S014,P00446,68,25,2026-07-08
S014,P00447,36,25,2026-07-08
S014,P00448,99,25,2026-07-08
S014,P00449,48,25,2026-07-08
S014,P00450,113,25,2026-07-08
S014,P00451,122,25,2026-07-08
S014,P00452,125,25,2026-07-08
S014,P00453,170,25,2026-07-08
S014,P00454,108,25,2026-07-08
S014,P00455,132,25,2026-07-08
S014,P00456,211,25,2026-07-08
S014,P00457,235,25,2026-07-08
S014,P00458,256,25,2026-07-08
S014,P00459,73,25,2026-07-08
S014,P00460,176,25,2026-07-08
S014,P00461,44,25,2026-07-08
S014,P00462,239,25,2026-07-08
S014,P00463,11,25,2026-07-08
S014,P00464,172,25,2026-07-08
S014,P00465,11,25,2026-07-08
S014,P00466,9,25,2026-07-08
S014,P00467,51,25,2026-07-08
S014,P00468,45,25,2026-07-08
S014,P00469,153,25,2026-07-08
S014,P00470,64,25,2026-07-08
S014,P00471,12,25,2026-07-08
S014,P00472,2,25,2026-07-08
S014,P00473,180,25,2026-07-08
S014,P00474,258,25,2026-07-08
S014,P00475,268,25,2026-07-08
S014,P00476,54,25,2026-07-08
S014,P00477,298,25,2026-07-08
S014,P00478,104,25,2026-07-08
S014,P00479,93,25,2026-07-08
S014,P00480,262,25,2026-07-08
S014,P00481,204,25,2026-07-08
S014,P00482,51,25,2026-07-08
S014,P00483,239,25,2026-07-08
S014,P00484,250,25,2026-07-08
S014,P00485,160,25,2026-07-08
S014,P00486,235,25,2026-07-08
S014,P00487,119,25,2026-07-08
S014,P00488,218,25,2026-07-08
S014,P00489,7,25,2026-07-08
S014,P00490,170,25,2026-07-08
S014,P00491,134,25,2026-07-08
S014,P00492,281,25,2026-07-08
S014,P00493,37,25,2026-07-08
S014,P00494,136,25,2026-07-08
S014,P00495,158,25,2026-07-08
S014,P00496,97,25,2026-07-08
S014,P00497,168,25,2026-07-08
S014,P00498,76,25,2026-07-08
S014,P00499,151,25,2026-07-08
S014,P00500,65,25,2026-07-08
S015,P00001,23,25,2026-07-08
S015,P00002,119,25,2026-07-08
S015,P00003,283,25,2026-07-08
S015,P00004,101,25,2026-07-08
S015,P00005,252,25,2026-07-08
S015,P00006,77,25,2026-07-08
S015,P00007,163,25,2026-07-08
S015,P00008,72,25,2026-07-08
S015,P00009,20,25,2026-07-08
S015,P00010,250,25,2026-07-08
S015,P00011,12,25,2026-07-08
S015,P00012,56,25,2026-07-08
S015,P00013,52,25,2026-07-08
S015,P00014,215,25,2026-07-08
S015,P00015,21,25,2026-07-08
S015,P00016,260,25,2026-07-08
S015,P00017,149,25,2026-07-08
S015,P00018,45,25,2026-07-08
S015,P00019,159,25,2026-07-08
S015,P00020,3,25,2026-07-08
S015,P00021,154,25,2026-07-08
S015,P00022,240,25,2026-07-08
S015,P00023,47,25,2026-07-08
S015,P00024,153,25,2026-07-08
S015,P00025,46,25,2026-07-08
S015,P00026,157,25,2026-07-08
S015,P00027,248,25,2026-07-08
S015,P00028,111,25,2026-07-08
S015,P00029,299,25,2026-07-08
S015,P00030,120,25,2026-07-08
S015,P00031,190,25,2026-07-08
S015,P00032,25,25,2026-07-08
S015,P00033,211,25,2026-07-08
S015,P00034,228,25,2026-07-08
S015,P00035,170,25,2026-07-08
S015,P00036,255,25,2026-07-08
S015,P00037,204,25,2026-07-08
S015,P00038,292,25,2026-07-08
S015,P00039,145,25,2026-07-08
S015,P00040,123,25,2026-07-08
S015,P00041,63,25,2026-07-08
S015,P00042,169,25,2026-07-08
S015,P00043,103,25,2026-07-08
S015,P00044,198,25,2026-07-08
S015,P00045,220,25,2026-07-08
S015,P00046,212,25,2026-07-08
S015,P00047,47,25,2026-07-08
S015,P00048,231,25,2026-07-08
S015,P00049,16,25,2026-07-08
S015,P00050,297,25,2026-07-08
S015,P00051,51,25,2026-07-08
S015,P00052,169,25,2026-07-08
S015,P00053,227,25,2026-07-08
S015,P00054,127,25,2026-07-08
S015,P00055,88,25,2026-07-08
S015,P00056,212,25,2026-07-08
S015,P00057,299,25,2026-07-08
S015,P00058,70,25,2026-07-08
S015,P00059,244,25,2026-07-08
S015,P00060,270,25,2026-07-08
S015,P00061,83,25,2026-07-08
S015,P00062,42,25,2026-07-08
S015,P00063,111,25,2026-07-08
S015,P00064,253,25,2026-07-08
S015,P00065,276,25,2026-07-08
S015,P00066,108,25,2026-07-08
S015,P00067,218,25,2026-07-08
S015,P00068,266,25,2026-07-08
S015,P00069,54,25,2026-07-08
S015,P00070,209,25,2026-07-08
S015,P00071,53,25,2026-07-08
S015,P00072,104,25,2026-07-08
S015,P00073,255,25,2026-07-08
S015,P00074,105,25,2026-07-08
S015,P00075,57,25,2026-07-08
S015,P00076,142,25,2026-07-08
S015,P00077,57,25,2026-07-08
S015,P00078,87,25,2026-07-08
S015,P00079,43,25,2026-07-08
S015,P00080,140,25,2026-07-08
S015,P00081,47,25,2026-07-08
S015,P00082,152,25,2026-07-08
S015,P00083,53,25,2026-07-08
S015,P00084,135,25,2026-07-08
S015,P00085,56,25,2026-07-08
S015,P00086,291,25,2026-07-08
S015,P00087,190,25,2026-07-08
S015,P00088,274,25,2026-07-08
S015,P00089,209,25,2026-07-08
S015,P00090,189,25,2026-07-08
S015,P00091,149,25,2026-07-08
S015,P00092,136,25,2026-07-08
S015,P00093,121,25,2026-07-08
S015,P00094,107,25,2026-07-08
S015,P00095,125,25,2026-07-08
S015,P00096,177,25,2026-07-08
S015,P00097,255,25,2026-07-08
S015,P00098,262,25,2026-07-08
S015,P00099,154,25,2026-07-08
S015,P00100,106,25,2026-07-08
S015,P00101,261,25,2026-07-08
S015,P00102,240,25,2026-07-08
S015,P00103,220,25,2026-07-08
S015,P00104,88,25,2026-07-08
S015,P00105,209,25,2026-07-08
S015,P00106,116,25,2026-07-08
S015,P00107,210,25,2026-07-08
S015,P00108,190,25,2026-07-08
S015,P00109,284,25,2026-07-08
S015,P00110,231,25,2026-07-08
S015,P00111,199,25,2026-07-08
S015,P00112,62,25,2026-07-08
S015,P00113,290,25,2026-07-08
S015,P00114,135,25,2026-07-08
S015,P00115,76,25,2026-07-08
S015,P00116,106,25,2026-07-08
S015,P00117,91,25,2026-07-08
S015,P00118,65,25,2026-07-08
S015,P00119,53,25,2026-07-08
S015,P00120,145,25,2026-07-08
S015,P00121,267,25,2026-07-08
S015,P00122,295,25,2026-07-08
S015,P00123,147,25,2026-07-08
S015,P00124,79,25,2026-07-08
S015,P00125,60,25,2026-07-08
S015,P00126,55,25,2026-07-08
S015,P00127,150,25,2026-07-08
S015,P00128,4,25,2026-07-08
S015,P00129,123,25,2026-07-08
S015,P00130,281,25,2026-07-08
S015,P00131,102,25,2026-07-08
S015,P00132,190,25,2026-07-08
S015,P00133,130,25,2026-07-08
S015,P00134,142,25,2026-07-08
S015,P00135,46,25,2026-07-08
S015,P00136,87,25,2026-07-08
S015,P00137,95,25,2026-07-08
S015,P00138,131,25,2026-07-08
S015,P00139,278,25,2026-07-08
S015,P00140,150,25,2026-07-08
S015,P00141,298,25,2026-07-08
S015,P00142,98,25,2026-07-08
S015,P00143,176,25,2026-07-08
S015,P00144,161,25,2026-07-08
S015,P00145,122,25,2026-07-08
S015,P00146,201,25,2026-07-08
S015,P00147,176,25,2026-07-08
S015,P00148,17,25,2026-07-08
S015,P00149,223,25,2026-07-08
S015,P00150,4,25,2026-07-08
S015,P00151,86,25,2026-07-08
S015,P00152,39,25,2026-07-08
S015,P00153,116,25,2026-07-08
S015,P00154,1,25,2026-07-08
S015,P00155,217,25,2026-07-08
S015,P00156,163,25,2026-07-08
S015,P00157,218,25,2026-07-08
S015,P00158,156,25,2026-07-08
S015,P00159,45,25,2026-07-08
S015,P00160,40,25,2026-07-08
S015,P00161,32,25,2026-07-08
S015,P00162,295,25,2026-07-08
S015,P00163,195,25,2026-07-08
S015,P00164,231,25,2026-07-08
S015,P00165,260,25,2026-07-08
S015,P00166,19,25,2026-07-08
S015,P00167,231,25,2026-07-08
S015,P00168,91,25,2026-07-08
S015,P00169,239,25,2026-07-08
S015,P00170,170,25,2026-07-08
S015,P00171,292,25,2026-07-08
S015,P00172,4,25,2026-07-08
S015,P00173,125,25,2026-07-08
S015,P00174,259,25,2026-07-08
S015,P00175,63,25,2026-07-08
S015,P00176,160,25,2026-07-08
S015,P00177,54,25,2026-07-08
S015,P00178,14,25,2026-07-08
S015,P00179,285,25,2026-07-08
S015,P00180,282,25,2026-07-08
S015,P00181,243,25,2026-07-08
S015,P00182,122,25,2026-07-08
S015,P00183,276,25,2026-07-08
S015,P00184,136,25,2026-07-08
S015,P00185,203,25,2026-07-08
S015,P00186,44,25,2026-07-08
S015,P00187,258,25,2026-07-08
S015,P00188,21,25,2026-07-08
S015,P00189,251,25,2026-07-08
S015,P00190,130,25,2026-07-08
S015,P00191,123,25,2026-07-08
S015,P00192,135,25,2026-07-08
S015,P00193,162,25,2026-07-08
S015,P00194,79,25,2026-07-08
S015,P00195,90,25,2026-07-08
S015,P00196,111,25,2026-07-08
S015,P00197,36,25,2026-07-08
S015,P00198,158,25,2026-07-08
S015,P00199,277,25,2026-07-08
S015,P00200,213,25,2026-07-08
S015,P00201,175,25,2026-07-08
S015,P00202,125,25,2026-07-08
S015,P00203,212,25,2026-07-08
S015,P00204,251,25,2026-07-08
S015,P00205,28,25,2026-07-08
S015,P00206,90,25,2026-07-08
S015,P00207,34,25,2026-07-08
S015,P00208,8,25,2026-07-08
S015,P00209,168,25,2026-07-08
S015,P00210,126,25,2026-07-08
S015,P00211,79,25,2026-07-08
S015,P00212,215,25,2026-07-08
S015,P00213,115,25,2026-07-08
S015,P00214,217,25,2026-07-08
S015,P00215,256,25,2026-07-08
S015,P00216,225,25,2026-07-08
S015,P00217,54,25,2026-07-08
S015,P00218,157,25,2026-07-08
S015,P00219,250,25,2026-07-08
S015,P00220,97,25,2026-07-08
S015,P00221,268,25,2026-07-08
S015,P00222,250,25,2026-07-08
S015,P00223,119,25,2026-07-08
S015,P00224,265,25,2026-07-08
S015,P00225,7,25,2026-07-08
S015,P00226,137,25,2026-07-08
S015,P00227,215,25,2026-07-08
S015,P00228,94,25,2026-07-08
S015,P00229,138,25,2026-07-08
S015,P00230,278,25,2026-07-08
S015,P00231,279,25,2026-07-08
S015,P00232,44,25,2026-07-08
S015,P00233,177,25,2026-07-08
S015,P00234,17,25,2026-07-08
S015,P00235,168,25,2026-07-08
S015,P00236,240,25,2026-07-08
S015,P00237,108,25,2026-07-08
S015,P00238,133,25,2026-07-08
S015,P00239,10,25,2026-07-08
S015,P00240,284,25,2026-07-08
S015,P00241,76,25,2026-07-08
S015,P00242,67,25,2026-07-08
S015,P00243,12,25,2026-07-08
S015,P00244,160,25,2026-07-08
S015,P00245,81,25,2026-07-08
S015,P00246,64,25,2026-07-08
S015,P00247,66,25,2026-07-08
S015,P00248,270,25,2026-07-08
S015,P00249,282,25,2026-07-08
S015,P00250,89,25,2026-07-08
S015,P00251,177,25,2026-07-08
S015,P00252,243,25,2026-07-08
S015,P00253,120,25,2026-07-08
S015,P00254,244,25,2026-07-08
S015,P00255,148,25,2026-07-08
S015,P00256,14,25,2026-07-08
S015,P00257,144,25,2026-07-08
S015,P00258,244,25,2026-07-08
S015,P00259,120,25,2026-07-08
S015,P00260,281,25,2026-07-08
S015,P00261,127,25,2026-07-08
S015,P00262,286,25,2026-07-08
S015,P00263,93,25,2026-07-08
S015,P00264,188,25,2026-07-08
S015,P00265,232,25,2026-07-08
S015,P00266,181,25,2026-07-08
S015,P00267,245,25,2026-07-08
S015,P00268,8,25,2026-07-08
S015,P00269,147,25,2026-07-08
S015,P00270,128,25,2026-07-08
S015,P00271,197,25,2026-07-08
S015,P00272,273,25,2026-07-08
S015,P00273,268,25,2026-07-08
S015,P00274,95,25,2026-07-08
S015,P00275,174,25,2026-07-08
S015,P00276,152,25,2026-07-08
S015,P00277,128,25,2026-07-08
S015,P00278,158,25,2026-07-08
S015,P00279,154,25,2026-07-08
S015,P00280,294,25,2026-07-08
S015,P00281,186,25,2026-07-08
S015,P00282,62,25,2026-07-08
S015,P00283,160,25,2026-07-08
S015,P00284,238,25,2026-07-08
S015,P00285,292,25,2026-07-08
S015,P00286,170,25,2026-07-08
S015,P00287,117,25,2026-07-08
S015,P00288,60,25,2026-07-08
S015,P00289,212,25,2026-07-08
S015,P00290,186,25,2026-07-08
S015,P00291,263,25,2026-07-08
S015,P00292,72,25,2026-07-08
S015,P00293,205,25,2026-07-08
S015,P00294,87,25,2026-07-08
S015,P00295,270,25,2026-07-08
S015,P00296,279,25,2026-07-08
S015,P00297,159,25,2026-07-08
S015,P00298,262,25,2026-07-08
S015,P00299,251,25,2026-07-08
S015,P00300,49,25,2026-07-08
S015,P00301,39,25,2026-07-08
S015,P00302,104,25,2026-07-08
S015,P00303,211,25,2026-07-08
S015,P00304,215,25,2026-07-08
S015,P00305,149,25,2026-07-08
S015,P00306,72,25,2026-07-08
S015,P00307,201,25,2026-07-08
S015,P00308,99,25,2026-07-08
S015,P00309,256,25,2026-07-08
S015,P00310,152,25,2026-07-08
S015,P00311,157,25,2026-07-08
S015,P00312,83,25,2026-07-08
S015,P00313,152,25,2026-07-08
S015,P00314,190,25,2026-07-08
S015,P00315,176,25,2026-07-08
S015,P00316,180,25,2026-07-08
S015,P00317,133,25,2026-07-08
S015,P00318,296,25,2026-07-08
S015,P00319,208,25,2026-07-08
S015,P00320,180,25,2026-07-08
S015,P00321,138,25,2026-07-08
S015,P00322,192,25,2026-07-08
S015,P00323,206,25,2026-07-08
S015,P00324,107,25,2026-07-08
S015,P00325,188,25,2026-07-08
S015,P00326,251,25,2026-07-08
S015,P00327,179,25,2026-07-08
S015,P00328,152,25,2026-07-08
S015,P00329,84,25,2026-07-08
S015,P00330,62,25,2026-07-08
S015,P00331,138,25,2026-07-08
S015,P00332,263,25,2026-07-08
S015,P00333,1,25,2026-07-08
S015,P00334,257,25,2026-07-08
S015,P00335,86,25,2026-07-08
S015,P00336,80,25,2026-07-08
S015,P00337,204,25,2026-07-08
S015,P00338,233,25,2026-07-08
S015,P00339,48,25,2026-07-08
S015,P00340,42,25,2026-07-08
S015,P00341,261,25,2026-07-08
S015,P00342,95,25,2026-07-08
S015,P00343,75,25,2026-07-08
S015,P00344,257,25,2026-07-08
S015,P00345,100,25,2026-07-08
S015,P00346,215,25,2026-07-08
S015,P00347,78,25,2026-07-08
S015,P00348,298,25,2026-07-08
S015,P00349,103,25,2026-07-08
S015,P00350,62,25,2026-07-08
S015,P00351,86,25,2026-07-08
S015,P00352,227,25,2026-07-08
S015,P00353,290,25,2026-07-08
S015,P00354,288,25,2026-07-08
S015,P00355,119,25,2026-07-08
S015,P00356,163,25,2026-07-08
S015,P00357,152,25,2026-07-08
S015,P00358,273,25,2026-07-08
S015,P00359,62,25,2026-07-08
S015,P00360,104,25,2026-07-08
S015,P00361,23,25,2026-07-08
S015,P00362,181,25,2026-07-08
S015,P00363,183,25,2026-07-08
S015,P00364,260,25,2026-07-08
S015,P00365,159,25,2026-07-08
S015,P00366,274,25,2026-07-08
S015,P00367,116,25,2026-07-08
S015,P00368,98,25,2026-07-08
S015,P00369,184,25,2026-07-08
S015,P00370,49,25,2026-07-08
S015,P00371,276,25,2026-07-08
S015,P00372,13,25,2026-07-08
S015,P00373,116,25,2026-07-08
S015,P00374,87,25,2026-07-08
S015,P00375,209,25,2026-07-08
S015,P00376,139,25,2026-07-08
S015,P00377,191,25,2026-07-08
S015,P00378,265,25,2026-07-08
S015,P00379,97,25,2026-07-08
S015,P00380,45,25,2026-07-08
S015,P00381,239,25,2026-07-08
S015,P00382,200,25,2026-07-08
S015,P00383,163,25,2026-07-08
S015,P00384,185,25,2026-07-08
S015,P00385,239,25,2026-07-08
S015,P00386,22,25,2026-07-08
S015,P00387,125,25,2026-07-08
S015,P00388,182,25,2026-07-08
S015,P00389,237,25,2026-07-08
S015,P00390,83,25,2026-07-08
S015,P00391,136,25,2026-07-08
S015,P00392,2,25,2026-07-08
S015,P00393,279,25,2026-07-08
S015,P00394,208,25,2026-07-08
S015,P00395,219,25,2026-07-08
S015,P00396,70,25,2026-07-08
S015,P00397,285,25,2026-07-08
S015,P00398,128,25,2026-07-08
S015,P00399,236,25,2026-07-08
S015,P00400,61,25,2026-07-08
S015,P00401,94,25,2026-07-08
S015,P00402,84,25,2026-07-08
S015,P00403,91,25,2026-07-08
S015,P00404,18,25,2026-07-08
S015,P00405,225,25,2026-07-08
S015,P00406,155,25,2026-07-08
S015,P00407,289,25,2026-07-08
S015,P00408,61,25,2026-07-08
S015,P00409,230,25,2026-07-08
S015,P00410,80,25,2026-07-08
S015,P00411,286,25,2026-07-08
S015,P00412,126,25,2026-07-08
S015,P00413,271,25,2026-07-08
S015,P00414,205,25,2026-07-08
S015,P00415,206,25,2026-07-08
S015,P00416,242,25,2026-07-08
S015,P00417,261,25,2026-07-08
S015,P00418,76,25,2026-07-08
S015,P00419,263,25,2026-07-08
S015,P00420,228,25,2026-07-08
S015,P00421,299,25,2026-07-08
S015,P00422,194,25,2026-07-08
S015,P00423,140,25,2026-07-08
S015,P00424,291,25,2026-07-08
S015,P00425,238,25,2026-07-08
S015,P00426,177,25,2026-07-08
S015,P00427,244,25,2026-07-08
S015,P00428,168,25,2026-07-08
S015,P00429,201,25,2026-07-08
S015,P00430,291,25,2026-07-08
S015,P00431,0,25,2026-07-08
S015,P00432,15,25,2026-07-08
S015,P00433,89,25,2026-07-08
S015,P00434,92,25,2026-07-08
S015,P00435,34,25,2026-07-08
S015,P00436,268,25,2026-07-08
S015,P00437,84,25,2026-07-08
S015,P00438,192,25,2026-07-08
S015,P00439,171,25,2026-07-08
S015,P00440,20,25,2026-07-08
S015,P00441,199,25,2026-07-08
S015,P00442,109,25,2026-07-08
S015,P00443,177,25,2026-07-08
S015,P00444,191,25,2026-07-08
S015,P00445,197,25,2026-07-08
S015,P00446,294,25,2026-07-08
S015,P00447,157,25,2026-07-08
S015,P00448,114,25,2026-07-08
S015,P00449,45,25,2026-07-08
S015,P00450,12,25,2026-07-08
S015,P00451,154,25,2026-07-08
S015,P00452,300,25,2026-07-08
S015,P00453,245,25,2026-07-08
S015,P00454,263,25,2026-07-08
S015,P00455,226,25,2026-07-08
S015,P00456,111,25,2026-07-08
S015,P00457,191,25,2026-07-08
S015,P00458,52,25,2026-07-08
S015,P00459,203,25,2026-07-08
S015,P00460,219,25,2026-07-08
S015,P00461,181,25,2026-07-08
S015,P00462,129,25,2026-07-08
S015,P00463,238,25,2026-07-08
S015,P00464,174,25,2026-07-08
S015,P00465,106,25,2026-07-08
S015,P00466,93,25,2026-07-08
S015,P00467,107,25,2026-07-08
S015,P00468,132,25,2026-07-08
S015,P00469,190,25,2026-07-08
S015,P00470,298,25,2026-07-08
S015,P00471,253,25,2026-07-08
S015,P00472,53,25,2026-07-08
S015,P00473,294,25,2026-07-08
S015,P00474,156,25,2026-07-08
S015,P00475,273,25,2026-07-08
S015,P00476,230,25,2026-07-08
S015,P00477,198,25,2026-07-08
S015,P00478,119,25,2026-07-08
S015,P00479,146,25,2026-07-08
S015,P00480,48,25,2026-07-08
S015,P00481,285,25,2026-07-08
S015,P00482,29,25,2026-07-08
S015,P00483,55,25,2026-07-08
S015,P00484,238,25,2026-07-08
S015,P00485,268,25,2026-07-08
S015,P00486,191,25,2026-07-08
S015,P00487,263,25,2026-07-08
S015,P00488,278,25,2026-07-08
S015,P00489,35,25,2026-07-08
S015,P00490,217,25,2026-07-08
S015,P00491,171,25,2026-07-08
S015,P00492,28,25,2026-07-08
S015,P00493,13,25,2026-07-08
S015,P00494,178,25,2026-07-08
S015,P00495,242,25,2026-07-08
S015,P00496,190,25,2026-07-08
S015,P00497,210,25,2026-07-08
S015,P00498,270,25,2026-07-08
S015,P00499,241,25,2026-07-08
S015,P00500,261,25,2026-07-08
S016,P00001,148,25,2026-07-08
S016,P00002,125,25,2026-07-08
S016,P00003,92,25,2026-07-08
S016,P00004,225,25,2026-07-08
S016,P00005,294,25,2026-07-08
S016,P00006,209,25,2026-07-08
S016,P00007,96,25,2026-07-08
S016,P00008,243,25,2026-07-08
S016,P00009,213,25,2026-07-08
S016,P00010,146,25,2026-07-08
S016,P00011,49,25,2026-07-08
S016,P00012,50,25,2026-07-08
S016,P00013,282,25,2026-07-08
S016,P00014,291,25,2026-07-08
S016,P00015,108,25,2026-07-08
S016,P00016,12,25,2026-07-08
S016,P00017,188,25,2026-07-08
S016,P00018,106,25,2026-07-08
S016,P00019,244,25,2026-07-08
S016,P00020,114,25,2026-07-08
S016,P00021,20,25,2026-07-08
S016,P00022,151,25,2026-07-08
S016,P00023,229,25,2026-07-08
S016,P00024,191,25,2026-07-08
S016,P00025,114,25,2026-07-08
S016,P00026,61,25,2026-07-08
S016,P00027,148,25,2026-07-08
S016,P00028,208,25,2026-07-08
S016,P00029,8,25,2026-07-08
S016,P00030,62,25,2026-07-08
S016,P00031,88,25,2026-07-08
S016,P00032,183,25,2026-07-08
S016,P00033,125,25,2026-07-08
S016,P00034,150,25,2026-07-08
S016,P00035,272,25,2026-07-08
S016,P00036,82,25,2026-07-08
S016,P00037,181,25,2026-07-08
S016,P00038,266,25,2026-07-08
S016,P00039,190,25,2026-07-08
S016,P00040,228,25,2026-07-08
S016,P00041,209,25,2026-07-08
S016,P00042,162,25,2026-07-08
S016,P00043,127,25,2026-07-08
S016,P00044,61,25,2026-07-08
S016,P00045,3,25,2026-07-08
S016,P00046,171,25,2026-07-08
S016,P00047,150,25,2026-07-08
S016,P00048,263,25,2026-07-08
S016,P00049,278,25,2026-07-08
S016,P00050,244,25,2026-07-08
S016,P00051,208,25,2026-07-08
S016,P00052,182,25,2026-07-08
S016,P00053,57,25,2026-07-08
S016,P00054,113,25,2026-07-08
S016,P00055,109,25,2026-07-08
S016,P00056,94,25,2026-07-08
S016,P00057,132,25,2026-07-08
S016,P00058,278,25,2026-07-08
S016,P00059,196,25,2026-07-08
S016,P00060,288,25,2026-07-08
S016,P00061,45,25,2026-07-08
S016,P00062,91,25,2026-07-08
S016,P00063,1,25,2026-07-08
S016,P00064,105,25,2026-07-08
S016,P00065,140,25,2026-07-08
S016,P00066,173,25,2026-07-08
S016,P00067,279,25,2026-07-08
S016,P00068,254,25,2026-07-08
S016,P00069,204,25,2026-07-08
S016,P00070,154,25,2026-07-08
S016,P00071,152,25,2026-07-08
S016,P00072,275,25,2026-07-08
S016,P00073,174,25,2026-07-08
S016,P00074,76,25,2026-07-08
S016,P00075,232,25,2026-07-08
S016,P00076,279,25,2026-07-08
S016,P00077,78,25,2026-07-08
S016,P00078,189,25,2026-07-08
S016,P00079,190,25,2026-07-08
S016,P00080,61,25,2026-07-08
S016,P00081,95,25,2026-07-08
S016,P00082,258,25,2026-07-08
S016,P00083,297,25,2026-07-08
S016,P00084,82,25,2026-07-08
S016,P00085,92,25,2026-07-08
S016,P00086,71,25,2026-07-08
S016,P00087,201,25,2026-07-08
S016,P00088,105,25,2026-07-08
S016,P00089,228,25,2026-07-08
S016,P00090,30,25,2026-07-08
S016,P00091,224,25,2026-07-08
S016,P00092,106,25,2026-07-08
S016,P00093,277,25,2026-07-08
S016,P00094,148,25,2026-07-08
S016,P00095,183,25,2026-07-08
S016,P00096,99,25,2026-07-08
S016,P00097,25,25,2026-07-08
S016,P00098,102,25,2026-07-08
S016,P00099,186,25,2026-07-08
S016,P00100,121,25,2026-07-08
S016,P00101,222,25,2026-07-08
S016,P00102,235,25,2026-07-08
S016,P00103,252,25,2026-07-08
S016,P00104,92,25,2026-07-08
S016,P00105,205,25,2026-07-08
S016,P00106,194,25,2026-07-08
S016,P00107,177,25,2026-07-08
S016,P00108,243,25,2026-07-08
S016,P00109,57,25,2026-07-08
S016,P00110,6,25,2026-07-08
S016,P00111,243,25,2026-07-08
S016,P00112,108,25,2026-07-08
S016,P00113,30,25,2026-07-08
S016,P00114,225,25,2026-07-08
S016,P00115,108,25,2026-07-08
S016,P00116,217,25,2026-07-08
S016,P00117,141,25,2026-07-08
S016,P00118,253,25,2026-07-08
S016,P00119,139,25,2026-07-08
S016,P00120,131,25,2026-07-08
S016,P00121,85,25,2026-07-08
S016,P00122,209,25,2026-07-08
S016,P00123,160,25,2026-07-08
S016,P00124,25,25,2026-07-08
S016,P00125,267,25,2026-07-08
S016,P00126,77,25,2026-07-08
S016,P00127,214,25,2026-07-08
S016,P00128,149,25,2026-07-08
S016,P00129,33,25,2026-07-08
S016,P00130,277,25,2026-07-08
S016,P00131,289,25,2026-07-08
S016,P00132,221,25,2026-07-08
S016,P00133,225,25,2026-07-08
S016,P00134,154,25,2026-07-08
S016,P00135,104,25,2026-07-08
S016,P00136,111,25,2026-07-08
S016,P00137,173,25,2026-07-08
S016,P00138,262,25,2026-07-08
S016,P00139,261,25,2026-07-08
S016,P00140,6,25,2026-07-08
S016,P00141,148,25,2026-07-08
S016,P00142,244,25,2026-07-08
S016,P00143,141,25,2026-07-08
S016,P00144,21,25,2026-07-08
S016,P00145,194,25,2026-07-08
S016,P00146,91,25,2026-07-08
S016,P00147,266,25,2026-07-08
S016,P00148,122,25,2026-07-08
S016,P00149,242,25,2026-07-08
S016,P00150,60,25,2026-07-08
S016,P00151,256,25,2026-07-08
S016,P00152,174,25,2026-07-08
S016,P00153,185,25,2026-07-08
S016,P00154,212,25,2026-07-08
S016,P00155,11,25,2026-07-08
S016,P00156,172,25,2026-07-08
S016,P00157,125,25,2026-07-08
S016,P00158,223,25,2026-07-08
S016,P00159,123,25,2026-07-08
S016,P00160,110,25,2026-07-08
S016,P00161,173,25,2026-07-08
S016,P00162,151,25,2026-07-08
S016,P00163,158,25,2026-07-08
S016,P00164,227,25,2026-07-08
S016,P00165,53,25,2026-07-08
S016,P00166,284,25,2026-07-08
S016,P00167,234,25,2026-07-08
S016,P00168,189,25,2026-07-08
S016,P00169,34,25,2026-07-08
S016,P00170,242,25,2026-07-08
S016,P00171,57,25,2026-07-08
S016,P00172,13,25,2026-07-08
S016,P00173,41,25,2026-07-08
S016,P00174,123,25,2026-07-08
S016,P00175,104,25,2026-07-08
S016,P00176,208,25,2026-07-08
S016,P00177,69,25,2026-07-08
S016,P00178,12,25,2026-07-08
S016,P00179,152,25,2026-07-08
S016,P00180,130,25,2026-07-08
S016,P00181,175,25,2026-07-08
S016,P00182,134,25,2026-07-08
S016,P00183,214,25,2026-07-08
S016,P00184,24,25,2026-07-08
S016,P00185,245,25,2026-07-08
S016,P00186,187,25,2026-07-08
S016,P00187,2,25,2026-07-08
S016,P00188,225,25,2026-07-08
S016,P00189,44,25,2026-07-08
S016,P00190,115,25,2026-07-08
S016,P00191,55,25,2026-07-08
S016,P00192,216,25,2026-07-08
S016,P00193,293,25,2026-07-08
S016,P00194,88,25,2026-07-08
S016,P00195,92,25,2026-07-08
S016,P00196,289,25,2026-07-08
S016,P00197,66,25,2026-07-08
S016,P00198,163,25,2026-07-08
S016,P00199,150,25,2026-07-08
S016,P00200,175,25,2026-07-08
S016,P00201,30,25,2026-07-08
S016,P00202,161,25,2026-07-08
S016,P00203,128,25,2026-07-08
S016,P00204,42,25,2026-07-08
S016,P00205,32,25,2026-07-08
S016,P00206,127,25,2026-07-08
S016,P00207,25,25,2026-07-08
S016,P00208,237,25,2026-07-08
S016,P00209,209,25,2026-07-08
S016,P00210,68,25,2026-07-08
S016,P00211,213,25,2026-07-08
S016,P00212,68,25,2026-07-08
S016,P00213,128,25,2026-07-08
S016,P00214,8,25,2026-07-08
S016,P00215,58,25,2026-07-08
S016,P00216,283,25,2026-07-08
S016,P00217,236,25,2026-07-08
S016,P00218,167,25,2026-07-08
S016,P00219,115,25,2026-07-08
S016,P00220,296,25,2026-07-08
S016,P00221,218,25,2026-07-08
S016,P00222,191,25,2026-07-08
S016,P00223,112,25,2026-07-08
S016,P00224,232,25,2026-07-08
S016,P00225,24,25,2026-07-08
S016,P00226,42,25,2026-07-08
S016,P00227,53,25,2026-07-08
S016,P00228,289,25,2026-07-08
S016,P00229,224,25,2026-07-08
S016,P00230,128,25,2026-07-08
S016,P00231,182,25,2026-07-08
S016,P00232,78,25,2026-07-08
S016,P00233,290,25,2026-07-08
S016,P00234,270,25,2026-07-08
S016,P00235,259,25,2026-07-08
S016,P00236,123,25,2026-07-08
S016,P00237,185,25,2026-07-08
S016,P00238,17,25,2026-07-08
S016,P00239,151,25,2026-07-08
S016,P00240,296,25,2026-07-08
S016,P00241,62,25,2026-07-08
S016,P00242,120,25,2026-07-08
S016,P00243,78,25,2026-07-08
S016,P00244,115,25,2026-07-08
S016,P00245,169,25,2026-07-08
S016,P00246,99,25,2026-07-08
S016,P00247,27,25,2026-07-08
S016,P00248,178,25,2026-07-08
S016,P00249,32,25,2026-07-08
S016,P00250,209,25,2026-07-08
S016,P00251,221,25,2026-07-08
S016,P00252,71,25,2026-07-08
S016,P00253,72,25,2026-07-08
S016,P00254,117,25,2026-07-08
S016,P00255,130,25,2026-07-08
S016,P00256,209,25,2026-07-08
S016,P00257,208,25,2026-07-08
S016,P00258,42,25,2026-07-08
S016,P00259,6,25,2026-07-08
S016,P00260,294,25,2026-07-08
S016,P00261,15,25,2026-07-08
S016,P00262,143,25,2026-07-08
S016,P00263,285,25,2026-07-08
S016,P00264,195,25,2026-07-08
S016,P00265,90,25,2026-07-08
S016,P00266,289,25,2026-07-08
S016,P00267,261,25,2026-07-08
S016,P00268,156,25,2026-07-08
S016,P00269,290,25,2026-07-08
S016,P00270,285,25,2026-07-08
S016,P00271,112,25,2026-07-08
S016,P00272,136,25,2026-07-08
S016,P00273,238,25,2026-07-08
S016,P00274,154,25,2026-07-08
S016,P00275,143,25,2026-07-08
S016,P00276,92,25,2026-07-08
S016,P00277,171,25,2026-07-08
S016,P00278,296,25,2026-07-08
S016,P00279,4,25,2026-07-08
S016,P00280,170,25,2026-07-08
S016,P00281,125,25,2026-07-08
S016,P00282,254,25,2026-07-08
S016,P00283,40,25,2026-07-08
S016,P00284,34,25,2026-07-08
S016,P00285,207,25,2026-07-08
S016,P00286,282,25,2026-07-08
S016,P00287,178,25,2026-07-08
S016,P00288,154,25,2026-07-08
S016,P00289,229,25,2026-07-08
S016,P00290,82,25,2026-07-08
S016,P00291,253,25,2026-07-08
S016,P00292,9,25,2026-07-08
S016,P00293,209,25,2026-07-08
S016,P00294,43,25,2026-07-08
S016,P00295,0,25,2026-07-08
S016,P00296,82,25,2026-07-08
S016,P00297,33,25,2026-07-08
S016,P00298,291,25,2026-07-08
S016,P00299,56,25,2026-07-08
S016,P00300,140,25,2026-07-08
S016,P00301,259,25,2026-07-08
S016,P00302,53,25,2026-07-08
S016,P00303,4,25,2026-07-08
S016,P00304,194,25,2026-07-08
S016,P00305,12,25,2026-07-08
S016,P00306,200,25,2026-07-08
S016,P00307,197,25,2026-07-08
S016,P00308,172,25,2026-07-08
S016,P00309,277,25,2026-07-08
S016,P00310,119,25,2026-07-08
S016,P00311,272,25,2026-07-08
S016,P00312,136,25,2026-07-08
S016,P00313,128,25,2026-07-08
S016,P00314,127,25,2026-07-08
S016,P00315,155,25,2026-07-08
S016,P00316,290,25,2026-07-08
S016,P00317,176,25,2026-07-08
S016,P00318,77,25,2026-07-08
S016,P00319,264,25,2026-07-08
S016,P00320,244,25,2026-07-08
S016,P00321,181,25,2026-07-08
S016,P00322,259,25,2026-07-08
S016,P00323,213,25,2026-07-08
S016,P00324,297,25,2026-07-08
S016,P00325,235,25,2026-07-08
S016,P00326,113,25,2026-07-08
S016,P00327,213,25,2026-07-08
S016,P00328,287,25,2026-07-08
S016,P00329,85,25,2026-07-08
S016,P00330,279,25,2026-07-08
S016,P00331,234,25,2026-07-08
S016,P00332,45,25,2026-07-08
S016,P00333,110,25,2026-07-08
S016,P00334,282,25,2026-07-08
S016,P00335,224,25,2026-07-08
S016,P00336,50,25,2026-07-08
S016,P00337,60,25,2026-07-08
S016,P00338,131,25,2026-07-08
S016,P00339,19,25,2026-07-08
S016,P00340,73,25,2026-07-08
S016,P00341,9,25,2026-07-08
S016,P00342,224,25,2026-07-08
S016,P00343,192,25,2026-07-08
S016,P00344,11,25,2026-07-08
S016,P00345,265,25,2026-07-08
S016,P00346,249,25,2026-07-08
S016,P00347,56,25,2026-07-08
S016,P00348,36,25,2026-07-08
S016,P00349,210,25,2026-07-08
S016,P00350,155,25,2026-07-08
S016,P00351,81,25,2026-07-08
S016,P00352,300,25,2026-07-08
S016,P00353,283,25,2026-07-08
S016,P00354,278,25,2026-07-08
S016,P00355,48,25,2026-07-08
S016,P00356,154,25,2026-07-08
S016,P00357,203,25,2026-07-08
S016,P00358,30,25,2026-07-08
S016,P00359,255,25,2026-07-08
S016,P00360,27,25,2026-07-08
S016,P00361,18,25,2026-07-08
S016,P00362,94,25,2026-07-08
S016,P00363,298,25,2026-07-08
S016,P00364,188,25,2026-07-08
S016,P00365,243,25,2026-07-08
S016,P00366,103,25,2026-07-08
S016,P00367,94,25,2026-07-08
S016,P00368,267,25,2026-07-08
S016,P00369,132,25,2026-07-08
S016,P00370,254,25,2026-07-08
S016,P00371,215,25,2026-07-08
S016,P00372,146,25,2026-07-08
S016,P00373,11,25,2026-07-08
S016,P00374,37,25,2026-07-08
S016,P00375,191,25,2026-07-08
S016,P00376,256,25,2026-07-08
S016,P00377,122,25,2026-07-08
S016,P00378,106,25,2026-07-08
S016,P00379,70,25,2026-07-08
S016,P00380,225,25,2026-07-08
S016,P00381,66,25,2026-07-08
S016,P00382,9,25,2026-07-08
S016,P00383,229,25,2026-07-08
S016,P00384,259,25,2026-07-08
S016,P00385,53,25,2026-07-08
S016,P00386,136,25,2026-07-08
S016,P00387,48,25,2026-07-08
S016,P00388,3,25,2026-07-08
S016,P00389,189,25,2026-07-08
S016,P00390,171,25,2026-07-08
S016,P00391,138,25,2026-07-08
S016,P00392,138,25,2026-07-08
S016,P00393,90,25,2026-07-08
S016,P00394,269,25,2026-07-08
S016,P00395,224,25,2026-07-08
S016,P00396,85,25,2026-07-08
S016,P00397,241,25,2026-07-08
S016,P00398,283,25,2026-07-08
S016,P00399,5,25,2026-07-08
S016,P00400,165,25,2026-07-08
S016,P00401,281,25,2026-07-08
S016,P00402,277,25,2026-07-08
S016,P00403,187,25,2026-07-08
S016,P00404,130,25,2026-07-08
S016,P00405,85,25,2026-07-08
S016,P00406,214,25,2026-07-08
S016,P00407,253,25,2026-07-08
S016,P00408,256,25,2026-07-08
S016,P00409,108,25,2026-07-08
S016,P00410,202,25,2026-07-08
S016,P00411,158,25,2026-07-08
S016,P00412,168,25,2026-07-08
S016,P00413,299,25,2026-07-08
S016,P00414,254,25,2026-07-08
S016,P00415,90,25,2026-07-08
S016,P00416,185,25,2026-07-08
S016,P00417,279,25,2026-07-08
S016,P00418,1,25,2026-07-08
S016,P00419,124,25,2026-07-08
S016,P00420,124,25,2026-07-08
S016,P00421,106,25,2026-07-08
S016,P00422,41,25,2026-07-08
S016,P00423,204,25,2026-07-08
S016,P00424,39,25,2026-07-08
S016,P00425,244,25,2026-07-08
S016,P00426,48,25,2026-07-08
S016,P00427,210,25,2026-07-08
S016,P00428,275,25,2026-07-08
S016,P00429,45,25,2026-07-08
S016,P00430,158,25,2026-07-08
S016,P00431,71,25,2026-07-08
S016,P00432,24,25,2026-07-08
S016,P00433,217,25,2026-07-08
S016,P00434,69,25,2026-07-08
S016,P00435,163,25,2026-07-08
S016,P00436,294,25,2026-07-08
S016,P00437,265,25,2026-07-08
S016,P00438,147,25,2026-07-08
S016,P00439,250,25,2026-07-08
S016,P00440,11,25,2026-07-08
S016,P00441,11,25,2026-07-08
S016,P00442,178,25,2026-07-08
S016,P00443,115,25,2026-07-08
S016,P00444,215,25,2026-07-08
S016,P00445,294,25,2026-07-08
S016,P00446,236,25,2026-07-08
S016,P00447,242,25,2026-07-08
S016,P00448,73,25,2026-07-08
S016,P00449,55,25,2026-07-08
S016,P00450,197,25,2026-07-08
S016,P00451,195,25,2026-07-08
S016,P00452,195,25,2026-07-08
S016,P00453,271,25,2026-07-08
S016,P00454,285,25,2026-07-08
S016,P00455,8,25,2026-07-08
S016,P00456,53,25,2026-07-08
S016,P00457,1,25,2026-07-08
S016,P00458,131,25,2026-07-08
S016,P00459,57,25,2026-07-08
S016,P00460,224,25,2026-07-08
S016,P00461,8,25,2026-07-08
S016,P00462,143,25,2026-07-08
S016,P00463,270,25,2026-07-08
S016,P00464,66,25,2026-07-08
S016,P00465,26,25,2026-07-08
S016,P00466,289,25,2026-07-08
S016,P00467,212,25,2026-07-08
S016,P00468,220,25,2026-07-08
S016,P00469,260,25,2026-07-08
S016,P00470,118,25,2026-07-08
S016,P00471,36,25,2026-07-08
S016,P00472,24,25,2026-07-08
S016,P00473,267,25,2026-07-08
S016,P00474,76,25,2026-07-08
S016,P00475,141,25,2026-07-08
S016,P00476,262,25,2026-07-08
S016,P00477,154,25,2026-07-08
S016,P00478,186,25,2026-07-08
S016,P00479,174,25,2026-07-08
S016,P00480,46,25,2026-07-08
S016,P00481,118,25,2026-07-08
S016,P00482,20,25,2026-07-08
S016,P00483,50,25,2026-07-08
S016,P00484,189,25,2026-07-08
S016,P00485,180,25,2026-07-08
S016,P00486,27,25,2026-07-08
S016,P00487,104,25,2026-07-08
S016,P00488,156,25,2026-07-08
S016,P00489,285,25,2026-07-08
S016,P00490,257,25,2026-07-08
S016,P00491,198,25,2026-07-08
S016,P00492,150,25,2026-07-08
S016,P00493,271,25,2026-07-08
S016,P00494,129,25,2026-07-08
S016,P00495,39,25,2026-07-08
S016,P00496,248,25,2026-07-08
S016,P00497,288,25,2026-07-08
S016,P00498,124,25,2026-07-08
S016,P00499,113,25,2026-07-08
S016,P00500,125,25,2026-07-08
S017,P00001,247,25,2026-07-08
S017,P00002,216,25,2026-07-08
S017,P00003,162,25,2026-07-08
S017,P00004,50,25,2026-07-08
S017,P00005,183,25,2026-07-08
S017,P00006,85,25,2026-07-08
S017,P00007,282,25,2026-07-08
S017,P00008,234,25,2026-07-08
S017,P00009,38,25,2026-07-08
S017,P00010,18,25,2026-07-08
S017,P00011,261,25,2026-07-08
S017,P00012,178,25,2026-07-08
S017,P00013,264,25,2026-07-08
S017,P00014,120,25,2026-07-08
S017,P00015,159,25,2026-07-08
S017,P00016,167,25,2026-07-08
S017,P00017,228,25,2026-07-08
S017,P00018,60,25,2026-07-08
S017,P00019,76,25,2026-07-08
S017,P00020,284,25,2026-07-08
S017,P00021,163,25,2026-07-08
S017,P00022,266,25,2026-07-08
S017,P00023,174,25,2026-07-08
S017,P00024,66,25,2026-07-08
S017,P00025,121,25,2026-07-08
S017,P00026,98,25,2026-07-08
S017,P00027,166,25,2026-07-08
S017,P00028,166,25,2026-07-08
S017,P00029,42,25,2026-07-08
S017,P00030,224,25,2026-07-08
S017,P00031,251,25,2026-07-08
S017,P00032,205,25,2026-07-08
S017,P00033,177,25,2026-07-08
S017,P00034,225,25,2026-07-08
S017,P00035,154,25,2026-07-08
S017,P00036,33,25,2026-07-08
S017,P00037,184,25,2026-07-08
S017,P00038,67,25,2026-07-08
S017,P00039,42,25,2026-07-08
S017,P00040,112,25,2026-07-08
S017,P00041,268,25,2026-07-08
S017,P00042,173,25,2026-07-08
S017,P00043,150,25,2026-07-08
S017,P00044,137,25,2026-07-08
S017,P00045,195,25,2026-07-08
S017,P00046,285,25,2026-07-08
S017,P00047,167,25,2026-07-08
S017,P00048,241,25,2026-07-08
S017,P00049,279,25,2026-07-08
S017,P00050,237,25,2026-07-08
S017,P00051,78,25,2026-07-08
S017,P00052,121,25,2026-07-08
S017,P00053,181,25,2026-07-08
S017,P00054,121,25,2026-07-08
S017,P00055,164,25,2026-07-08
S017,P00056,222,25,2026-07-08
S017,P00057,70,25,2026-07-08
S017,P00058,67,25,2026-07-08
S017,P00059,283,25,2026-07-08
S017,P00060,74,25,2026-07-08
S017,P00061,297,25,2026-07-08
S017,P00062,73,25,2026-07-08
S017,P00063,229,25,2026-07-08
S017,P00064,66,25,2026-07-08
S017,P00065,48,25,2026-07-08
S017,P00066,291,25,2026-07-08
S017,P00067,32,25,2026-07-08
S017,P00068,77,25,2026-07-08
S017,P00069,176,25,2026-07-08
S017,P00070,6,25,2026-07-08
S017,P00071,247,25,2026-07-08
S017,P00072,252,25,2026-07-08
S017,P00073,19,25,2026-07-08
S017,P00074,168,25,2026-07-08
S017,P00075,152,25,2026-07-08
S017,P00076,265,25,2026-07-08
S017,P00077,194,25,2026-07-08
S017,P00078,51,25,2026-07-08
S017,P00079,274,25,2026-07-08
S017,P00080,180,25,2026-07-08
S017,P00081,9,25,2026-07-08
S017,P00082,2,25,2026-07-08
S017,P00083,140,25,2026-07-08
S017,P00084,56,25,2026-07-08
S017,P00085,186,25,2026-07-08
S017,P00086,240,25,2026-07-08
S017,P00087,147,25,2026-07-08
S017,P00088,159,25,2026-07-08
S017,P00089,133,25,2026-07-08
S017,P00090,253,25,2026-07-08
S017,P00091,247,25,2026-07-08
S017,P00092,159,25,2026-07-08
S017,P00093,247,25,2026-07-08
S017,P00094,163,25,2026-07-08
S017,P00095,98,25,2026-07-08
S017,P00096,28,25,2026-07-08
S017,P00097,103,25,2026-07-08
S017,P00098,47,25,2026-07-08
S017,P00099,221,25,2026-07-08
S017,P00100,92,25,2026-07-08
S017,P00101,291,25,2026-07-08
S017,P00102,151,25,2026-07-08
S017,P00103,171,25,2026-07-08
S017,P00104,237,25,2026-07-08
S017,P00105,113,25,2026-07-08
S017,P00106,203,25,2026-07-08
S017,P00107,112,25,2026-07-08
S017,P00108,21,25,2026-07-08
S017,P00109,295,25,2026-07-08
S017,P00110,194,25,2026-07-08
S017,P00111,232,25,2026-07-08
S017,P00112,53,25,2026-07-08
S017,P00113,117,25,2026-07-08
S017,P00114,59,25,2026-07-08
S017,P00115,178,25,2026-07-08
S017,P00116,183,25,2026-07-08
S017,P00117,142,25,2026-07-08
S017,P00118,1,25,2026-07-08
S017,P00119,84,25,2026-07-08
S017,P00120,129,25,2026-07-08
S017,P00121,79,25,2026-07-08
S017,P00122,13,25,2026-07-08
S017,P00123,197,25,2026-07-08
S017,P00124,72,25,2026-07-08
S017,P00125,227,25,2026-07-08
S017,P00126,279,25,2026-07-08
S017,P00127,227,25,2026-07-08
S017,P00128,273,25,2026-07-08
S017,P00129,275,25,2026-07-08
S017,P00130,259,25,2026-07-08
S017,P00131,115,25,2026-07-08
S017,P00132,177,25,2026-07-08
S017,P00133,253,25,2026-07-08
S017,P00134,175,25,2026-07-08
S017,P00135,0,25,2026-07-08
S017,P00136,96,25,2026-07-08
S017,P00137,206,25,2026-07-08
S017,P00138,10,25,2026-07-08
S017,P00139,72,25,2026-07-08
S017,P00140,99,25,2026-07-08
S017,P00141,290,25,2026-07-08
S017,P00142,39,25,2026-07-08
S017,P00143,207,25,2026-07-08
S017,P00144,101,25,2026-07-08
S017,P00145,37,25,2026-07-08
S017,P00146,164,25,2026-07-08
S017,P00147,220,25,2026-07-08
S017,P00148,119,25,2026-07-08
S017,P00149,116,25,2026-07-08
S017,P00150,119,25,2026-07-08
S017,P00151,106,25,2026-07-08
S017,P00152,55,25,2026-07-08
S017,P00153,63,25,2026-07-08
S017,P00154,42,25,2026-07-08
S017,P00155,177,25,2026-07-08
S017,P00156,27,25,2026-07-08
S017,P00157,218,25,2026-07-08
S017,P00158,204,25,2026-07-08
S017,P00159,123,25,2026-07-08
S017,P00160,260,25,2026-07-08
S017,P00161,37,25,2026-07-08
S017,P00162,140,25,2026-07-08
S017,P00163,116,25,2026-07-08
S017,P00164,195,25,2026-07-08
S017,P00165,3,25,2026-07-08
S017,P00166,278,25,2026-07-08
S017,P00167,183,25,2026-07-08
S017,P00168,252,25,2026-07-08
S017,P00169,141,25,2026-07-08
S017,P00170,220,25,2026-07-08
S017,P00171,139,25,2026-07-08
S017,P00172,161,25,2026-07-08
S017,P00173,119,25,2026-07-08
S017,P00174,134,25,2026-07-08
S017,P00175,8,25,2026-07-08
S017,P00176,188,25,2026-07-08
S017,P00177,198,25,2026-07-08
S017,P00178,56,25,2026-07-08
S017,P00179,91,25,2026-07-08
S017,P00180,31,25,2026-07-08
S017,P00181,216,25,2026-07-08
S017,P00182,227,25,2026-07-08
S017,P00183,269,25,2026-07-08
S017,P00184,4,25,2026-07-08
S017,P00185,12,25,2026-07-08
S017,P00186,298,25,2026-07-08
S017,P00187,177,25,2026-07-08
S017,P00188,84,25,2026-07-08
S017,P00189,67,25,2026-07-08
S017,P00190,265,25,2026-07-08
S017,P00191,28,25,2026-07-08
S017,P00192,196,25,2026-07-08
S017,P00193,273,25,2026-07-08
S017,P00194,126,25,2026-07-08
S017,P00195,214,25,2026-07-08
S017,P00196,59,25,2026-07-08
S017,P00197,151,25,2026-07-08
S017,P00198,126,25,2026-07-08
S017,P00199,41,25,2026-07-08
S017,P00200,99,25,2026-07-08
S017,P00201,262,25,2026-07-08
S017,P00202,40,25,2026-07-08
S017,P00203,94,25,2026-07-08
S017,P00204,247,25,2026-07-08
S017,P00205,113,25,2026-07-08
S017,P00206,105,25,2026-07-08
S017,P00207,79,25,2026-07-08
S017,P00208,284,25,2026-07-08
S017,P00209,148,25,2026-07-08
S017,P00210,107,25,2026-07-08
S017,P00211,166,25,2026-07-08
S017,P00212,229,25,2026-07-08
S017,P00213,134,25,2026-07-08
S017,P00214,282,25,2026-07-08
S017,P00215,145,25,2026-07-08
S017,P00216,64,25,2026-07-08
S017,P00217,174,25,2026-07-08
S017,P00218,256,25,2026-07-08
S017,P00219,248,25,2026-07-08
S017,P00220,27,25,2026-07-08
S017,P00221,222,25,2026-07-08
S017,P00222,277,25,2026-07-08
S017,P00223,83,25,2026-07-08
S017,P00224,47,25,2026-07-08
S017,P00225,272,25,2026-07-08
S017,P00226,128,25,2026-07-08
S017,P00227,283,25,2026-07-08
S017,P00228,287,25,2026-07-08
S017,P00229,77,25,2026-07-08
S017,P00230,18,25,2026-07-08
S017,P00231,188,25,2026-07-08
S017,P00232,22,25,2026-07-08
S017,P00233,131,25,2026-07-08
S017,P00234,285,25,2026-07-08
S017,P00235,121,25,2026-07-08
S017,P00236,33,25,2026-07-08
S017,P00237,162,25,2026-07-08
S017,P00238,145,25,2026-07-08
S017,P00239,5,25,2026-07-08
S017,P00240,98,25,2026-07-08
S017,P00241,32,25,2026-07-08
S017,P00242,247,25,2026-07-08
S017,P00243,61,25,2026-07-08
S017,P00244,64,25,2026-07-08
S017,P00245,44,25,2026-07-08
S017,P00246,234,25,2026-07-08
S017,P00247,117,25,2026-07-08
S017,P00248,218,25,2026-07-08
S017,P00249,287,25,2026-07-08
S017,P00250,268,25,2026-07-08
S017,P00251,262,25,2026-07-08
S017,P00252,157,25,2026-07-08
S017,P00253,244,25,2026-07-08
S017,P00254,129,25,2026-07-08
S017,P00255,43,25,2026-07-08
S017,P00256,193,25,2026-07-08
S017,P00257,208,25,2026-07-08
S017,P00258,241,25,2026-07-08
S017,P00259,164,25,2026-07-08
S017,P00260,64,25,2026-07-08
S017,P00261,279,25,2026-07-08
S017,P00262,30,25,2026-07-08
S017,P00263,257,25,2026-07-08
S017,P00264,289,25,2026-07-08
S017,P00265,172,25,2026-07-08
S017,P00266,133,25,2026-07-08
S017,P00267,119,25,2026-07-08
S017,P00268,207,25,2026-07-08
S017,P00269,190,25,2026-07-08
S017,P00270,275,25,2026-07-08
S017,P00271,227,25,2026-07-08
S017,P00272,253,25,2026-07-08
S017,P00273,17,25,2026-07-08
S017,P00274,14,25,2026-07-08
S017,P00275,8,25,2026-07-08
S017,P00276,47,25,2026-07-08
S017,P00277,154,25,2026-07-08
S017,P00278,36,25,2026-07-08
S017,P00279,102,25,2026-07-08
S017,P00280,46,25,2026-07-08
S017,P00281,152,25,2026-07-08
S017,P00282,249,25,2026-07-08
S017,P00283,183,25,2026-07-08
S017,P00284,149,25,2026-07-08
S017,P00285,214,25,2026-07-08
S017,P00286,221,25,2026-07-08
S017,P00287,80,25,2026-07-08
S017,P00288,45,25,2026-07-08
S017,P00289,149,25,2026-07-08
S017,P00290,257,25,2026-07-08
S017,P00291,128,25,2026-07-08
S017,P00292,116,25,2026-07-08
S017,P00293,9,25,2026-07-08
S017,P00294,209,25,2026-07-08
S017,P00295,143,25,2026-07-08
S017,P00296,17,25,2026-07-08
S017,P00297,222,25,2026-07-08
S017,P00298,228,25,2026-07-08
S017,P00299,13,25,2026-07-08
S017,P00300,66,25,2026-07-08
S017,P00301,10,25,2026-07-08
S017,P00302,163,25,2026-07-08
S017,P00303,151,25,2026-07-08
S017,P00304,259,25,2026-07-08
S017,P00305,166,25,2026-07-08
S017,P00306,42,25,2026-07-08
S017,P00307,66,25,2026-07-08
S017,P00308,1,25,2026-07-08
S017,P00309,191,25,2026-07-08
S017,P00310,215,25,2026-07-08
S017,P00311,208,25,2026-07-08
S017,P00312,259,25,2026-07-08
S017,P00313,196,25,2026-07-08
S017,P00314,253,25,2026-07-08
S017,P00315,44,25,2026-07-08
S017,P00316,86,25,2026-07-08
S017,P00317,151,25,2026-07-08
S017,P00318,166,25,2026-07-08
S017,P00319,74,25,2026-07-08
S017,P00320,80,25,2026-07-08
S017,P00321,133,25,2026-07-08
S017,P00322,23,25,2026-07-08
S017,P00323,24,25,2026-07-08
S017,P00324,89,25,2026-07-08
S017,P00325,61,25,2026-07-08
S017,P00326,270,25,2026-07-08
S017,P00327,142,25,2026-07-08
S017,P00328,4,25,2026-07-08
S017,P00329,249,25,2026-07-08
S017,P00330,282,25,2026-07-08
S017,P00331,188,25,2026-07-08
S017,P00332,79,25,2026-07-08
S017,P00333,295,25,2026-07-08
S017,P00334,11,25,2026-07-08
S017,P00335,258,25,2026-07-08
S017,P00336,263,25,2026-07-08
S017,P00337,31,25,2026-07-08
S017,P00338,39,25,2026-07-08
S017,P00339,157,25,2026-07-08
S017,P00340,284,25,2026-07-08
S017,P00341,104,25,2026-07-08
S017,P00342,17,25,2026-07-08
S017,P00343,129,25,2026-07-08
S017,P00344,210,25,2026-07-08
S017,P00345,0,25,2026-07-08
S017,P00346,43,25,2026-07-08
S017,P00347,153,25,2026-07-08
S017,P00348,200,25,2026-07-08
S017,P00349,22,25,2026-07-08
S017,P00350,221,25,2026-07-08
S017,P00351,132,25,2026-07-08
S017,P00352,123,25,2026-07-08
S017,P00353,134,25,2026-07-08
S017,P00354,221,25,2026-07-08
S017,P00355,22,25,2026-07-08
S017,P00356,292,25,2026-07-08
S017,P00357,242,25,2026-07-08
S017,P00358,289,25,2026-07-08
S017,P00359,35,25,2026-07-08
S017,P00360,113,25,2026-07-08
S017,P00361,152,25,2026-07-08
S017,P00362,210,25,2026-07-08
S017,P00363,123,25,2026-07-08
S017,P00364,139,25,2026-07-08
S017,P00365,138,25,2026-07-08
S017,P00366,217,25,2026-07-08
S017,P00367,264,25,2026-07-08
S017,P00368,7,25,2026-07-08
S017,P00369,241,25,2026-07-08
S017,P00370,235,25,2026-07-08
S017,P00371,151,25,2026-07-08
S017,P00372,269,25,2026-07-08
S017,P00373,285,25,2026-07-08
S017,P00374,177,25,2026-07-08
S017,P00375,203,25,2026-07-08
S017,P00376,81,25,2026-07-08
S017,P00377,150,25,2026-07-08
S017,P00378,196,25,2026-07-08
S017,P00379,47,25,2026-07-08
S017,P00380,13,25,2026-07-08
S017,P00381,64,25,2026-07-08
S017,P00382,66,25,2026-07-08
S017,P00383,263,25,2026-07-08
S017,P00384,217,25,2026-07-08
S017,P00385,25,25,2026-07-08
S017,P00386,286,25,2026-07-08
S017,P00387,116,25,2026-07-08
S017,P00388,150,25,2026-07-08
S017,P00389,214,25,2026-07-08
S017,P00390,272,25,2026-07-08
S017,P00391,137,25,2026-07-08
S017,P00392,65,25,2026-07-08
S017,P00393,155,25,2026-07-08
S017,P00394,257,25,2026-07-08
S017,P00395,94,25,2026-07-08
S017,P00396,76,25,2026-07-08
S017,P00397,74,25,2026-07-08
S017,P00398,247,25,2026-07-08
S017,P00399,77,25,2026-07-08
S017,P00400,85,25,2026-07-08
S017,P00401,205,25,2026-07-08
S017,P00402,134,25,2026-07-08
S017,P00403,174,25,2026-07-08
S017,P00404,172,25,2026-07-08
S017,P00405,250,25,2026-07-08
S017,P00406,41,25,2026-07-08
S017,P00407,192,25,2026-07-08
S017,P00408,0,25,2026-07-08
S017,P00409,107,25,2026-07-08
S017,P00410,178,25,2026-07-08
S017,P00411,291,25,2026-07-08
S017,P00412,247,25,2026-07-08
S017,P00413,120,25,2026-07-08
S017,P00414,78,25,2026-07-08
S017,P00415,252,25,2026-07-08
S017,P00416,227,25,2026-07-08
S017,P00417,262,25,2026-07-08
S017,P00418,189,25,2026-07-08
S017,P00419,116,25,2026-07-08
S017,P00420,154,25,2026-07-08
S017,P00421,208,25,2026-07-08
S017,P00422,61,25,2026-07-08
S017,P00423,284,25,2026-07-08
S017,P00424,190,25,2026-07-08
S017,P00425,152,25,2026-07-08
S017,P00426,230,25,2026-07-08
S017,P00427,297,25,2026-07-08
S017,P00428,65,25,2026-07-08
S017,P00429,114,25,2026-07-08
S017,P00430,107,25,2026-07-08
S017,P00431,174,25,2026-07-08
S017,P00432,37,25,2026-07-08
S017,P00433,118,25,2026-07-08
S017,P00434,239,25,2026-07-08
S017,P00435,150,25,2026-07-08
S017,P00436,173,25,2026-07-08
S017,P00437,71,25,2026-07-08
S017,P00438,49,25,2026-07-08
S017,P00439,281,25,2026-07-08
S017,P00440,283,25,2026-07-08
S017,P00441,170,25,2026-07-08
S017,P00442,107,25,2026-07-08
S017,P00443,203,25,2026-07-08
S017,P00444,247,25,2026-07-08
S017,P00445,166,25,2026-07-08
S017,P00446,194,25,2026-07-08
S017,P00447,115,25,2026-07-08
S017,P00448,104,25,2026-07-08
S017,P00449,223,25,2026-07-08
S017,P00450,297,25,2026-07-08
S017,P00451,225,25,2026-07-08
S017,P00452,131,25,2026-07-08
S017,P00453,236,25,2026-07-08
S017,P00454,236,25,2026-07-08
S017,P00455,285,25,2026-07-08
S017,P00456,134,25,2026-07-08
S017,P00457,145,25,2026-07-08
S017,P00458,142,25,2026-07-08
S017,P00459,83,25,2026-07-08
S017,P00460,133,25,2026-07-08
S017,P00461,206,25,2026-07-08
S017,P00462,88,25,2026-07-08
S017,P00463,197,25,2026-07-08
S017,P00464,30,25,2026-07-08
S017,P00465,258,25,2026-07-08
S017,P00466,110,25,2026-07-08
S017,P00467,206,25,2026-07-08
S017,P00468,107,25,2026-07-08
S017,P00469,262,25,2026-07-08
S017,P00470,287,25,2026-07-08
S017,P00471,33,25,2026-07-08
S017,P00472,245,25,2026-07-08
S017,P00473,42,25,2026-07-08
S017,P00474,198,25,2026-07-08
S017,P00475,206,25,2026-07-08
S017,P00476,194,25,2026-07-08
S017,P00477,24,25,2026-07-08
S017,P00478,93,25,2026-07-08
S017,P00479,126,25,2026-07-08
S017,P00480,104,25,2026-07-08
S017,P00481,130,25,2026-07-08
S017,P00482,135,25,2026-07-08
S017,P00483,103,25,2026-07-08
S017,P00484,54,25,2026-07-08
S017,P00485,226,25,2026-07-08
S017,P00486,254,25,2026-07-08
S017,P00487,276,25,2026-07-08
S017,P00488,277,25,2026-07-08
S017,P00489,188,25,2026-07-08
S017,P00490,235,25,2026-07-08
S017,P00491,44,25,2026-07-08
S017,P00492,132,25,2026-07-08
S017,P00493,187,25,2026-07-08
S017,P00494,52,25,2026-07-08
S017,P00495,150,25,2026-07-08
S017,P00496,68,25,2026-07-08
S017,P00497,112,25,2026-07-08
S017,P00498,255,25,2026-07-08
S017,P00499,175,25,2026-07-08
S017,P00500,193,25,2026-07-08
S018,P00001,21,25,2026-07-08
S018,P00002,107,25,2026-07-08
S018,P00003,173,25,2026-07-08
S018,P00004,190,25,2026-07-08
S018,P00005,182,25,2026-07-08
S018,P00006,35,25,2026-07-08
S018,P00007,79,25,2026-07-08
S018,P00008,226,25,2026-07-08
S018,P00009,173,25,2026-07-08
S018,P00010,224,25,2026-07-08
S018,P00011,238,25,2026-07-08
S018,P00012,64,25,2026-07-08
S018,P00013,164,25,2026-07-08
S018,P00014,106,25,2026-07-08
S018,P00015,263,25,2026-07-08
S018,P00016,25,25,2026-07-08
S018,P00017,110,25,2026-07-08
S018,P00018,268,25,2026-07-08
S018,P00019,186,25,2026-07-08
S018,P00020,15,25,2026-07-08
S018,P00021,46,25,2026-07-08
S018,P00022,269,25,2026-07-08
S018,P00023,272,25,2026-07-08
S018,P00024,38,25,2026-07-08
S018,P00025,106,25,2026-07-08
S018,P00026,113,25,2026-07-08
S018,P00027,223,25,2026-07-08
S018,P00028,64,25,2026-07-08
S018,P00029,122,25,2026-07-08
S018,P00030,131,25,2026-07-08
S018,P00031,289,25,2026-07-08
S018,P00032,281,25,2026-07-08
S018,P00033,3,25,2026-07-08
S018,P00034,59,25,2026-07-08
S018,P00035,42,25,2026-07-08
S018,P00036,76,25,2026-07-08
S018,P00037,110,25,2026-07-08
S018,P00038,86,25,2026-07-08
S018,P00039,124,25,2026-07-08
S018,P00040,10,25,2026-07-08
S018,P00041,30,25,2026-07-08
S018,P00042,199,25,2026-07-08
S018,P00043,15,25,2026-07-08
S018,P00044,226,25,2026-07-08
S018,P00045,85,25,2026-07-08
S018,P00046,280,25,2026-07-08
S018,P00047,182,25,2026-07-08
S018,P00048,211,25,2026-07-08
S018,P00049,145,25,2026-07-08
S018,P00050,112,25,2026-07-08
S018,P00051,209,25,2026-07-08
S018,P00052,117,25,2026-07-08
S018,P00053,235,25,2026-07-08
S018,P00054,166,25,2026-07-08
S018,P00055,131,25,2026-07-08
S018,P00056,258,25,2026-07-08
S018,P00057,246,25,2026-07-08
S018,P00058,208,25,2026-07-08
S018,P00059,54,25,2026-07-08
S018,P00060,83,25,2026-07-08
S018,P00061,295,25,2026-07-08
S018,P00062,4,25,2026-07-08
S018,P00063,30,25,2026-07-08
S018,P00064,216,25,2026-07-08
S018,P00065,144,25,2026-07-08
S018,P00066,138,25,2026-07-08
S018,P00067,196,25,2026-07-08
S018,P00068,76,25,2026-07-08
S018,P00069,44,25,2026-07-08
S018,P00070,127,25,2026-07-08
S018,P00071,282,25,2026-07-08
S018,P00072,63,25,2026-07-08
S018,P00073,172,25,2026-07-08
S018,P00074,291,25,2026-07-08
S018,P00075,2,25,2026-07-08
S018,P00076,213,25,2026-07-08
S018,P00077,139,25,2026-07-08
S018,P00078,71,25,2026-07-08
S018,P00079,133,25,2026-07-08
S018,P00080,165,25,2026-07-08
S018,P00081,195,25,2026-07-08
S018,P00082,285,25,2026-07-08
S018,P00083,281,25,2026-07-08
S018,P00084,275,25,2026-07-08
S018,P00085,221,25,2026-07-08
S018,P00086,265,25,2026-07-08
S018,P00087,26,25,2026-07-08
S018,P00088,160,25,2026-07-08
S018,P00089,37,25,2026-07-08
S018,P00090,294,25,2026-07-08
S018,P00091,183,25,2026-07-08
S018,P00092,56,25,2026-07-08
S018,P00093,140,25,2026-07-08
S018,P00094,254,25,2026-07-08
S018,P00095,191,25,2026-07-08
S018,P00096,30,25,2026-07-08
S018,P00097,271,25,2026-07-08
S018,P00098,69,25,2026-07-08
S018,P00099,253,25,2026-07-08
S018,P00100,133,25,2026-07-08
S018,P00101,162,25,2026-07-08
S018,P00102,9,25,2026-07-08
S018,P00103,187,25,2026-07-08
S018,P00104,127,25,2026-07-08
S018,P00105,99,25,2026-07-08
S018,P00106,5,25,2026-07-08
S018,P00107,213,25,2026-07-08
S018,P00108,240,25,2026-07-08
S018,P00109,194,25,2026-07-08
S018,P00110,38,25,2026-07-08
S018,P00111,180,25,2026-07-08
S018,P00112,208,25,2026-07-08
S018,P00113,38,25,2026-07-08
S018,P00114,135,25,2026-07-08
S018,P00115,68,25,2026-07-08
S018,P00116,126,25,2026-07-08
S018,P00117,233,25,2026-07-08
S018,P00118,242,25,2026-07-08
S018,P00119,219,25,2026-07-08
S018,P00120,180,25,2026-07-08
S018,P00121,166,25,2026-07-08
S018,P00122,16,25,2026-07-08
S018,P00123,91,25,2026-07-08
S018,P00124,181,25,2026-07-08
S018,P00125,280,25,2026-07-08
S018,P00126,85,25,2026-07-08
S018,P00127,76,25,2026-07-08
S018,P00128,116,25,2026-07-08
S018,P00129,239,25,2026-07-08
S018,P00130,145,25,2026-07-08
S018,P00131,8,25,2026-07-08
S018,P00132,127,25,2026-07-08
S018,P00133,194,25,2026-07-08
S018,P00134,242,25,2026-07-08
S018,P00135,148,25,2026-07-08
S018,P00136,7,25,2026-07-08
S018,P00137,213,25,2026-07-08
S018,P00138,110,25,2026-07-08
S018,P00139,249,25,2026-07-08
S018,P00140,180,25,2026-07-08
S018,P00141,85,25,2026-07-08
S018,P00142,199,25,2026-07-08
S018,P00143,237,25,2026-07-08
S018,P00144,73,25,2026-07-08
S018,P00145,257,25,2026-07-08
S018,P00146,64,25,2026-07-08
S018,P00147,297,25,2026-07-08
S018,P00148,225,25,2026-07-08
S018,P00149,114,25,2026-07-08
S018,P00150,254,25,2026-07-08
S018,P00151,119,25,2026-07-08
S018,P00152,4,25,2026-07-08
S018,P00153,169,25,2026-07-08
S018,P00154,90,25,2026-07-08
S018,P00155,287,25,2026-07-08
S018,P00156,53,25,2026-07-08
S018,P00157,283,25,2026-07-08
S018,P00158,265,25,2026-07-08
S018,P00159,9,25,2026-07-08
S018,P00160,201,25,2026-07-08
S018,P00161,259,25,2026-07-08
S018,P00162,52,25,2026-07-08
S018,P00163,169,25,2026-07-08
S018,P00164,113,25,2026-07-08
S018,P00165,67,25,2026-07-08
S018,P00166,127,25,2026-07-08
S018,P00167,194,25,2026-07-08
S018,P00168,21,25,2026-07-08
S018,P00169,29,25,2026-07-08
S018,P00170,144,25,2026-07-08
S018,P00171,46,25,2026-07-08
S018,P00172,185,25,2026-07-08
S018,P00173,194,25,2026-07-08
S018,P00174,60,25,2026-07-08
S018,P00175,11,25,2026-07-08
S018,P00176,259,25,2026-07-08
S018,P00177,146,25,2026-07-08
S018,P00178,144,25,2026-07-08
S018,P00179,118,25,2026-07-08
S018,P00180,93,25,2026-07-08
S018,P00181,110,25,2026-07-08
S018,P00182,175,25,2026-07-08
S018,P00183,25,25,2026-07-08
S018,P00184,130,25,2026-07-08
S018,P00185,154,25,2026-07-08
S018,P00186,173,25,2026-07-08
S018,P00187,55,25,2026-07-08
S018,P00188,37,25,2026-07-08
S018,P00189,272,25,2026-07-08
S018,P00190,15,25,2026-07-08
S018,P00191,297,25,2026-07-08
S018,P00192,109,25,2026-07-08
S018,P00193,90,25,2026-07-08
S018,P00194,74,25,2026-07-08
S018,P00195,81,25,2026-07-08
S018,P00196,55,25,2026-07-08
S018,P00197,84,25,2026-07-08
S018,P00198,235,25,2026-07-08
S018,P00199,211,25,2026-07-08
S018,P00200,260,25,2026-07-08
S018,P00201,290,25,2026-07-08
S018,P00202,190,25,2026-07-08
S018,P00203,157,25,2026-07-08
S018,P00204,141,25,2026-07-08
S018,P00205,269,25,2026-07-08
S018,P00206,261,25,2026-07-08
S018,P00207,98,25,2026-07-08
S018,P00208,201,25,2026-07-08
S018,P00209,206,25,2026-07-08
S018,P00210,288,25,2026-07-08
S018,P00211,115,25,2026-07-08
S018,P00212,264,25,2026-07-08
S018,P00213,225,25,2026-07-08
S018,P00214,110,25,2026-07-08
S018,P00215,111,25,2026-07-08
S018,P00216,247,25,2026-07-08
S018,P00217,58,25,2026-07-08
S018,P00218,28,25,2026-07-08
S018,P00219,181,25,2026-07-08
S018,P00220,232,25,2026-07-08
S018,P00221,48,25,2026-07-08
S018,P00222,127,25,2026-07-08
S018,P00223,274,25,2026-07-08
S018,P00224,163,25,2026-07-08
S018,P00225,226,25,2026-07-08
S018,P00226,209,25,2026-07-08
S018,P00227,159,25,2026-07-08
S018,P00228,136,25,2026-07-08
S018,P00229,110,25,2026-07-08
S018,P00230,159,25,2026-07-08
S018,P00231,254,25,2026-07-08
S018,P00232,19,25,2026-07-08
S018,P00233,223,25,2026-07-08
S018,P00234,230,25,2026-07-08
S018,P00235,207,25,2026-07-08
S018,P00236,52,25,2026-07-08
S018,P00237,244,25,2026-07-08
S018,P00238,39,25,2026-07-08
S018,P00239,259,25,2026-07-08
S018,P00240,102,25,2026-07-08
S018,P00241,253,25,2026-07-08
S018,P00242,97,25,2026-07-08
S018,P00243,191,25,2026-07-08
S018,P00244,226,25,2026-07-08
S018,P00245,296,25,2026-07-08
S018,P00246,300,25,2026-07-08
S018,P00247,175,25,2026-07-08
S018,P00248,61,25,2026-07-08
S018,P00249,197,25,2026-07-08
S018,P00250,20,25,2026-07-08
S018,P00251,263,25,2026-07-08
S018,P00252,68,25,2026-07-08
S018,P00253,148,25,2026-07-08
S018,P00254,277,25,2026-07-08
S018,P00255,256,25,2026-07-08
S018,P00256,71,25,2026-07-08
S018,P00257,153,25,2026-07-08
S018,P00258,34,25,2026-07-08
S018,P00259,121,25,2026-07-08
S018,P00260,207,25,2026-07-08
S018,P00261,159,25,2026-07-08
S018,P00262,228,25,2026-07-08
S018,P00263,215,25,2026-07-08
S018,P00264,192,25,2026-07-08
S018,P00265,43,25,2026-07-08
S018,P00266,252,25,2026-07-08
S018,P00267,249,25,2026-07-08
S018,P00268,281,25,2026-07-08
S018,P00269,85,25,2026-07-08
S018,P00270,118,25,2026-07-08
S018,P00271,193,25,2026-07-08
S018,P00272,96,25,2026-07-08
S018,P00273,38,25,2026-07-08
S018,P00274,270,25,2026-07-08
S018,P00275,170,25,2026-07-08
S018,P00276,165,25,2026-07-08
S018,P00277,170,25,2026-07-08
S018,P00278,187,25,2026-07-08
S018,P00279,288,25,2026-07-08
S018,P00280,98,25,2026-07-08
S018,P00281,66,25,2026-07-08
S018,P00282,91,25,2026-07-08
S018,P00283,93,25,2026-07-08
S018,P00284,116,25,2026-07-08
S018,P00285,28,25,2026-07-08
S018,P00286,295,25,2026-07-08
S018,P00287,164,25,2026-07-08
S018,P00288,9,25,2026-07-08
S018,P00289,49,25,2026-07-08
S018,P00290,112,25,2026-07-08
S018,P00291,201,25,2026-07-08
S018,P00292,57,25,2026-07-08
S018,P00293,79,25,2026-07-08
S018,P00294,0,25,2026-07-08
S018,P00295,213,25,2026-07-08
S018,P00296,287,25,2026-07-08
S018,P00297,72,25,2026-07-08
S018,P00298,300,25,2026-07-08
S018,P00299,280,25,2026-07-08
S018,P00300,176,25,2026-07-08
S018,P00301,300,25,2026-07-08
S018,P00302,170,25,2026-07-08
S018,P00303,125,25,2026-07-08
S018,P00304,67,25,2026-07-08
S018,P00305,73,25,2026-07-08
S018,P00306,7,25,2026-07-08
S018,P00307,55,25,2026-07-08
S018,P00308,233,25,2026-07-08
S018,P00309,166,25,2026-07-08
S018,P00310,25,25,2026-07-08
S018,P00311,296,25,2026-07-08
S018,P00312,287,25,2026-07-08
S018,P00313,56,25,2026-07-08
S018,P00314,82,25,2026-07-08
S018,P00315,3,25,2026-07-08
S018,P00316,241,25,2026-07-08
S018,P00317,210,25,2026-07-08
S018,P00318,248,25,2026-07-08
S018,P00319,248,25,2026-07-08
S018,P00320,215,25,2026-07-08
S018,P00321,28,25,2026-07-08
S018,P00322,49,25,2026-07-08
S018,P00323,281,25,2026-07-08
S018,P00324,127,25,2026-07-08
S018,P00325,62,25,2026-07-08
S018,P00326,298,25,2026-07-08
S018,P00327,216,25,2026-07-08
S018,P00328,171,25,2026-07-08
S018,P00329,111,25,2026-07-08
S018,P00330,95,25,2026-07-08
S018,P00331,87,25,2026-07-08
S018,P00332,164,25,2026-07-08
S018,P00333,60,25,2026-07-08
S018,P00334,150,25,2026-07-08
S018,P00335,234,25,2026-07-08
S018,P00336,221,25,2026-07-08
S018,P00337,284,25,2026-07-08
S018,P00338,231,25,2026-07-08
S018,P00339,25,25,2026-07-08
S018,P00340,145,25,2026-07-08
S018,P00341,50,25,2026-07-08
S018,P00342,35,25,2026-07-08
S018,P00343,9,25,2026-07-08
S018,P00344,223,25,2026-07-08
S018,P00345,4,25,2026-07-08
S018,P00346,123,25,2026-07-08
S018,P00347,75,25,2026-07-08
S018,P00348,191,25,2026-07-08
S018,P00349,257,25,2026-07-08
S018,P00350,145,25,2026-07-08
S018,P00351,252,25,2026-07-08
S018,P00352,125,25,2026-07-08
S018,P00353,70,25,2026-07-08
S018,P00354,50,25,2026-07-08
S018,P00355,229,25,2026-07-08
S018,P00356,261,25,2026-07-08
S018,P00357,56,25,2026-07-08
S018,P00358,257,25,2026-07-08
S018,P00359,113,25,2026-07-08
S018,P00360,19,25,2026-07-08
S018,P00361,76,25,2026-07-08
S018,P00362,288,25,2026-07-08
S018,P00363,25,25,2026-07-08
S018,P00364,119,25,2026-07-08
S018,P00365,176,25,2026-07-08
S018,P00366,31,25,2026-07-08
S018,P00367,72,25,2026-07-08
S018,P00368,164,25,2026-07-08
S018,P00369,257,25,2026-07-08
S018,P00370,189,25,2026-07-08
S018,P00371,100,25,2026-07-08
S018,P00372,257,25,2026-07-08
S018,P00373,135,25,2026-07-08
S018,P00374,300,25,2026-07-08
S018,P00375,82,25,2026-07-08
S018,P00376,28,25,2026-07-08
S018,P00377,87,25,2026-07-08
S018,P00378,84,25,2026-07-08
S018,P00379,267,25,2026-07-08
S018,P00380,75,25,2026-07-08
S018,P00381,97,25,2026-07-08
S018,P00382,300,25,2026-07-08
S018,P00383,209,25,2026-07-08
S018,P00384,202,25,2026-07-08
S018,P00385,173,25,2026-07-08
S018,P00386,167,25,2026-07-08
S018,P00387,225,25,2026-07-08
S018,P00388,3,25,2026-07-08
S018,P00389,296,25,2026-07-08
S018,P00390,173,25,2026-07-08
S018,P00391,16,25,2026-07-08
S018,P00392,134,25,2026-07-08
S018,P00393,176,25,2026-07-08
S018,P00394,163,25,2026-07-08
S018,P00395,231,25,2026-07-08
S018,P00396,101,25,2026-07-08
S018,P00397,261,25,2026-07-08
S018,P00398,38,25,2026-07-08
S018,P00399,262,25,2026-07-08
S018,P00400,281,25,2026-07-08
S018,P00401,280,25,2026-07-08
S018,P00402,143,25,2026-07-08
S018,P00403,136,25,2026-07-08
S018,P00404,194,25,2026-07-08
S018,P00405,197,25,2026-07-08
S018,P00406,220,25,2026-07-08
S018,P00407,39,25,2026-07-08
S018,P00408,89,25,2026-07-08
S018,P00409,86,25,2026-07-08
S018,P00410,224,25,2026-07-08
S018,P00411,214,25,2026-07-08
S018,P00412,86,25,2026-07-08
S018,P00413,62,25,2026-07-08
S018,P00414,293,25,2026-07-08
S018,P00415,34,25,2026-07-08
S018,P00416,69,25,2026-07-08
S018,P00417,146,25,2026-07-08
S018,P00418,299,25,2026-07-08
S018,P00419,39,25,2026-07-08
S018,P00420,158,25,2026-07-08
S018,P00421,163,25,2026-07-08
S018,P00422,115,25,2026-07-08
S018,P00423,89,25,2026-07-08
S018,P00424,40,25,2026-07-08
S018,P00425,102,25,2026-07-08
S018,P00426,223,25,2026-07-08
S018,P00427,12,25,2026-07-08
S018,P00428,256,25,2026-07-08
S018,P00429,104,25,2026-07-08
S018,P00430,98,25,2026-07-08
S018,P00431,276,25,2026-07-08
S018,P00432,77,25,2026-07-08
S018,P00433,225,25,2026-07-08
S018,P00434,297,25,2026-07-08
S018,P00435,249,25,2026-07-08
S018,P00436,275,25,2026-07-08
S018,P00437,286,25,2026-07-08
S018,P00438,146,25,2026-07-08
S018,P00439,181,25,2026-07-08
S018,P00440,195,25,2026-07-08
S018,P00441,31,25,2026-07-08
S018,P00442,152,25,2026-07-08
S018,P00443,235,25,2026-07-08
S018,P00444,233,25,2026-07-08
S018,P00445,226,25,2026-07-08
S018,P00446,127,25,2026-07-08
S018,P00447,298,25,2026-07-08
S018,P00448,166,25,2026-07-08
S018,P00449,63,25,2026-07-08
S018,P00450,140,25,2026-07-08
S018,P00451,158,25,2026-07-08
S018,P00452,66,25,2026-07-08
S018,P00453,53,25,2026-07-08
S018,P00454,55,25,2026-07-08
S018,P00455,231,25,2026-07-08
S018,P00456,224,25,2026-07-08
S018,P00457,121,25,2026-07-08
S018,P00458,170,25,2026-07-08
S018,P00459,36,25,2026-07-08
S018,P00460,285,25,2026-07-08
S018,P00461,60,25,2026-07-08
S018,P00462,132,25,2026-07-08
S018,P00463,172,25,2026-07-08
S018,P00464,186,25,2026-07-08
S018,P00465,259,25,2026-07-08
S018,P00466,282,25,2026-07-08
S018,P00467,9,25,2026-07-08
S018,P00468,276,25,2026-07-08
S018,P00469,189,25,2026-07-08
S018,P00470,144,25,2026-07-08
S018,P00471,164,25,2026-07-08
S018,P00472,285,25,2026-07-08
S018,P00473,7,25,2026-07-08
S018,P00474,164,25,2026-07-08
S018,P00475,110,25,2026-07-08
S018,P00476,48,25,2026-07-08
S018,P00477,20,25,2026-07-08
S018,P00478,96,25,2026-07-08
S018,P00479,214,25,2026-07-08
S018,P00480,57,25,2026-07-08
S018,P00481,71,25,2026-07-08
S018,P00482,244,25,2026-07-08
S018,P00483,177,25,2026-07-08
S018,P00484,241,25,2026-07-08
S018,P00485,139,25,2026-07-08
S018,P00486,24,25,2026-07-08
S018,P00487,152,25,2026-07-08
S018,P00488,84,25,2026-07-08
S018,P00489,143,25,2026-07-08
S018,P00490,178,25,2026-07-08
S018,P00491,257,25,2026-07-08
S018,P00492,5,25,2026-07-08
S018,P00493,289,25,2026-07-08
S018,P00494,156,25,2026-07-08
S018,P00495,27,25,2026-07-08
S018,P00496,85,25,2026-07-08
S018,P00497,149,25,2026-07-08
S018,P00498,74,25,2026-07-08
S018,P00499,58,25,2026-07-08
S018,P00500,150,25,2026-07-08
S019,P00001,186,25,2026-07-08
S019,P00002,75,25,2026-07-08
S019,P00003,66,25,2026-07-08
S019,P00004,144,25,2026-07-08
S019,P00005,80,25,2026-07-08
S019,P00006,263,25,2026-07-08
S019,P00007,297,25,2026-07-08
S019,P00008,221,25,2026-07-08
S019,P00009,146,25,2026-07-08
S019,P00010,123,25,2026-07-08
S019,P00011,77,25,2026-07-08
S019,P00012,139,25,2026-07-08
S019,P00013,231,25,2026-07-08
S019,P00014,152,25,2026-07-08
S019,P00015,270,25,2026-07-08
S019,P00016,277,25,2026-07-08
S019,P00017,13,25,2026-07-08
S019,P00018,102,25,2026-07-08
S019,P00019,42,25,2026-07-08
S019,P00020,52,25,2026-07-08
S019,P00021,192,25,2026-07-08
S019,P00022,108,25,2026-07-08
S019,P00023,37,25,2026-07-08
S019,P00024,6,25,2026-07-08
S019,P00025,22,25,2026-07-08
S019,P00026,274,25,2026-07-08
S019,P00027,283,25,2026-07-08
S019,P00028,218,25,2026-07-08
S019,P00029,64,25,2026-07-08
S019,P00030,284,25,2026-07-08
S019,P00031,42,25,2026-07-08
S019,P00032,230,25,2026-07-08
S019,P00033,130,25,2026-07-08
S019,P00034,220,25,2026-07-08
S019,P00035,223,25,2026-07-08
S019,P00036,216,25,2026-07-08
S019,P00037,42,25,2026-07-08
S019,P00038,186,25,2026-07-08
S019,P00039,226,25,2026-07-08
S019,P00040,94,25,2026-07-08
S019,P00041,0,25,2026-07-08
S019,P00042,77,25,2026-07-08
S019,P00043,105,25,2026-07-08
S019,P00044,15,25,2026-07-08
S019,P00045,300,25,2026-07-08
S019,P00046,25,25,2026-07-08
S019,P00047,189,25,2026-07-08
S019,P00048,40,25,2026-07-08
S019,P00049,52,25,2026-07-08
S019,P00050,235,25,2026-07-08
S019,P00051,67,25,2026-07-08
S019,P00052,247,25,2026-07-08
S019,P00053,203,25,2026-07-08
S019,P00054,121,25,2026-07-08
S019,P00055,93,25,2026-07-08
S019,P00056,156,25,2026-07-08
S019,P00057,207,25,2026-07-08
S019,P00058,171,25,2026-07-08
S019,P00059,5,25,2026-07-08
S019,P00060,25,25,2026-07-08
S019,P00061,79,25,2026-07-08
S019,P00062,107,25,2026-07-08
S019,P00063,18,25,2026-07-08
S019,P00064,17,25,2026-07-08
S019,P00065,186,25,2026-07-08
S019,P00066,208,25,2026-07-08
S019,P00067,174,25,2026-07-08
S019,P00068,147,25,2026-07-08
S019,P00069,218,25,2026-07-08
S019,P00070,26,25,2026-07-08
S019,P00071,244,25,2026-07-08
S019,P00072,112,25,2026-07-08
S019,P00073,245,25,2026-07-08
S019,P00074,162,25,2026-07-08
S019,P00075,113,25,2026-07-08
S019,P00076,249,25,2026-07-08
S019,P00077,67,25,2026-07-08
S019,P00078,2,25,2026-07-08
S019,P00079,218,25,2026-07-08
S019,P00080,200,25,2026-07-08
S019,P00081,264,25,2026-07-08
S019,P00082,293,25,2026-07-08
S019,P00083,226,25,2026-07-08
S019,P00084,292,25,2026-07-08
S019,P00085,205,25,2026-07-08
S019,P00086,249,25,2026-07-08
S019,P00087,11,25,2026-07-08
S019,P00088,11,25,2026-07-08
S019,P00089,14,25,2026-07-08
S019,P00090,25,25,2026-07-08
S019,P00091,297,25,2026-07-08
S019,P00092,221,25,2026-07-08
S019,P00093,104,25,2026-07-08
S019,P00094,223,25,2026-07-08
S019,P00095,106,25,2026-07-08
S019,P00096,297,25,2026-07-08
S019,P00097,131,25,2026-07-08
S019,P00098,283,25,2026-07-08
S019,P00099,187,25,2026-07-08
S019,P00100,17,25,2026-07-08
S019,P00101,5,25,2026-07-08
S019,P00102,208,25,2026-07-08
S019,P00103,214,25,2026-07-08
S019,P00104,211,25,2026-07-08
S019,P00105,267,25,2026-07-08
S019,P00106,258,25,2026-07-08
S019,P00107,81,25,2026-07-08
S019,P00108,14,25,2026-07-08
S019,P00109,13,25,2026-07-08
S019,P00110,241,25,2026-07-08
S019,P00111,30,25,2026-07-08
S019,P00112,57,25,2026-07-08
S019,P00113,224,25,2026-07-08
S019,P00114,210,25,2026-07-08
S019,P00115,92,25,2026-07-08
S019,P00116,114,25,2026-07-08
S019,P00117,109,25,2026-07-08
S019,P00118,227,25,2026-07-08
S019,P00119,242,25,2026-07-08
S019,P00120,149,25,2026-07-08
S019,P00121,113,25,2026-07-08
S019,P00122,270,25,2026-07-08
S019,P00123,141,25,2026-07-08
S019,P00124,126,25,2026-07-08
S019,P00125,99,25,2026-07-08
S019,P00126,60,25,2026-07-08
S019,P00127,236,25,2026-07-08
S019,P00128,242,25,2026-07-08
S019,P00129,139,25,2026-07-08
S019,P00130,149,25,2026-07-08
S019,P00131,164,25,2026-07-08
S019,P00132,262,25,2026-07-08
S019,P00133,111,25,2026-07-08
S019,P00134,25,25,2026-07-08
S019,P00135,213,25,2026-07-08
S019,P00136,45,25,2026-07-08
S019,P00137,25,25,2026-07-08
S019,P00138,40,25,2026-07-08
S019,P00139,74,25,2026-07-08
S019,P00140,50,25,2026-07-08
S019,P00141,86,25,2026-07-08
S019,P00142,6,25,2026-07-08
S019,P00143,92,25,2026-07-08
S019,P00144,32,25,2026-07-08
S019,P00145,181,25,2026-07-08
S019,P00146,0,25,2026-07-08
S019,P00147,218,25,2026-07-08
S019,P00148,34,25,2026-07-08
S019,P00149,296,25,2026-07-08
S019,P00150,69,25,2026-07-08
S019,P00151,297,25,2026-07-08
S019,P00152,144,25,2026-07-08
S019,P00153,86,25,2026-07-08
S019,P00154,66,25,2026-07-08
S019,P00155,183,25,2026-07-08
S019,P00156,264,25,2026-07-08
S019,P00157,224,25,2026-07-08
S019,P00158,70,25,2026-07-08
S019,P00159,291,25,2026-07-08
S019,P00160,298,25,2026-07-08
S019,P00161,122,25,2026-07-08
S019,P00162,121,25,2026-07-08
S019,P00163,180,25,2026-07-08
S019,P00164,294,25,2026-07-08
S019,P00165,127,25,2026-07-08
S019,P00166,19,25,2026-07-08
S019,P00167,81,25,2026-07-08
S019,P00168,105,25,2026-07-08
S019,P00169,76,25,2026-07-08
S019,P00170,169,25,2026-07-08
S019,P00171,282,25,2026-07-08
S019,P00172,66,25,2026-07-08
S019,P00173,272,25,2026-07-08
S019,P00174,207,25,2026-07-08
S019,P00175,190,25,2026-07-08
S019,P00176,282,25,2026-07-08
S019,P00177,183,25,2026-07-08
S019,P00178,169,25,2026-07-08
S019,P00179,293,25,2026-07-08
S019,P00180,129,25,2026-07-08
S019,P00181,225,25,2026-07-08
S019,P00182,202,25,2026-07-08
S019,P00183,123,25,2026-07-08
S019,P00184,126,25,2026-07-08
S019,P00185,197,25,2026-07-08
S019,P00186,236,25,2026-07-08
S019,P00187,186,25,2026-07-08
S019,P00188,28,25,2026-07-08
S019,P00189,139,25,2026-07-08
S019,P00190,182,25,2026-07-08
S019,P00191,184,25,2026-07-08
S019,P00192,129,25,2026-07-08
S019,P00193,221,25,2026-07-08
S019,P00194,181,25,2026-07-08
S019,P00195,101,25,2026-07-08
S019,P00196,269,25,2026-07-08
S019,P00197,58,25,2026-07-08
S019,P00198,262,25,2026-07-08
S019,P00199,270,25,2026-07-08
S019,P00200,263,25,2026-07-08
S019,P00201,26,25,2026-07-08
S019,P00202,264,25,2026-07-08
S019,P00203,110,25,2026-07-08
S019,P00204,108,25,2026-07-08
S019,P00205,162,25,2026-07-08
S019,P00206,173,25,2026-07-08
S019,P00207,1,25,2026-07-08
S019,P00208,273,25,2026-07-08
S019,P00209,164,25,2026-07-08
S019,P00210,132,25,2026-07-08
S019,P00211,191,25,2026-07-08
S019,P00212,127,25,2026-07-08
S019,P00213,181,25,2026-07-08
S019,P00214,124,25,2026-07-08
S019,P00215,190,25,2026-07-08
S019,P00216,260,25,2026-07-08
S019,P00217,205,25,2026-07-08
S019,P00218,22,25,2026-07-08
S019,P00219,214,25,2026-07-08
S019,P00220,218,25,2026-07-08
S019,P00221,155,25,2026-07-08
S019,P00222,198,25,2026-07-08
S019,P00223,248,25,2026-07-08
S019,P00224,79,25,2026-07-08
S019,P00225,226,25,2026-07-08
S019,P00226,88,25,2026-07-08
S019,P00227,44,25,2026-07-08
S019,P00228,201,25,2026-07-08
S019,P00229,149,25,2026-07-08
S019,P00230,26,25,2026-07-08
S019,P00231,145,25,2026-07-08
S019,P00232,232,25,2026-07-08
S019,P00233,149,25,2026-07-08
S019,P00234,168,25,2026-07-08
S019,P00235,76,25,2026-07-08
S019,P00236,260,25,2026-07-08
S019,P00237,183,25,2026-07-08
S019,P00238,224,25,2026-07-08
S019,P00239,21,25,2026-07-08
S019,P00240,106,25,2026-07-08
S019,P00241,51,25,2026-07-08
S019,P00242,192,25,2026-07-08
S019,P00243,46,25,2026-07-08
S019,P00244,197,25,2026-07-08
S019,P00245,32,25,2026-07-08
S019,P00246,34,25,2026-07-08
S019,P00247,31,25,2026-07-08
S019,P00248,180,25,2026-07-08
S019,P00249,29,25,2026-07-08
S019,P00250,71,25,2026-07-08
S019,P00251,15,25,2026-07-08
S019,P00252,179,25,2026-07-08
S019,P00253,108,25,2026-07-08
S019,P00254,290,25,2026-07-08
S019,P00255,257,25,2026-07-08
S019,P00256,93,25,2026-07-08
S019,P00257,287,25,2026-07-08
S019,P00258,18,25,2026-07-08
S019,P00259,109,25,2026-07-08
S019,P00260,164,25,2026-07-08
S019,P00261,206,25,2026-07-08
S019,P00262,7,25,2026-07-08
S019,P00263,12,25,2026-07-08
S019,P00264,243,25,2026-07-08
S019,P00265,86,25,2026-07-08
S019,P00266,88,25,2026-07-08
S019,P00267,180,25,2026-07-08
S019,P00268,221,25,2026-07-08
S019,P00269,171,25,2026-07-08
S019,P00270,236,25,2026-07-08
S019,P00271,84,25,2026-07-08
S019,P00272,168,25,2026-07-08
S019,P00273,277,25,2026-07-08
S019,P00274,139,25,2026-07-08
S019,P00275,293,25,2026-07-08
S019,P00276,205,25,2026-07-08
S019,P00277,65,25,2026-07-08
S019,P00278,220,25,2026-07-08
S019,P00279,158,25,2026-07-08
S019,P00280,155,25,2026-07-08
S019,P00281,105,25,2026-07-08
S019,P00282,159,25,2026-07-08
S019,P00283,227,25,2026-07-08
S019,P00284,146,25,2026-07-08
S019,P00285,63,25,2026-07-08
S019,P00286,110,25,2026-07-08
S019,P00287,231,25,2026-07-08
S019,P00288,57,25,2026-07-08
S019,P00289,198,25,2026-07-08
S019,P00290,271,25,2026-07-08
S019,P00291,154,25,2026-07-08
S019,P00292,256,25,2026-07-08
S019,P00293,228,25,2026-07-08
S019,P00294,190,25,2026-07-08
S019,P00295,246,25,2026-07-08
S019,P00296,118,25,2026-07-08
S019,P00297,67,25,2026-07-08
S019,P00298,218,25,2026-07-08
S019,P00299,115,25,2026-07-08
S019,P00300,185,25,2026-07-08
S019,P00301,294,25,2026-07-08
S019,P00302,234,25,2026-07-08
S019,P00303,270,25,2026-07-08
S019,P00304,2,25,2026-07-08
S019,P00305,64,25,2026-07-08
S019,P00306,98,25,2026-07-08
S019,P00307,254,25,2026-07-08
S019,P00308,99,25,2026-07-08
S019,P00309,147,25,2026-07-08
S019,P00310,258,25,2026-07-08
S019,P00311,231,25,2026-07-08
S019,P00312,272,25,2026-07-08
S019,P00313,158,25,2026-07-08
S019,P00314,112,25,2026-07-08
S019,P00315,297,25,2026-07-08
S019,P00316,256,25,2026-07-08
S019,P00317,227,25,2026-07-08
S019,P00318,77,25,2026-07-08
S019,P00319,83,25,2026-07-08
S019,P00320,282,25,2026-07-08
S019,P00321,151,25,2026-07-08
S019,P00322,45,25,2026-07-08
S019,P00323,19,25,2026-07-08
S019,P00324,293,25,2026-07-08
S019,P00325,192,25,2026-07-08
S019,P00326,207,25,2026-07-08
S019,P00327,162,25,2026-07-08
S019,P00328,91,25,2026-07-08
S019,P00329,62,25,2026-07-08
S019,P00330,109,25,2026-07-08
S019,P00331,230,25,2026-07-08
S019,P00332,231,25,2026-07-08
S019,P00333,50,25,2026-07-08
S019,P00334,193,25,2026-07-08
S019,P00335,228,25,2026-07-08
S019,P00336,196,25,2026-07-08
S019,P00337,17,25,2026-07-08
S019,P00338,79,25,2026-07-08
S019,P00339,66,25,2026-07-08
S019,P00340,274,25,2026-07-08
S019,P00341,88,25,2026-07-08
S019,P00342,27,25,2026-07-08
S019,P00343,64,25,2026-07-08
S019,P00344,181,25,2026-07-08
S019,P00345,270,25,2026-07-08
S019,P00346,151,25,2026-07-08
S019,P00347,255,25,2026-07-08
S019,P00348,80,25,2026-07-08
S019,P00349,3,25,2026-07-08
S019,P00350,91,25,2026-07-08
S019,P00351,84,25,2026-07-08
S019,P00352,225,25,2026-07-08
S019,P00353,43,25,2026-07-08
S019,P00354,190,25,2026-07-08
S019,P00355,291,25,2026-07-08
S019,P00356,113,25,2026-07-08
S019,P00357,165,25,2026-07-08
S019,P00358,238,25,2026-07-08
S019,P00359,170,25,2026-07-08
S019,P00360,261,25,2026-07-08
S019,P00361,284,25,2026-07-08
S019,P00362,270,25,2026-07-08
S019,P00363,6,25,2026-07-08
S019,P00364,247,25,2026-07-08
S019,P00365,109,25,2026-07-08
S019,P00366,251,25,2026-07-08
S019,P00367,29,25,2026-07-08
S019,P00368,42,25,2026-07-08
S019,P00369,80,25,2026-07-08
S019,P00370,16,25,2026-07-08
S019,P00371,215,25,2026-07-08
S019,P00372,144,25,2026-07-08
S019,P00373,183,25,2026-07-08
S019,P00374,165,25,2026-07-08
S019,P00375,102,25,2026-07-08
S019,P00376,216,25,2026-07-08
S019,P00377,201,25,2026-07-08
S019,P00378,269,25,2026-07-08
S019,P00379,293,25,2026-07-08
S019,P00380,150,25,2026-07-08
S019,P00381,260,25,2026-07-08
S019,P00382,97,25,2026-07-08
S019,P00383,42,25,2026-07-08
S019,P00384,265,25,2026-07-08
S019,P00385,81,25,2026-07-08
S019,P00386,209,25,2026-07-08
S019,P00387,43,25,2026-07-08
S019,P00388,201,25,2026-07-08
S019,P00389,91,25,2026-07-08
S019,P00390,20,25,2026-07-08
S019,P00391,163,25,2026-07-08
S019,P00392,167,25,2026-07-08
S019,P00393,297,25,2026-07-08
S019,P00394,88,25,2026-07-08
S019,P00395,214,25,2026-07-08
S019,P00396,59,25,2026-07-08
S019,P00397,33,25,2026-07-08
S019,P00398,107,25,2026-07-08
S019,P00399,157,25,2026-07-08
S019,P00400,295,25,2026-07-08
S019,P00401,186,25,2026-07-08
S019,P00402,10,25,2026-07-08
S019,P00403,6,25,2026-07-08
S019,P00404,199,25,2026-07-08
S019,P00405,63,25,2026-07-08
S019,P00406,47,25,2026-07-08
S019,P00407,34,25,2026-07-08
S019,P00408,98,25,2026-07-08
S019,P00409,52,25,2026-07-08
S019,P00410,268,25,2026-07-08
S019,P00411,192,25,2026-07-08
S019,P00412,6,25,2026-07-08
S019,P00413,36,25,2026-07-08
S019,P00414,45,25,2026-07-08
S019,P00415,58,25,2026-07-08
S019,P00416,199,25,2026-07-08
S019,P00417,49,25,2026-07-08
S019,P00418,10,25,2026-07-08
S019,P00419,285,25,2026-07-08
S019,P00420,140,25,2026-07-08
S019,P00421,29,25,2026-07-08
S019,P00422,206,25,2026-07-08
S019,P00423,100,25,2026-07-08
S019,P00424,0,25,2026-07-08
S019,P00425,35,25,2026-07-08
S019,P00426,99,25,2026-07-08
S019,P00427,181,25,2026-07-08
S019,P00428,235,25,2026-07-08
S019,P00429,223,25,2026-07-08
S019,P00430,179,25,2026-07-08
S019,P00431,266,25,2026-07-08
S019,P00432,241,25,2026-07-08
S019,P00433,218,25,2026-07-08
S019,P00434,172,25,2026-07-08
S019,P00435,102,25,2026-07-08
S019,P00436,223,25,2026-07-08
S019,P00437,252,25,2026-07-08
S019,P00438,198,25,2026-07-08
S019,P00439,232,25,2026-07-08
S019,P00440,34,25,2026-07-08
S019,P00441,121,25,2026-07-08
S019,P00442,30,25,2026-07-08
S019,P00443,269,25,2026-07-08
S019,P00444,91,25,2026-07-08
S019,P00445,2,25,2026-07-08
S019,P00446,240,25,2026-07-08
S019,P00447,134,25,2026-07-08
S019,P00448,58,25,2026-07-08
S019,P00449,160,25,2026-07-08
S019,P00450,135,25,2026-07-08
S019,P00451,58,25,2026-07-08
S019,P00452,63,25,2026-07-08
S019,P00453,64,25,2026-07-08
S019,P00454,184,25,2026-07-08
S019,P00455,147,25,2026-07-08
S019,P00456,9,25,2026-07-08
S019,P00457,43,25,2026-07-08
S019,P00458,192,25,2026-07-08
S019,P00459,181,25,2026-07-08
S019,P00460,229,25,2026-07-08
S019,P00461,269,25,2026-07-08
S019,P00462,175,25,2026-07-08
S019,P00463,209,25,2026-07-08
S019,P00464,232,25,2026-07-08
S019,P00465,241,25,2026-07-08
S019,P00466,181,25,2026-07-08
S019,P00467,275,25,2026-07-08
S019,P00468,81,25,2026-07-08
S019,P00469,268,25,2026-07-08
S019,P00470,103,25,2026-07-08
S019,P00471,189,25,2026-07-08
S019,P00472,176,25,2026-07-08
S019,P00473,279,25,2026-07-08
S019,P00474,227,25,2026-07-08
S019,P00475,143,25,2026-07-08
S019,P00476,177,25,2026-07-08
S019,P00477,99,25,2026-07-08
S019,P00478,238,25,2026-07-08
S019,P00479,44,25,2026-07-08
S019,P00480,163,25,2026-07-08
S019,P00481,44,25,2026-07-08
S019,P00482,39,25,2026-07-08
S019,P00483,43,25,2026-07-08
S019,P00484,36,25,2026-07-08
S019,P00485,130,25,2026-07-08
S019,P00486,193,25,2026-07-08
S019,P00487,202,25,2026-07-08
S019,P00488,255,25,2026-07-08
S019,P00489,172,25,2026-07-08
S019,P00490,90,25,2026-07-08
S019,P00491,278,25,2026-07-08
S019,P00492,184,25,2026-07-08
S019,P00493,72,25,2026-07-08
S019,P00494,14,25,2026-07-08
S019,P00495,62,25,2026-07-08
S019,P00496,102,25,2026-07-08
S019,P00497,200,25,2026-07-08
S019,P00498,245,25,2026-07-08
S019,P00499,132,25,2026-07-08
S019,P00500,160,25,2026-07-08
S020,P00001,82,25,2026-07-08
S020,P00002,75,25,2026-07-08
S020,P00003,198,25,2026-07-08
S020,P00004,30,25,2026-07-08
S020,P00005,169,25,2026-07-08
S020,P00006,168,25,2026-07-08
S020,P00007,188,25,2026-07-08
S020,P00008,138,25,2026-07-08
S020,P00009,269,25,2026-07-08
S020,P00010,8,25,2026-07-08
S020,P00011,167,25,2026-07-08
S020,P00012,247,25,2026-07-08
S020,P00013,115,25,2026-07-08
S020,P00014,180,25,2026-07-08
S020,P00015,220,25,2026-07-08
S020,P00016,41,25,2026-07-08
S020,P00017,197,25,2026-07-08
S020,P00018,230,25,2026-07-08
S020,P00019,25,25,2026-07-08
S020,P00020,161,25,2026-07-08
S020,P00021,190,25,2026-07-08
S020,P00022,221,25,2026-07-08
S020,P00023,34,25,2026-07-08
S020,P00024,237,25,2026-07-08
S020,P00025,122,25,2026-07-08
S020,P00026,261,25,2026-07-08
S020,P00027,284,25,2026-07-08
S020,P00028,79,25,2026-07-08
S020,P00029,272,25,2026-07-08
S020,P00030,228,25,2026-07-08
S020,P00031,95,25,2026-07-08
S020,P00032,152,25,2026-07-08
S020,P00033,112,25,2026-07-08
S020,P00034,277,25,2026-07-08
S020,P00035,156,25,2026-07-08
S020,P00036,112,25,2026-07-08
S020,P00037,156,25,2026-07-08
S020,P00038,187,25,2026-07-08
S020,P00039,158,25,2026-07-08
S020,P00040,181,25,2026-07-08
S020,P00041,49,25,2026-07-08
S020,P00042,77,25,2026-07-08
S020,P00043,216,25,2026-07-08
S020,P00044,45,25,2026-07-08
S020,P00045,56,25,2026-07-08
S020,P00046,188,25,2026-07-08
S020,P00047,36,25,2026-07-08
S020,P00048,126,25,2026-07-08
S020,P00049,63,25,2026-07-08
S020,P00050,6,25,2026-07-08
S020,P00051,164,25,2026-07-08
S020,P00052,99,25,2026-07-08
S020,P00053,61,25,2026-07-08
S020,P00054,20,25,2026-07-08
S020,P00055,74,25,2026-07-08
S020,P00056,148,25,2026-07-08
S020,P00057,203,25,2026-07-08
S020,P00058,161,25,2026-07-08
S020,P00059,170,25,2026-07-08
S020,P00060,161,25,2026-07-08
S020,P00061,224,25,2026-07-08
S020,P00062,172,25,2026-07-08
S020,P00063,241,25,2026-07-08
S020,P00064,222,25,2026-07-08
S020,P00065,296,25,2026-07-08
S020,P00066,247,25,2026-07-08
S020,P00067,172,25,2026-07-08
S020,P00068,93,25,2026-07-08
S020,P00069,54,25,2026-07-08
S020,P00070,102,25,2026-07-08
S020,P00071,176,25,2026-07-08
S020,P00072,179,25,2026-07-08
S020,P00073,23,25,2026-07-08
S020,P00074,230,25,2026-07-08
S020,P00075,1,25,2026-07-08
S020,P00076,165,25,2026-07-08
S020,P00077,211,25,2026-07-08
S020,P00078,254,25,2026-07-08
S020,P00079,180,25,2026-07-08
S020,P00080,160,25,2026-07-08
S020,P00081,292,25,2026-07-08
S020,P00082,11,25,2026-07-08
S020,P00083,117,25,2026-07-08
S020,P00084,67,25,2026-07-08
S020,P00085,75,25,2026-07-08
S020,P00086,104,25,2026-07-08
S020,P00087,96,25,2026-07-08
S020,P00088,7,25,2026-07-08
S020,P00089,2,25,2026-07-08
S020,P00090,146,25,2026-07-08
S020,P00091,126,25,2026-07-08
S020,P00092,281,25,2026-07-08
S020,P00093,61,25,2026-07-08
S020,P00094,13,25,2026-07-08
S020,P00095,36,25,2026-07-08
S020,P00096,7,25,2026-07-08
S020,P00097,178,25,2026-07-08
S020,P00098,261,25,2026-07-08
S020,P00099,173,25,2026-07-08
S020,P00100,224,25,2026-07-08
S020,P00101,68,25,2026-07-08
S020,P00102,60,25,2026-07-08
S020,P00103,75,25,2026-07-08
S020,P00104,94,25,2026-07-08
S020,P00105,154,25,2026-07-08
S020,P00106,147,25,2026-07-08
S020,P00107,232,25,2026-07-08
S020,P00108,172,25,2026-07-08
S020,P00109,234,25,2026-07-08
S020,P00110,10,25,2026-07-08
S020,P00111,169,25,2026-07-08
S020,P00112,63,25,2026-07-08
S020,P00113,11,25,2026-07-08
S020,P00114,23,25,2026-07-08
S020,P00115,168,25,2026-07-08
S020,P00116,296,25,2026-07-08
S020,P00117,20,25,2026-07-08
S020,P00118,115,25,2026-07-08
S020,P00119,282,25,2026-07-08
S020,P00120,184,25,2026-07-08
S020,P00121,248,25,2026-07-08
S020,P00122,93,25,2026-07-08
S020,P00123,208,25,2026-07-08
S020,P00124,58,25,2026-07-08
S020,P00125,199,25,2026-07-08
S020,P00126,16,25,2026-07-08
S020,P00127,100,25,2026-07-08
S020,P00128,257,25,2026-07-08
S020,P00129,191,25,2026-07-08
S020,P00130,206,25,2026-07-08
S020,P00131,137,25,2026-07-08
S020,P00132,144,25,2026-07-08
S020,P00133,166,25,2026-07-08
S020,P00134,0,25,2026-07-08
S020,P00135,47,25,2026-07-08
S020,P00136,229,25,2026-07-08
S020,P00137,22,25,2026-07-08
S020,P00138,209,25,2026-07-08
S020,P00139,275,25,2026-07-08
S020,P00140,85,25,2026-07-08
S020,P00141,131,25,2026-07-08
S020,P00142,70,25,2026-07-08
S020,P00143,135,25,2026-07-08
S020,P00144,172,25,2026-07-08
S020,P00145,57,25,2026-07-08
S020,P00146,236,25,2026-07-08
S020,P00147,44,25,2026-07-08
S020,P00148,283,25,2026-07-08
S020,P00149,113,25,2026-07-08
S020,P00150,271,25,2026-07-08
S020,P00151,27,25,2026-07-08
S020,P00152,213,25,2026-07-08
S020,P00153,132,25,2026-07-08
S020,P00154,216,25,2026-07-08
S020,P00155,40,25,2026-07-08
S020,P00156,184,25,2026-07-08
S020,P00157,148,25,2026-07-08
S020,P00158,157,25,2026-07-08
S020,P00159,259,25,2026-07-08
S020,P00160,30,25,2026-07-08
S020,P00161,204,25,2026-07-08
S020,P00162,131,25,2026-07-08
S020,P00163,109,25,2026-07-08
S020,P00164,114,25,2026-07-08
S020,P00165,86,25,2026-07-08
S020,P00166,8,25,2026-07-08
S020,P00167,183,25,2026-07-08
S020,P00168,170,25,2026-07-08
S020,P00169,272,25,2026-07-08
S020,P00170,119,25,2026-07-08
S020,P00171,102,25,2026-07-08
S020,P00172,171,25,2026-07-08
S020,P00173,106,25,2026-07-08
S020,P00174,87,25,2026-07-08
S020,P00175,267,25,2026-07-08
S020,P00176,248,25,2026-07-08
S020,P00177,10,25,2026-07-08
S020,P00178,79,25,2026-07-08
S020,P00179,2,25,2026-07-08
S020,P00180,205,25,2026-07-08
S020,P00181,133,25,2026-07-08
S020,P00182,258,25,2026-07-08
S020,P00183,44,25,2026-07-08
S020,P00184,39,25,2026-07-08
S020,P00185,211,25,2026-07-08
S020,P00186,152,25,2026-07-08
S020,P00187,265,25,2026-07-08
S020,P00188,205,25,2026-07-08
S020,P00189,272,25,2026-07-08
S020,P00190,72,25,2026-07-08
S020,P00191,67,25,2026-07-08
S020,P00192,247,25,2026-07-08
S020,P00193,249,25,2026-07-08
S020,P00194,255,25,2026-07-08
S020,P00195,148,25,2026-07-08
S020,P00196,147,25,2026-07-08
S020,P00197,1,25,2026-07-08
S020,P00198,211,25,2026-07-08
S020,P00199,260,25,2026-07-08
S020,P00200,98,25,2026-07-08
S020,P00201,137,25,2026-07-08
S020,P00202,13,25,2026-07-08
S020,P00203,109,25,2026-07-08
S020,P00204,170,25,2026-07-08
S020,P00205,213,25,2026-07-08
S020,P00206,165,25,2026-07-08
S020,P00207,78,25,2026-07-08
S020,P00208,170,25,2026-07-08
S020,P00209,75,25,2026-07-08
S020,P00210,235,25,2026-07-08
S020,P00211,269,25,2026-07-08
S020,P00212,244,25,2026-07-08
S020,P00213,197,25,2026-07-08
S020,P00214,155,25,2026-07-08
S020,P00215,288,25,2026-07-08
S020,P00216,202,25,2026-07-08
S020,P00217,209,25,2026-07-08
S020,P00218,102,25,2026-07-08
S020,P00219,138,25,2026-07-08
S020,P00220,154,25,2026-07-08
S020,P00221,81,25,2026-07-08
S020,P00222,45,25,2026-07-08
S020,P00223,208,25,2026-07-08
S020,P00224,192,25,2026-07-08
S020,P00225,260,25,2026-07-08
S020,P00226,74,25,2026-07-08
S020,P00227,221,25,2026-07-08
S020,P00228,35,25,2026-07-08
S020,P00229,283,25,2026-07-08
S020,P00230,40,25,2026-07-08
S020,P00231,98,25,2026-07-08
S020,P00232,22,25,2026-07-08
S020,P00233,85,25,2026-07-08
S020,P00234,78,25,2026-07-08
S020,P00235,283,25,2026-07-08
S020,P00236,156,25,2026-07-08
S020,P00237,239,25,2026-07-08
S020,P00238,148,25,2026-07-08
S020,P00239,189,25,2026-07-08
S020,P00240,164,25,2026-07-08
S020,P00241,18,25,2026-07-08
S020,P00242,263,25,2026-07-08
S020,P00243,100,25,2026-07-08
S020,P00244,152,25,2026-07-08
S020,P00245,282,25,2026-07-08
S020,P00246,147,25,2026-07-08
S020,P00247,56,25,2026-07-08
S020,P00248,253,25,2026-07-08
S020,P00249,80,25,2026-07-08
S020,P00250,230,25,2026-07-08
S020,P00251,149,25,2026-07-08
S020,P00252,253,25,2026-07-08
S020,P00253,74,25,2026-07-08
S020,P00254,299,25,2026-07-08
S020,P00255,232,25,2026-07-08
S020,P00256,105,25,2026-07-08
S020,P00257,277,25,2026-07-08
S020,P00258,261,25,2026-07-08
S020,P00259,180,25,2026-07-08
S020,P00260,144,25,2026-07-08
S020,P00261,121,25,2026-07-08
S020,P00262,72,25,2026-07-08
S020,P00263,148,25,2026-07-08
S020,P00264,71,25,2026-07-08
S020,P00265,111,25,2026-07-08
S020,P00266,284,25,2026-07-08
S020,P00267,292,25,2026-07-08
S020,P00268,37,25,2026-07-08
S020,P00269,219,25,2026-07-08
S020,P00270,218,25,2026-07-08
S020,P00271,135,25,2026-07-08
S020,P00272,203,25,2026-07-08
S020,P00273,31,25,2026-07-08
S020,P00274,169,25,2026-07-08
S020,P00275,116,25,2026-07-08
S020,P00276,87,25,2026-07-08
S020,P00277,246,25,2026-07-08
S020,P00278,262,25,2026-07-08
S020,P00279,145,25,2026-07-08
S020,P00280,218,25,2026-07-08
S020,P00281,31,25,2026-07-08
S020,P00282,71,25,2026-07-08
S020,P00283,251,25,2026-07-08
S020,P00284,212,25,2026-07-08
S020,P00285,148,25,2026-07-08
S020,P00286,20,25,2026-07-08
S020,P00287,126,25,2026-07-08
S020,P00288,169,25,2026-07-08
S020,P00289,136,25,2026-07-08
S020,P00290,160,25,2026-07-08
S020,P00291,138,25,2026-07-08
S020,P00292,257,25,2026-07-08
S020,P00293,216,25,2026-07-08
S020,P00294,8,25,2026-07-08
S020,P00295,165,25,2026-07-08
S020,P00296,295,25,2026-07-08
S020,P00297,129,25,2026-07-08
S020,P00298,74,25,2026-07-08
S020,P00299,287,25,2026-07-08
S020,P00300,5,25,2026-07-08
S020,P00301,7,25,2026-07-08
S020,P00302,55,25,2026-07-08
S020,P00303,101,25,2026-07-08
S020,P00304,16,25,2026-07-08
S020,P00305,181,25,2026-07-08
S020,P00306,104,25,2026-07-08
S020,P00307,150,25,2026-07-08
S020,P00308,218,25,2026-07-08
S020,P00309,57,25,2026-07-08
S020,P00310,73,25,2026-07-08
S020,P00311,155,25,2026-07-08
S020,P00312,93,25,2026-07-08
S020,P00313,204,25,2026-07-08
S020,P00314,17,25,2026-07-08
S020,P00315,28,25,2026-07-08
S020,P00316,253,25,2026-07-08
S020,P00317,142,25,2026-07-08
S020,P00318,91,25,2026-07-08
S020,P00319,14,25,2026-07-08
S020,P00320,286,25,2026-07-08
S020,P00321,131,25,2026-07-08
S020,P00322,236,25,2026-07-08
S020,P00323,58,25,2026-07-08
S020,P00324,169,25,2026-07-08
S020,P00325,34,25,2026-07-08
S020,P00326,49,25,2026-07-08
S020,P00327,266,25,2026-07-08
S020,P00328,37,25,2026-07-08
S020,P00329,42,25,2026-07-08
S020,P00330,54,25,2026-07-08
S020,P00331,255,25,2026-07-08
S020,P00332,229,25,2026-07-08
S020,P00333,174,25,2026-07-08
S020,P00334,148,25,2026-07-08
S020,P00335,250,25,2026-07-08
S020,P00336,224,25,2026-07-08
S020,P00337,281,25,2026-07-08
S020,P00338,256,25,2026-07-08
S020,P00339,74,25,2026-07-08
S020,P00340,143,25,2026-07-08
S020,P00341,271,25,2026-07-08
S020,P00342,155,25,2026-07-08
S020,P00343,269,25,2026-07-08
S020,P00344,118,25,2026-07-08
S020,P00345,156,25,2026-07-08
S020,P00346,173,25,2026-07-08
S020,P00347,282,25,2026-07-08
S020,P00348,266,25,2026-07-08
S020,P00349,100,25,2026-07-08
S020,P00350,64,25,2026-07-08
S020,P00351,148,25,2026-07-08
S020,P00352,20,25,2026-07-08
S020,P00353,50,25,2026-07-08
S020,P00354,45,25,2026-07-08
S020,P00355,34,25,2026-07-08
S020,P00356,130,25,2026-07-08
S020,P00357,225,25,2026-07-08
S020,P00358,190,25,2026-07-08
S020,P00359,116,25,2026-07-08
S020,P00360,291,25,2026-07-08
S020,P00361,141,25,2026-07-08
S020,P00362,19,25,2026-07-08
S020,P00363,38,25,2026-07-08
S020,P00364,137,25,2026-07-08
S020,P00365,258,25,2026-07-08
S020,P00366,116,25,2026-07-08
S020,P00367,179,25,2026-07-08
S020,P00368,73,25,2026-07-08
S020,P00369,52,25,2026-07-08
S020,P00370,196,25,2026-07-08
S020,P00371,279,25,2026-07-08
S020,P00372,54,25,2026-07-08
S020,P00373,162,25,2026-07-08
S020,P00374,295,25,2026-07-08
S020,P00375,297,25,2026-07-08
S020,P00376,147,25,2026-07-08
S020,P00377,235,25,2026-07-08
S020,P00378,173,25,2026-07-08
S020,P00379,15,25,2026-07-08
S020,P00380,254,25,2026-07-08
S020,P00381,129,25,2026-07-08
S020,P00382,296,25,2026-07-08
S020,P00383,67,25,2026-07-08
S020,P00384,142,25,2026-07-08
S020,P00385,10,25,2026-07-08
S020,P00386,288,25,2026-07-08
S020,P00387,86,25,2026-07-08
S020,P00388,37,25,2026-07-08
S020,P00389,148,25,2026-07-08
S020,P00390,267,25,2026-07-08
S020,P00391,136,25,2026-07-08
S020,P00392,30,25,2026-07-08
S020,P00393,105,25,2026-07-08
S020,P00394,148,25,2026-07-08
S020,P00395,101,25,2026-07-08
S020,P00396,76,25,2026-07-08
S020,P00397,213,25,2026-07-08
S020,P00398,107,25,2026-07-08
S020,P00399,261,25,2026-07-08
S020,P00400,254,25,2026-07-08
S020,P00401,71,25,2026-07-08
S020,P00402,60,25,2026-07-08
S020,P00403,160,25,2026-07-08
S020,P00404,168,25,2026-07-08
S020,P00405,83,25,2026-07-08
S020,P00406,138,25,2026-07-08
S020,P00407,70,25,2026-07-08
S020,P00408,202,25,2026-07-08
S020,P00409,190,25,2026-07-08
S020,P00410,92,25,2026-07-08
S020,P00411,271,25,2026-07-08
S020,P00412,175,25,2026-07-08
S020,P00413,7,25,2026-07-08
S020,P00414,215,25,2026-07-08
S020,P00415,60,25,2026-07-08
S020,P00416,154,25,2026-07-08
S020,P00417,253,25,2026-07-08
S020,P00418,138,25,2026-07-08
S020,P00419,91,25,2026-07-08
S020,P00420,251,25,2026-07-08
S020,P00421,6,25,2026-07-08
S020,P00422,152,25,2026-07-08
S020,P00423,21,25,2026-07-08
S020,P00424,297,25,2026-07-08
S020,P00425,216,25,2026-07-08
S020,P00426,63,25,2026-07-08
S020,P00427,186,25,2026-07-08
S020,P00428,145,25,2026-07-08
S020,P00429,191,25,2026-07-08
S020,P00430,98,25,2026-07-08
S020,P00431,85,25,2026-07-08
S020,P00432,32,25,2026-07-08
S020,P00433,149,25,2026-07-08
S020,P00434,69,25,2026-07-08
S020,P00435,164,25,2026-07-08
S020,P00436,105,25,2026-07-08
S020,P00437,92,25,2026-07-08
S020,P00438,249,25,2026-07-08
S020,P00439,298,25,2026-07-08
S020,P00440,55,25,2026-07-08
S020,P00441,218,25,2026-07-08
S020,P00442,78,25,2026-07-08
S020,P00443,96,25,2026-07-08
S020,P00444,69,25,2026-07-08
S020,P00445,99,25,2026-07-08
S020,P00446,10,25,2026-07-08
S020,P00447,148,25,2026-07-08
S020,P00448,243,25,2026-07-08
S020,P00449,123,25,2026-07-08
S020,P00450,266,25,2026-07-08
S020,P00451,230,25,2026-07-08
S020,P00452,160,25,2026-07-08
S020,P00453,63,25,2026-07-08
S020,P00454,73,25,2026-07-08
S020,P00455,71,25,2026-07-08
S020,P00456,104,25,2026-07-08
S020,P00457,104,25,2026-07-08
S020,P00458,233,25,2026-07-08
S020,P00459,155,25,2026-07-08
S020,P00460,188,25,2026-07-08
S020,P00461,44,25,2026-07-08
S020,P00462,17,25,2026-07-08
S020,P00463,130,25,2026-07-08
S020,P00464,140,25,2026-07-08
S020,P00465,149,25,2026-07-08
S020,P00466,197,25,2026-07-08
S020,P00467,111,25,2026-07-08
S020,P00468,271,25,2026-07-08
S020,P00469,51,25,2026-07-08
S020,P00470,218,25,2026-07-08
S020,P00471,255,25,2026-07-08
S020,P00472,102,25,2026-07-08
S020,P00473,80,25,2026-07-08
S020,P00474,174,25,2026-07-08
S020,P00475,53,25,2026-07-08
S020,P00476,199,25,2026-07-08
S020,P00477,103,25,2026-07-08
S020,P00478,283,25,2026-07-08
S020,P00479,289,25,2026-07-08
S020,P00480,117,25,2026-07-08
S020,P00481,299,25,2026-07-08
S020,P00482,243,25,2026-07-08
S020,P00483,239,25,2026-07-08
S020,P00484,294,25,2026-07-08
S020,P00485,170,25,2026-07-08
S020,P00486,92,25,2026-07-08
S020,P00487,137,25,2026-07-08
S020,P00488,300,25,2026-07-08
S020,P00489,98,25,2026-07-08
S020,P00490,203,25,2026-07-08
S020,P00491,291,25,2026-07-08
S020,P00492,206,25,2026-07-08
S020,P00493,7,25,2026-07-08
S020,P00494,289,25,2026-07-08
S020,P00495,94,25,2026-07-08
S020,P00496,148,25,2026-07-08
S020,P00497,272,25,2026-07-08
S020,P00498,49,25,2026-07-08
S020,P00499,4,25,2026-07-08
S020,P00500,198,25,2026-07-08
S021,P00001,92,25,2026-07-08
S021,P00002,291,25,2026-07-08
S021,P00003,79,25,2026-07-08
S021,P00004,289,25,2026-07-08
S021,P00005,76,25,2026-07-08
S021,P00006,233,25,2026-07-08
S021,P00007,232,25,2026-07-08
S021,P00008,152,25,2026-07-08
S021,P00009,144,25,2026-07-08
S021,P00010,158,25,2026-07-08
S021,P00011,143,25,2026-07-08
S021,P00012,271,25,2026-07-08
S021,P00013,263,25,2026-07-08
S021,P00014,280,25,2026-07-08
S021,P00015,219,25,2026-07-08
S021,P00016,104,25,2026-07-08
S021,P00017,214,25,2026-07-08
S021,P00018,41,25,2026-07-08
S021,P00019,231,25,2026-07-08
S021,P00020,122,25,2026-07-08
S021,P00021,253,25,2026-07-08
S021,P00022,132,25,2026-07-08
S021,P00023,149,25,2026-07-08
S021,P00024,272,25,2026-07-08
S021,P00025,2,25,2026-07-08
S021,P00026,22,25,2026-07-08
S021,P00027,220,25,2026-07-08
S021,P00028,46,25,2026-07-08
S021,P00029,6,25,2026-07-08
S021,P00030,87,25,2026-07-08
S021,P00031,187,25,2026-07-08
S021,P00032,58,25,2026-07-08
S021,P00033,51,25,2026-07-08
S021,P00034,131,25,2026-07-08
S021,P00035,53,25,2026-07-08
S021,P00036,134,25,2026-07-08
S021,P00037,87,25,2026-07-08
S021,P00038,50,25,2026-07-08
S021,P00039,170,25,2026-07-08
S021,P00040,108,25,2026-07-08
S021,P00041,298,25,2026-07-08
S021,P00042,193,25,2026-07-08
S021,P00043,115,25,2026-07-08
S021,P00044,167,25,2026-07-08
S021,P00045,226,25,2026-07-08
S021,P00046,249,25,2026-07-08
S021,P00047,15,25,2026-07-08
S021,P00048,133,25,2026-07-08
S021,P00049,163,25,2026-07-08
S021,P00050,189,25,2026-07-08
S021,P00051,47,25,2026-07-08
S021,P00052,272,25,2026-07-08
S021,P00053,193,25,2026-07-08
S021,P00054,83,25,2026-07-08
S021,P00055,236,25,2026-07-08
S021,P00056,61,25,2026-07-08
S021,P00057,158,25,2026-07-08
S021,P00058,128,25,2026-07-08
S021,P00059,57,25,2026-07-08
S021,P00060,156,25,2026-07-08
S021,P00061,250,25,2026-07-08
S021,P00062,259,25,2026-07-08
S021,P00063,97,25,2026-07-08
S021,P00064,166,25,2026-07-08
S021,P00065,156,25,2026-07-08
S021,P00066,106,25,2026-07-08
S021,P00067,189,25,2026-07-08
S021,P00068,14,25,2026-07-08
S021,P00069,192,25,2026-07-08
S021,P00070,107,25,2026-07-08
S021,P00071,220,25,2026-07-08
S021,P00072,245,25,2026-07-08
S021,P00073,254,25,2026-07-08
S021,P00074,73,25,2026-07-08
S021,P00075,103,25,2026-07-08
S021,P00076,174,25,2026-07-08
S021,P00077,159,25,2026-07-08
S021,P00078,290,25,2026-07-08
S021,P00079,243,25,2026-07-08
S021,P00080,225,25,2026-07-08
S021,P00081,261,25,2026-07-08
S021,P00082,266,25,2026-07-08
S021,P00083,157,25,2026-07-08
S021,P00084,79,25,2026-07-08
S021,P00085,69,25,2026-07-08
S021,P00086,215,25,2026-07-08
S021,P00087,224,25,2026-07-08
S021,P00088,278,25,2026-07-08
S021,P00089,112,25,2026-07-08
S021,P00090,192,25,2026-07-08
S021,P00091,191,25,2026-07-08
S021,P00092,264,25,2026-07-08
S021,P00093,188,25,2026-07-08
S021,P00094,142,25,2026-07-08
S021,P00095,179,25,2026-07-08
S021,P00096,225,25,2026-07-08
S021,P00097,174,25,2026-07-08
S021,P00098,86,25,2026-07-08
S021,P00099,8,25,2026-07-08
S021,P00100,41,25,2026-07-08
S021,P00101,200,25,2026-07-08
S021,P00102,283,25,2026-07-08
S021,P00103,254,25,2026-07-08
S021,P00104,83,25,2026-07-08
S021,P00105,52,25,2026-07-08
S021,P00106,59,25,2026-07-08
S021,P00107,144,25,2026-07-08
S021,P00108,51,25,2026-07-08
S021,P00109,87,25,2026-07-08
S021,P00110,112,25,2026-07-08
S021,P00111,223,25,2026-07-08
S021,P00112,237,25,2026-07-08
S021,P00113,300,25,2026-07-08
S021,P00114,262,25,2026-07-08
S021,P00115,228,25,2026-07-08
S021,P00116,137,25,2026-07-08
S021,P00117,200,25,2026-07-08
S021,P00118,182,25,2026-07-08
S021,P00119,161,25,2026-07-08
S021,P00120,16,25,2026-07-08
S021,P00121,78,25,2026-07-08
S021,P00122,297,25,2026-07-08
S021,P00123,95,25,2026-07-08
S021,P00124,217,25,2026-07-08
S021,P00125,14,25,2026-07-08
S021,P00126,274,25,2026-07-08
S021,P00127,115,25,2026-07-08
S021,P00128,182,25,2026-07-08
S021,P00129,291,25,2026-07-08
S021,P00130,255,25,2026-07-08
S021,P00131,161,25,2026-07-08
S021,P00132,233,25,2026-07-08
S021,P00133,99,25,2026-07-08
S021,P00134,249,25,2026-07-08
S021,P00135,147,25,2026-07-08
S021,P00136,298,25,2026-07-08
S021,P00137,38,25,2026-07-08
S021,P00138,139,25,2026-07-08
S021,P00139,229,25,2026-07-08
S021,P00140,83,25,2026-07-08
S021,P00141,276,25,2026-07-08
S021,P00142,225,25,2026-07-08
S021,P00143,7,25,2026-07-08
S021,P00144,75,25,2026-07-08
S021,P00145,277,25,2026-07-08
S021,P00146,195,25,2026-07-08
S021,P00147,217,25,2026-07-08
S021,P00148,124,25,2026-07-08
S021,P00149,285,25,2026-07-08
S021,P00150,297,25,2026-07-08
S021,P00151,125,25,2026-07-08
S021,P00152,88,25,2026-07-08
S021,P00153,213,25,2026-07-08
S021,P00154,25,25,2026-07-08
S021,P00155,155,25,2026-07-08
S021,P00156,98,25,2026-07-08
S021,P00157,82,25,2026-07-08
S021,P00158,256,25,2026-07-08
S021,P00159,266,25,2026-07-08
S021,P00160,34,25,2026-07-08
S021,P00161,5,25,2026-07-08
S021,P00162,182,25,2026-07-08
S021,P00163,56,25,2026-07-08
S021,P00164,225,25,2026-07-08
S021,P00165,43,25,2026-07-08
S021,P00166,187,25,2026-07-08
S021,P00167,199,25,2026-07-08
S021,P00168,19,25,2026-07-08
S021,P00169,30,25,2026-07-08
S021,P00170,84,25,2026-07-08
S021,P00171,176,25,2026-07-08
S021,P00172,189,25,2026-07-08
S021,P00173,288,25,2026-07-08
S021,P00174,41,25,2026-07-08
S021,P00175,63,25,2026-07-08
S021,P00176,186,25,2026-07-08
S021,P00177,230,25,2026-07-08
S021,P00178,106,25,2026-07-08
S021,P00179,148,25,2026-07-08
S021,P00180,36,25,2026-07-08
S021,P00181,169,25,2026-07-08
S021,P00182,57,25,2026-07-08
S021,P00183,20,25,2026-07-08
S021,P00184,131,25,2026-07-08
S021,P00185,91,25,2026-07-08
S021,P00186,166,25,2026-07-08
S021,P00187,265,25,2026-07-08
S021,P00188,276,25,2026-07-08
S021,P00189,150,25,2026-07-08
S021,P00190,284,25,2026-07-08
S021,P00191,224,25,2026-07-08
S021,P00192,286,25,2026-07-08
S021,P00193,49,25,2026-07-08
S021,P00194,94,25,2026-07-08
S021,P00195,147,25,2026-07-08
S021,P00196,141,25,2026-07-08
S021,P00197,106,25,2026-07-08
S021,P00198,35,25,2026-07-08
S021,P00199,143,25,2026-07-08
S021,P00200,104,25,2026-07-08
S021,P00201,244,25,2026-07-08
S021,P00202,278,25,2026-07-08
S021,P00203,220,25,2026-07-08
S021,P00204,223,25,2026-07-08
S021,P00205,178,25,2026-07-08
S021,P00206,128,25,2026-07-08
S021,P00207,173,25,2026-07-08
S021,P00208,269,25,2026-07-08
S021,P00209,106,25,2026-07-08
S021,P00210,28,25,2026-07-08
S021,P00211,106,25,2026-07-08
S021,P00212,90,25,2026-07-08
S021,P00213,54,25,2026-07-08
S021,P00214,59,25,2026-07-08
S021,P00215,243,25,2026-07-08
S021,P00216,114,25,2026-07-08
S021,P00217,106,25,2026-07-08
S021,P00218,70,25,2026-07-08
S021,P00219,98,25,2026-07-08
S021,P00220,155,25,2026-07-08
S021,P00221,191,25,2026-07-08
S021,P00222,145,25,2026-07-08
S021,P00223,75,25,2026-07-08
S021,P00224,98,25,2026-07-08
S021,P00225,105,25,2026-07-08
S021,P00226,118,25,2026-07-08
S021,P00227,157,25,2026-07-08
S021,P00228,291,25,2026-07-08
S021,P00229,68,25,2026-07-08
S021,P00230,85,25,2026-07-08
S021,P00231,263,25,2026-07-08
S021,P00232,271,25,2026-07-08
S021,P00233,32,25,2026-07-08
S021,P00234,242,25,2026-07-08
S021,P00235,122,25,2026-07-08
S021,P00236,3,25,2026-07-08
S021,P00237,228,25,2026-07-08
S021,P00238,157,25,2026-07-08
S021,P00239,167,25,2026-07-08
S021,P00240,79,25,2026-07-08
S021,P00241,30,25,2026-07-08
S021,P00242,57,25,2026-07-08
S021,P00243,297,25,2026-07-08
S021,P00244,206,25,2026-07-08
S021,P00245,32,25,2026-07-08
S021,P00246,125,25,2026-07-08
S021,P00247,270,25,2026-07-08
S021,P00248,216,25,2026-07-08
S021,P00249,11,25,2026-07-08
S021,P00250,182,25,2026-07-08
S021,P00251,100,25,2026-07-08
S021,P00252,72,25,2026-07-08
S021,P00253,273,25,2026-07-08
S021,P00254,227,25,2026-07-08
S021,P00255,73,25,2026-07-08
S021,P00256,145,25,2026-07-08
S021,P00257,196,25,2026-07-08
S021,P00258,127,25,2026-07-08
S021,P00259,235,25,2026-07-08
S021,P00260,239,25,2026-07-08
S021,P00261,102,25,2026-07-08
S021,P00262,37,25,2026-07-08
S021,P00263,194,25,2026-07-08
S021,P00264,234,25,2026-07-08
S021,P00265,153,25,2026-07-08
S021,P00266,162,25,2026-07-08
S021,P00267,22,25,2026-07-08
S021,P00268,298,25,2026-07-08
S021,P00269,79,25,2026-07-08
S021,P00270,26,25,2026-07-08
S021,P00271,296,25,2026-07-08
S021,P00272,75,25,2026-07-08
S021,P00273,26,25,2026-07-08
S021,P00274,276,25,2026-07-08
S021,P00275,17,25,2026-07-08
S021,P00276,109,25,2026-07-08
S021,P00277,58,25,2026-07-08
S021,P00278,260,25,2026-07-08
S021,P00279,156,25,2026-07-08
S021,P00280,270,25,2026-07-08
S021,P00281,51,25,2026-07-08
S021,P00282,213,25,2026-07-08
S021,P00283,53,25,2026-07-08
S021,P00284,157,25,2026-07-08
S021,P00285,225,25,2026-07-08
S021,P00286,127,25,2026-07-08
S021,P00287,223,25,2026-07-08
S021,P00288,86,25,2026-07-08
S021,P00289,181,25,2026-07-08
S021,P00290,131,25,2026-07-08
S021,P00291,60,25,2026-07-08
S021,P00292,13,25,2026-07-08
S021,P00293,171,25,2026-07-08
S021,P00294,52,25,2026-07-08
S021,P00295,180,25,2026-07-08
S021,P00296,234,25,2026-07-08
S021,P00297,161,25,2026-07-08
S021,P00298,126,25,2026-07-08
S021,P00299,230,25,2026-07-08
S021,P00300,215,25,2026-07-08
S021,P00301,102,25,2026-07-08
S021,P00302,47,25,2026-07-08
S021,P00303,28,25,2026-07-08
S021,P00304,279,25,2026-07-08
S021,P00305,14,25,2026-07-08
S021,P00306,100,25,2026-07-08
S021,P00307,268,25,2026-07-08
S021,P00308,169,25,2026-07-08
S021,P00309,110,25,2026-07-08
S021,P00310,209,25,2026-07-08
S021,P00311,210,25,2026-07-08
S021,P00312,288,25,2026-07-08
S021,P00313,265,25,2026-07-08
S021,P00314,87,25,2026-07-08
S021,P00315,70,25,2026-07-08
S021,P00316,251,25,2026-07-08
S021,P00317,51,25,2026-07-08
S021,P00318,170,25,2026-07-08
S021,P00319,110,25,2026-07-08
S021,P00320,222,25,2026-07-08
S021,P00321,75,25,2026-07-08
S021,P00322,35,25,2026-07-08
S021,P00323,116,25,2026-07-08
S021,P00324,31,25,2026-07-08
S021,P00325,300,25,2026-07-08
S021,P00326,188,25,2026-07-08
S021,P00327,238,25,2026-07-08
S021,P00328,35,25,2026-07-08
S021,P00329,124,25,2026-07-08
S021,P00330,254,25,2026-07-08
S021,P00331,13,25,2026-07-08
S021,P00332,108,25,2026-07-08
S021,P00333,174,25,2026-07-08
S021,P00334,229,25,2026-07-08
S021,P00335,148,25,2026-07-08
S021,P00336,147,25,2026-07-08
S021,P00337,136,25,2026-07-08
S021,P00338,223,25,2026-07-08
S021,P00339,261,25,2026-07-08
S021,P00340,179,25,2026-07-08
S021,P00341,137,25,2026-07-08
S021,P00342,295,25,2026-07-08
S021,P00343,165,25,2026-07-08
S021,P00344,217,25,2026-07-08
S021,P00345,108,25,2026-07-08
S021,P00346,15,25,2026-07-08
S021,P00347,102,25,2026-07-08
S021,P00348,231,25,2026-07-08
S021,P00349,3,25,2026-07-08
S021,P00350,127,25,2026-07-08
S021,P00351,71,25,2026-07-08
S021,P00352,288,25,2026-07-08
S021,P00353,106,25,2026-07-08
S021,P00354,277,25,2026-07-08
S021,P00355,257,25,2026-07-08
S021,P00356,113,25,2026-07-08
S021,P00357,56,25,2026-07-08
S021,P00358,160,25,2026-07-08
S021,P00359,71,25,2026-07-08
S021,P00360,222,25,2026-07-08
S021,P00361,200,25,2026-07-08
S021,P00362,158,25,2026-07-08
S021,P00363,46,25,2026-07-08
S021,P00364,206,25,2026-07-08
S021,P00365,262,25,2026-07-08
S021,P00366,92,25,2026-07-08
S021,P00367,44,25,2026-07-08
S021,P00368,291,25,2026-07-08
S021,P00369,94,25,2026-07-08
S021,P00370,116,25,2026-07-08
S021,P00371,284,25,2026-07-08
S021,P00372,246,25,2026-07-08
S021,P00373,187,25,2026-07-08
S021,P00374,20,25,2026-07-08
S021,P00375,39,25,2026-07-08
S021,P00376,26,25,2026-07-08
S021,P00377,178,25,2026-07-08
S021,P00378,84,25,2026-07-08
S021,P00379,71,25,2026-07-08
S021,P00380,7,25,2026-07-08
S021,P00381,163,25,2026-07-08
S021,P00382,259,25,2026-07-08
S021,P00383,149,25,2026-07-08
S021,P00384,258,25,2026-07-08
S021,P00385,164,25,2026-07-08
S021,P00386,13,25,2026-07-08
S021,P00387,80,25,2026-07-08
S021,P00388,272,25,2026-07-08
S021,P00389,249,25,2026-07-08
S021,P00390,215,25,2026-07-08
S021,P00391,20,25,2026-07-08
S021,P00392,250,25,2026-07-08
S021,P00393,47,25,2026-07-08
S021,P00394,255,25,2026-07-08
S021,P00395,14,25,2026-07-08
S021,P00396,244,25,2026-07-08
S021,P00397,41,25,2026-07-08
S021,P00398,247,25,2026-07-08
S021,P00399,123,25,2026-07-08
S021,P00400,298,25,2026-07-08
S021,P00401,63,25,2026-07-08
S021,P00402,115,25,2026-07-08
S021,P00403,75,25,2026-07-08
S021,P00404,53,25,2026-07-08
S021,P00405,188,25,2026-07-08
S021,P00406,204,25,2026-07-08
S021,P00407,259,25,2026-07-08
S021,P00408,27,25,2026-07-08
S021,P00409,191,25,2026-07-08
S021,P00410,177,25,2026-07-08
S021,P00411,276,25,2026-07-08
S021,P00412,26,25,2026-07-08
S021,P00413,292,25,2026-07-08
S021,P00414,38,25,2026-07-08
S021,P00415,182,25,2026-07-08
S021,P00416,134,25,2026-07-08
S021,P00417,266,25,2026-07-08
S021,P00418,139,25,2026-07-08
S021,P00419,250,25,2026-07-08
S021,P00420,42,25,2026-07-08
S021,P00421,228,25,2026-07-08
S021,P00422,235,25,2026-07-08
S021,P00423,267,25,2026-07-08
S021,P00424,36,25,2026-07-08
S021,P00425,68,25,2026-07-08
S021,P00426,175,25,2026-07-08
S021,P00427,28,25,2026-07-08
S021,P00428,130,25,2026-07-08
S021,P00429,242,25,2026-07-08
S021,P00430,278,25,2026-07-08
S021,P00431,189,25,2026-07-08
S021,P00432,226,25,2026-07-08
S021,P00433,280,25,2026-07-08
S021,P00434,141,25,2026-07-08
S021,P00435,10,25,2026-07-08
S021,P00436,59,25,2026-07-08
S021,P00437,280,25,2026-07-08
S021,P00438,244,25,2026-07-08
S021,P00439,235,25,2026-07-08
S021,P00440,285,25,2026-07-08
S021,P00441,265,25,2026-07-08
S021,P00442,144,25,2026-07-08
S021,P00443,124,25,2026-07-08
S021,P00444,242,25,2026-07-08
S021,P00445,128,25,2026-07-08
S021,P00446,70,25,2026-07-08
S021,P00447,23,25,2026-07-08
S021,P00448,68,25,2026-07-08
S021,P00449,288,25,2026-07-08
S021,P00450,101,25,2026-07-08
S021,P00451,294,25,2026-07-08
S021,P00452,16,25,2026-07-08
S021,P00453,43,25,2026-07-08
S021,P00454,124,25,2026-07-08
S021,P00455,217,25,2026-07-08
S021,P00456,0,25,2026-07-08
S021,P00457,75,25,2026-07-08
S021,P00458,160,25,2026-07-08
S021,P00459,246,25,2026-07-08
S021,P00460,158,25,2026-07-08
S021,P00461,2,25,2026-07-08
S021,P00462,53,25,2026-07-08
S021,P00463,27,25,2026-07-08
S021,P00464,279,25,2026-07-08
S021,P00465,192,25,2026-07-08
S021,P00466,67,25,2026-07-08
S021,P00467,119,25,2026-07-08
S021,P00468,205,25,2026-07-08
S021,P00469,82,25,2026-07-08
S021,P00470,89,25,2026-07-08
S021,P00471,142,25,2026-07-08
S021,P00472,238,25,2026-07-08
S021,P00473,288,25,2026-07-08
S021,P00474,209,25,2026-07-08
S021,P00475,66,25,2026-07-08
S021,P00476,235,25,2026-07-08
S021,P00477,220,25,2026-07-08
S021,P00478,8,25,2026-07-08
S021,P00479,81,25,2026-07-08
S021,P00480,86,25,2026-07-08
S021,P00481,204,25,2026-07-08
S021,P00482,171,25,2026-07-08
S021,P00483,73,25,2026-07-08
S021,P00484,92,25,2026-07-08
S021,P00485,19,25,2026-07-08
S021,P00486,237,25,2026-07-08
S021,P00487,9,25,2026-07-08
S021,P00488,234,25,2026-07-08
S021,P00489,289,25,2026-07-08
S021,P00490,150,25,2026-07-08
S021,P00491,299,25,2026-07-08
S021,P00492,242,25,2026-07-08
S021,P00493,281,25,2026-07-08
S021,P00494,130,25,2026-07-08
S021,P00495,14,25,2026-07-08
S021,P00496,155,25,2026-07-08
S021,P00497,209,25,2026-07-08
S021,P00498,188,25,2026-07-08
S021,P00499,34,25,2026-07-08
S021,P00500,111,25,2026-07-08
S022,P00001,62,25,2026-07-08
S022,P00002,229,25,2026-07-08
S022,P00003,100,25,2026-07-08
S022,P00004,110,25,2026-07-08
S022,P00005,271,25,2026-07-08
S022,P00006,197,25,2026-07-08
S022,P00007,33,25,2026-07-08
S022,P00008,245,25,2026-07-08
S022,P00009,185,25,2026-07-08
S022,P00010,171,25,2026-07-08
S022,P00011,178,25,2026-07-08
S022,P00012,256,25,2026-07-08
S022,P00013,186,25,2026-07-08
S022,P00014,46,25,2026-07-08
S022,P00015,51,25,2026-07-08
S022,P00016,60,25,2026-07-08
S022,P00017,270,25,2026-07-08
S022,P00018,2,25,2026-07-08
S022,P00019,266,25,2026-07-08
S022,P00020,29,25,2026-07-08
S022,P00021,69,25,2026-07-08
S022,P00022,253,25,2026-07-08
S022,P00023,282,25,2026-07-08
S022,P00024,19,25,2026-07-08
S022,P00025,80,25,2026-07-08
S022,P00026,232,25,2026-07-08
S022,P00027,81,25,2026-07-08
S022,P00028,222,25,2026-07-08
S022,P00029,223,25,2026-07-08
S022,P00030,176,25,2026-07-08
S022,P00031,83,25,2026-07-08
S022,P00032,64,25,2026-07-08
S022,P00033,206,25,2026-07-08
S022,P00034,233,25,2026-07-08
S022,P00035,46,25,2026-07-08
S022,P00036,125,25,2026-07-08
S022,P00037,54,25,2026-07-08
S022,P00038,76,25,2026-07-08
S022,P00039,258,25,2026-07-08
S022,P00040,219,25,2026-07-08
S022,P00041,273,25,2026-07-08
S022,P00042,125,25,2026-07-08
S022,P00043,259,25,2026-07-08
S022,P00044,113,25,2026-07-08
S022,P00045,83,25,2026-07-08
S022,P00046,289,25,2026-07-08
S022,P00047,115,25,2026-07-08
S022,P00048,171,25,2026-07-08
S022,P00049,30,25,2026-07-08
S022,P00050,10,25,2026-07-08
S022,P00051,116,25,2026-07-08
S022,P00052,52,25,2026-07-08
S022,P00053,118,25,2026-07-08
S022,P00054,250,25,2026-07-08
S022,P00055,272,25,2026-07-08
S022,P00056,237,25,2026-07-08
S022,P00057,270,25,2026-07-08
S022,P00058,289,25,2026-07-08
S022,P00059,133,25,2026-07-08
S022,P00060,235,25,2026-07-08
S022,P00061,69,25,2026-07-08
S022,P00062,76,25,2026-07-08
S022,P00063,68,25,2026-07-08
S022,P00064,277,25,2026-07-08
S022,P00065,198,25,2026-07-08
S022,P00066,29,25,2026-07-08
S022,P00067,26,25,2026-07-08
S022,P00068,227,25,2026-07-08
S022,P00069,158,25,2026-07-08
S022,P00070,184,25,2026-07-08
S022,P00071,127,25,2026-07-08
S022,P00072,234,25,2026-07-08
S022,P00073,45,25,2026-07-08
S022,P00074,78,25,2026-07-08
S022,P00075,235,25,2026-07-08
S022,P00076,67,25,2026-07-08
S022,P00077,264,25,2026-07-08
S022,P00078,220,25,2026-07-08
S022,P00079,208,25,2026-07-08
S022,P00080,120,25,2026-07-08
S022,P00081,11,25,2026-07-08
S022,P00082,219,25,2026-07-08
S022,P00083,56,25,2026-07-08
S022,P00084,115,25,2026-07-08
S022,P00085,264,25,2026-07-08
S022,P00086,218,25,2026-07-08
S022,P00087,7,25,2026-07-08
S022,P00088,38,25,2026-07-08
S022,P00089,261,25,2026-07-08
S022,P00090,199,25,2026-07-08
S022,P00091,204,25,2026-07-08
S022,P00092,277,25,2026-07-08
S022,P00093,69,25,2026-07-08
S022,P00094,36,25,2026-07-08
S022,P00095,299,25,2026-07-08
S022,P00096,297,25,2026-07-08
S022,P00097,65,25,2026-07-08
S022,P00098,107,25,2026-07-08
S022,P00099,112,25,2026-07-08
S022,P00100,119,25,2026-07-08
S022,P00101,282,25,2026-07-08
S022,P00102,102,25,2026-07-08
S022,P00103,119,25,2026-07-08
S022,P00104,276,25,2026-07-08
S022,P00105,184,25,2026-07-08
S022,P00106,143,25,2026-07-08
S022,P00107,245,25,2026-07-08
S022,P00108,178,25,2026-07-08
S022,P00109,124,25,2026-07-08
S022,P00110,228,25,2026-07-08
S022,P00111,107,25,2026-07-08
S022,P00112,73,25,2026-07-08
S022,P00113,179,25,2026-07-08
S022,P00114,139,25,2026-07-08
S022,P00115,162,25,2026-07-08
S022,P00116,247,25,2026-07-08
S022,P00117,192,25,2026-07-08
S022,P00118,13,25,2026-07-08
S022,P00119,29,25,2026-07-08
S022,P00120,45,25,2026-07-08
S022,P00121,97,25,2026-07-08
S022,P00122,196,25,2026-07-08
S022,P00123,142,25,2026-07-08
S022,P00124,272,25,2026-07-08
S022,P00125,166,25,2026-07-08
S022,P00126,274,25,2026-07-08
S022,P00127,59,25,2026-07-08
S022,P00128,88,25,2026-07-08
S022,P00129,23,25,2026-07-08
S022,P00130,59,25,2026-07-08
S022,P00131,87,25,2026-07-08
S022,P00132,6,25,2026-07-08
S022,P00133,35,25,2026-07-08
S022,P00134,47,25,2026-07-08
S022,P00135,154,25,2026-07-08
S022,P00136,229,25,2026-07-08
S022,P00137,202,25,2026-07-08
S022,P00138,271,25,2026-07-08
S022,P00139,180,25,2026-07-08
S022,P00140,82,25,2026-07-08
S022,P00141,105,25,2026-07-08
S022,P00142,122,25,2026-07-08
S022,P00143,59,25,2026-07-08
S022,P00144,272,25,2026-07-08
S022,P00145,232,25,2026-07-08
S022,P00146,0,25,2026-07-08
S022,P00147,139,25,2026-07-08
S022,P00148,179,25,2026-07-08
S022,P00149,77,25,2026-07-08
S022,P00150,219,25,2026-07-08
S022,P00151,62,25,2026-07-08
S022,P00152,215,25,2026-07-08
S022,P00153,211,25,2026-07-08
S022,P00154,217,25,2026-07-08
S022,P00155,232,25,2026-07-08
S022,P00156,262,25,2026-07-08
S022,P00157,211,25,2026-07-08
S022,P00158,177,25,2026-07-08
S022,P00159,41,25,2026-07-08
S022,P00160,276,25,2026-07-08
S022,P00161,238,25,2026-07-08
S022,P00162,280,25,2026-07-08
S022,P00163,28,25,2026-07-08
S022,P00164,37,25,2026-07-08
S022,P00165,245,25,2026-07-08
S022,P00166,254,25,2026-07-08
S022,P00167,64,25,2026-07-08
S022,P00168,51,25,2026-07-08
S022,P00169,149,25,2026-07-08
S022,P00170,245,25,2026-07-08
S022,P00171,265,25,2026-07-08
S022,P00172,258,25,2026-07-08
S022,P00173,222,25,2026-07-08
S022,P00174,285,25,2026-07-08
S022,P00175,64,25,2026-07-08
S022,P00176,292,25,2026-07-08
S022,P00177,282,25,2026-07-08
S022,P00178,107,25,2026-07-08
S022,P00179,231,25,2026-07-08
S022,P00180,132,25,2026-07-08
S022,P00181,4,25,2026-07-08
S022,P00182,163,25,2026-07-08
S022,P00183,278,25,2026-07-08
S022,P00184,63,25,2026-07-08
S022,P00185,20,25,2026-07-08
S022,P00186,247,25,2026-07-08
S022,P00187,182,25,2026-07-08
S022,P00188,151,25,2026-07-08
S022,P00189,263,25,2026-07-08
S022,P00190,291,25,2026-07-08
S022,P00191,77,25,2026-07-08
S022,P00192,299,25,2026-07-08
S022,P00193,236,25,2026-07-08
S022,P00194,240,25,2026-07-08
S022,P00195,155,25,2026-07-08
S022,P00196,53,25,2026-07-08
S022,P00197,282,25,2026-07-08
S022,P00198,52,25,2026-07-08
S022,P00199,140,25,2026-07-08
S022,P00200,8,25,2026-07-08
S022,P00201,216,25,2026-07-08
S022,P00202,87,25,2026-07-08
S022,P00203,172,25,2026-07-08
S022,P00204,245,25,2026-07-08
S022,P00205,112,25,2026-07-08
S022,P00206,205,25,2026-07-08
S022,P00207,106,25,2026-07-08
S022,P00208,145,25,2026-07-08
S022,P00209,292,25,2026-07-08
S022,P00210,250,25,2026-07-08
S022,P00211,271,25,2026-07-08
S022,P00212,142,25,2026-07-08
S022,P00213,66,25,2026-07-08
S022,P00214,42,25,2026-07-08
S022,P00215,234,25,2026-07-08
S022,P00216,90,25,2026-07-08
S022,P00217,106,25,2026-07-08
S022,P00218,220,25,2026-07-08
S022,P00219,65,25,2026-07-08
S022,P00220,225,25,2026-07-08
S022,P00221,134,25,2026-07-08
S022,P00222,18,25,2026-07-08
S022,P00223,25,25,2026-07-08
S022,P00224,195,25,2026-07-08
S022,P00225,72,25,2026-07-08
S022,P00226,250,25,2026-07-08
S022,P00227,170,25,2026-07-08
S022,P00228,28,25,2026-07-08
S022,P00229,106,25,2026-07-08
S022,P00230,256,25,2026-07-08
S022,P00231,156,25,2026-07-08
S022,P00232,192,25,2026-07-08
S022,P00233,226,25,2026-07-08
S022,P00234,172,25,2026-07-08
S022,P00235,192,25,2026-07-08
S022,P00236,40,25,2026-07-08
S022,P00237,121,25,2026-07-08
S022,P00238,33,25,2026-07-08
S022,P00239,248,25,2026-07-08
S022,P00240,116,25,2026-07-08
S022,P00241,39,25,2026-07-08
S022,P00242,166,25,2026-07-08
S022,P00243,56,25,2026-07-08
S022,P00244,247,25,2026-07-08
S022,P00245,183,25,2026-07-08
S022,P00246,151,25,2026-07-08
S022,P00247,285,25,2026-07-08
S022,P00248,133,25,2026-07-08
S022,P00249,123,25,2026-07-08
S022,P00250,182,25,2026-07-08
S022,P00251,93,25,2026-07-08
S022,P00252,269,25,2026-07-08
S022,P00253,117,25,2026-07-08
S022,P00254,91,25,2026-07-08
S022,P00255,183,25,2026-07-08
S022,P00256,160,25,2026-07-08
S022,P00257,37,25,2026-07-08
S022,P00258,246,25,2026-07-08
S022,P00259,222,25,2026-07-08
S022,P00260,169,25,2026-07-08
S022,P00261,30,25,2026-07-08
S022,P00262,247,25,2026-07-08
S022,P00263,270,25,2026-07-08
S022,P00264,296,25,2026-07-08
S022,P00265,134,25,2026-07-08
S022,P00266,133,25,2026-07-08
S022,P00267,49,25,2026-07-08
S022,P00268,68,25,2026-07-08
S022,P00269,143,25,2026-07-08
S022,P00270,13,25,2026-07-08
S022,P00271,64,25,2026-07-08
S022,P00272,99,25,2026-07-08
S022,P00273,137,25,2026-07-08
S022,P00274,114,25,2026-07-08
S022,P00275,103,25,2026-07-08
S022,P00276,156,25,2026-07-08
S022,P00277,193,25,2026-07-08
S022,P00278,276,25,2026-07-08
S022,P00279,1,25,2026-07-08
S022,P00280,148,25,2026-07-08
S022,P00281,90,25,2026-07-08
S022,P00282,177,25,2026-07-08
S022,P00283,195,25,2026-07-08
S022,P00284,80,25,2026-07-08
S022,P00285,225,25,2026-07-08
S022,P00286,85,25,2026-07-08
S022,P00287,143,25,2026-07-08
S022,P00288,212,25,2026-07-08
S022,P00289,208,25,2026-07-08
S022,P00290,58,25,2026-07-08
S022,P00291,160,25,2026-07-08
S022,P00292,265,25,2026-07-08
S022,P00293,283,25,2026-07-08
S022,P00294,218,25,2026-07-08
S022,P00295,227,25,2026-07-08
S022,P00296,41,25,2026-07-08
S022,P00297,27,25,2026-07-08
S022,P00298,211,25,2026-07-08
S022,P00299,103,25,2026-07-08
S022,P00300,264,25,2026-07-08
S022,P00301,37,25,2026-07-08
S022,P00302,100,25,2026-07-08
S022,P00303,102,25,2026-07-08
S022,P00304,97,25,2026-07-08
S022,P00305,179,25,2026-07-08
S022,P00306,39,25,2026-07-08
S022,P00307,81,25,2026-07-08
S022,P00308,73,25,2026-07-08
S022,P00309,272,25,2026-07-08
S022,P00310,250,25,2026-07-08
S022,P00311,188,25,2026-07-08
S022,P00312,232,25,2026-07-08
S022,P00313,284,25,2026-07-08
S022,P00314,159,25,2026-07-08
S022,P00315,256,25,2026-07-08
S022,P00316,184,25,2026-07-08
S022,P00317,25,25,2026-07-08
S022,P00318,21,25,2026-07-08
S022,P00319,56,25,2026-07-08
S022,P00320,94,25,2026-07-08
S022,P00321,65,25,2026-07-08
S022,P00322,79,25,2026-07-08
S022,P00323,28,25,2026-07-08
S022,P00324,27,25,2026-07-08
S022,P00325,88,25,2026-07-08
S022,P00326,76,25,2026-07-08
S022,P00327,11,25,2026-07-08
S022,P00328,263,25,2026-07-08
S022,P00329,297,25,2026-07-08
S022,P00330,13,25,2026-07-08
S022,P00331,89,25,2026-07-08
S022,P00332,33,25,2026-07-08
S022,P00333,182,25,2026-07-08
S022,P00334,150,25,2026-07-08
S022,P00335,61,25,2026-07-08
S022,P00336,236,25,2026-07-08
S022,P00337,287,25,2026-07-08
S022,P00338,89,25,2026-07-08
S022,P00339,158,25,2026-07-08
S022,P00340,178,25,2026-07-08
S022,P00341,238,25,2026-07-08
S022,P00342,59,25,2026-07-08
S022,P00343,155,25,2026-07-08
S022,P00344,222,25,2026-07-08
S022,P00345,152,25,2026-07-08
S022,P00346,43,25,2026-07-08
S022,P00347,256,25,2026-07-08
S022,P00348,227,25,2026-07-08
S022,P00349,252,25,2026-07-08
S022,P00350,92,25,2026-07-08
S022,P00351,35,25,2026-07-08
S022,P00352,240,25,2026-07-08
S022,P00353,210,25,2026-07-08
S022,P00354,25,25,2026-07-08
S022,P00355,279,25,2026-07-08
S022,P00356,57,25,2026-07-08
S022,P00357,36,25,2026-07-08
S022,P00358,142,25,2026-07-08
S022,P00359,45,25,2026-07-08
S022,P00360,291,25,2026-07-08
S022,P00361,172,25,2026-07-08
S022,P00362,61,25,2026-07-08
S022,P00363,180,25,2026-07-08
S022,P00364,189,25,2026-07-08
S022,P00365,159,25,2026-07-08
S022,P00366,285,25,2026-07-08
S022,P00367,42,25,2026-07-08
S022,P00368,77,25,2026-07-08
S022,P00369,90,25,2026-07-08
S022,P00370,204,25,2026-07-08
S022,P00371,93,25,2026-07-08
S022,P00372,66,25,2026-07-08
S022,P00373,90,25,2026-07-08
S022,P00374,221,25,2026-07-08
S022,P00375,273,25,2026-07-08
S022,P00376,22,25,2026-07-08
S022,P00377,272,25,2026-07-08
S022,P00378,130,25,2026-07-08
S022,P00379,159,25,2026-07-08
S022,P00380,91,25,2026-07-08
S022,P00381,66,25,2026-07-08
S022,P00382,281,25,2026-07-08
S022,P00383,37,25,2026-07-08
S022,P00384,112,25,2026-07-08
S022,P00385,22,25,2026-07-08
S022,P00386,270,25,2026-07-08
S022,P00387,121,25,2026-07-08
S022,P00388,273,25,2026-07-08
S022,P00389,240,25,2026-07-08
S022,P00390,165,25,2026-07-08
S022,P00391,73,25,2026-07-08
S022,P00392,128,25,2026-07-08
S022,P00393,82,25,2026-07-08
S022,P00394,290,25,2026-07-08
S022,P00395,285,25,2026-07-08
S022,P00396,76,25,2026-07-08
S022,P00397,186,25,2026-07-08
S022,P00398,128,25,2026-07-08
S022,P00399,113,25,2026-07-08
S022,P00400,188,25,2026-07-08
S022,P00401,143,25,2026-07-08
S022,P00402,278,25,2026-07-08
S022,P00403,75,25,2026-07-08
S022,P00404,36,25,2026-07-08
S022,P00405,164,25,2026-07-08
S022,P00406,133,25,2026-07-08
S022,P00407,186,25,2026-07-08
S022,P00408,154,25,2026-07-08
S022,P00409,164,25,2026-07-08
S022,P00410,17,25,2026-07-08
S022,P00411,178,25,2026-07-08
S022,P00412,182,25,2026-07-08
S022,P00413,94,25,2026-07-08
S022,P00414,36,25,2026-07-08
S022,P00415,24,25,2026-07-08
S022,P00416,179,25,2026-07-08
S022,P00417,121,25,2026-07-08
S022,P00418,85,25,2026-07-08
S022,P00419,190,25,2026-07-08
S022,P00420,210,25,2026-07-08
S022,P00421,254,25,2026-07-08
S022,P00422,152,25,2026-07-08
S022,P00423,154,25,2026-07-08
S022,P00424,122,25,2026-07-08
S022,P00425,194,25,2026-07-08
S022,P00426,57,25,2026-07-08
S022,P00427,203,25,2026-07-08
S022,P00428,75,25,2026-07-08
S022,P00429,299,25,2026-07-08
S022,P00430,275,25,2026-07-08
S022,P00431,99,25,2026-07-08
S022,P00432,295,25,2026-07-08
S022,P00433,120,25,2026-07-08
S022,P00434,290,25,2026-07-08
S022,P00435,17,25,2026-07-08
S022,P00436,272,25,2026-07-08
S022,P00437,278,25,2026-07-08
S022,P00438,1,25,2026-07-08
S022,P00439,35,25,2026-07-08
S022,P00440,50,25,2026-07-08
S022,P00441,297,25,2026-07-08
S022,P00442,189,25,2026-07-08
S022,P00443,9,25,2026-07-08
S022,P00444,294,25,2026-07-08
S022,P00445,259,25,2026-07-08
S022,P00446,142,25,2026-07-08
S022,P00447,22,25,2026-07-08
S022,P00448,69,25,2026-07-08
S022,P00449,290,25,2026-07-08
S022,P00450,215,25,2026-07-08
S022,P00451,281,25,2026-07-08
S022,P00452,26,25,2026-07-08
S022,P00453,107,25,2026-07-08
S022,P00454,263,25,2026-07-08
S022,P00455,259,25,2026-07-08
S022,P00456,247,25,2026-07-08
S022,P00457,167,25,2026-07-08
S022,P00458,128,25,2026-07-08
S022,P00459,60,25,2026-07-08
S022,P00460,171,25,2026-07-08
S022,P00461,30,25,2026-07-08
S022,P00462,178,25,2026-07-08
S022,P00463,237,25,2026-07-08
S022,P00464,67,25,2026-07-08
S022,P00465,214,25,2026-07-08
S022,P00466,272,25,2026-07-08
S022,P00467,107,25,2026-07-08
S022,P00468,136,25,2026-07-08
S022,P00469,87,25,2026-07-08
S022,P00470,71,25,2026-07-08
S022,P00471,108,25,2026-07-08
S022,P00472,155,25,2026-07-08
S022,P00473,207,25,2026-07-08
S022,P00474,2,25,2026-07-08
S022,P00475,179,25,2026-07-08
S022,P00476,80,25,2026-07-08
S022,P00477,128,25,2026-07-08
S022,P00478,285,25,2026-07-08
S022,P00479,41,25,2026-07-08
S022,P00480,12,25,2026-07-08
S022,P00481,285,25,2026-07-08
S022,P00482,265,25,2026-07-08
S022,P00483,5,25,2026-07-08
S022,P00484,143,25,2026-07-08
S022,P00485,56,25,2026-07-08
S022,P00486,49,25,2026-07-08
S022,P00487,125,25,2026-07-08
S022,P00488,232,25,2026-07-08
S022,P00489,177,25,2026-07-08
S022,P00490,40,25,2026-07-08
S022,P00491,219,25,2026-07-08
S022,P00492,216,25,2026-07-08
S022,P00493,175,25,2026-07-08
S022,P00494,12,25,2026-07-08
S022,P00495,269,25,2026-07-08
S022,P00496,196,25,2026-07-08
S022,P00497,287,25,2026-07-08
S022,P00498,149,25,2026-07-08
S022,P00499,29,25,2026-07-08
S022,P00500,189,25,2026-07-08
S023,P00001,254,25,2026-07-08
S023,P00002,146,25,2026-07-08
S023,P00003,228,25,2026-07-08
S023,P00004,291,25,2026-07-08
S023,P00005,257,25,2026-07-08
S023,P00006,236,25,2026-07-08
S023,P00007,266,25,2026-07-08
S023,P00008,106,25,2026-07-08
S023,P00009,158,25,2026-07-08
S023,P00010,194,25,2026-07-08
S023,P00011,121,25,2026-07-08
S023,P00012,201,25,2026-07-08
S023,P00013,14,25,2026-07-08
S023,P00014,82,25,2026-07-08
S023,P00015,4,25,2026-07-08
S023,P00016,41,25,2026-07-08
S023,P00017,296,25,2026-07-08
S023,P00018,7,25,2026-07-08
S023,P00019,197,25,2026-07-08
S023,P00020,151,25,2026-07-08
S023,P00021,99,25,2026-07-08
S023,P00022,236,25,2026-07-08
S023,P00023,260,25,2026-07-08
S023,P00024,54,25,2026-07-08
S023,P00025,286,25,2026-07-08
S023,P00026,140,25,2026-07-08
S023,P00027,226,25,2026-07-08
S023,P00028,52,25,2026-07-08
S023,P00029,32,25,2026-07-08
S023,P00030,33,25,2026-07-08
S023,P00031,49,25,2026-07-08
S023,P00032,161,25,2026-07-08
S023,P00033,54,25,2026-07-08
S023,P00034,169,25,2026-07-08
S023,P00035,96,25,2026-07-08
S023,P00036,87,25,2026-07-08
S023,P00037,287,25,2026-07-08
S023,P00038,282,25,2026-07-08
S023,P00039,187,25,2026-07-08
S023,P00040,21,25,2026-07-08
S023,P00041,297,25,2026-07-08
S023,P00042,290,25,2026-07-08
S023,P00043,104,25,2026-07-08
S023,P00044,300,25,2026-07-08
S023,P00045,246,25,2026-07-08
S023,P00046,41,25,2026-07-08
S023,P00047,190,25,2026-07-08
S023,P00048,3,25,2026-07-08
S023,P00049,281,25,2026-07-08
S023,P00050,58,25,2026-07-08
S023,P00051,47,25,2026-07-08
S023,P00052,94,25,2026-07-08
S023,P00053,281,25,2026-07-08
S023,P00054,67,25,2026-07-08
S023,P00055,127,25,2026-07-08
S023,P00056,180,25,2026-07-08
S023,P00057,54,25,2026-07-08
S023,P00058,284,25,2026-07-08
S023,P00059,293,25,2026-07-08
S023,P00060,127,25,2026-07-08
S023,P00061,39,25,2026-07-08
S023,P00062,111,25,2026-07-08
S023,P00063,210,25,2026-07-08
S023,P00064,72,25,2026-07-08
S023,P00065,287,25,2026-07-08
S023,P00066,191,25,2026-07-08
S023,P00067,3,25,2026-07-08
S023,P00068,236,25,2026-07-08
S023,P00069,242,25,2026-07-08
S023,P00070,53,25,2026-07-08
S023,P00071,87,25,2026-07-08
S023,P00072,88,25,2026-07-08
S023,P00073,258,25,2026-07-08
S023,P00074,128,25,2026-07-08
S023,P00075,173,25,2026-07-08
S023,P00076,114,25,2026-07-08
S023,P00077,197,25,2026-07-08
S023,P00078,193,25,2026-07-08
S023,P00079,176,25,2026-07-08
S023,P00080,279,25,2026-07-08
S023,P00081,257,25,2026-07-08
S023,P00082,229,25,2026-07-08
S023,P00083,263,25,2026-07-08
S023,P00084,197,25,2026-07-08
S023,P00085,55,25,2026-07-08
S023,P00086,297,25,2026-07-08
S023,P00087,58,25,2026-07-08
S023,P00088,62,25,2026-07-08
S023,P00089,271,25,2026-07-08
S023,P00090,119,25,2026-07-08
S023,P00091,176,25,2026-07-08
S023,P00092,128,25,2026-07-08
S023,P00093,281,25,2026-07-08
S023,P00094,166,25,2026-07-08
S023,P00095,45,25,2026-07-08
S023,P00096,220,25,2026-07-08
S023,P00097,32,25,2026-07-08
S023,P00098,284,25,2026-07-08
S023,P00099,203,25,2026-07-08
S023,P00100,116,25,2026-07-08
S023,P00101,275,25,2026-07-08
S023,P00102,212,25,2026-07-08
S023,P00103,234,25,2026-07-08
S023,P00104,220,25,2026-07-08
S023,P00105,134,25,2026-07-08
S023,P00106,139,25,2026-07-08
S023,P00107,94,25,2026-07-08
S023,P00108,274,25,2026-07-08
S023,P00109,64,25,2026-07-08
S023,P00110,156,25,2026-07-08
S023,P00111,245,25,2026-07-08
S023,P00112,245,25,2026-07-08
S023,P00113,258,25,2026-07-08
S023,P00114,67,25,2026-07-08
S023,P00115,197,25,2026-07-08
S023,P00116,118,25,2026-07-08
S023,P00117,210,25,2026-07-08
S023,P00118,212,25,2026-07-08
S023,P00119,240,25,2026-07-08
S023,P00120,36,25,2026-07-08
S023,P00121,130,25,2026-07-08
S023,P00122,114,25,2026-07-08
S023,P00123,154,25,2026-07-08
S023,P00124,192,25,2026-07-08
S023,P00125,44,25,2026-07-08
S023,P00126,211,25,2026-07-08
S023,P00127,101,25,2026-07-08
S023,P00128,202,25,2026-07-08
S023,P00129,34,25,2026-07-08
S023,P00130,58,25,2026-07-08
S023,P00131,153,25,2026-07-08
S023,P00132,87,25,2026-07-08
S023,P00133,140,25,2026-07-08
S023,P00134,15,25,2026-07-08
S023,P00135,180,25,2026-07-08
S023,P00136,285,25,2026-07-08
S023,P00137,201,25,2026-07-08
S023,P00138,211,25,2026-07-08
S023,P00139,159,25,2026-07-08
S023,P00140,122,25,2026-07-08
S023,P00141,218,25,2026-07-08
S023,P00142,33,25,2026-07-08
S023,P00143,280,25,2026-07-08
S023,P00144,138,25,2026-07-08
S023,P00145,160,25,2026-07-08
S023,P00146,266,25,2026-07-08
S023,P00147,95,25,2026-07-08
S023,P00148,260,25,2026-07-08
S023,P00149,20,25,2026-07-08
S023,P00150,233,25,2026-07-08
S023,P00151,29,25,2026-07-08
S023,P00152,135,25,2026-07-08
S023,P00153,200,25,2026-07-08
S023,P00154,163,25,2026-07-08
S023,P00155,24,25,2026-07-08
S023,P00156,58,25,2026-07-08
S023,P00157,290,25,2026-07-08
S023,P00158,68,25,2026-07-08
S023,P00159,112,25,2026-07-08
S023,P00160,262,25,2026-07-08
S023,P00161,261,25,2026-07-08
S023,P00162,141,25,2026-07-08
S023,P00163,239,25,2026-07-08
S023,P00164,272,25,2026-07-08
S023,P00165,259,25,2026-07-08
S023,P00166,176,25,2026-07-08
S023,P00167,70,25,2026-07-08
S023,P00168,278,25,2026-07-08
S023,P00169,173,25,2026-07-08
S023,P00170,63,25,2026-07-08
S023,P00171,241,25,2026-07-08
S023,P00172,139,25,2026-07-08
S023,P00173,152,25,2026-07-08
S023,P00174,34,25,2026-07-08
S023,P00175,3,25,2026-07-08
S023,P00176,4,25,2026-07-08
S023,P00177,157,25,2026-07-08
S023,P00178,45,25,2026-07-08
S023,P00179,94,25,2026-07-08
S023,P00180,25,25,2026-07-08
S023,P00181,26,25,2026-07-08
S023,P00182,233,25,2026-07-08
S023,P00183,152,25,2026-07-08
S023,P00184,214,25,2026-07-08
S023,P00185,259,25,2026-07-08
S023,P00186,165,25,2026-07-08
S023,P00187,90,25,2026-07-08
S023,P00188,279,25,2026-07-08
S023,P00189,194,25,2026-07-08
S023,P00190,199,25,2026-07-08
S023,P00191,89,25,2026-07-08
S023,P00192,275,25,2026-07-08
S023,P00193,13,25,2026-07-08
S023,P00194,112,25,2026-07-08
S023,P00195,255,25,2026-07-08
S023,P00196,193,25,2026-07-08
S023,P00197,98,25,2026-07-08
S023,P00198,24,25,2026-07-08
S023,P00199,211,25,2026-07-08
S023,P00200,270,25,2026-07-08
S023,P00201,134,25,2026-07-08
S023,P00202,110,25,2026-07-08
S023,P00203,18,25,2026-07-08
S023,P00204,76,25,2026-07-08
S023,P00205,46,25,2026-07-08
S023,P00206,60,25,2026-07-08
S023,P00207,132,25,2026-07-08
S023,P00208,20,25,2026-07-08
S023,P00209,270,25,2026-07-08
S023,P00210,56,25,2026-07-08
S023,P00211,147,25,2026-07-08
S023,P00212,75,25,2026-07-08
S023,P00213,80,25,2026-07-08
S023,P00214,71,25,2026-07-08
S023,P00215,295,25,2026-07-08
S023,P00216,24,25,2026-07-08
S023,P00217,260,25,2026-07-08
S023,P00218,191,25,2026-07-08
S023,P00219,210,25,2026-07-08
S023,P00220,205,25,2026-07-08
S023,P00221,76,25,2026-07-08
S023,P00222,218,25,2026-07-08
S023,P00223,18,25,2026-07-08
S023,P00224,236,25,2026-07-08
S023,P00225,210,25,2026-07-08
S023,P00226,188,25,2026-07-08
S023,P00227,161,25,2026-07-08
S023,P00228,24,25,2026-07-08
S023,P00229,250,25,2026-07-08
S023,P00230,243,25,2026-07-08
S023,P00231,33,25,2026-07-08
S023,P00232,235,25,2026-07-08
S023,P00233,50,25,2026-07-08
S023,P00234,164,25,2026-07-08
S023,P00235,7,25,2026-07-08
S023,P00236,0,25,2026-07-08
S023,P00237,99,25,2026-07-08
S023,P00238,121,25,2026-07-08
S023,P00239,178,25,2026-07-08
S023,P00240,132,25,2026-07-08
S023,P00241,190,25,2026-07-08
S023,P00242,125,25,2026-07-08
S023,P00243,188,25,2026-07-08
S023,P00244,261,25,2026-07-08
S023,P00245,297,25,2026-07-08
S023,P00246,95,25,2026-07-08
S023,P00247,78,25,2026-07-08
S023,P00248,221,25,2026-07-08
S023,P00249,63,25,2026-07-08
S023,P00250,102,25,2026-07-08
S023,P00251,81,25,2026-07-08
S023,P00252,256,25,2026-07-08
S023,P00253,160,25,2026-07-08
S023,P00254,10,25,2026-07-08
S023,P00255,265,25,2026-07-08
S023,P00256,147,25,2026-07-08
S023,P00257,292,25,2026-07-08
S023,P00258,195,25,2026-07-08
S023,P00259,249,25,2026-07-08
S023,P00260,258,25,2026-07-08
S023,P00261,25,25,2026-07-08
S023,P00262,122,25,2026-07-08
S023,P00263,225,25,2026-07-08
S023,P00264,49,25,2026-07-08
S023,P00265,84,25,2026-07-08
S023,P00266,108,25,2026-07-08
S023,P00267,151,25,2026-07-08
S023,P00268,13,25,2026-07-08
S023,P00269,256,25,2026-07-08
S023,P00270,44,25,2026-07-08
S023,P00271,246,25,2026-07-08
S023,P00272,80,25,2026-07-08
S023,P00273,30,25,2026-07-08
S023,P00274,265,25,2026-07-08
S023,P00275,71,25,2026-07-08
S023,P00276,37,25,2026-07-08
S023,P00277,221,25,2026-07-08
S023,P00278,288,25,2026-07-08
S023,P00279,54,25,2026-07-08
S023,P00280,203,25,2026-07-08
S023,P00281,86,25,2026-07-08
S023,P00282,7,25,2026-07-08
S023,P00283,37,25,2026-07-08
S023,P00284,56,25,2026-07-08
S023,P00285,271,25,2026-07-08
S023,P00286,194,25,2026-07-08
S023,P00287,171,25,2026-07-08
S023,P00288,140,25,2026-07-08
S023,P00289,174,25,2026-07-08
S023,P00290,231,25,2026-07-08
S023,P00291,257,25,2026-07-08
S023,P00292,189,25,2026-07-08
S023,P00293,98,25,2026-07-08
S023,P00294,197,25,2026-07-08
S023,P00295,222,25,2026-07-08
S023,P00296,51,25,2026-07-08
S023,P00297,271,25,2026-07-08
S023,P00298,198,25,2026-07-08
S023,P00299,286,25,2026-07-08
S023,P00300,2,25,2026-07-08
S023,P00301,27,25,2026-07-08
S023,P00302,294,25,2026-07-08
S023,P00303,166,25,2026-07-08
S023,P00304,289,25,2026-07-08
S023,P00305,189,25,2026-07-08
S023,P00306,263,25,2026-07-08
S023,P00307,154,25,2026-07-08
S023,P00308,267,25,2026-07-08
S023,P00309,7,25,2026-07-08
S023,P00310,132,25,2026-07-08
S023,P00311,213,25,2026-07-08
S023,P00312,95,25,2026-07-08
S023,P00313,89,25,2026-07-08
S023,P00314,68,25,2026-07-08
S023,P00315,194,25,2026-07-08
S023,P00316,41,25,2026-07-08
S023,P00317,38,25,2026-07-08
S023,P00318,13,25,2026-07-08
S023,P00319,192,25,2026-07-08
S023,P00320,150,25,2026-07-08
S023,P00321,61,25,2026-07-08
S023,P00322,196,25,2026-07-08
S023,P00323,74,25,2026-07-08
S023,P00324,213,25,2026-07-08
S023,P00325,249,25,2026-07-08
S023,P00326,281,25,2026-07-08
S023,P00327,43,25,2026-07-08
S023,P00328,299,25,2026-07-08
S023,P00329,119,25,2026-07-08
S023,P00330,34,25,2026-07-08
S023,P00331,62,25,2026-07-08
S023,P00332,25,25,2026-07-08
S023,P00333,57,25,2026-07-08
S023,P00334,201,25,2026-07-08
S023,P00335,102,25,2026-07-08
S023,P00336,83,25,2026-07-08
S023,P00337,27,25,2026-07-08
S023,P00338,272,25,2026-07-08
S023,P00339,239,25,2026-07-08
S023,P00340,58,25,2026-07-08
S023,P00341,181,25,2026-07-08
S023,P00342,122,25,2026-07-08
S023,P00343,199,25,2026-07-08
S023,P00344,59,25,2026-07-08
S023,P00345,111,25,2026-07-08
S023,P00346,110,25,2026-07-08
S023,P00347,20,25,2026-07-08
S023,P00348,141,25,2026-07-08
S023,P00349,169,25,2026-07-08
S023,P00350,161,25,2026-07-08
S023,P00351,208,25,2026-07-08
S023,P00352,95,25,2026-07-08
S023,P00353,282,25,2026-07-08
S023,P00354,285,25,2026-07-08
S023,P00355,300,25,2026-07-08
S023,P00356,221,25,2026-07-08
S023,P00357,224,25,2026-07-08
S023,P00358,62,25,2026-07-08
S023,P00359,296,25,2026-07-08
S023,P00360,122,25,2026-07-08
S023,P00361,1,25,2026-07-08
S023,P00362,254,25,2026-07-08
S023,P00363,142,25,2026-07-08
S023,P00364,166,25,2026-07-08
S023,P00365,25,25,2026-07-08
S023,P00366,30,25,2026-07-08
S023,P00367,24,25,2026-07-08
S023,P00368,106,25,2026-07-08
S023,P00369,91,25,2026-07-08
S023,P00370,130,25,2026-07-08
S023,P00371,155,25,2026-07-08
S023,P00372,70,25,2026-07-08
S023,P00373,251,25,2026-07-08
S023,P00374,10,25,2026-07-08
S023,P00375,48,25,2026-07-08
S023,P00376,180,25,2026-07-08
S023,P00377,206,25,2026-07-08
S023,P00378,268,25,2026-07-08
S023,P00379,156,25,2026-07-08
S023,P00380,10,25,2026-07-08
S023,P00381,73,25,2026-07-08
S023,P00382,106,25,2026-07-08
S023,P00383,266,25,2026-07-08
S023,P00384,149,25,2026-07-08
S023,P00385,89,25,2026-07-08
S023,P00386,16,25,2026-07-08
S023,P00387,188,25,2026-07-08
S023,P00388,218,25,2026-07-08
S023,P00389,69,25,2026-07-08
S023,P00390,222,25,2026-07-08
S023,P00391,282,25,2026-07-08
S023,P00392,121,25,2026-07-08
S023,P00393,203,25,2026-07-08
S023,P00394,163,25,2026-07-08
S023,P00395,228,25,2026-07-08
S023,P00396,28,25,2026-07-08
S023,P00397,22,25,2026-07-08
S023,P00398,18,25,2026-07-08
S023,P00399,35,25,2026-07-08
S023,P00400,190,25,2026-07-08
S023,P00401,55,25,2026-07-08
S023,P00402,143,25,2026-07-08
S023,P00403,171,25,2026-07-08
S023,P00404,227,25,2026-07-08
S023,P00405,146,25,2026-07-08
S023,P00406,53,25,2026-07-08
S023,P00407,35,25,2026-07-08
S023,P00408,293,25,2026-07-08
S023,P00409,23,25,2026-07-08
S023,P00410,67,25,2026-07-08
S023,P00411,202,25,2026-07-08
S023,P00412,36,25,2026-07-08
S023,P00413,50,25,2026-07-08
S023,P00414,51,25,2026-07-08
S023,P00415,87,25,2026-07-08
S023,P00416,83,25,2026-07-08
S023,P00417,51,25,2026-07-08
S023,P00418,145,25,2026-07-08
S023,P00419,56,25,2026-07-08
S023,P00420,215,25,2026-07-08
S023,P00421,59,25,2026-07-08
S023,P00422,84,25,2026-07-08
S023,P00423,189,25,2026-07-08
S023,P00424,116,25,2026-07-08
S023,P00425,4,25,2026-07-08
S023,P00426,234,25,2026-07-08
S023,P00427,173,25,2026-07-08
S023,P00428,102,25,2026-07-08
S023,P00429,88,25,2026-07-08
S023,P00430,4,25,2026-07-08
S023,P00431,51,25,2026-07-08
S023,P00432,65,25,2026-07-08
S023,P00433,74,25,2026-07-08
S023,P00434,299,25,2026-07-08
S023,P00435,201,25,2026-07-08
S023,P00436,124,25,2026-07-08
S023,P00437,70,25,2026-07-08
S023,P00438,151,25,2026-07-08
S023,P00439,129,25,2026-07-08
S023,P00440,97,25,2026-07-08
S023,P00441,277,25,2026-07-08
S023,P00442,166,25,2026-07-08
S023,P00443,49,25,2026-07-08
S023,P00444,149,25,2026-07-08
S023,P00445,42,25,2026-07-08
S023,P00446,279,25,2026-07-08
S023,P00447,143,25,2026-07-08
S023,P00448,187,25,2026-07-08
S023,P00449,293,25,2026-07-08
S023,P00450,166,25,2026-07-08
S023,P00451,71,25,2026-07-08
S023,P00452,221,25,2026-07-08
S023,P00453,16,25,2026-07-08
S023,P00454,44,25,2026-07-08
S023,P00455,257,25,2026-07-08
S023,P00456,210,25,2026-07-08
S023,P00457,191,25,2026-07-08
S023,P00458,246,25,2026-07-08
S023,P00459,8,25,2026-07-08
S023,P00460,232,25,2026-07-08
S023,P00461,90,25,2026-07-08
S023,P00462,62,25,2026-07-08
S023,P00463,122,25,2026-07-08
S023,P00464,215,25,2026-07-08
S023,P00465,7,25,2026-07-08
S023,P00466,226,25,2026-07-08
S023,P00467,147,25,2026-07-08
S023,P00468,155,25,2026-07-08
S023,P00469,261,25,2026-07-08
S023,P00470,48,25,2026-07-08
S023,P00471,282,25,2026-07-08
S023,P00472,90,25,2026-07-08
S023,P00473,36,25,2026-07-08
S023,P00474,79,25,2026-07-08
S023,P00475,138,25,2026-07-08
S023,P00476,239,25,2026-07-08
S023,P00477,278,25,2026-07-08
S023,P00478,268,25,2026-07-08
S023,P00479,137,25,2026-07-08
S023,P00480,36,25,2026-07-08
S023,P00481,95,25,2026-07-08
S023,P00482,28,25,2026-07-08
S023,P00483,289,25,2026-07-08
S023,P00484,98,25,2026-07-08
S023,P00485,129,25,2026-07-08
S023,P00486,50,25,2026-07-08
S023,P00487,216,25,2026-07-08
S023,P00488,61,25,2026-07-08
S023,P00489,85,25,2026-07-08
S023,P00490,9,25,2026-07-08
S023,P00491,166,25,2026-07-08
S023,P00492,174,25,2026-07-08
S023,P00493,212,25,2026-07-08
S023,P00494,177,25,2026-07-08
S023,P00495,203,25,2026-07-08
S023,P00496,225,25,2026-07-08
S023,P00497,164,25,2026-07-08
S023,P00498,112,25,2026-07-08
S023,P00499,282,25,2026-07-08
S023,P00500,69,25,2026-07-08
S024,P00001,256,25,2026-07-08
S024,P00002,234,25,2026-07-08
S024,P00003,91,25,2026-07-08
S024,P00004,197,25,2026-07-08
S024,P00005,47,25,2026-07-08
S024,P00006,191,25,2026-07-08
S024,P00007,218,25,2026-07-08
S024,P00008,118,25,2026-07-08
S024,P00009,197,25,2026-07-08
S024,P00010,76,25,2026-07-08
S024,P00011,251,25,2026-07-08
S024,P00012,175,25,2026-07-08
S024,P00013,156,25,2026-07-08
S024,P00014,233,25,2026-07-08
S024,P00015,154,25,2026-07-08
S024,P00016,230,25,2026-07-08
S024,P00017,259,25,2026-07-08
S024,P00018,21,25,2026-07-08
S024,P00019,198,25,2026-07-08
S024,P00020,90,25,2026-07-08
S024,P00021,181,25,2026-07-08
S024,P00022,222,25,2026-07-08
S024,P00023,207,25,2026-07-08
S024,P00024,244,25,2026-07-08
S024,P00025,27,25,2026-07-08
S024,P00026,158,25,2026-07-08
S024,P00027,256,25,2026-07-08
S024,P00028,86,25,2026-07-08
S024,P00029,298,25,2026-07-08
S024,P00030,288,25,2026-07-08
S024,P00031,106,25,2026-07-08
S024,P00032,259,25,2026-07-08
S024,P00033,246,25,2026-07-08
S024,P00034,155,25,2026-07-08
S024,P00035,287,25,2026-07-08
S024,P00036,139,25,2026-07-08
S024,P00037,114,25,2026-07-08
S024,P00038,70,25,2026-07-08
S024,P00039,122,25,2026-07-08
S024,P00040,288,25,2026-07-08
S024,P00041,29,25,2026-07-08
S024,P00042,176,25,2026-07-08
S024,P00043,129,25,2026-07-08
S024,P00044,198,25,2026-07-08
S024,P00045,135,25,2026-07-08
S024,P00046,230,25,2026-07-08
S024,P00047,53,25,2026-07-08
S024,P00048,14,25,2026-07-08
S024,P00049,49,25,2026-07-08
S024,P00050,19,25,2026-07-08
S024,P00051,263,25,2026-07-08
S024,P00052,9,25,2026-07-08
S024,P00053,226,25,2026-07-08
S024,P00054,153,25,2026-07-08
S024,P00055,89,25,2026-07-08
S024,P00056,272,25,2026-07-08
S024,P00057,106,25,2026-07-08
S024,P00058,174,25,2026-07-08
S024,P00059,92,25,2026-07-08
S024,P00060,102,25,2026-07-08
S024,P00061,113,25,2026-07-08
S024,P00062,243,25,2026-07-08
S024,P00063,185,25,2026-07-08
S024,P00064,43,25,2026-07-08
S024,P00065,184,25,2026-07-08
S024,P00066,206,25,2026-07-08
S024,P00067,206,25,2026-07-08
S024,P00068,297,25,2026-07-08
S024,P00069,80,25,2026-07-08
S024,P00070,286,25,2026-07-08
S024,P00071,34,25,2026-07-08
S024,P00072,11,25,2026-07-08
S024,P00073,181,25,2026-07-08
S024,P00074,40,25,2026-07-08
S024,P00075,170,25,2026-07-08
S024,P00076,294,25,2026-07-08
S024,P00077,95,25,2026-07-08
S024,P00078,23,25,2026-07-08
S024,P00079,146,25,2026-07-08
S024,P00080,89,25,2026-07-08
S024,P00081,259,25,2026-07-08
S024,P00082,239,25,2026-07-08
S024,P00083,82,25,2026-07-08
S024,P00084,17,25,2026-07-08
S024,P00085,112,25,2026-07-08
S024,P00086,289,25,2026-07-08
S024,P00087,210,25,2026-07-08
S024,P00088,148,25,2026-07-08
S024,P00089,169,25,2026-07-08
S024,P00090,56,25,2026-07-08
S024,P00091,67,25,2026-07-08
S024,P00092,284,25,2026-07-08
S024,P00093,269,25,2026-07-08
S024,P00094,203,25,2026-07-08
S024,P00095,290,25,2026-07-08
S024,P00096,223,25,2026-07-08
S024,P00097,62,25,2026-07-08
S024,P00098,285,25,2026-07-08
S024,P00099,40,25,2026-07-08
S024,P00100,149,25,2026-07-08
S024,P00101,162,25,2026-07-08
S024,P00102,127,25,2026-07-08
S024,P00103,52,25,2026-07-08
S024,P00104,109,25,2026-07-08
S024,P00105,62,25,2026-07-08
S024,P00106,35,25,2026-07-08
S024,P00107,225,25,2026-07-08
S024,P00108,236,25,2026-07-08
S024,P00109,286,25,2026-07-08
S024,P00110,281,25,2026-07-08
S024,P00111,123,25,2026-07-08
S024,P00112,240,25,2026-07-08
S024,P00113,131,25,2026-07-08
S024,P00114,107,25,2026-07-08
S024,P00115,122,25,2026-07-08
S024,P00116,92,25,2026-07-08
S024,P00117,43,25,2026-07-08
S024,P00118,104,25,2026-07-08
S024,P00119,14,25,2026-07-08
S024,P00120,237,25,2026-07-08
S024,P00121,107,25,2026-07-08
S024,P00122,162,25,2026-07-08
S024,P00123,116,25,2026-07-08
S024,P00124,141,25,2026-07-08
S024,P00125,138,25,2026-07-08
S024,P00126,262,25,2026-07-08
S024,P00127,174,25,2026-07-08
S024,P00128,79,25,2026-07-08
S024,P00129,115,25,2026-07-08
S024,P00130,245,25,2026-07-08
S024,P00131,177,25,2026-07-08
S024,P00132,53,25,2026-07-08
S024,P00133,122,25,2026-07-08
S024,P00134,226,25,2026-07-08
S024,P00135,100,25,2026-07-08
S024,P00136,63,25,2026-07-08
S024,P00137,271,25,2026-07-08
S024,P00138,77,25,2026-07-08
S024,P00139,165,25,2026-07-08
S024,P00140,85,25,2026-07-08
S024,P00141,117,25,2026-07-08
S024,P00142,2,25,2026-07-08
S024,P00143,37,25,2026-07-08
S024,P00144,241,25,2026-07-08
S024,P00145,243,25,2026-07-08
S024,P00146,23,25,2026-07-08
S024,P00147,45,25,2026-07-08
S024,P00148,128,25,2026-07-08
S024,P00149,37,25,2026-07-08
S024,P00150,157,25,2026-07-08
S024,P00151,179,25,2026-07-08
S024,P00152,115,25,2026-07-08
S024,P00153,269,25,2026-07-08
S024,P00154,12,25,2026-07-08
S024,P00155,58,25,2026-07-08
S024,P00156,100,25,2026-07-08
S024,P00157,56,25,2026-07-08
S024,P00158,221,25,2026-07-08
S024,P00159,26,25,2026-07-08
S024,P00160,33,25,2026-07-08
S024,P00161,26,25,2026-07-08
S024,P00162,139,25,2026-07-08
S024,P00163,68,25,2026-07-08
S024,P00164,222,25,2026-07-08
S024,P00165,129,25,2026-07-08
S024,P00166,72,25,2026-07-08
S024,P00167,38,25,2026-07-08
S024,P00168,275,25,2026-07-08
S024,P00169,164,25,2026-07-08
S024,P00170,110,25,2026-07-08
S024,P00171,193,25,2026-07-08
S024,P00172,48,25,2026-07-08
S024,P00173,281,25,2026-07-08
S024,P00174,197,25,2026-07-08
S024,P00175,92,25,2026-07-08
S024,P00176,17,25,2026-07-08
S024,P00177,92,25,2026-07-08
S024,P00178,235,25,2026-07-08
S024,P00179,92,25,2026-07-08
S024,P00180,182,25,2026-07-08
S024,P00181,58,25,2026-07-08
S024,P00182,270,25,2026-07-08
S024,P00183,145,25,2026-07-08
S024,P00184,5,25,2026-07-08
S024,P00185,151,25,2026-07-08
S024,P00186,165,25,2026-07-08
S024,P00187,68,25,2026-07-08
S024,P00188,183,25,2026-07-08
S024,P00189,44,25,2026-07-08
S024,P00190,148,25,2026-07-08
S024,P00191,23,25,2026-07-08
S024,P00192,28,25,2026-07-08
S024,P00193,206,25,2026-07-08
S024,P00194,16,25,2026-07-08
S024,P00195,20,25,2026-07-08
S024,P00196,18,25,2026-07-08
S024,P00197,268,25,2026-07-08
S024,P00198,128,25,2026-07-08
S024,P00199,93,25,2026-07-08
S024,P00200,250,25,2026-07-08
S024,P00201,281,25,2026-07-08
S024,P00202,8,25,2026-07-08
S024,P00203,18,25,2026-07-08
S024,P00204,88,25,2026-07-08
S024,P00205,274,25,2026-07-08
S024,P00206,165,25,2026-07-08
S024,P00207,135,25,2026-07-08
S024,P00208,19,25,2026-07-08
S024,P00209,157,25,2026-07-08
S024,P00210,141,25,2026-07-08
S024,P00211,236,25,2026-07-08
S024,P00212,32,25,2026-07-08
S024,P00213,65,25,2026-07-08
S024,P00214,214,25,2026-07-08
S024,P00215,293,25,2026-07-08
S024,P00216,210,25,2026-07-08
S024,P00217,59,25,2026-07-08
S024,P00218,175,25,2026-07-08
S024,P00219,122,25,2026-07-08
S024,P00220,230,25,2026-07-08
S024,P00221,130,25,2026-07-08
S024,P00222,14,25,2026-07-08
S024,P00223,240,25,2026-07-08
S024,P00224,179,25,2026-07-08
S024,P00225,263,25,2026-07-08
S024,P00226,194,25,2026-07-08
S024,P00227,16,25,2026-07-08
S024,P00228,110,25,2026-07-08
S024,P00229,242,25,2026-07-08
S024,P00230,242,25,2026-07-08
S024,P00231,232,25,2026-07-08
S024,P00232,102,25,2026-07-08
S024,P00233,14,25,2026-07-08
S024,P00234,24,25,2026-07-08
S024,P00235,261,25,2026-07-08
S024,P00236,233,25,2026-07-08
S024,P00237,141,25,2026-07-08
S024,P00238,187,25,2026-07-08
S024,P00239,161,25,2026-07-08
S024,P00240,58,25,2026-07-08
S024,P00241,48,25,2026-07-08
S024,P00242,241,25,2026-07-08
S024,P00243,145,25,2026-07-08
S024,P00244,153,25,2026-07-08
S024,P00245,284,25,2026-07-08
S024,P00246,113,25,2026-07-08
S024,P00247,187,25,2026-07-08
S024,P00248,32,25,2026-07-08
S024,P00249,192,25,2026-07-08
S024,P00250,30,25,2026-07-08
S024,P00251,201,25,2026-07-08
S024,P00252,132,25,2026-07-08
S024,P00253,182,25,2026-07-08
S024,P00254,86,25,2026-07-08
S024,P00255,160,25,2026-07-08
S024,P00256,187,25,2026-07-08
S024,P00257,204,25,2026-07-08
S024,P00258,240,25,2026-07-08
S024,P00259,216,25,2026-07-08
S024,P00260,214,25,2026-07-08
S024,P00261,298,25,2026-07-08
S024,P00262,14,25,2026-07-08
S024,P00263,166,25,2026-07-08
S024,P00264,17,25,2026-07-08
S024,P00265,115,25,2026-07-08
S024,P00266,216,25,2026-07-08
S024,P00267,68,25,2026-07-08
S024,P00268,295,25,2026-07-08
S024,P00269,13,25,2026-07-08
S024,P00270,129,25,2026-07-08
S024,P00271,27,25,2026-07-08
S024,P00272,95,25,2026-07-08
S024,P00273,146,25,2026-07-08
S024,P00274,197,25,2026-07-08
S024,P00275,154,25,2026-07-08
S024,P00276,119,25,2026-07-08
S024,P00277,207,25,2026-07-08
S024,P00278,261,25,2026-07-08
S024,P00279,79,25,2026-07-08
S024,P00280,261,25,2026-07-08
S024,P00281,199,25,2026-07-08
S024,P00282,170,25,2026-07-08
S024,P00283,2,25,2026-07-08
S024,P00284,75,25,2026-07-08
S024,P00285,295,25,2026-07-08
S024,P00286,74,25,2026-07-08
S024,P00287,166,25,2026-07-08
S024,P00288,286,25,2026-07-08
S024,P00289,281,25,2026-07-08
S024,P00290,82,25,2026-07-08
S024,P00291,80,25,2026-07-08
S024,P00292,23,25,2026-07-08
S024,P00293,147,25,2026-07-08
S024,P00294,122,25,2026-07-08
S024,P00295,47,25,2026-07-08
S024,P00296,32,25,2026-07-08
S024,P00297,159,25,2026-07-08
S024,P00298,203,25,2026-07-08
S024,P00299,269,25,2026-07-08
S024,P00300,253,25,2026-07-08
S024,P00301,110,25,2026-07-08
S024,P00302,49,25,2026-07-08
S024,P00303,107,25,2026-07-08
S024,P00304,87,25,2026-07-08
S024,P00305,199,25,2026-07-08
S024,P00306,257,25,2026-07-08
S024,P00307,50,25,2026-07-08
S024,P00308,22,25,2026-07-08
S024,P00309,285,25,2026-07-08
S024,P00310,265,25,2026-07-08
S024,P00311,212,25,2026-07-08
S024,P00312,117,25,2026-07-08
S024,P00313,11,25,2026-07-08
S024,P00314,108,25,2026-07-08
S024,P00315,37,25,2026-07-08
S024,P00316,4,25,2026-07-08
S024,P00317,89,25,2026-07-08
S024,P00318,75,25,2026-07-08
S024,P00319,13,25,2026-07-08
S024,P00320,120,25,2026-07-08
S024,P00321,200,25,2026-07-08
S024,P00322,65,25,2026-07-08
S024,P00323,149,25,2026-07-08
S024,P00324,25,25,2026-07-08
S024,P00325,274,25,2026-07-08
S024,P00326,29,25,2026-07-08
S024,P00327,213,25,2026-07-08
S024,P00328,188,25,2026-07-08
S024,P00329,146,25,2026-07-08
S024,P00330,282,25,2026-07-08
S024,P00331,214,25,2026-07-08
S024,P00332,227,25,2026-07-08
S024,P00333,288,25,2026-07-08
S024,P00334,49,25,2026-07-08
S024,P00335,297,25,2026-07-08
S024,P00336,66,25,2026-07-08
S024,P00337,197,25,2026-07-08
S024,P00338,71,25,2026-07-08
S024,P00339,192,25,2026-07-08
S024,P00340,173,25,2026-07-08
S024,P00341,166,25,2026-07-08
S024,P00342,158,25,2026-07-08
S024,P00343,23,25,2026-07-08
S024,P00344,220,25,2026-07-08
S024,P00345,136,25,2026-07-08
S024,P00346,41,25,2026-07-08
S024,P00347,242,25,2026-07-08
S024,P00348,19,25,2026-07-08
S024,P00349,265,25,2026-07-08
S024,P00350,208,25,2026-07-08
S024,P00351,26,25,2026-07-08
S024,P00352,244,25,2026-07-08
S024,P00353,300,25,2026-07-08
S024,P00354,42,25,2026-07-08
S024,P00355,209,25,2026-07-08
S024,P00356,87,25,2026-07-08
S024,P00357,239,25,2026-07-08
S024,P00358,268,25,2026-07-08
S024,P00359,117,25,2026-07-08
S024,P00360,233,25,2026-07-08
S024,P00361,158,25,2026-07-08
S024,P00362,97,25,2026-07-08
S024,P00363,18,25,2026-07-08
S024,P00364,260,25,2026-07-08
S024,P00365,28,25,2026-07-08
S024,P00366,131,25,2026-07-08
S024,P00367,263,25,2026-07-08
S024,P00368,295,25,2026-07-08
S024,P00369,262,25,2026-07-08
S024,P00370,292,25,2026-07-08
S024,P00371,230,25,2026-07-08
S024,P00372,7,25,2026-07-08
S024,P00373,249,25,2026-07-08
S024,P00374,74,25,2026-07-08
S024,P00375,281,25,2026-07-08
S024,P00376,41,25,2026-07-08
S024,P00377,297,25,2026-07-08
S024,P00378,274,25,2026-07-08
S024,P00379,197,25,2026-07-08
S024,P00380,77,25,2026-07-08
S024,P00381,11,25,2026-07-08
S024,P00382,10,25,2026-07-08
S024,P00383,9,25,2026-07-08
S024,P00384,219,25,2026-07-08
S024,P00385,88,25,2026-07-08
S024,P00386,10,25,2026-07-08
S024,P00387,49,25,2026-07-08
S024,P00388,290,25,2026-07-08
S024,P00389,223,25,2026-07-08
S024,P00390,2,25,2026-07-08
S024,P00391,208,25,2026-07-08
S024,P00392,202,25,2026-07-08
S024,P00393,13,25,2026-07-08
S024,P00394,187,25,2026-07-08
S024,P00395,113,25,2026-07-08
S024,P00396,30,25,2026-07-08
S024,P00397,33,25,2026-07-08
S024,P00398,283,25,2026-07-08
S024,P00399,221,25,2026-07-08
S024,P00400,203,25,2026-07-08
S024,P00401,285,25,2026-07-08
S024,P00402,212,25,2026-07-08
S024,P00403,118,25,2026-07-08
S024,P00404,215,25,2026-07-08
S024,P00405,55,25,2026-07-08
S024,P00406,275,25,2026-07-08
S024,P00407,49,25,2026-07-08
S024,P00408,130,25,2026-07-08
S024,P00409,148,25,2026-07-08
S024,P00410,209,25,2026-07-08
S024,P00411,255,25,2026-07-08
S024,P00412,72,25,2026-07-08
S024,P00413,189,25,2026-07-08
S024,P00414,212,25,2026-07-08
S024,P00415,48,25,2026-07-08
S024,P00416,173,25,2026-07-08
S024,P00417,70,25,2026-07-08
S024,P00418,121,25,2026-07-08
S024,P00419,10,25,2026-07-08
S024,P00420,201,25,2026-07-08
S024,P00421,100,25,2026-07-08
S024,P00422,152,25,2026-07-08
S024,P00423,48,25,2026-07-08
S024,P00424,179,25,2026-07-08
S024,P00425,12,25,2026-07-08
S024,P00426,279,25,2026-07-08
S024,P00427,218,25,2026-07-08
S024,P00428,150,25,2026-07-08
S024,P00429,88,25,2026-07-08
S024,P00430,274,25,2026-07-08
S024,P00431,273,25,2026-07-08
S024,P00432,244,25,2026-07-08
S024,P00433,79,25,2026-07-08
S024,P00434,107,25,2026-07-08
S024,P00435,215,25,2026-07-08
S024,P00436,90,25,2026-07-08
S024,P00437,48,25,2026-07-08
S024,P00438,158,25,2026-07-08
S024,P00439,262,25,2026-07-08
S024,P00440,266,25,2026-07-08
S024,P00441,189,25,2026-07-08
S024,P00442,267,25,2026-07-08
S024,P00443,4,25,2026-07-08
S024,P00444,192,25,2026-07-08
S024,P00445,24,25,2026-07-08
S024,P00446,92,25,2026-07-08
S024,P00447,111,25,2026-07-08
S024,P00448,180,25,2026-07-08
S024,P00449,4,25,2026-07-08
S024,P00450,32,25,2026-07-08
S024,P00451,93,25,2026-07-08
S024,P00452,271,25,2026-07-08
S024,P00453,178,25,2026-07-08
S024,P00454,272,25,2026-07-08
S024,P00455,196,25,2026-07-08
S024,P00456,19,25,2026-07-08
S024,P00457,205,25,2026-07-08
S024,P00458,55,25,2026-07-08
S024,P00459,8,25,2026-07-08
S024,P00460,79,25,2026-07-08
S024,P00461,3,25,2026-07-08
S024,P00462,88,25,2026-07-08
S024,P00463,115,25,2026-07-08
S024,P00464,39,25,2026-07-08
S024,P00465,122,25,2026-07-08
S024,P00466,173,25,2026-07-08
S024,P00467,169,25,2026-07-08
S024,P00468,140,25,2026-07-08
S024,P00469,34,25,2026-07-08
S024,P00470,136,25,2026-07-08
S024,P00471,6,25,2026-07-08
S024,P00472,153,25,2026-07-08
S024,P00473,35,25,2026-07-08
S024,P00474,25,25,2026-07-08
S024,P00475,297,25,2026-07-08
S024,P00476,255,25,2026-07-08
S024,P00477,102,25,2026-07-08
S024,P00478,284,25,2026-07-08
S024,P00479,51,25,2026-07-08
S024,P00480,180,25,2026-07-08
S024,P00481,289,25,2026-07-08
S024,P00482,51,25,2026-07-08
S024,P00483,17,25,2026-07-08
S024,P00484,133,25,2026-07-08
S024,P00485,281,25,2026-07-08
S024,P00486,284,25,2026-07-08
S024,P00487,110,25,2026-07-08
S024,P00488,264,25,2026-07-08
S024,P00489,273,25,2026-07-08
S024,P00490,131,25,2026-07-08
S024,P00491,144,25,2026-07-08
S024,P00492,98,25,2026-07-08
S024,P00493,192,25,2026-07-08
S024,P00494,206,25,2026-07-08
S024,P00495,167,25,2026-07-08
S024,P00496,99,25,2026-07-08
S024,P00497,31,25,2026-07-08
S024,P00498,28,25,2026-07-08
S024,P00499,271,25,2026-07-08
S024,P00500,191,25,2026-07-08
S025,P00001,206,25,2026-07-08
S025,P00002,73,25,2026-07-08
S025,P00003,82,25,2026-07-08
S025,P00004,245,25,2026-07-08
S025,P00005,253,25,2026-07-08
S025,P00006,73,25,2026-07-08
S025,P00007,270,25,2026-07-08
S025,P00008,238,25,2026-07-08
S025,P00009,234,25,2026-07-08
S025,P00010,104,25,2026-07-08
S025,P00011,267,25,2026-07-08
S025,P00012,177,25,2026-07-08
S025,P00013,188,25,2026-07-08
S025,P00014,113,25,2026-07-08
S025,P00015,115,25,2026-07-08
S025,P00016,103,25,2026-07-08
S025,P00017,59,25,2026-07-08
S025,P00018,47,25,2026-07-08
S025,P00019,32,25,2026-07-08
S025,P00020,33,25,2026-07-08
S025,P00021,183,25,2026-07-08
S025,P00022,53,25,2026-07-08
S025,P00023,293,25,2026-07-08
S025,P00024,164,25,2026-07-08
S025,P00025,219,25,2026-07-08
S025,P00026,277,25,2026-07-08
S025,P00027,152,25,2026-07-08
S025,P00028,280,25,2026-07-08
S025,P00029,140,25,2026-07-08
S025,P00030,164,25,2026-07-08
S025,P00031,31,25,2026-07-08
S025,P00032,112,25,2026-07-08
S025,P00033,70,25,2026-07-08
S025,P00034,204,25,2026-07-08
S025,P00035,142,25,2026-07-08
S025,P00036,240,25,2026-07-08
S025,P00037,22,25,2026-07-08
S025,P00038,117,25,2026-07-08
S025,P00039,142,25,2026-07-08
S025,P00040,128,25,2026-07-08
S025,P00041,4,25,2026-07-08
S025,P00042,266,25,2026-07-08
S025,P00043,63,25,2026-07-08
S025,P00044,89,25,2026-07-08
S025,P00045,140,25,2026-07-08
S025,P00046,42,25,2026-07-08
S025,P00047,81,25,2026-07-08
S025,P00048,211,25,2026-07-08
S025,P00049,163,25,2026-07-08
S025,P00050,213,25,2026-07-08
S025,P00051,243,25,2026-07-08
S025,P00052,62,25,2026-07-08
S025,P00053,104,25,2026-07-08
S025,P00054,200,25,2026-07-08
S025,P00055,136,25,2026-07-08
S025,P00056,137,25,2026-07-08
S025,P00057,104,25,2026-07-08
S025,P00058,291,25,2026-07-08
S025,P00059,285,25,2026-07-08
S025,P00060,199,25,2026-07-08
S025,P00061,235,25,2026-07-08
S025,P00062,55,25,2026-07-08
S025,P00063,189,25,2026-07-08
S025,P00064,52,25,2026-07-08
S025,P00065,209,25,2026-07-08
S025,P00066,259,25,2026-07-08
S025,P00067,122,25,2026-07-08
S025,P00068,96,25,2026-07-08
S025,P00069,138,25,2026-07-08
S025,P00070,118,25,2026-07-08
S025,P00071,63,25,2026-07-08
S025,P00072,216,25,2026-07-08
S025,P00073,253,25,2026-07-08
S025,P00074,129,25,2026-07-08
S025,P00075,32,25,2026-07-08
S025,P00076,164,25,2026-07-08
S025,P00077,66,25,2026-07-08
S025,P00078,277,25,2026-07-08
S025,P00079,220,25,2026-07-08
S025,P00080,228,25,2026-07-08
S025,P00081,238,25,2026-07-08
S025,P00082,285,25,2026-07-08
S025,P00083,156,25,2026-07-08
S025,P00084,233,25,2026-07-08
S025,P00085,59,25,2026-07-08
S025,P00086,238,25,2026-07-08
S025,P00087,118,25,2026-07-08
S025,P00088,30,25,2026-07-08
S025,P00089,80,25,2026-07-08
S025,P00090,14,25,2026-07-08
S025,P00091,0,25,2026-07-08
S025,P00092,203,25,2026-07-08
S025,P00093,132,25,2026-07-08
S025,P00094,128,25,2026-07-08
S025,P00095,63,25,2026-07-08
S025,P00096,229,25,2026-07-08
S025,P00097,255,25,2026-07-08
S025,P00098,13,25,2026-07-08
S025,P00099,266,25,2026-07-08
S025,P00100,251,25,2026-07-08
S025,P00101,269,25,2026-07-08
S025,P00102,192,25,2026-07-08
S025,P00103,21,25,2026-07-08
S025,P00104,5,25,2026-07-08
S025,P00105,32,25,2026-07-08
S025,P00106,85,25,2026-07-08
S025,P00107,254,25,2026-07-08
S025,P00108,194,25,2026-07-08
S025,P00109,48,25,2026-07-08
S025,P00110,97,25,2026-07-08
S025,P00111,109,25,2026-07-08
S025,P00112,215,25,2026-07-08
S025,P00113,300,25,2026-07-08
S025,P00114,228,25,2026-07-08
S025,P00115,137,25,2026-07-08
S025,P00116,281,25,2026-07-08
S025,P00117,48,25,2026-07-08
S025,P00118,29,25,2026-07-08
S025,P00119,55,25,2026-07-08
S025,P00120,20,25,2026-07-08
S025,P00121,152,25,2026-07-08
S025,P00122,108,25,2026-07-08
S025,P00123,47,25,2026-07-08
S025,P00124,104,25,2026-07-08
S025,P00125,0,25,2026-07-08
S025,P00126,66,25,2026-07-08
S025,P00127,92,25,2026-07-08
S025,P00128,18,25,2026-07-08
S025,P00129,16,25,2026-07-08
S025,P00130,257,25,2026-07-08
S025,P00131,37,25,2026-07-08
S025,P00132,265,25,2026-07-08
S025,P00133,79,25,2026-07-08
S025,P00134,51,25,2026-07-08
S025,P00135,86,25,2026-07-08
S025,P00136,53,25,2026-07-08
S025,P00137,271,25,2026-07-08
S025,P00138,42,25,2026-07-08
S025,P00139,38,25,2026-07-08
S025,P00140,96,25,2026-07-08
S025,P00141,15,25,2026-07-08
S025,P00142,30,25,2026-07-08
S025,P00143,109,25,2026-07-08
S025,P00144,219,25,2026-07-08
S025,P00145,78,25,2026-07-08
S025,P00146,174,25,2026-07-08
S025,P00147,107,25,2026-07-08
S025,P00148,245,25,2026-07-08
S025,P00149,189,25,2026-07-08
S025,P00150,269,25,2026-07-08
S025,P00151,190,25,2026-07-08
S025,P00152,184,25,2026-07-08
S025,P00153,12,25,2026-07-08
S025,P00154,103,25,2026-07-08
S025,P00155,179,25,2026-07-08
S025,P00156,171,25,2026-07-08
S025,P00157,135,25,2026-07-08
S025,P00158,219,25,2026-07-08
S025,P00159,198,25,2026-07-08
S025,P00160,78,25,2026-07-08
S025,P00161,110,25,2026-07-08
S025,P00162,29,25,2026-07-08
S025,P00163,129,25,2026-07-08
S025,P00164,118,25,2026-07-08
S025,P00165,105,25,2026-07-08
S025,P00166,102,25,2026-07-08
S025,P00167,102,25,2026-07-08
S025,P00168,198,25,2026-07-08
S025,P00169,290,25,2026-07-08
S025,P00170,233,25,2026-07-08
S025,P00171,52,25,2026-07-08
S025,P00172,161,25,2026-07-08
S025,P00173,278,25,2026-07-08
S025,P00174,103,25,2026-07-08
S025,P00175,263,25,2026-07-08
S025,P00176,261,25,2026-07-08
S025,P00177,130,25,2026-07-08
S025,P00178,95,25,2026-07-08
S025,P00179,257,25,2026-07-08
S025,P00180,130,25,2026-07-08
S025,P00181,263,25,2026-07-08
S025,P00182,117,25,2026-07-08
S025,P00183,119,25,2026-07-08
S025,P00184,55,25,2026-07-08
S025,P00185,173,25,2026-07-08
S025,P00186,96,25,2026-07-08
S025,P00187,40,25,2026-07-08
S025,P00188,207,25,2026-07-08
S025,P00189,236,25,2026-07-08
S025,P00190,48,25,2026-07-08
S025,P00191,64,25,2026-07-08
S025,P00192,242,25,2026-07-08
S025,P00193,59,25,2026-07-08
S025,P00194,101,25,2026-07-08
S025,P00195,157,25,2026-07-08
S025,P00196,16,25,2026-07-08
S025,P00197,230,25,2026-07-08
S025,P00198,260,25,2026-07-08
S025,P00199,7,25,2026-07-08
S025,P00200,216,25,2026-07-08
S025,P00201,97,25,2026-07-08
S025,P00202,39,25,2026-07-08
S025,P00203,40,25,2026-07-08
S025,P00204,70,25,2026-07-08
S025,P00205,40,25,2026-07-08
S025,P00206,50,25,2026-07-08
S025,P00207,8,25,2026-07-08
S025,P00208,241,25,2026-07-08
S025,P00209,272,25,2026-07-08
S025,P00210,116,25,2026-07-08
S025,P00211,80,25,2026-07-08
S025,P00212,128,25,2026-07-08
S025,P00213,46,25,2026-07-08
S025,P00214,100,25,2026-07-08
S025,P00215,106,25,2026-07-08
S025,P00216,44,25,2026-07-08
S025,P00217,258,25,2026-07-08
S025,P00218,79,25,2026-07-08
S025,P00219,20,25,2026-07-08
S025,P00220,115,25,2026-07-08
S025,P00221,111,25,2026-07-08
S025,P00222,257,25,2026-07-08
S025,P00223,8,25,2026-07-08
S025,P00224,275,25,2026-07-08
S025,P00225,61,25,2026-07-08
S025,P00226,77,25,2026-07-08
S025,P00227,71,25,2026-07-08
S025,P00228,132,25,2026-07-08
S025,P00229,141,25,2026-07-08
S025,P00230,199,25,2026-07-08
S025,P00231,285,25,2026-07-08
S025,P00232,267,25,2026-07-08
S025,P00233,291,25,2026-07-08
S025,P00234,87,25,2026-07-08
S025,P00235,243,25,2026-07-08
S025,P00236,203,25,2026-07-08
S025,P00237,12,25,2026-07-08
S025,P00238,150,25,2026-07-08
S025,P00239,161,25,2026-07-08
S025,P00240,137,25,2026-07-08
S025,P00241,188,25,2026-07-08
S025,P00242,144,25,2026-07-08
S025,P00243,251,25,2026-07-08
S025,P00244,121,25,2026-07-08
S025,P00245,213,25,2026-07-08
S025,P00246,285,25,2026-07-08
S025,P00247,203,25,2026-07-08
S025,P00248,20,25,2026-07-08
S025,P00249,211,25,2026-07-08
S025,P00250,5,25,2026-07-08
S025,P00251,296,25,2026-07-08
S025,P00252,140,25,2026-07-08
S025,P00253,154,25,2026-07-08
S025,P00254,134,25,2026-07-08
S025,P00255,116,25,2026-07-08
S025,P00256,223,25,2026-07-08
S025,P00257,260,25,2026-07-08
S025,P00258,155,25,2026-07-08
S025,P00259,260,25,2026-07-08
S025,P00260,152,25,2026-07-08
S025,P00261,118,25,2026-07-08
S025,P00262,201,25,2026-07-08
S025,P00263,4,25,2026-07-08
S025,P00264,96,25,2026-07-08
S025,P00265,156,25,2026-07-08
S025,P00266,137,25,2026-07-08
S025,P00267,154,25,2026-07-08
S025,P00268,116,25,2026-07-08
S025,P00269,238,25,2026-07-08
S025,P00270,61,25,2026-07-08
S025,P00271,199,25,2026-07-08
S025,P00272,48,25,2026-07-08
S025,P00273,69,25,2026-07-08
S025,P00274,87,25,2026-07-08
S025,P00275,259,25,2026-07-08
S025,P00276,136,25,2026-07-08
S025,P00277,262,25,2026-07-08
S025,P00278,97,25,2026-07-08
S025,P00279,33,25,2026-07-08
S025,P00280,70,25,2026-07-08
S025,P00281,37,25,2026-07-08
S025,P00282,169,25,2026-07-08
S025,P00283,80,25,2026-07-08
S025,P00284,76,25,2026-07-08
S025,P00285,270,25,2026-07-08
S025,P00286,225,25,2026-07-08
S025,P00287,161,25,2026-07-08
S025,P00288,260,25,2026-07-08
S025,P00289,28,25,2026-07-08
S025,P00290,116,25,2026-07-08
S025,P00291,150,25,2026-07-08
S025,P00292,235,25,2026-07-08
S025,P00293,173,25,2026-07-08
S025,P00294,16,25,2026-07-08
S025,P00295,240,25,2026-07-08
S025,P00296,277,25,2026-07-08
S025,P00297,100,25,2026-07-08
S025,P00298,84,25,2026-07-08
S025,P00299,194,25,2026-07-08
S025,P00300,74,25,2026-07-08
S025,P00301,216,25,2026-07-08
S025,P00302,30,25,2026-07-08
S025,P00303,164,25,2026-07-08
S025,P00304,262,25,2026-07-08
S025,P00305,165,25,2026-07-08
S025,P00306,291,25,2026-07-08
S025,P00307,16,25,2026-07-08
S025,P00308,77,25,2026-07-08
S025,P00309,35,25,2026-07-08
S025,P00310,84,25,2026-07-08
S025,P00311,213,25,2026-07-08
S025,P00312,215,25,2026-07-08
S025,P00313,19,25,2026-07-08
S025,P00314,140,25,2026-07-08
S025,P00315,128,25,2026-07-08
S025,P00316,81,25,2026-07-08
S025,P00317,278,25,2026-07-08
S025,P00318,263,25,2026-07-08
S025,P00319,114,25,2026-07-08
S025,P00320,230,25,2026-07-08
S025,P00321,281,25,2026-07-08
S025,P00322,81,25,2026-07-08
S025,P00323,114,25,2026-07-08
S025,P00324,275,25,2026-07-08
S025,P00325,167,25,2026-07-08
S025,P00326,214,25,2026-07-08
S025,P00327,117,25,2026-07-08
S025,P00328,224,25,2026-07-08
S025,P00329,119,25,2026-07-08
S025,P00330,238,25,2026-07-08
S025,P00331,204,25,2026-07-08
S025,P00332,281,25,2026-07-08
S025,P00333,246,25,2026-07-08
S025,P00334,162,25,2026-07-08
S025,P00335,251,25,2026-07-08
S025,P00336,105,25,2026-07-08
S025,P00337,39,25,2026-07-08
S025,P00338,252,25,2026-07-08
S025,P00339,96,25,2026-07-08
S025,P00340,137,25,2026-07-08
S025,P00341,55,25,2026-07-08
S025,P00342,49,25,2026-07-08
S025,P00343,224,25,2026-07-08
S025,P00344,88,25,2026-07-08
S025,P00345,214,25,2026-07-08
S025,P00346,163,25,2026-07-08
S025,P00347,62,25,2026-07-08
S025,P00348,2,25,2026-07-08
S025,P00349,189,25,2026-07-08
S025,P00350,47,25,2026-07-08
S025,P00351,201,25,2026-07-08
S025,P00352,85,25,2026-07-08
S025,P00353,150,25,2026-07-08
S025,P00354,251,25,2026-07-08
S025,P00355,280,25,2026-07-08
S025,P00356,137,25,2026-07-08
S025,P00357,238,25,2026-07-08
S025,P00358,15,25,2026-07-08
S025,P00359,74,25,2026-07-08
S025,P00360,16,25,2026-07-08
S025,P00361,6,25,2026-07-08
S025,P00362,174,25,2026-07-08
S025,P00363,63,25,2026-07-08
S025,P00364,54,25,2026-07-08
S025,P00365,172,25,2026-07-08
S025,P00366,207,25,2026-07-08
S025,P00367,275,25,2026-07-08
S025,P00368,156,25,2026-07-08
S025,P00369,33,25,2026-07-08
S025,P00370,14,25,2026-07-08
S025,P00371,191,25,2026-07-08
S025,P00372,47,25,2026-07-08
S025,P00373,68,25,2026-07-08
S025,P00374,21,25,2026-07-08
S025,P00375,241,25,2026-07-08
S025,P00376,196,25,2026-07-08
S025,P00377,95,25,2026-07-08
S025,P00378,273,25,2026-07-08
S025,P00379,30,25,2026-07-08
S025,P00380,158,25,2026-07-08
S025,P00381,271,25,2026-07-08
S025,P00382,183,25,2026-07-08
S025,P00383,206,25,2026-07-08
S025,P00384,6,25,2026-07-08
S025,P00385,94,25,2026-07-08
S025,P00386,299,25,2026-07-08
S025,P00387,108,25,2026-07-08
S025,P00388,222,25,2026-07-08
S025,P00389,12,25,2026-07-08
S025,P00390,175,25,2026-07-08
S025,P00391,67,25,2026-07-08
S025,P00392,157,25,2026-07-08
S025,P00393,238,25,2026-07-08
S025,P00394,129,25,2026-07-08
S025,P00395,145,25,2026-07-08
S025,P00396,133,25,2026-07-08
S025,P00397,164,25,2026-07-08
S025,P00398,280,25,2026-07-08
S025,P00399,50,25,2026-07-08
S025,P00400,122,25,2026-07-08
S025,P00401,250,25,2026-07-08
S025,P00402,101,25,2026-07-08
S025,P00403,141,25,2026-07-08
S025,P00404,10,25,2026-07-08
S025,P00405,92,25,2026-07-08
S025,P00406,10,25,2026-07-08
S025,P00407,38,25,2026-07-08
S025,P00408,152,25,2026-07-08
S025,P00409,208,25,2026-07-08
S025,P00410,214,25,2026-07-08
S025,P00411,163,25,2026-07-08
S025,P00412,76,25,2026-07-08
S025,P00413,214,25,2026-07-08
S025,P00414,2,25,2026-07-08
S025,P00415,47,25,2026-07-08
S025,P00416,135,25,2026-07-08
S025,P00417,212,25,2026-07-08
S025,P00418,240,25,2026-07-08
S025,P00419,7,25,2026-07-08
S025,P00420,135,25,2026-07-08
S025,P00421,84,25,2026-07-08
S025,P00422,87,25,2026-07-08
S025,P00423,26,25,2026-07-08
S025,P00424,15,25,2026-07-08
S025,P00425,235,25,2026-07-08
S025,P00426,248,25,2026-07-08
S025,P00427,135,25,2026-07-08
S025,P00428,187,25,2026-07-08
S025,P00429,240,25,2026-07-08
S025,P00430,43,25,2026-07-08
S025,P00431,215,25,2026-07-08
S025,P00432,201,25,2026-07-08
S025,P00433,7,25,2026-07-08
S025,P00434,271,25,2026-07-08
S025,P00435,48,25,2026-07-08
S025,P00436,234,25,2026-07-08
S025,P00437,56,25,2026-07-08
S025,P00438,214,25,2026-07-08
S025,P00439,6,25,2026-07-08
S025,P00440,224,25,2026-07-08
S025,P00441,152,25,2026-07-08
S025,P00442,184,25,2026-07-08
S025,P00443,213,25,2026-07-08
S025,P00444,279,25,2026-07-08
S025,P00445,97,25,2026-07-08
S025,P00446,300,25,2026-07-08
S025,P00447,63,25,2026-07-08
S025,P00448,124,25,2026-07-08
S025,P00449,15,25,2026-07-08
S025,P00450,273,25,2026-07-08
S025,P00451,83,25,2026-07-08
S025,P00452,246,25,2026-07-08
S025,P00453,143,25,2026-07-08
S025,P00454,46,25,2026-07-08
S025,P00455,92,25,2026-07-08
S025,P00456,82,25,2026-07-08
S025,P00457,160,25,2026-07-08
S025,P00458,137,25,2026-07-08
S025,P00459,10,25,2026-07-08
S025,P00460,155,25,2026-07-08
S025,P00461,50,25,2026-07-08
S025,P00462,210,25,2026-07-08
S025,P00463,183,25,2026-07-08
S025,P00464,224,25,2026-07-08
S025,P00465,200,25,2026-07-08
S025,P00466,163,25,2026-07-08
S025,P00467,107,25,2026-07-08
S025,P00468,110,25,2026-07-08
S025,P00469,107,25,2026-07-08
S025,P00470,295,25,2026-07-08
S025,P00471,53,25,2026-07-08
S025,P00472,270,25,2026-07-08
S025,P00473,2,25,2026-07-08
S025,P00474,206,25,2026-07-08
S025,P00475,296,25,2026-07-08
S025,P00476,289,25,2026-07-08
S025,P00477,229,25,2026-07-08
S025,P00478,102,25,2026-07-08
S025,P00479,207,25,2026-07-08
S025,P00480,172,25,2026-07-08
S025,P00481,23,25,2026-07-08
S025,P00482,233,25,2026-07-08
S025,P00483,150,25,2026-07-08
S025,P00484,187,25,2026-07-08
S025,P00485,181,25,2026-07-08
S025,P00486,128,25,2026-07-08
S025,P00487,30,25,2026-07-08
S025,P00488,189,25,2026-07-08
S025,P00489,82,25,2026-07-08
S025,P00490,206,25,2026-07-08
S025,P00491,176,25,2026-07-08
S025,P00492,35,25,2026-07-08
S025,P00493,154,25,2026-07-08
S025,P00494,187,25,2026-07-08
S025,P00495,227,25,2026-07-08
S025,P00496,40,25,2026-07-08
S025,P00497,80,25,2026-07-08
S025,P00498,58,25,2026-07-08
S025,P00499,33,25,2026-07-08
S025,P00500,5,25,2026-07-08
