order_item_id,order_id,product_id,quantity,unit_price,discount_pct,line_amount
OI00075005,O0015001,P00134,-2,18407.99,0,55223.97
OI00075006,O0015001,P88888,3,14165.99,0,42497.97
OI00075007,O0015001,P00422,2,7863.99,10,14155.18
OI00075008,O0015001,P00375,3,1424.99,0,4274.97
OI00075009,O0015002,P00175,3,24024.99,15,61263.72
OI00075010,O0015002,P00287,1,14368.99,0,14368.99
OI00075011,O0015003,P00018,4,2515.99,0,10063.96
OI00075012,O0015003,P00033,1,4570.99,10,4113.89
OI00075013,O0015004,P00058,3,7995.99,0,23987.97
OI00075014,O0015004,P00315,1,18204.99,0,18204.99
OI00075015,O0015005,P00146,4,20051.99,0,80207.96
OI00075016,O0015005,P00044,2,6077.99,0,12155.98
OI00075017,O0015005,P00332,1,20533.99,0,20533.99
OI00075018,O0015006,P00005,1,734.99,10,661.49
OI00075019,O0015006,P00028,4,3885.99,0,15543.96
OI00075020,O0015006,P00125,4,17174.99,15,58394.97
OI00075021,O0015006,P00383,2,2520.99,0,5041.98
OI00075022,O0015007,P00348,4,22725.99,0,90903.96
OI00075023,O0015007,P00301,2,16286.99,0,32573.98
OI00075024,O0015007,P00168,3,23065.99,0,69197.97
OI00075025,O0015007,P00200,4,2449.99,5,9309.96
OI00075026,O0015007,P00054,1,7447.99,0,7447.99
OI00075027,O0015008,P00376,3,1561.99,15,3983.07
OI00075028,O0015008,P00420,1,7589.99,10,6830.99
OI00075029,O0015008,P00061,3,8406.99,0,25220.97
OI00075030,O0015008,P00424,3,8137.99,0,24413.97
OI00075031,O0015008,P00381,1,2246.99,0,2246.99
OI00075032,O0015009,P00384,2,2657.99,5,5050.18
OI00075033,O0015009,P00411,2,6356.99,0,12713.98
OI00075034,O0015009,P00466,2,13891.99,0,27783.98
OI00075035,O0015009,P00039,1,5392.99,0,5392.99
OI00075036,O0015009,P00305,2,16834.99,0,33669.98
OI00075037,O0015010,P00405,4,5534.99,0,22139.96
OI00075038,O0015010,P00383,1,2520.99,0,2520.99
OI00075039,O0015010,P00477,4,15398.99,5,58516.16
OI00075040,O0015010,P00323,3,19300.99,5,55007.82
OI00075041,O0015011,P00235,3,7244.99,0,21734.97
OI00075042,O0015011,P00332,4,20533.99,0,82135.96
OI00075043,O0015012,P00446,3,11151.99,0,33455.97
OI00075044,O0015012,P00010,1,1419.99,5,1348.99
OI00075045,O0015012,P00400,3,4849.99,5,13822.47
OI00075046,O0015012,P00158,1,21695.99,5,20611.19
OI00075047,O0015013,P00428,3,8685.99,0,26057.97
OI00075048,O0015014,P00097,2,13338.99,10,24010.18
OI00075049,O0015014,P00463,4,13480.99,0,53923.96
OI00075050,O0015015,P00019,2,2652.99,0,5305.98
OI00075051,O0015015,P00041,1,5666.99,0,5666.99
OI00075052,O0015015,P00231,4,6696.99,10,24109.16
OI00075053,O0015016,P00129,1,17722.99,0,17722.99
OI00075054,O0015016,P00278,2,13135.99,0,26271.98
OI00075055,O0015016,P00099,4,13612.99,0,54451.96
OI00075056,O0015017,P00165,4,22654.99,0,90619.96
OI00075057,O0015017,P00284,4,13957.99,5,53040.36
OI00075058,O0015018,P00465,1,13754.99,15,11691.74
OI00075059,O0015018,P00438,2,10055.99,15,17095.18
OI00075060,O0015018,P00087,2,11968.99,10,21544.18
OI00075061,O0015018,P00139,2,19092.99,5,36276.68
OI00075062,O0015019,P00294,2,15327.99,10,27590.38
OI00075063,O0015019,P00173,1,23750.99,0,23750.99
OI00075064,O0015020,P00482,2,16083.99,5,30559.58
OI00075065,O0015020,P00261,2,10806.99,15,18371.88
OI00075066,O0015020,P00220,3,5189.99,5,14791.47
OI00075067,O0015020,P00214,4,4367.99,15,14851.17
OI00075068,O0015020,P00062,2,8543.99,0,17087.98
OI00075069,O0015021,P00112,1,15393.99,15,13084.89
OI00075070,O0015021,P00398,4,4575.99,0,18303.96
OI00075071,O0015022,P00051,2,7036.99,0,14073.98
OI00075072,O0015022,P00479,3,15672.99,10,42317.07
OI00075073,O0015023,P00211,1,3956.99,0,3956.99
OI00075074,O0015023,P00265,1,11354.99,0,11354.99
OI00075075,O0015023,P00077,3,10598.99,5,30207.12
OI00075076,O0015024,P00335,2,20944.99,0,41889.98
OI00075077,O0015024,P00007,1,1008.99,0,1008.99
OI00075078,O0015024,P00041,4,5666.99,5,21534.56
OI00075079,O0015024,P00274,4,12587.99,0,50351.96
OI00075080,O0015024,P00221,4,5326.99,10,19177.16
OI00075081,O0015025,P00437,3,9918.99,10,26781.27
OI00075082,O0015025,P00423,2,8000.99,0,16001.98
OI00075083,O0015025,P00431,2,9096.99,0,18193.98
OI00075084,O0015026,P00295,4,15464.99,0,61859.96
OI00075085,O0015026,P00222,2,5463.99,0,10927.98
OI00075086,O0015026,P00213,3,4230.99,5,12058.32
OI00075087,O0015026,P00455,2,12384.99,0,24769.98
OI00075088,O0015027,P00109,3,14982.99,0,44948.97
OI00075089,O0015028,P00061,3,8406.99,0,25220.97
OI00075090,O0015028,P00234,4,7107.99,0,28431.96
OI00075091,O0015028,P00382,3,2383.99,0,7151.97
OI00075092,O0015028,P00456,4,12521.99,0,50087.96
OI00075093,O0015028,P00421,2,7726.99,0,15453.98
OI00075094,O0015029,P00191,1,1216.99,15,1034.44
OI00075095,O0015029,P00423,3,8000.99,0,24002.97
OI00075096,O0015029,P00296,2,15601.99,15,26523.38
OI00075097,O0015029,P00115,2,15804.99,15,26868.48
OI00075098,O0015029,P00171,3,23476.99,5,66909.42
OI00075099,O0015030,P00021,4,2926.99,0,11707.96
OI00075100,O0015030,P00194,3,1627.99,0,4883.97
OI00075101,O0015030,P00439,2,10192.99,0,20385.98
OI00075102,O0015030,P00035,2,4844.99,5,9205.48
OI00075103,O0015030,P00059,3,8132.99,10,21959.07
OI00075104,O0015031,P00283,4,13820.99,10,49755.56
OI00075105,O0015031,P00046,4,6351.99,0,25407.96
OI00075106,O0015032,P00199,3,2312.99,10,6245.07
OI00075107,O0015032,P00337,1,21218.99,15,18036.14
OI00075108,O0015032,P00422,4,7863.99,0,31455.96
OI00075109,O0015032,P00148,4,20325.99,0,81303.96
OI00075110,O0015032,P00290,4,14779.99,10,53207.96
OI00075111,O0015033,P00239,1,7792.99,0,7792.99
OI00075112,O0015033,P00482,3,16083.99,10,43426.77
OI00075113,O0015033,P00366,2,191.99,5,364.78
OI00075114,O0015034,P00344,4,22177.99,0,88711.96
OI00075115,O0015034,P00063,4,8680.99,10,31251.56
OI00075116,O0015034,P00484,3,16357.99,0,49073.97
OI00075117,O0015034,P00022,4,3063.99,0,12255.96
OI00075118,O0015035,P00482,3,16083.99,15,41014.17
OI00075119,O0015036,P00015,3,2104.99,5,5999.22
OI00075120,O0015036,P00249,3,9162.99,0,27488.97
OI00075121,O0015036,P00246,2,8751.99,5,16628.78
OI00075122,O0015036,P00171,3,23476.99,0,70430.97
OI00075123,O0015037,P00393,1,3890.99,0,3890.99
OI00075124,O0015037,P00463,2,13480.99,5,25613.88
OI00075125,O0015037,P00454,1,12247.99,0,12247.99
OI00075126,O0015038,P00140,1,19229.99,0,19229.99
OI00075127,O0015038,P00129,3,17722.99,5,50510.52
OI00075128,O0015038,P00106,1,14571.99,0,14571.99
OI00075129,O0015038,P00331,1,20396.99,10,18357.29
OI00075130,O0015039,P00037,4,5118.99,0,20475.96
OI00075131,O0015039,P00348,4,22725.99,0,90903.96
OI00075132,O0015039,P00443,2,10740.99,5,20407.88
OI00075133,O0015040,P00008,1,1145.99,10,1031.39
OI00075134,O0015040,P00140,4,19229.99,0,76919.96
OI00075135,O0015041,P00498,3,18275.99,0,54827.97
OI00075136,O0015041,P00443,3,10740.99,0,32222.97
OI00075137,O0015041,P00205,3,3134.99,0,9404.97
OI00075138,O0015041,P00227,1,6148.99,0,6148.99
OI00075139,O0015041,P00062,4,8543.99,15,29049.57
OI00075140,O0015042,P00500,2,18549.99,0,37099.98
OI00075141,O0015042,P00209,4,3682.99,0,14731.96
OI00075142,O0015043,P00127,1,17448.99,0,17448.99
OI00075143,O0015043,P00016,3,2241.99,10,6053.37
OI00075144,O0015044,P00474,2,14987.99,5,28477.18
OI00075145,O0015044,P00271,4,12176.99,5,46272.56
OI00075146,O0015044,P00137,4,18818.99,0,75275.96
OI00075147,O0015045,P00099,4,13612.99,0,54451.96
OI00075148,O0015045,P00325,1,19574.99,0,19574.99
OI00075149,O0015046,P00161,2,22106.99,15,37581.88
OI00075150,O0015046,P00327,4,19848.99,0,79395.96
OI00075151,O0015046,P00367,2,328.99,0,657.98
OI00075152,O0015047,P00149,2,20462.99,0,40925.98
OI00075153,O0015047,P00209,2,3682.99,0,7365.98
OI00075154,O0015048,P00039,4,5392.99,0,21571.96
OI00075155,O0015048,P00398,4,4575.99,15,15558.37
OI00075156,O0015048,P00158,1,21695.99,0,21695.99
OI00075157,O0015048,P00219,1,5052.99,15,4295.04
OI00075158,O0015049,P00463,2,13480.99,0,26961.98
OI00075159,O0015049,P00091,1,12516.99,5,11891.14
OI00075160,O0015050,P00296,2,15601.99,15,26523.38
OI00075161,O0015050,P00060,2,8269.99,0,16539.98
OI00075162,O0015050,P00282,4,13683.99,0,54735.96
OI00075163,O0015050,P00022,3,3063.99,10,8272.77
OI00075164,O0015050,P00483,2,16220.99,5,30819.88
OI00075165,O0015051,P00161,4,22106.99,10,79585.16
OI00075166,O0015051,P00315,3,18204.99,0,54614.97
OI00075167,O0015052,P00300,1,16149.99,0,16149.99
OI00075168,O0015052,P00076,1,10461.99,15,8892.69
OI00075169,O0015053,P00345,1,22314.99,0,22314.99
OI00075170,O0015053,P00072,2,9913.99,0,19827.98
OI00075171,O0015054,P00475,2,15124.99,15,25712.48
OI00075172,O0015054,P00328,1,19985.99,10,17987.39
OI00075173,O0015055,P00263,3,11080.99,0,33242.97
OI00075174,O0015056,P00478,3,15535.99,0,46607.97
OI00075175,O0015057,P00003,1,460.99,0,460.99
OI00075176,O0015057,P00030,1,4159.99,0,4159.99
OI00075177,O0015058,P00243,3,8340.99,15,21269.52
OI00075178,O0015058,P00209,1,3682.99,0,3682.99
OI00075179,O0015059,P00253,4,9710.99,0,38843.96
OI00075180,O0015059,P00166,1,22791.99,0,22791.99
OI00075181,O0015060,P00450,4,11699.99,0,46799.96
OI00075182,O0015060,P00406,3,5671.99,0,17015.97
OI00075183,O0015061,P00423,2,8000.99,5,15201.88
OI00075184,O0015061,P00306,2,16971.99,0,33943.98
OI00075185,O0015061,P00095,3,13064.99,0,39194.97
OI00075186,O0015062,P00394,2,4027.99,0,8055.98
OI00075187,O0015062,P00493,3,17590.99,0,52772.97
OI00075188,O0015062,P00435,1,9644.99,0,9644.99
OI00075189,O0015063,P00469,2,14302.99,0,28605.98
OI00075190,O0015063,P00087,4,11968.99,5,45482.16
OI00075191,O0015064,P00014,1,1967.99,0,1967.99
OI00075192,O0015064,P00257,4,10258.99,10,36932.36
OI00075193,O0015065,P00029,2,4022.99,15,6839.08
OI00075194,O0015065,P00324,4,19437.99,0,77751.96
OI00075195,O0015065,P00414,2,6767.99,0,13535.98
OI00075196,O0015065,P00138,2,18955.99,15,32225.18
OI00075197,O0015065,P00056,3,7721.99,10,20849.37
OI00075198,O0015066,P00019,2,2652.99,0,5305.98
OI00075199,O0015066,P00145,3,19914.99,0,59744.97
OI00075200,O0015066,P00448,2,11425.99,0,22851.98
OI00075201,O0015067,P00134,1,18407.99,15,15646.79
OI00075202,O0015067,P00176,2,24161.99,5,45907.78
OI00075203,O0015067,P00406,1,5671.99,0,5671.99
OI00075204,O0015068,P00128,2,17585.99,5,33413.38
OI00075205,O0015068,P00436,2,9781.99,0,19563.98
OI00075206,O0015068,P00325,3,19574.99,0,58724.97
OI00075207,O0015068,P00230,3,6559.99,0,19679.97
OI00075208,O0015069,P00270,3,12039.99,0,36119.97
OI00075209,O0015070,P00047,3,6488.99,10,17520.27
OI00075210,O0015070,P00158,1,21695.99,5,20611.19
OI00075211,O0015070,P00257,2,10258.99,0,20517.98
OI00075212,O0015070,P00068,2,9365.99,15,15922.18
OI00075213,O0015071,P00326,4,19711.99,0,78847.96
OI00075214,O0015071,P00365,2,54.99,10,98.98
OI00075215,O0015071,P00066,2,9091.99,0,18183.98
OI00075216,O0015072,P00120,4,16489.99,0,65959.96
OI00075217,O0015072,P00105,2,14434.99,10,25982.98
OI00075218,O0015072,P00061,3,8406.99,0,25220.97
OI00075219,O0015072,P00006,3,871.99,5,2485.17
OI00075220,O0015072,P00471,4,14576.99,0,58307.96
OI00075221,O0015073,P00500,1,18549.99,0,18549.99
OI00075222,O0015074,P00321,1,19026.99,0,19026.99
OI00075223,O0015074,P00194,1,1627.99,0,1627.99
OI00075224,O0015074,P00220,1,5189.99,0,5189.99
OI00075225,O0015074,P00180,2,24709.99,10,44477.98
OI00075226,O0015074,P00013,3,1830.99,15,4669.02
OI00075227,O0015075,P00222,3,5463.99,0,16391.97
OI00075228,O0015075,P00254,4,9847.99,0,39391.96
OI00075229,O0015076,P00356,1,23821.99,0,23821.99
OI00075230,O0015076,P00398,3,4575.99,0,13727.97
OI00075231,O0015077,P00122,1,16763.99,0,16763.99
OI00075232,O0015077,P00444,4,10877.99,0,43511.96
OI00075233,O0015077,P00164,2,22517.99,0,45035.98
OI00075234,O0015077,P00017,2,2378.99,0,4757.98
OI00075235,O0015078,P00337,1,21218.99,0,21218.99
OI00075236,O0015078,P00017,1,2378.99,0,2378.99
OI00075237,O0015078,P00444,1,10877.99,0,10877.99
OI00075238,O0015078,P00301,2,16286.99,15,27687.88
OI00075239,O0015078,P00463,4,13480.99,10,48531.56
OI00075240,O0015079,P00274,2,12587.99,5,23917.18
OI00075241,O0015080,P00443,2,10740.99,10,19333.78
OI00075242,O0015080,P00030,2,4159.99,10,7487.98
OI00075243,O0015080,P00480,3,15809.99,0,47429.97
OI00075244,O0015081,P00453,1,12110.99,10,10899.89
OI00075245,O0015081,P00177,3,24298.99,5,69252.12
OI00075246,O0015081,P00016,3,2241.99,5,6389.67
OI00075247,O0015081,P00226,4,6011.99,0,24047.96
OI00075248,O0015081,P00206,1,3271.99,0,3271.99
OI00075249,O0015082,P00150,1,20599.99,0,20599.99
OI00075250,O0015082,P00229,2,6422.99,0,12845.98
OI00075251,O0015082,P00424,1,8137.99,15,6917.29
OI00075252,O0015082,P00085,4,11694.99,5,44440.96
OI00075253,O0015082,P00145,3,19914.99,15,50783.22
OI00075254,O0015083,P00215,4,4504.99,0,18019.96
OI00075255,O0015083,P00406,2,5671.99,15,9642.38
OI00075256,O0015083,P00452,4,11973.99,15,40711.57
OI00075257,O0015084,P00277,4,12998.99,0,51995.96
OI00075258,O0015084,P00116,2,15941.99,5,30289.78
OI00075259,O0015084,P00368,3,465.99,0,1397.97
OI00075260,O0015085,P00137,1,18818.99,0,18818.99
OI00075261,O0015085,P00455,3,12384.99,0,37154.97
OI00075262,O0015085,P00059,2,8132.99,0,16265.98
OI00075263,O0015085,P00464,3,13617.99,0,40853.97
OI00075264,O0015085,P00352,1,23273.99,10,20946.59
OI00075265,O0015086,P00260,1,10669.99,0,10669.99
OI00075266,O0015086,P00364,2,24917.99,10,44852.38
OI00075267,O0015086,P00247,1,8888.99,15,7555.64
OI00075268,O0015086,P00128,3,17585.99,0,52757.97
OI00075269,O0015086,P00114,1,15667.99,0,15667.99
OI00075270,O0015087,P00367,4,328.99,0,1315.96
OI00075271,O0015088,P00368,3,465.99,0,1397.97
OI00075272,O0015088,P00035,4,4844.99,0,19379.96
OI00075273,O0015089,P00196,1,1901.99,10,1711.79
OI00075274,O0015089,P00292,3,15053.99,0,45161.97
OI00075275,O0015090,P00201,1,2586.99,15,2198.94
OI00075276,O0015091,P00394,2,4027.99,0,8055.98
OI00075277,O0015092,P00239,2,7792.99,10,14027.38
OI00075278,O0015092,P00376,2,1561.99,10,2811.58
OI00075279,O0015093,P00100,1,13749.99,5,13062.49
OI00075280,O0015093,P00028,2,3885.99,15,6606.18
OI00075281,O0015093,P00227,4,6148.99,0,24595.96
OI00075282,O0015093,P00295,1,15464.99,0,15464.99
OI00075283,O0015094,P00406,1,5671.99,10,5104.79
OI00075284,O0015095,P00402,1,5123.99,0,5123.99
OI00075285,O0015095,P00196,2,1901.99,0,3803.98
OI00075286,O0015095,P00361,2,24506.99,0,49013.98
OI00075287,O0015095,P00427,3,8548.99,0,25646.97
OI00075288,O0015095,P00311,1,17656.99,0,17656.99
OI00075289,O0015096,P00440,3,10329.99,0,30989.97
OI00075290,O0015096,P00380,1,2109.99,5,2004.49
OI00075291,O0015096,P00356,2,23821.99,0,47643.98
OI00075292,O0015096,P00260,3,10669.99,0,32009.97
OI00075293,O0015097,P00151,1,20736.99,0,20736.99
OI00075294,O0015097,P00242,1,8203.99,0,8203.99
OI00075295,O0015097,P00099,4,13612.99,0,54451.96
OI00075296,O0015097,P00423,4,8000.99,0,32003.96
OI00075297,O0015097,P00362,3,24643.99,5,70235.37
OI00075298,O0015098,P00260,3,10669.99,0,32009.97
OI00075299,O0015098,P00469,3,14302.99,15,36472.62
OI00075300,O0015098,P00225,3,5874.99,0,17624.97
OI00075301,O0015099,P00377,2,1698.99,0,3397.98
OI00075302,O0015099,P00197,3,2038.99,0,6116.97
OI00075303,O0015099,P00266,1,11491.99,0,11491.99
OI00075304,O0015099,P00027,4,3748.99,10,13496.36
OI00075305,O0015099,P00209,3,3682.99,5,10496.52
OI00075306,O0015100,P00495,2,17864.99,0,35729.98
OI00075307,O0015101,P00444,1,10877.99,0,10877.99
OI00075308,O0015102,P00221,1,5326.99,15,4527.94
OI00075309,O0015102,P00443,4,10740.99,0,42963.96
OI00075310,O0015102,P00422,4,7863.99,15,26737.57
OI00075311,O0015103,P00094,2,12927.99,0,25855.98
OI00075312,O0015103,P00433,4,9370.99,0,37483.96
OI00075313,O0015103,P00098,3,13475.99,0,40427.97
OI00075314,O0015104,P00235,4,7244.99,0,28979.96
OI00075315,O0015105,P00302,2,16423.99,15,27920.78
OI00075316,O0015106,P00156,1,21421.99,0,21421.99
OI00075317,O0015107,P00027,3,3748.99,0,11246.97
OI00075318,O0015107,P00062,4,8543.99,5,32467.16
OI00075319,O0015107,P00103,1,14160.99,0,14160.99
OI00075320,O0015107,P00319,1,18752.99,0,18752.99
OI00075321,O0015107,P00320,4,18889.99,0,75559.96
OI00075322,O0015108,P00003,2,460.99,0,921.98
OI00075323,O0015108,P00042,2,5803.99,0,11607.98
OI00075324,O0015108,P00249,3,9162.99,15,23365.62
OI00075325,O0015108,P00310,4,17519.99,0,70079.96
OI00075326,O0015109,P00334,1,20807.99,15,17686.79
OI00075327,O0015109,P00115,1,15804.99,5,15014.74
OI00075328,O0015109,P00122,3,16763.99,0,50291.97
OI00075329,O0015109,P00052,4,7173.99,15,24391.57
OI00075330,O0015109,P00158,3,21695.99,0,65087.97
OI00075331,O0015110,P00219,3,5052.99,0,15158.97
OI00075332,O0015110,P00362,2,24643.99,5,46823.58
OI00075333,O0015111,P00448,2,11425.99,0,22851.98
OI00075334,O0015112,P00311,1,17656.99,0,17656.99
OI00075335,O0015112,P00077,3,10598.99,15,27027.42
OI00075336,O0015112,P00264,3,11217.99,0,33653.97
OI00075337,O0015112,P00077,4,10598.99,0,42395.96
OI00075338,O0015113,P00209,1,3682.99,5,3498.84
OI00075339,O0015113,P00437,3,9918.99,0,29756.97
OI00075340,O0015113,P00136,4,18681.99,0,74727.96
OI00075341,O0015113,P00402,2,5123.99,5,9735.58
OI00075342,O0015114,P00400,4,4849.99,0,19399.96
OI00075343,O0015114,P00122,4,16763.99,10,60350.36
OI00075344,O0015114,P00127,3,17448.99,15,44494.92
OI00075345,O0015115,P00485,2,16494.99,0,32989.98
OI00075346,O0015115,P00358,2,24095.99,0,48191.98
OI00075347,O0015115,P00110,4,15119.99,0,60479.96
OI00075348,O0015115,P00097,2,13338.99,15,22676.28
OI00075349,O0015116,P00303,3,16560.99,15,42230.52
OI00075350,O0015116,P00309,3,17382.99,0,52148.97
OI00075351,O0015116,P00292,4,15053.99,0,60215.96
OI00075352,O0015116,P00497,1,18138.99,15,15418.14
OI00075353,O0015116,P00258,4,10395.99,0,41583.96
OI00075354,O0015117,P00109,4,14982.99,10,53938.76
OI00075355,O0015118,P00190,2,1079.99,0,2159.98
OI00075356,O0015118,P00367,1,328.99,10,296.09
OI00075357,O0015118,P00141,3,19366.99,10,52290.87
OI00075358,O0015118,P00227,3,6148.99,0,18446.97
OI00075359,O0015119,P00469,1,14302.99,0,14302.99
OI00075360,O0015119,P00399,3,4712.99,10,12725.07
OI00075361,O0015119,P00233,3,6970.99,5,19867.32
OI00075362,O0015119,P00407,1,5808.99,0,5808.99
OI00075363,O0015120,P00374,4,1287.99,5,4894.36
OI00075364,O0015120,P00357,4,23958.99,15,81460.57
OI00075365,O0015120,P00251,4,9436.99,0,37747.96
OI00075366,O0015121,P00282,1,13683.99,15,11631.39
OI00075367,O0015121,P00498,1,18275.99,15,15534.59
OI00075368,O0015122,P00264,4,11217.99,0,44871.96
OI00075369,O0015122,P00453,1,12110.99,0,12110.99
OI00075370,O0015123,P00184,4,257.99,0,1031.96
OI00075371,O0015123,P00458,2,12795.99,0,25591.98
OI00075372,O0015124,P00334,3,20807.99,0,62423.97
OI00075373,O0015125,P00392,1,3753.99,15,3190.89
OI00075374,O0015125,P00332,2,20533.99,0,41067.98
OI00075375,O0015125,P00206,4,3271.99,15,11124.77
OI00075376,O0015125,P00343,1,22040.99,10,19836.89
OI00075377,O0015125,P00479,1,15672.99,0,15672.99
OI00075378,O0015126,P00015,1,2104.99,5,1999.74
OI00075379,O0015126,P00178,1,24435.99,10,21992.39
OI00075380,O0015127,P00402,4,5123.99,0,20495.96
OI00075381,O0015127,P00275,2,12724.99,0,25449.98
OI00075382,O0015127,P00292,3,15053.99,0,45161.97
OI00075383,O0015127,P00276,4,12861.99,15,43730.77
OI00075384,O0015127,P00072,2,9913.99,0,19827.98
OI00075385,O0015128,P00387,2,3068.99,15,5217.28
OI00075386,O0015128,P00486,1,16631.99,5,15800.39
OI00075387,O0015129,P00441,4,10466.99,0,41867.96
OI00075388,O0015129,P00374,3,1287.99,0,3863.97
OI00075389,O0015129,P00295,2,15464.99,15,26290.48
OI00075390,O0015130,P00394,3,4027.99,0,12083.97
OI00075391,O0015130,P00258,4,10395.99,5,39504.76
OI00075392,O0015131,P00357,4,23958.99,0,95835.96
OI00075393,O0015131,P00193,4,1490.99,0,5963.96
OI00075394,O0015131,P00382,2,2383.99,0,4767.98
OI00075395,O0015131,P00145,4,19914.99,0,79659.96
OI00075396,O0015132,P00442,2,10603.99,0,21207.98
OI00075397,O0015132,P00216,4,4641.99,0,18567.96
OI00075398,O0015132,P00208,4,3545.99,5,13474.76
OI00075399,O0015132,P00239,3,7792.99,5,22210.02
OI00075400,O0015132,P00500,4,18549.99,5,70489.96
OI00075401,O0015133,P00218,4,4915.99,0,19663.96
OI00075402,O0015133,P00430,4,8959.99,0,35839.96
OI00075403,O0015133,P00080,4,11009.99,5,41837.96
OI00075404,O0015133,P00217,4,4778.99,0,19115.96
OI00075405,O0015133,P00271,3,12176.99,0,36530.97
OI00075406,O0015134,P00374,2,1287.99,0,2575.98
OI00075407,O0015134,P00170,3,23339.99,0,70019.97
OI00075408,O0015134,P00459,2,12932.99,0,25865.98
OI00075409,O0015134,P00402,4,5123.99,15,17421.57
OI00075410,O0015134,P00020,4,2789.99,5,10601.96
OI00075411,O0015135,P00094,4,12927.99,0,51711.96
OI00075412,O0015136,P00081,3,11146.99,10,30096.87
OI00075413,O0015136,P00363,2,24780.99,0,49561.98
OI00075414,O0015137,P00245,3,8614.99,0,25844.97
OI00075415,O0015137,P00260,2,10669.99,5,20272.98
OI00075416,O0015137,P00254,2,9847.99,0,19695.98
OI00075417,O0015137,P00313,4,17930.99,0,71723.96
OI00075418,O0015138,P00051,1,7036.99,0,7036.99
OI00075419,O0015138,P00163,2,22380.99,15,38047.68
OI00075420,O0015138,P00288,1,14505.99,15,12330.09
OI00075421,O0015138,P00033,2,4570.99,0,9141.98
OI00075422,O0015138,P00179,2,24572.99,0,49145.98
OI00075423,O0015139,P00234,2,7107.99,0,14215.98
OI00075424,O0015139,P00263,1,11080.99,0,11080.99
OI00075425,O0015139,P00377,4,1698.99,0,6795.96
OI00075426,O0015139,P00418,3,7315.99,15,18655.77
OI00075427,O0015140,P00021,3,2926.99,15,7463.82
OI00075428,O0015140,P00419,1,7452.99,0,7452.99
OI00075429,O0015140,P00106,2,14571.99,5,27686.78
OI00075430,O0015140,P00031,4,4296.99,0,17187.96
OI00075431,O0015140,P00185,3,394.99,5,1125.72
OI00075432,O0015141,P00309,1,17382.99,5,16513.84
OI00075433,O0015141,P00110,1,15119.99,10,13607.99
OI00075434,O0015141,P00057,2,7858.99,5,14932.08
OI00075435,O0015142,P00001,3,186.99,0,560.97
OI00075436,O0015142,P00401,1,4986.99,0,4986.99
OI00075437,O0015142,P00272,1,12313.99,0,12313.99
OI00075438,O0015142,P00278,1,13135.99,15,11165.59
OI00075439,O0015142,P00138,1,18955.99,10,17060.39
OI00075440,O0015143,P00376,4,1561.99,0,6247.96
OI00075441,O0015143,P00407,4,5808.99,0,23235.96
OI00075442,O0015144,P00260,4,10669.99,10,38411.96
OI00075443,O0015144,P00047,1,6488.99,0,6488.99
OI00075444,O0015144,P00074,1,10187.99,15,8659.79
OI00075445,O0015144,P00086,1,11831.99,0,11831.99
OI00075446,O0015144,P00159,3,21832.99,5,62224.02
OI00075447,O0015145,P00388,1,3205.99,5,3045.69
OI00075448,O0015145,P00020,2,2789.99,0,5579.98
OI00075449,O0015145,P00391,1,3616.99,10,3255.29
OI00075450,O0015145,P00105,2,14434.99,0,28869.98
OI00075451,O0015145,P00259,1,10532.99,0,10532.99
OI00075452,O0015146,P00277,1,12998.99,5,12349.04
OI00075453,O0015146,P00155,1,21284.99,15,18092.24
OI00075454,O0015146,P00075,4,10324.99,0,41299.96
OI00075455,O0015146,P00347,1,22588.99,5,21459.54
OI00075456,O0015146,P00210,3,3819.99,0,11459.97
OI00075457,O0015147,P00193,3,1490.99,0,4472.97
OI00075458,O0015147,P00108,4,14845.99,15,50476.37
OI00075459,O0015147,P00123,1,16900.99,0,16900.99
OI00075460,O0015147,P00099,2,13612.99,15,23142.08
OI00075461,O0015147,P00264,2,11217.99,0,22435.98
OI00075462,O0015148,P00307,1,17108.99,0,17108.99
OI00075463,O0015148,P00420,3,7589.99,0,22769.97
OI00075464,O0015148,P00284,2,13957.99,0,27915.98
OI00075465,O0015148,P00361,3,24506.99,0,73520.97
OI00075466,O0015148,P00006,4,871.99,0,3487.96
OI00075467,O0015149,P00352,4,23273.99,5,88441.16
OI00075468,O0015149,P00414,1,6767.99,15,5752.79
OI00075469,O0015149,P00279,3,13272.99,15,33846.12
OI00075470,O0015150,P00172,2,23613.99,5,44866.58
OI00075471,O0015150,P00452,1,11973.99,5,11375.29
OI00075472,O0015151,P00495,4,17864.99,5,67886.96
OI00075473,O0015151,P00485,4,16494.99,0,65979.96
OI00075474,O0015151,P00250,3,9299.99,15,23714.97
OI00075475,O0015151,P00034,4,4707.99,15,16007.17
OI00075476,O0015152,P00017,2,2378.99,0,4757.98
OI00075477,O0015152,P00292,1,15053.99,0,15053.99
OI00075478,O0015152,P00462,4,13343.99,0,53375.96
OI00075479,O0015152,P00164,4,22517.99,5,85568.36
OI00075480,O0015153,P00273,4,12450.99,15,42333.37
OI00075481,O0015153,P00137,2,18818.99,10,33874.18
OI00075482,O0015153,P00419,4,7452.99,0,29811.96
OI00075483,O0015154,P00141,2,19366.99,10,34860.58
OI00075484,O0015154,P00299,4,16012.99,0,64051.96
OI00075485,O0015154,P00453,3,12110.99,10,32699.67
OI00075486,O0015155,P00267,3,11628.99,0,34886.97
OI00075487,O0015155,P00035,4,4844.99,0,19379.96
OI00075488,O0015155,P00355,2,23684.99,5,45001.48
OI00075489,O0015155,P00238,3,7655.99,0,22967.97
OI00075490,O0015155,P00398,2,4575.99,10,8236.78
OI00075491,O0015156,P00081,1,11146.99,15,9474.94
OI00075492,O0015156,P00028,3,3885.99,10,10492.17
OI00075493,O0015157,P00240,1,7929.99,0,7929.99
OI00075494,O0015157,P00177,3,24298.99,10,65607.27
OI00075495,O0015158,P00250,1,9299.99,10,8369.99
OI00075496,O0015158,P00345,3,22314.99,0,66944.97
OI00075497,O0015159,P00035,3,4844.99,0,14534.97
OI00075498,O0015159,P00298,2,15875.99,10,28576.78
OI00075499,O0015159,P00187,1,668.99,0,668.99
OI00075500,O0015159,P00198,1,2175.99,0,2175.99
OI00075501,O0015160,P00343,2,22040.99,0,44081.98
OI00075502,O0015160,P00388,2,3205.99,0,6411.98
OI00075503,O0015160,P00163,3,22380.99,5,63785.82
OI00075504,O0015161,P00272,3,12313.99,0,36941.97
OI00075505,O0015161,P00058,2,7995.99,0,15991.98
OI00075506,O0015162,P00315,3,18204.99,5,51884.22
OI00075507,O0015162,P00093,4,12790.99,0,51163.96
OI00075508,O0015162,P00064,1,8817.99,15,7495.29
OI00075509,O0015162,P00013,1,1830.99,15,1556.34
OI00075510,O0015162,P00053,3,7310.99,10,19739.67
OI00075511,O0015163,P00200,3,2449.99,0,7349.97
OI00075512,O0015163,P00240,2,7929.99,0,15859.98
OI00075513,O0015163,P00070,3,9639.99,15,24581.97
OI00075514,O0015163,P00388,1,3205.99,5,3045.69
OI00075515,O0015164,P00443,3,10740.99,10,29000.67
OI00075516,O0015164,P00329,2,20122.99,15,34209.08
OI00075517,O0015164,P00106,1,14571.99,0,14571.99
OI00075518,O0015164,P00280,2,13409.99,15,22796.98
OI00075519,O0015164,P00213,1,4230.99,10,3807.89
OI00075520,O0015165,P00141,1,19366.99,15,16461.94
OI00075521,O0015165,P00388,3,3205.99,0,9617.97
OI00075522,O0015165,P00335,1,20944.99,15,17803.24
OI00075523,O0015165,P00140,2,19229.99,10,34613.98
OI00075524,O0015165,P00130,1,17859.99,0,17859.99
OI00075525,O0015166,P00498,4,18275.99,0,73103.96
OI00075526,O0015166,P00368,3,465.99,0,1397.97
OI00075527,O0015166,P00203,3,2860.99,5,8153.82
OI00075528,O0015166,P00460,3,13069.99,0,39209.97
OI00075529,O0015167,P00481,1,15946.99,5,15149.64
OI00075530,O0015167,P00310,3,17519.99,10,47303.97
OI00075531,O0015167,P00445,3,11014.99,0,33044.97
OI00075532,O0015168,P00265,1,11354.99,0,11354.99
OI00075533,O0015168,P00404,1,5397.99,10,4858.19
OI00075534,O0015169,P00050,4,6899.99,0,27599.96
OI00075535,O0015169,P00036,2,4981.99,0,9963.98
OI00075536,O0015169,P00048,1,6625.99,0,6625.99
OI00075537,O0015169,P00385,1,2794.99,0,2794.99
OI00075538,O0015169,P00478,4,15535.99,0,62143.96
OI00075539,O0015170,P00324,4,19437.99,0,77751.96
OI00075540,O0015170,P00188,2,805.99,0,1611.98
OI00075541,O0015170,P00103,3,14160.99,0,42482.97
OI00075542,O0015170,P00087,4,11968.99,10,43088.36
OI00075543,O0015171,P00179,4,24572.99,0,98291.96
OI00075544,O0015171,P00133,4,18270.99,10,65775.56
OI00075545,O0015171,P00207,2,3408.99,0,6817.98
OI00075546,O0015171,P00353,1,23410.99,15,19899.34
OI00075547,O0015172,P00473,3,14850.99,0,44552.97
OI00075548,O0015173,P00209,1,3682.99,10,3314.69
OI00075549,O0015174,P00048,3,6625.99,5,18884.07
OI00075550,O0015174,P00024,3,3337.99,15,8511.87
OI00075551,O0015174,P00223,2,5600.99,0,11201.98
OI00075552,O0015175,P00496,4,18001.99,5,68407.56
OI00075553,O0015175,P00485,4,16494.99,5,62680.96
OI00075554,O0015175,P00359,2,24232.99,0,48465.98
OI00075555,O0015175,P00194,4,1627.99,0,6511.96
OI00075556,O0015175,P00294,3,15327.99,0,45983.97
OI00075557,O0015176,P00169,4,23202.99,0,92811.96
OI00075558,O0015176,P00245,3,8614.99,5,24552.72
OI00075559,O0015176,P00115,1,15804.99,0,15804.99
OI00075560,O0015176,P00038,3,5255.99,15,13402.77
OI00075561,O0015176,P00420,2,7589.99,5,14420.98
OI00075562,O0015177,P00054,2,7447.99,0,14895.98
OI00075563,O0015177,P00441,4,10466.99,15,35587.77
OI00075564,O0015178,P00081,3,11146.99,10,30096.87
OI00075565,O0015178,P00481,4,15946.99,0,63787.96
OI00075566,O0015178,P00267,2,11628.99,15,19769.28
OI00075567,O0015178,P00114,3,15667.99,0,47003.97
OI00075568,O0015179,P00008,3,1145.99,5,3266.07
OI00075569,O0015179,P00313,3,17930.99,0,53792.97
OI00075570,O0015179,P00145,3,19914.99,0,59744.97
OI00075571,O0015179,P00472,2,14713.99,0,29427.98
OI00075572,O0015180,P00159,1,21832.99,5,20741.34
OI00075573,O0015180,P00208,3,3545.99,0,10637.97
OI00075574,O0015180,P00439,1,10192.99,5,9683.34
OI00075575,O0015180,P00377,1,1698.99,0,1698.99
OI00075576,O0015180,P00209,4,3682.99,10,13258.76
OI00075577,O0015181,P00378,2,1835.99,10,3304.78
OI00075578,O0015181,P00151,1,20736.99,0,20736.99
OI00075579,O0015181,P00286,1,14231.99,15,12097.19
OI00075580,O0015181,P00458,4,12795.99,0,51183.96
OI00075581,O0015181,P00228,1,6285.99,0,6285.99
OI00075582,O0015182,P00009,4,1282.99,0,5131.96
OI00075583,O0015182,P00235,2,7244.99,0,14489.98
OI00075584,O0015183,P00241,2,8066.99,15,13713.88
OI00075585,O0015183,P00015,2,2104.99,0,4209.98
OI00075586,O0015183,P00457,2,12658.99,0,25317.98
OI00075587,O0015183,P00460,3,13069.99,0,39209.97
OI00075588,O0015184,P00385,1,2794.99,10,2515.49
OI00075589,O0015184,P00358,3,24095.99,0,72287.97
OI00075590,O0015185,P00420,4,7589.99,5,28841.96
OI00075591,O0015185,P00303,1,16560.99,10,14904.89
OI00075592,O0015185,P00331,3,20396.99,0,61190.97
OI00075593,O0015185,P00381,3,2246.99,10,6066.87
OI00075594,O0015186,P00138,2,18955.99,10,34120.78
OI00075595,O0015187,P00147,1,20188.99,15,17160.64
OI00075596,O0015188,P00227,2,6148.99,0,12297.98
OI00075597,O0015188,P00006,4,871.99,15,2964.77
OI00075598,O0015188,P00059,4,8132.99,0,32531.96
OI00075599,O0015189,P00322,4,19163.99,0,76655.96
OI00075600,O0015189,P00378,1,1835.99,0,1835.99
OI00075601,O0015189,P00489,4,17042.99,10,61354.76
OI00075602,O0015189,P00358,2,24095.99,10,43372.78
OI00075603,O0015190,P00404,2,5397.99,10,9716.38
OI00075604,O0015191,P00398,2,4575.99,15,7779.18
OI00075605,O0015191,P00165,2,22654.99,0,45309.98
OI00075606,O0015191,P00181,3,24846.99,15,63359.82
OI00075607,O0015191,P00409,4,6082.99,0,24331.96
OI00075608,O0015192,P00467,4,14028.99,0,56115.96
OI00075609,O0015192,P00259,3,10532.99,0,31598.97
OI00075610,O0015192,P00473,3,14850.99,0,44552.97
OI00075611,O0015193,P00150,2,20599.99,0,41199.98
OI00075612,O0015194,P00110,2,15119.99,10,27215.98
OI00075613,O0015194,P00332,2,20533.99,0,41067.98
OI00075614,O0015194,P00229,3,6422.99,0,19268.97
OI00075615,O0015195,P00401,2,4986.99,0,9973.98
OI00075616,O0015195,P00490,4,17179.99,15,58411.97
OI00075617,O0015196,P00423,3,8000.99,0,24002.97
OI00075618,O0015197,P00463,4,13480.99,0,53923.96
OI00075619,O0015197,P00143,2,19640.99,0,39281.98
OI00075620,O0015198,P00034,2,4707.99,10,8474.38
OI00075621,O0015198,P00100,2,13749.99,5,26124.98
OI00075622,O0015198,P00195,3,1764.99,0,5294.97
OI00075623,O0015198,P00176,1,24161.99,0,24161.99
OI00075624,O0015199,P00482,1,16083.99,0,16083.99
OI00075625,O0015199,P00302,2,16423.99,5,31205.58
OI00075626,O0015199,P00219,3,5052.99,10,13643.07
OI00075627,O0015200,P00255,2,9984.99,0,19969.98
OI00075628,O0015200,P00389,2,3342.99,0,6685.98
OI00075629,O0015200,P00256,1,10121.99,10,9109.79
OI00075630,O0015200,P00012,4,1693.99,5,6437.16
OI00075631,O0015201,P00218,2,4915.99,15,8357.18
OI00075632,O0015201,P00493,2,17590.99,10,31663.78
OI00075633,O0015201,P00316,2,18341.99,0,36683.98
OI00075634,O0015202,P00279,4,13272.99,0,53091.96
OI00075635,O0015202,P00473,3,14850.99,0,44552.97
OI00075636,O0015202,P00217,4,4778.99,0,19115.96
OI00075637,O0015202,P00425,2,8274.99,15,14067.48
OI00075638,O0015202,P00170,4,23339.99,0,93359.96
OI00075639,O0015203,P00353,1,23410.99,5,22240.44
OI00075640,O0015203,P00489,3,17042.99,0,51128.97
OI00075641,O0015203,P00044,3,6077.99,5,17322.27
OI00075642,O0015203,P00467,1,14028.99,10,12626.09
OI00075643,O0015203,P00356,2,23821.99,0,47643.98
OI00075644,O0015204,P00037,2,5118.99,0,10237.98
OI00075645,O0015204,P00351,4,23136.99,0,92547.96
OI00075646,O0015205,P00434,2,9507.99,0,19015.98
OI00075647,O0015206,P00402,4,5123.99,5,19471.16
OI00075648,O0015206,P00379,4,1972.99,5,7497.36
OI00075649,O0015206,P00492,1,17453.99,0,17453.99
OI00075650,O0015207,P00097,2,13338.99,0,26677.98
OI00075651,O0015208,P00050,3,6899.99,5,19664.97
OI00075652,O0015208,P00037,2,5118.99,5,9726.08
OI00075653,O0015208,P00471,1,14576.99,5,13848.14
OI00075654,O0015208,P00076,3,10461.99,5,29816.67
OI00075655,O0015208,P00019,3,2652.99,15,6765.12
OI00075656,O0015209,P00206,3,3271.99,0,9815.97
OI00075657,O0015209,P00403,2,5260.99,0,10521.98
OI00075658,O0015209,P00269,2,11902.99,0,23805.98
OI00075659,O0015210,P00363,4,24780.99,0,99123.96
OI00075660,O0015210,P00278,3,13135.99,0,39407.97
OI00075661,O0015210,P00377,3,1698.99,0,5096.97
OI00075662,O0015210,P00487,4,16768.99,0,67075.96
OI00075663,O0015210,P00155,3,21284.99,10,57469.47
OI00075664,O0015211,P00297,4,15738.99,5,59808.16
OI00075665,O0015212,P00432,2,9233.99,5,17544.58
OI00075666,O0015212,P00235,2,7244.99,0,14489.98
OI00075667,O0015213,P00125,3,17174.99,10,46372.47
OI00075668,O0015213,P00342,1,21903.99,0,21903.99
OI00075669,O0015213,P00470,4,14439.99,0,57759.96
OI00075670,O0015214,P00334,3,20807.99,0,62423.97
OI00075671,O0015214,P00178,1,24435.99,0,24435.99
OI00075672,O0015214,P00162,3,22243.99,10,60058.77
OI00075673,O0015214,P00252,1,9573.99,0,9573.99
OI00075674,O0015215,P00229,1,6422.99,10,5780.69
OI00075675,O0015216,P00285,4,14094.99,0,56379.96
OI00075676,O0015216,P00312,3,17793.99,0,53381.97
OI00075677,O0015217,P00383,3,2520.99,0,7562.97
OI00075678,O0015217,P00351,1,23136.99,0,23136.99
OI00075679,O0015217,P00399,4,4712.99,5,17909.36
OI00075680,O0015217,P00435,3,9644.99,5,27488.22
OI00075681,O0015217,P00037,2,5118.99,15,8702.28
OI00075682,O0015218,P00149,2,20462.99,10,36833.38
OI00075683,O0015218,P00164,1,22517.99,0,22517.99
OI00075684,O0015218,P00329,1,20122.99,0,20122.99
OI00075685,O0015218,P00116,3,15941.99,0,47825.97
OI00075686,O0015218,P00189,3,942.99,15,2404.62
OI00075687,O0015219,P00134,4,18407.99,0,73631.96
OI00075688,O0015219,P00132,1,18133.99,15,15413.89
OI00075689,O0015219,P00327,4,19848.99,15,67486.57
OI00075690,O0015219,P00113,4,15530.99,0,62123.96
OI00075691,O0015220,P00194,2,1627.99,0,3255.98
OI00075692,O0015220,P00175,1,24024.99,0,24024.99
OI00075693,O0015220,P00114,1,15667.99,0,15667.99
OI00075694,O0015220,P00309,4,17382.99,0,69531.96
OI00075695,O0015221,P00388,3,3205.99,0,9617.97
OI00075696,O0015221,P00198,3,2175.99,0,6527.97
OI00075697,O0015221,P00386,3,2931.99,0,8795.97
OI00075698,O0015222,P00337,1,21218.99,0,21218.99
OI00075699,O0015223,P00083,1,11420.99,0,11420.99
OI00075700,O0015223,P00218,1,4915.99,0,4915.99
OI00075701,O0015223,P00233,4,6970.99,0,27883.96
OI00075702,O0015223,P00156,4,21421.99,10,77119.16
OI00075703,O0015224,P00094,3,12927.99,0,38783.97
OI00075704,O0015224,P00020,4,2789.99,0,11159.96
OI00075705,O0015224,P00243,1,8340.99,0,8340.99
OI00075706,O0015224,P00297,2,15738.99,0,31477.98
OI00075707,O0015225,P00182,2,24983.99,0,49967.98
OI00075708,O0015225,P00195,3,1764.99,0,5294.97
OI00075709,O0015225,P00318,2,18615.99,5,35370.38
OI00075710,O0015225,P00218,3,4915.99,0,14747.97
OI00075711,O0015225,P00373,3,1150.99,0,3452.97
OI00075712,O0015226,P00273,1,12450.99,0,12450.99
OI00075713,O0015226,P00404,1,5397.99,10,4858.19
OI00075714,O0015226,P00025,2,3474.99,0,6949.98
OI00075715,O0015226,P00185,1,394.99,5,375.24
OI00075716,O0015226,P00083,1,11420.99,5,10849.94
OI00075717,O0015227,P00218,3,4915.99,0,14747.97
OI00075718,O0015228,P00413,4,6630.99,0,26523.96
OI00075719,O0015228,P00191,2,1216.99,0,2433.98
OI00075720,O0015228,P00288,4,14505.99,0,58023.96
OI00075721,O0015229,P00459,4,12932.99,0,51731.96
OI00075722,O0015230,P00183,4,120.99,10,435.56
OI00075723,O0015230,P00226,3,6011.99,15,15330.57
OI00075724,O0015230,P00470,3,14439.99,10,38987.97
OI00075725,O0015230,P00154,1,21147.99,0,21147.99
OI00075726,O0015230,P00485,3,16494.99,0,49484.97
OI00075727,O0015231,P00401,4,4986.99,0,19947.96
OI00075728,O0015231,P00253,2,9710.99,15,16508.68
OI00075729,O0015232,P00145,1,19914.99,0,19914.99
OI00075730,O0015232,P00213,2,4230.99,0,8461.98
OI00075731,O0015232,P00204,2,2997.99,0,5995.98
OI00075732,O0015232,P00132,1,18133.99,0,18133.99
OI00075733,O0015232,P00255,2,9984.99,0,19969.98
OI00075734,O0015233,P00269,1,11902.99,0,11902.99
OI00075735,O0015233,P00314,4,18067.99,15,61431.17
OI00075736,O0015234,P00094,3,12927.99,15,32966.37
OI00075737,O0015234,P00293,2,15190.99,0,30381.98
OI00075738,O0015235,P00122,3,16763.99,0,50291.97
OI00075739,O0015235,P00303,1,16560.99,0,16560.99
OI00075740,O0015236,P00291,2,14916.99,0,29833.98
OI00075741,O0015237,P00420,1,7589.99,0,7589.99
OI00075742,O0015237,P00464,3,13617.99,0,40853.97
OI00075743,O0015237,P00061,2,8406.99,0,16813.98
OI00075744,O0015237,P00088,1,12105.99,0,12105.99
OI00075745,O0015237,P00142,1,19503.99,0,19503.99
OI00075746,O0015238,P00288,4,14505.99,0,58023.96
OI00075747,O0015239,P00385,3,2794.99,0,8384.97
OI00075748,O0015239,P00321,3,19026.99,0,57080.97
OI00075749,O0015240,P00014,3,1967.99,0,5903.97
OI00075750,O0015240,P00456,3,12521.99,15,31931.07
OI00075751,O0015241,P00210,2,3819.99,0,7639.98
OI00075752,O0015241,P00392,3,3753.99,0,11261.97
OI00075753,O0015241,P00103,4,14160.99,0,56643.96
OI00075754,O0015241,P00364,4,24917.99,0,99671.96
OI00075755,O0015241,P00399,2,4712.99,0,9425.98
OI00075756,O0015242,P00264,3,11217.99,5,31971.27
OI00075757,O0015243,P00344,4,22177.99,10,79840.76
OI00075758,O0015243,P00350,1,22999.99,10,20699.99
OI00075759,O0015244,P00486,1,16631.99,5,15800.39
OI00075760,O0015244,P00317,2,18478.99,0,36957.98
OI00075761,O0015245,P00113,1,15530.99,5,14754.44
OI00075762,O0015245,P00194,3,1627.99,0,4883.97
OI00075763,O0015245,P00093,1,12790.99,0,12790.99
OI00075764,O0015246,P00081,2,11146.99,0,22293.98
OI00075765,O0015246,P00200,3,2449.99,0,7349.97
OI00075766,O0015246,P00223,4,5600.99,10,20163.56
OI00075767,O0015247,P00211,4,3956.99,0,15827.96
OI00075768,O0015247,P00345,1,22314.99,15,18967.74
OI00075769,O0015247,P00375,1,1424.99,0,1424.99
OI00075770,O0015247,P00159,1,21832.99,0,21832.99
OI00075771,O0015248,P00292,1,15053.99,0,15053.99
OI00075772,O0015248,P00280,3,13409.99,0,40229.97
OI00075773,O0015249,P00131,3,17996.99,5,51291.42
OI00075774,O0015249,P00226,1,6011.99,15,5110.19
OI00075775,O0015249,P00130,1,17859.99,5,16966.99
OI00075776,O0015249,P00042,1,5803.99,0,5803.99
OI00075777,O0015249,P00108,3,14845.99,5,42311.07
OI00075778,O0015250,P00433,4,9370.99,0,37483.96
OI00075779,O0015250,P00204,4,2997.99,10,10792.76
OI00075780,O0015250,P00202,2,2723.99,0,5447.98
OI00075781,O0015250,P00489,3,17042.99,0,51128.97
OI00075782,O0015250,P00147,1,20188.99,5,19179.54
OI00075783,O0015251,P00272,2,12313.99,0,24627.98
OI00075784,O0015251,P00470,1,14439.99,0,14439.99
OI00075785,O0015251,P00377,3,1698.99,0,5096.97
OI00075786,O0015252,P00114,4,15667.99,0,62671.96
OI00075787,O0015253,P00263,4,11080.99,0,44323.96
OI00075788,O0015253,P00049,1,6762.99,5,6424.84
OI00075789,O0015253,P00347,3,22588.99,0,67766.97
OI00075790,O0015253,P00125,4,17174.99,5,65264.96
OI00075791,O0015253,P00136,1,18681.99,0,18681.99
OI00075792,O0015254,P00099,3,13612.99,15,34713.12
OI00075793,O0015254,P00051,4,7036.99,0,28147.96
OI00075794,O0015254,P00121,2,16626.99,0,33253.98
OI00075795,O0015255,P00230,2,6559.99,0,13119.98
OI00075796,O0015255,P00465,2,13754.99,0,27509.98
OI00075797,O0015255,P00367,3,328.99,10,888.27
OI00075798,O0015255,P00005,2,734.99,0,1469.98
OI00075799,O0015256,P00422,1,7863.99,10,7077.59
OI00075800,O0015256,P00266,4,11491.99,5,43669.56
OI00075801,O0015256,P00223,3,5600.99,5,15962.82
OI00075802,O0015256,P00114,1,15667.99,0,15667.99
OI00075803,O0015256,P00390,1,3479.99,10,3131.99
OI00075804,O0015257,P00235,4,7244.99,10,26081.96
OI00075805,O0015257,P00338,3,21355.99,0,64067.97
OI00075806,O0015258,P00170,3,23339.99,0,70019.97
OI00075807,O0015258,P00111,4,15256.99,5,57976.56
OI00075808,O0015258,P00085,4,11694.99,10,42101.96
OI00075809,O0015259,P00349,3,22862.99,0,68588.97
OI00075810,O0015259,P00330,4,20259.99,10,72935.96
OI00075811,O0015259,P00473,2,14850.99,5,28216.88
OI00075812,O0015260,P00401,1,4986.99,10,4488.29
OI00075813,O0015260,P00057,2,7858.99,5,14932.08
OI00075814,O0015261,P00228,1,6285.99,15,5343.09
OI00075815,O0015261,P00051,3,7036.99,0,21110.97
OI00075816,O0015261,P00104,1,14297.99,5,13583.09
OI00075817,O0015261,P00047,3,6488.99,0,19466.97
OI00075818,O0015261,P00311,1,17656.99,0,17656.99
OI00075819,O0015262,P00448,1,11425.99,0,11425.99
OI00075820,O0015262,P00286,1,14231.99,15,12097.19
OI00075821,O0015263,P00471,3,14576.99,5,41544.42
OI00075822,O0015263,P00178,1,24435.99,0,24435.99
OI00075823,O0015263,P00261,2,10806.99,0,21613.98
OI00075824,O0015264,P00020,4,2789.99,0,11159.96
OI00075825,O0015264,P00469,1,14302.99,10,12872.69
OI00075826,O0015265,P00114,3,15667.99,15,39953.37
OI00075827,O0015266,P00372,4,1013.99,5,3853.16
OI00075828,O0015266,P00256,4,10121.99,0,40487.96
OI00075829,O0015267,P00215,3,4504.99,15,11487.72
OI00075830,O0015267,P00125,2,17174.99,0,34349.98
OI00075831,O0015267,P00195,1,1764.99,0,1764.99
OI00075832,O0015267,P00010,3,1419.99,15,3620.97
OI00075833,O0015267,P00097,1,13338.99,0,13338.99
OI00075834,O0015268,P00078,4,10735.99,5,40796.76
OI00075835,O0015269,P00212,1,4093.99,15,3479.89
OI00075836,O0015269,P00065,3,8954.99,0,26864.97
OI00075837,O0015269,P00266,4,11491.99,10,41371.16
OI00075838,O0015269,P00477,2,15398.99,10,27718.18
OI00075839,O0015269,P00315,1,18204.99,0,18204.99
OI00075840,O0015270,P00249,1,9162.99,10,8246.69
OI00075841,O0015270,P00500,3,18549.99,0,55649.97
OI00075842,O0015270,P00296,1,15601.99,0,15601.99
OI00075843,O0015271,P00346,4,22451.99,0,89807.96
OI00075844,O0015271,P00344,2,22177.99,15,37702.58
OI00075845,O0015272,P00491,4,17316.99,0,69267.96
OI00075846,O0015273,P00472,1,14713.99,0,14713.99
OI00075847,O0015273,P00164,3,22517.99,0,67553.97
OI00075848,O0015273,P00185,1,394.99,0,394.99
OI00075849,O0015274,P00437,3,9918.99,10,26781.27
OI00075850,O0015275,P00163,4,22380.99,0,89523.96
OI00075851,O0015275,P00275,3,12724.99,10,34357.47
OI00075852,O0015275,P00390,2,3479.99,15,5915.98
OI00075853,O0015276,P00085,3,11694.99,15,29822.22
OI00075854,O0015276,P00089,2,12242.99,0,24485.98
OI00075855,O0015276,P00489,2,17042.99,10,30677.38
OI00075856,O0015276,P00177,4,24298.99,5,92336.16
OI00075857,O0015277,P00274,3,12587.99,0,37763.97
OI00075858,O0015277,P00392,3,3753.99,0,11261.97
OI00075859,O0015277,P00136,3,18681.99,0,56045.97
OI00075860,O0015278,P00301,3,16286.99,10,43974.87
OI00075861,O0015278,P00270,1,12039.99,10,10835.99
OI00075862,O0015278,P00423,2,8000.99,0,16001.98
OI00075863,O0015278,P00409,3,6082.99,0,18248.97
OI00075864,O0015278,P00445,1,11014.99,0,11014.99
OI00075865,O0015279,P00438,3,10055.99,10,27151.17
OI00075866,O0015279,P00485,1,16494.99,0,16494.99
OI00075867,O0015279,P00286,3,14231.99,15,36291.57
OI00075868,O0015280,P00034,3,4707.99,15,12005.37
OI00075869,O0015280,P00319,1,18752.99,15,15940.04
OI00075870,O0015280,P00488,1,16905.99,0,16905.99
OI00075871,O0015280,P00226,3,6011.99,0,18035.97
OI00075872,O0015280,P00182,2,24983.99,0,49967.98
OI00075873,O0015281,P00151,2,20736.99,0,41473.98
OI00075874,O0015281,P00081,3,11146.99,10,30096.87
OI00075875,O0015281,P00031,4,4296.99,0,17187.96
OI00075876,O0015281,P00120,4,16489.99,10,59363.96
OI00075877,O0015281,P00461,1,13206.99,0,13206.99
OI00075878,O0015282,P00194,1,1627.99,15,1383.79
OI00075879,O0015282,P00151,1,20736.99,0,20736.99
OI00075880,O0015282,P00060,4,8269.99,0,33079.96
OI00075881,O0015283,P00208,2,3545.99,5,6737.38
OI00075882,O0015284,P00361,1,24506.99,0,24506.99
OI00075883,O0015284,P00249,3,9162.99,5,26114.52
OI00075884,O0015284,P00052,4,7173.99,0,28695.96
OI00075885,O0015285,P00363,1,24780.99,0,24780.99
OI00075886,O0015285,P00481,2,15946.99,10,28704.58
OI00075887,O0015286,P00345,4,22314.99,0,89259.96
OI00075888,O0015286,P00474,3,14987.99,0,44963.97
OI00075889,O0015286,P00282,1,13683.99,15,11631.39
OI00075890,O0015286,P00359,4,24232.99,10,87238.76
OI00075891,O0015286,P00327,3,19848.99,15,50614.92
OI00075892,O0015287,P00406,3,5671.99,15,14463.57
OI00075893,O0015287,P00341,2,21766.99,10,39180.58
OI00075894,O0015287,P00306,1,16971.99,10,15274.79
OI00075895,O0015287,P00394,4,4027.99,5,15306.36
OI00075896,O0015287,P00430,3,8959.99,0,26879.97
OI00075897,O0015288,P00328,1,19985.99,15,16988.09
OI00075898,O0015288,P00246,3,8751.99,0,26255.97
OI00075899,O0015288,P00129,4,17722.99,0,70891.96
OI00075900,O0015288,P00083,2,11420.99,0,22841.98
OI00075901,O0015288,P00106,2,14571.99,0,29143.98
OI00075902,O0015289,P00024,3,3337.99,0,10013.97
OI00075903,O0015289,P00202,2,2723.99,15,4630.78
OI00075904,O0015289,P00167,4,22928.99,15,77958.57
OI00075905,O0015289,P00398,2,4575.99,15,7779.18
OI00075906,O0015289,P00209,3,3682.99,0,11048.97
OI00075907,O0015290,P00058,3,7995.99,15,20389.77
OI00075908,O0015291,P00448,3,11425.99,5,32564.07
OI00075909,O0015291,P00500,2,18549.99,5,35244.98
OI00075910,O0015292,P00296,1,15601.99,0,15601.99
OI00075911,O0015292,P00336,4,21081.99,10,75895.16
OI00075912,O0015292,P00108,2,14845.99,0,29691.98
OI00075913,O0015293,P00256,3,10121.99,10,27329.37
OI00075914,O0015293,P00323,2,19300.99,10,34741.78
OI00075915,O0015293,P00019,4,2652.99,10,9550.76
OI00075916,O0015294,P00345,1,22314.99,0,22314.99
OI00075917,O0015294,P00220,1,5189.99,0,5189.99
OI00075918,O0015294,P00463,3,13480.99,5,38420.82
OI00075919,O0015294,P00461,4,13206.99,15,44903.77
OI00075920,O0015295,P00100,3,13749.99,5,39187.47
OI00075921,O0015296,P00163,4,22380.99,0,89523.96
OI00075922,O0015296,P00053,1,7310.99,0,7310.99
OI00075923,O0015296,P00171,3,23476.99,15,59866.32
OI00075924,O0015297,P00150,2,20599.99,15,35019.98
OI00075925,O0015297,P00452,3,11973.99,0,35921.97
OI00075926,O0015297,P00371,3,876.99,5,2499.42
OI00075927,O0015297,P00486,1,16631.99,0,16631.99
OI00075928,O0015297,P00065,2,8954.99,0,17909.98
OI00075929,O0015298,P00419,3,7452.99,15,19005.12
OI00075930,O0015299,P00372,2,1013.99,5,1926.58
OI00075931,O0015299,P00012,3,1693.99,0,5081.97
OI00075932,O0015300,P00456,1,12521.99,0,12521.99
OI00075933,O0015300,P00146,1,20051.99,10,18046.79
OI00075934,O0015300,P00110,2,15119.99,0,30239.98
OI00075935,O0015300,P00144,3,19777.99,0,59333.97
OI00075936,O0015301,P00350,1,22999.99,15,19549.99
OI00075937,O0015301,P00400,3,4849.99,15,12367.47
OI00075938,O0015301,P00339,1,21492.99,0,21492.99
OI00075939,O0015301,P00500,2,18549.99,0,37099.98
OI00075940,O0015302,P00477,3,15398.99,0,46196.97
OI00075941,O0015302,P00040,1,5529.99,5,5253.49
OI00075942,O0015302,P00295,2,15464.99,15,26290.48
OI00075943,O0015302,P00359,1,24232.99,10,21809.69
OI00075944,O0015303,P00006,4,871.99,0,3487.96
OI00075945,O0015303,P00257,2,10258.99,0,20517.98
OI00075946,O0015303,P00480,1,15809.99,0,15809.99
OI00075947,O0015304,P00283,2,13820.99,5,26259.88
OI00075948,O0015304,P00150,2,20599.99,0,41199.98
OI00075949,O0015304,P00261,2,10806.99,0,21613.98
OI00075950,O0015304,P00040,3,5529.99,0,16589.97
OI00075951,O0015304,P00354,1,23547.99,0,23547.99
OI00075952,O0015305,P00188,3,805.99,10,2176.17
OI00075953,O0015305,P00202,4,2723.99,5,10351.16
OI00075954,O0015306,P00478,4,15535.99,0,62143.96
OI00075955,O0015307,P00117,4,16078.99,0,64315.96
OI00075956,O0015307,P00317,1,18478.99,0,18478.99
OI00075957,O0015307,P00408,1,5945.99,0,5945.99
OI00075958,O0015307,P00141,3,19366.99,0,58100.97
OI00075959,O0015308,P00033,4,4570.99,0,18283.96
OI00075960,O0015309,P00285,3,14094.99,15,35942.22
OI00075961,O0015309,P00432,1,9233.99,5,8772.29
OI00075962,O0015309,P00495,1,17864.99,5,16971.74
OI00075963,O0015309,P00130,3,17859.99,0,53579.97
OI00075964,O0015310,P00228,2,6285.99,10,11314.78
OI00075965,O0015310,P00044,2,6077.99,15,10332.58
OI00075966,O0015310,P00363,3,24780.99,0,74342.97
OI00075967,O0015310,P00101,4,13886.99,0,55547.96
OI00075968,O0015311,P00397,2,4438.99,0,8877.98
OI00075969,O0015311,P00018,3,2515.99,15,6415.77
OI00075970,O0015311,P00482,1,16083.99,10,14475.59
OI00075971,O0015311,P00399,2,4712.99,0,9425.98
OI00075972,O0015312,P00259,2,10532.99,0,21065.98
OI00075973,O0015312,P00022,3,3063.99,0,9191.97
OI00075974,O0015312,P00339,3,21492.99,0,64478.97
OI00075975,O0015313,P00174,1,23887.99,0,23887.99
OI00075976,O0015313,P00340,1,21629.99,0,21629.99
OI00075977,O0015314,P00061,2,8406.99,0,16813.98
OI00075978,O0015314,P00484,2,16357.99,5,31080.18
OI00075979,O0015314,P00189,4,942.99,15,3206.17
OI00075980,O0015314,P00010,1,1419.99,0,1419.99
OI00075981,O0015315,P00437,4,9918.99,0,39675.96
OI00075982,O0015315,P00278,1,13135.99,0,13135.99
OI00075983,O0015315,P00349,3,22862.99,0,68588.97
OI00075984,O0015315,P00141,4,19366.99,0,77467.96
OI00075985,O0015316,P00241,3,8066.99,0,24200.97
OI00075986,O0015317,P00405,3,5534.99,0,16604.97
OI00075987,O0015317,P00346,2,22451.99,15,38168.38
OI00075988,O0015318,P00107,3,14708.99,15,37507.92
OI00075989,O0015318,P00336,2,21081.99,0,42163.98
OI00075990,O0015319,P00496,4,18001.99,0,72007.96
OI00075991,O0015319,P00195,2,1764.99,0,3529.98
OI00075992,O0015319,P00059,2,8132.99,0,16265.98
OI00075993,O0015320,P00240,2,7929.99,10,14273.98
OI00075994,O0015320,P00283,4,13820.99,0,55283.96
OI00075995,O0015321,P00370,2,739.99,0,1479.98
OI00075996,O0015321,P00347,4,22588.99,0,90355.96
OI00075997,O0015321,P00073,3,10050.99,0,30152.97
OI00075998,O0015321,P00100,4,13749.99,0,54999.96
OI00075999,O0015321,P00076,4,10461.99,5,39755.56
OI00076000,O0015322,P00234,1,7107.99,0,7107.99
OI00076001,O0015322,P00426,2,8411.99,10,15141.58
OI00076002,O0015322,P00021,1,2926.99,0,2926.99
OI00076003,O0015322,P00408,1,5945.99,0,5945.99
OI00076004,O0015322,P00292,1,15053.99,0,15053.99
OI00076005,O0015323,P00386,1,2931.99,15,2492.19
OI00076006,O0015323,P00393,1,3890.99,0,3890.99
OI00076007,O0015323,P00390,1,3479.99,15,2957.99
OI00076008,O0015323,P00132,3,18133.99,15,46241.67
OI00076009,O0015323,P00056,1,7721.99,5,7335.89
OI00076010,O0015324,P00282,4,13683.99,5,51999.16
OI00076011,O0015324,P00093,2,12790.99,0,25581.98
OI00076012,O0015325,P00022,4,3063.99,5,11643.16
OI00076013,O0015325,P00304,1,16697.99,0,16697.99
OI00076014,O0015325,P00452,1,11973.99,0,11973.99
OI00076015,O0015325,P00148,1,20325.99,10,18293.39
OI00076016,O0015326,P00266,3,11491.99,15,29304.57
OI00076017,O0015326,P00161,3,22106.99,15,56372.82
OI00076018,O0015326,P00492,3,17453.99,15,44507.67
OI00076019,O0015326,P00188,4,805.99,0,3223.96
OI00076020,O0015327,P00124,1,17037.99,0,17037.99
OI00076021,O0015327,P00071,3,9776.99,0,29330.97
OI00076022,O0015327,P00336,3,21081.99,5,60083.67
OI00076023,O0015327,P00295,3,15464.99,0,46394.97
OI00076024,O0015328,P00197,1,2038.99,15,1733.14
OI00076025,O0015328,P00410,2,6219.99,0,12439.98
OI00076026,O0015328,P00169,2,23202.99,0,46405.98
OI00076027,O0015328,P00417,4,7178.99,0,28715.96
OI00076028,O0015328,P00288,3,14505.99,0,43517.97
OI00076029,O0015329,P00336,2,21081.99,0,42163.98
OI00076030,O0015329,P00194,4,1627.99,0,6511.96
OI00076031,O0015329,P00207,3,3408.99,0,10226.97
OI00076032,O0015330,P00170,3,23339.99,15,59516.97
OI00076033,O0015330,P00241,2,8066.99,0,16133.98
OI00076034,O0015330,P00056,2,7721.99,0,15443.98
OI00076035,O0015330,P00317,2,18478.99,10,33262.18
OI00076036,O0015330,P00018,3,2515.99,0,7547.97
OI00076037,O0015331,P00214,1,4367.99,15,3712.79
OI00076038,O0015331,P00379,3,1972.99,5,5623.02
OI00076039,O0015331,P00045,4,6214.99,0,24859.96
OI00076040,O0015331,P00300,4,16149.99,0,64599.96
OI00076041,O0015331,P00391,1,3616.99,15,3074.44
OI00076042,O0015332,P00400,3,4849.99,0,14549.97
OI00076043,O0015332,P00341,2,21766.99,0,43533.98
OI00076044,O0015333,P00127,4,17448.99,5,66306.16
OI00076045,O0015334,P00168,1,23065.99,10,20759.39
OI00076046,O0015334,P00133,1,18270.99,0,18270.99
OI00076047,O0015334,P00383,1,2520.99,0,2520.99
OI00076048,O0015335,P00115,4,15804.99,0,63219.96
OI00076049,O0015335,P00025,2,3474.99,5,6602.48
OI00076050,O0015336,P00319,1,18752.99,0,18752.99
OI00076051,O0015336,P00367,1,328.99,0,328.99
OI00076052,O0015336,P00248,1,9025.99,0,9025.99
OI00076053,O0015336,P00038,3,5255.99,15,13402.77
OI00076054,O0015337,P00070,1,9639.99,5,9157.99
OI00076055,O0015337,P00262,4,10943.99,0,43775.96
OI00076056,O0015337,P00419,4,7452.99,5,28321.36
OI00076057,O0015338,P00072,2,9913.99,15,16853.78
OI00076058,O0015338,P00124,3,17037.99,0,51113.97
OI00076059,O0015339,P00170,4,23339.99,10,84023.96
OI00076060,O0015339,P00158,3,21695.99,0,65087.97
OI00076061,O0015339,P00286,3,14231.99,0,42695.97
OI00076062,O0015339,P00119,2,16352.99,0,32705.98
OI00076063,O0015340,P00031,4,4296.99,15,14609.77
OI00076064,O0015341,P00034,4,4707.99,0,18831.96
OI00076065,O0015341,P00070,1,9639.99,15,8193.99
OI00076066,O0015341,P00390,3,3479.99,5,9917.97
OI00076067,O0015342,P00269,3,11902.99,0,35708.97
OI00076068,O0015342,P00025,1,3474.99,10,3127.49
OI00076069,O0015342,P00009,2,1282.99,10,2309.38
OI00076070,O0015342,P00254,3,9847.99,15,25112.37
OI00076071,O0015342,P00292,1,15053.99,0,15053.99
OI00076072,O0015343,P00026,3,3611.99,0,10835.97
OI00076073,O0015344,P00371,2,876.99,15,1490.88
OI00076074,O0015344,P00448,4,11425.99,0,45703.96
OI00076075,O0015345,P00346,1,22451.99,0,22451.99
OI00076076,O0015345,P00008,2,1145.99,0,2291.98
OI00076077,O0015345,P00307,2,17108.99,5,32507.08
OI00076078,O0015346,P00127,3,17448.99,5,49729.62
OI00076079,O0015346,P00232,1,6833.99,0,6833.99
OI00076080,O0015346,P00314,4,18067.99,0,72271.96
OI00076081,O0015346,P00037,1,5118.99,5,4863.04
OI00076082,O0015346,P00286,4,14231.99,5,54081.56
OI00076083,O0015347,P00362,2,24643.99,10,44359.18
OI00076084,O0015347,P00097,2,13338.99,5,25344.08
OI00076085,O0015347,P00220,3,5189.99,5,14791.47
OI00076086,O0015347,P00355,4,23684.99,10,85265.96
OI00076087,O0015348,P00205,4,3134.99,0,12539.96
OI00076088,O0015348,P00234,3,7107.99,0,21323.97
OI00076089,O0015348,P00228,3,6285.99,15,16029.27
OI00076090,O0015349,P00182,2,24983.99,0,49967.98
OI00076091,O0015350,P00162,4,22243.99,0,88975.96
OI00076092,O0015350,P00086,2,11831.99,10,21297.58
OI00076093,O0015350,P00070,2,9639.99,10,17351.98
OI00076094,O0015350,P00447,3,11288.99,0,33866.97
OI00076095,O0015351,P00017,1,2378.99,0,2378.99
OI00076096,O0015351,P00156,1,21421.99,0,21421.99
OI00076097,O0015352,P00295,4,15464.99,5,58766.96
OI00076098,O0015352,P00129,3,17722.99,0,53168.97
OI00076099,O0015352,P00342,3,21903.99,5,62426.37
OI00076100,O0015352,P00290,1,14779.99,0,14779.99
OI00076101,O0015353,P00389,3,3342.99,5,9527.52
OI00076102,O0015353,P00025,3,3474.99,15,8861.22
OI00076103,O0015354,P00482,2,16083.99,10,28951.18
OI00076104,O0015354,P00293,4,15190.99,0,60763.96
OI00076105,O0015355,P00371,1,876.99,0,876.99
OI00076106,O0015355,P00333,4,20670.99,0,82683.96
OI00076107,O0015356,P00372,4,1013.99,0,4055.96
OI00076108,O0015356,P00005,3,734.99,0,2204.97
OI00076109,O0015356,P00241,2,8066.99,0,16133.98
OI00076110,O0015357,P00041,4,5666.99,10,20401.16
OI00076111,O0015357,P00482,3,16083.99,0,48251.97
OI00076112,O0015357,P00119,1,16352.99,5,15535.34
OI00076113,O0015357,P00461,4,13206.99,0,52827.96
OI00076114,O0015357,P00498,4,18275.99,15,62138.37
OI00076115,O0015358,P00387,3,3068.99,10,8286.27
OI00076116,O0015358,P00050,4,6899.99,5,26219.96
OI00076117,O0015358,P00464,1,13617.99,5,12937.09
OI00076118,O0015358,P00232,3,6833.99,15,17426.67
OI00076119,O0015359,P00328,4,19985.99,0,79943.96
OI00076120,O0015359,P00057,1,7858.99,0,7858.99
OI00076121,O0015359,P00378,1,1835.99,10,1652.39
OI00076122,O0015360,P00491,2,17316.99,5,32902.28
OI00076123,O0015361,P00484,2,16357.99,15,27808.58
OI00076124,O0015362,P00485,1,16494.99,15,14020.74
OI00076125,O0015362,P00382,2,2383.99,0,4767.98
OI00076126,O0015363,P00496,4,18001.99,15,61206.77
OI00076127,O0015363,P00428,1,8685.99,0,8685.99
OI00076128,O0015364,P00405,1,5534.99,0,5534.99
OI00076129,O0015364,P00400,3,4849.99,0,14549.97
OI00076130,O0015365,P00099,2,13612.99,15,23142.08
OI00076131,O0015365,P00306,2,16971.99,0,33943.98
OI00076132,O0015366,P00454,3,12247.99,0,36743.97
OI00076133,O0015367,P00157,4,21558.99,0,86235.96
OI00076134,O0015367,P00136,2,18681.99,0,37363.98
OI00076135,O0015367,P00122,1,16763.99,0,16763.99
OI00076136,O0015368,P00014,3,1967.99,15,5018.37
OI00076137,O0015368,P00062,2,8543.99,0,17087.98
OI00076138,O0015368,P00192,1,1353.99,0,1353.99
OI00076139,O0015368,P00126,2,17311.99,0,34623.98
OI00076140,O0015369,P00121,2,16626.99,0,33253.98
OI00076141,O0015370,P00017,1,2378.99,0,2378.99
OI00076142,O0015370,P00340,2,21629.99,10,38933.98
OI00076143,O0015370,P00274,1,12587.99,0,12587.99
OI00076144,O0015371,P00442,3,10603.99,0,31811.97
OI00076145,O0015371,P00164,4,22517.99,0,90071.96
OI00076146,O0015371,P00405,3,5534.99,0,16604.97
OI00076147,O0015371,P00125,1,17174.99,10,15457.49
OI00076148,O0015371,P00432,4,9233.99,0,36935.96
OI00076149,O0015372,P00283,1,13820.99,0,13820.99
OI00076150,O0015372,P00153,4,21010.99,0,84043.96
OI00076151,O0015372,P00114,4,15667.99,0,62671.96
OI00076152,O0015372,P00263,2,11080.99,15,18837.68
OI00076153,O0015372,P00443,2,10740.99,0,21481.98
OI00076154,O0015373,P00227,1,6148.99,0,6148.99
OI00076155,O0015373,P00471,4,14576.99,0,58307.96
OI00076156,O0015373,P00194,3,1627.99,10,4395.57
OI00076157,O0015373,P00065,4,8954.99,0,35819.96
OI00076158,O0015373,P00039,1,5392.99,0,5392.99
OI00076159,O0015374,P00180,3,24709.99,0,74129.97
OI00076160,O0015375,P00152,4,20873.99,10,75146.36
OI00076161,O0015375,P00339,4,21492.99,0,85971.96
OI00076162,O0015376,P00427,1,8548.99,5,8121.54
OI00076163,O0015376,P00331,4,20396.99,0,81587.96
OI00076164,O0015376,P00052,3,7173.99,5,20445.87
OI00076165,O0015376,P00237,3,7518.99,10,20301.27
OI00076166,O0015377,P00018,4,2515.99,0,10063.96
OI00076167,O0015378,P00099,1,13612.99,0,13612.99
OI00076168,O0015379,P00434,4,9507.99,0,38031.96
OI00076169,O0015380,P00056,4,7721.99,0,30887.96
OI00076170,O0015381,P00335,3,20944.99,15,53409.72
OI00076171,O0015381,P00131,3,17996.99,0,53990.97
OI00076172,O0015382,P00070,1,9639.99,10,8675.99
OI00076173,O0015382,P00414,2,6767.99,15,11505.58
OI00076174,O0015382,P00263,1,11080.99,0,11080.99
OI00076175,O0015382,P00440,1,10329.99,0,10329.99
OI00076176,O0015383,P00474,4,14987.99,5,56954.36
OI00076177,O0015384,P00402,3,5123.99,0,15371.97
OI00076178,O0015384,P00111,2,15256.99,0,30513.98
OI00076179,O0015384,P00067,2,9228.99,10,16612.18
OI00076180,O0015385,P00290,2,14779.99,5,28081.98
OI00076181,O0015385,P00153,1,21010.99,0,21010.99
OI00076182,O0015385,P00402,2,5123.99,0,10247.98
OI00076183,O0015385,P00434,3,9507.99,0,28523.97
OI00076184,O0015386,P00470,1,14439.99,0,14439.99
OI00076185,O0015386,P00168,2,23065.99,0,46131.98
OI00076186,O0015386,P00340,3,21629.99,5,61645.47
OI00076187,O0015386,P00191,2,1216.99,15,2068.88
OI00076188,O0015386,P00485,3,16494.99,5,47010.72
OI00076189,O0015387,P00123,2,16900.99,10,30421.78
OI00076190,O0015387,P00314,1,18067.99,0,18067.99
OI00076191,O0015387,P00109,1,14982.99,0,14982.99
OI00076192,O0015387,P00274,4,12587.99,5,47834.36
OI00076193,O0015388,P00309,3,17382.99,0,52148.97
OI00076194,O0015389,P00200,1,2449.99,0,2449.99
OI00076195,O0015389,P00455,4,12384.99,0,49539.96
OI00076196,O0015389,P00161,2,22106.99,0,44213.98
OI00076197,O0015390,P00078,1,10735.99,0,10735.99
OI00076198,O0015390,P00096,4,13201.99,0,52807.96
OI00076199,O0015390,P00096,2,13201.99,15,22443.38
OI00076200,O0015390,P00168,1,23065.99,0,23065.99
OI00076201,O0015391,P00368,2,465.99,5,885.38
OI00076202,O0015391,P00490,1,17179.99,0,17179.99
OI00076203,O0015392,P00160,1,21969.99,0,21969.99
OI00076204,O0015392,P00024,3,3337.99,0,10013.97
OI00076205,O0015393,P00044,4,6077.99,15,20665.17
OI00076206,O0015394,P00254,3,9847.99,10,26589.57
OI00076207,O0015394,P00213,3,4230.99,15,10789.02
OI00076208,O0015394,P00453,3,12110.99,0,36332.97
OI00076209,O0015395,P00353,3,23410.99,5,66721.32
OI00076210,O0015396,P00336,1,21081.99,15,17919.69
OI00076211,O0015397,P00277,3,12998.99,10,35097.27
OI00076212,O0015397,P00064,4,8817.99,5,33508.36
OI00076213,O0015397,P00440,3,10329.99,0,30989.97
OI00076214,O0015398,P00385,1,2794.99,5,2655.24
OI00076215,O0015398,P00387,2,3068.99,0,6137.98
OI00076216,O0015399,P00234,1,7107.99,0,7107.99
OI00076217,O0015399,P00300,2,16149.99,0,32299.98
OI00076218,O0015400,P00148,1,20325.99,0,20325.99
OI00076219,O0015400,P00429,2,8822.99,0,17645.98
OI00076220,O0015400,P00335,2,20944.99,0,41889.98
OI00076221,O0015400,P00167,4,22928.99,15,77958.57
OI00076222,O0015400,P00466,1,13891.99,0,13891.99
OI00076223,O0015401,P00460,3,13069.99,0,39209.97
OI00076224,O0015401,P00251,3,9436.99,0,28310.97
OI00076225,O0015401,P00089,1,12242.99,0,12242.99
OI00076226,O0015401,P00217,3,4778.99,0,14336.97
OI00076227,O0015401,P00043,2,5940.99,0,11881.98
OI00076228,O0015402,P00326,1,19711.99,0,19711.99
OI00076229,O0015403,P00043,2,5940.99,5,11287.88
OI00076230,O0015403,P00054,2,7447.99,10,13406.38
OI00076231,O0015403,P00374,2,1287.99,0,2575.98
OI00076232,O0015404,P00323,4,19300.99,0,77203.96
OI00076233,O0015404,P00164,1,22517.99,0,22517.99
OI00076234,O0015404,P00288,1,14505.99,0,14505.99
OI00076235,O0015404,P00304,3,16697.99,0,50093.97
OI00076236,O0015404,P00094,1,12927.99,0,12927.99
OI00076237,O0015405,P00001,3,186.99,0,560.97
OI00076238,O0015405,P00443,4,10740.99,15,36519.37
OI00076239,O0015405,P00262,2,10943.99,0,21887.98
OI00076240,O0015406,P00293,2,15190.99,10,27343.78
OI00076241,O0015407,P00365,1,54.99,5,52.24
OI00076242,O0015407,P00355,3,23684.99,5,67502.22
OI00076243,O0015407,P00290,3,14779.99,10,39905.97
OI00076244,O0015408,P00251,3,9436.99,5,26895.42
OI00076245,O0015408,P00029,1,4022.99,0,4022.99
OI00076246,O0015409,P00064,1,8817.99,15,7495.29
OI00076247,O0015409,P00439,2,10192.99,10,18347.38
OI00076248,O0015409,P00263,2,11080.99,0,22161.98
OI00076249,O0015409,P00149,1,20462.99,0,20462.99
OI00076250,O0015409,P00290,1,14779.99,0,14779.99
OI00076251,O0015410,P00443,3,10740.99,0,32222.97
OI00076252,O0015410,P00308,2,17245.99,0,34491.98
OI00076253,O0015411,P00004,4,597.99,5,2272.36
OI00076254,O0015411,P00316,4,18341.99,15,62362.77
OI00076255,O0015412,P00087,2,11968.99,0,23937.98
OI00076256,O0015412,P00171,1,23476.99,0,23476.99
OI00076257,O0015412,P00404,4,5397.99,0,21591.96
OI00076258,O0015412,P00490,3,17179.99,5,48962.97
OI00076259,O0015413,P00398,4,4575.99,5,17388.76
OI00076260,O0015413,P00301,4,16286.99,0,65147.96
OI00076261,O0015414,P00243,4,8340.99,0,33363.96
OI00076262,O0015414,P00307,2,17108.99,0,34217.98
OI00076263,O0015414,P00212,2,4093.99,0,8187.98
OI00076264,O0015414,P00005,4,734.99,5,2792.96
OI00076265,O0015415,P00153,1,21010.99,0,21010.99
OI00076266,O0015415,P00034,1,4707.99,0,4707.99
OI00076267,O0015415,P00429,1,8822.99,0,8822.99
OI00076268,O0015415,P00127,2,17448.99,0,34897.98
OI00076269,O0015415,P00235,4,7244.99,0,28979.96
OI00076270,O0015416,P00282,3,13683.99,5,38999.37
OI00076271,O0015416,P00002,4,323.99,0,1295.96
OI00076272,O0015416,P00072,4,9913.99,15,33707.57
OI00076273,O0015416,P00104,4,14297.99,15,48613.17
OI00076274,O0015417,P00365,2,54.99,0,109.98
OI00076275,O0015417,P00253,3,9710.99,10,26219.67
OI00076276,O0015417,P00302,3,16423.99,10,44344.77
OI00076277,O0015417,P00022,1,3063.99,10,2757.59
OI00076278,O0015418,P00108,4,14845.99,0,59383.96
OI00076279,O0015418,P00349,2,22862.99,5,43439.68
OI00076280,O0015419,P00183,2,120.99,10,217.78
OI00076281,O0015419,P00299,4,16012.99,0,64051.96
OI00076282,O0015419,P00135,4,18544.99,0,74179.96
OI00076283,O0015420,P00031,3,4296.99,0,12890.97
OI00076284,O0015421,P00498,2,18275.99,15,31069.18
OI00076285,O0015421,P00499,2,18412.99,0,36825.98
OI00076286,O0015422,P00193,3,1490.99,15,3802.02
OI00076287,O0015423,P00129,2,17722.99,0,35445.98
OI00076288,O0015424,P00210,4,3819.99,5,14515.96
OI00076289,O0015424,P00169,1,23202.99,5,22042.84
OI00076290,O0015424,P00379,3,1972.99,15,5031.12
OI00076291,O0015425,P00418,2,7315.99,10,13168.78
OI00076292,O0015425,P00251,4,9436.99,0,37747.96
OI00076293,O0015425,P00391,1,3616.99,0,3616.99
OI00076294,O0015426,P00349,1,22862.99,0,22862.99
OI00076295,O0015426,P00302,4,16423.99,0,65695.96
OI00076296,O0015426,P00218,2,4915.99,0,9831.98
OI00076297,O0015426,P00158,2,21695.99,0,43391.98
OI00076298,O0015426,P00140,4,19229.99,0,76919.96
OI00076299,O0015427,P00266,4,11491.99,5,43669.56
OI00076300,O0015427,P00112,4,15393.99,15,52339.57
OI00076301,O0015427,P00116,4,15941.99,5,60579.56
OI00076302,O0015427,P00146,4,20051.99,0,80207.96
OI00076303,O0015428,P00136,4,18681.99,0,74727.96
OI00076304,O0015428,P00328,1,19985.99,0,19985.99
OI00076305,O0015429,P00448,2,11425.99,0,22851.98
OI00076306,O0015429,P00440,4,10329.99,0,41319.96
OI00076307,O0015429,P00422,3,7863.99,15,20053.17
OI00076308,O0015430,P00319,1,18752.99,5,17815.34
OI00076309,O0015430,P00266,3,11491.99,0,34475.97
OI00076310,O0015430,P00248,3,9025.99,0,27077.97
OI00076311,O0015430,P00227,4,6148.99,0,24595.96
OI00076312,O0015430,P00496,1,18001.99,0,18001.99
OI00076313,O0015431,P00086,2,11831.99,0,23663.98
OI00076314,O0015431,P00110,2,15119.99,10,27215.98
OI00076315,O0015431,P00132,4,18133.99,5,68909.16
OI00076316,O0015431,P00435,4,9644.99,0,38579.96
OI00076317,O0015432,P00435,1,9644.99,0,9644.99
OI00076318,O0015433,P00469,3,14302.99,0,42908.97
OI00076319,O0015433,P00055,4,7584.99,10,27305.96
OI00076320,O0015433,P00012,2,1693.99,15,2879.78
OI00076321,O0015434,P00075,1,10324.99,15,8776.24
OI00076322,O0015434,P00444,3,10877.99,15,27738.87
OI00076323,O0015434,P00034,4,4707.99,0,18831.96
OI00076324,O0015434,P00376,4,1561.99,5,5935.56
OI00076325,O0015435,P00137,1,18818.99,0,18818.99
OI00076326,O0015435,P00067,4,9228.99,0,36915.96
OI00076327,O0015436,P00486,3,16631.99,15,42411.57
OI00076328,O0015436,P00151,3,20736.99,0,62210.97
OI00076329,O0015436,P00301,1,16286.99,10,14658.29
OI00076330,O0015436,P00024,3,3337.99,0,10013.97
OI00076331,O0015436,P00396,1,4301.99,0,4301.99
OI00076332,O0015437,P00072,3,9913.99,0,29741.97
OI00076333,O0015437,P00389,2,3342.99,0,6685.98
OI00076334,O0015437,P00034,2,4707.99,0,9415.98
OI00076335,O0015438,P00031,3,4296.99,0,12890.97
OI00076336,O0015439,P00280,1,13409.99,10,12068.99
OI00076337,O0015439,P00166,4,22791.99,10,82051.16
OI00076338,O0015439,P00064,3,8817.99,0,26453.97
OI00076339,O0015439,P00452,3,11973.99,0,35921.97
OI00076340,O0015439,P00027,4,3748.99,0,14995.96
OI00076341,O0015440,P00362,2,24643.99,0,49287.98
OI00076342,O0015440,P00316,2,18341.99,0,36683.98
OI00076343,O0015440,P00484,2,16357.99,0,32715.98
OI00076344,O0015440,P00232,3,6833.99,10,18451.77
OI00076345,O0015441,P00308,3,17245.99,10,46564.17
OI00076346,O0015441,P00425,1,8274.99,10,7447.49
OI00076347,O0015441,P00173,2,23750.99,0,47501.98
OI00076348,O0015441,P00058,4,7995.99,0,31983.96
OI00076349,O0015441,P00391,1,3616.99,0,3616.99
OI00076350,O0015442,P00490,4,17179.99,0,68719.96
OI00076351,O0015442,P00307,2,17108.99,0,34217.98
OI00076352,O0015442,P00132,4,18133.99,0,72535.96
OI00076353,O0015442,P00024,2,3337.99,0,6675.98
OI00076354,O0015442,P00361,3,24506.99,0,73520.97
OI00076355,O0015443,P00498,4,18275.99,10,65793.56
OI00076356,O0015443,P00151,4,20736.99,0,82947.96
OI00076357,O0015444,P00286,2,14231.99,0,28463.98
OI00076358,O0015445,P00307,2,17108.99,0,34217.98
OI00076359,O0015445,P00068,3,9365.99,15,23883.27
OI00076360,O0015445,P00011,3,1556.99,15,3970.32
OI00076361,O0015446,P00269,2,11902.99,15,20235.08
OI00076362,O0015446,P00367,2,328.99,15,559.28
OI00076363,O0015446,P00050,3,6899.99,5,19664.97
OI00076364,O0015446,P00012,3,1693.99,0,5081.97
OI00076365,O0015446,P00435,3,9644.99,10,26041.47
OI00076366,O0015447,P00435,2,9644.99,0,19289.98
OI00076367,O0015447,P00029,1,4022.99,0,4022.99
OI00076368,O0015447,P00143,3,19640.99,15,50084.52
OI00076369,O0015447,P00316,4,18341.99,5,69699.56
OI00076370,O0015447,P00224,1,5737.99,10,5164.19
OI00076371,O0015448,P00429,4,8822.99,0,35291.96
OI00076372,O0015448,P00023,1,3200.99,0,3200.99
OI00076373,O0015448,P00450,2,11699.99,10,21059.98
OI00076374,O0015448,P00244,3,8477.99,10,22890.57
OI00076375,O0015448,P00321,2,19026.99,0,38053.98
OI00076376,O0015449,P00061,4,8406.99,0,33627.96
OI00076377,O0015449,P00449,3,11562.99,0,34688.97
OI00076378,O0015449,P00382,2,2383.99,10,4291.18
OI00076379,O0015450,P00120,1,16489.99,10,14840.99
OI00076380,O0015450,P00443,1,10740.99,0,10740.99
OI00076381,O0015450,P00233,2,6970.99,10,12547.78
OI00076382,O0015451,P00068,4,9365.99,10,33717.56
OI00076383,O0015451,P00459,1,12932.99,15,10993.04
OI00076384,O0015451,P00145,2,19914.99,5,37838.48
OI00076385,O0015451,P00489,1,17042.99,0,17042.99
OI00076386,O0015452,P00193,3,1490.99,5,4249.32
OI00076387,O0015452,P00073,2,10050.99,0,20101.98
OI00076388,O0015452,P00070,2,9639.99,0,19279.98
OI00076389,O0015452,P00011,1,1556.99,0,1556.99
OI00076390,O0015452,P00084,2,11557.99,0,23115.98
OI00076391,O0015453,P00092,2,12653.99,15,21511.78
OI00076392,O0015453,P00263,3,11080.99,10,29918.67
OI00076393,O0015453,P00274,3,12587.99,0,37763.97
OI00076394,O0015453,P00318,3,18615.99,0,55847.97
OI00076395,O0015453,P00001,3,186.99,0,560.97
OI00076396,O0015454,P00261,2,10806.99,0,21613.98
OI00076397,O0015455,P00076,4,10461.99,15,35570.77
OI00076398,O0015455,P00356,3,23821.99,10,64319.37
OI00076399,O0015455,P00155,2,21284.99,0,42569.98
OI00076400,O0015455,P00025,3,3474.99,0,10424.97
OI00076401,O0015455,P00408,3,5945.99,0,17837.97
OI00076402,O0015456,P00287,4,14368.99,0,57475.96
OI00076403,O0015456,P00152,4,20873.99,10,75146.36
OI00076404,O0015457,P00336,4,21081.99,0,84327.96
OI00076405,O0015458,P00433,4,9370.99,0,37483.96
OI00076406,O0015459,P00084,3,11557.99,5,32940.27
OI00076407,O0015459,P00178,1,24435.99,15,20770.59
OI00076408,O0015459,P00064,1,8817.99,0,8817.99
OI00076409,O0015459,P00002,1,323.99,0,323.99
OI00076410,O0015460,P00495,3,17864.99,5,50915.22
OI00076411,O0015460,P00019,2,2652.99,5,5040.68
OI00076412,O0015461,P00035,4,4844.99,5,18410.96
OI00076413,O0015461,P00216,4,4641.99,0,18567.96
OI00076414,O0015461,P00242,2,8203.99,15,13946.78
OI00076415,O0015461,P00327,3,19848.99,5,56569.62
OI00076416,O0015461,P00165,3,22654.99,0,67964.97
OI00076417,O0015462,P00177,1,24298.99,0,24298.99
OI00076418,O0015463,P00104,1,14297.99,10,12868.19
OI00076419,O0015463,P00047,2,6488.99,0,12977.98
OI00076420,O0015463,P00315,2,18204.99,0,36409.98
OI00076421,O0015463,P00102,2,14023.99,0,28047.98
OI00076422,O0015464,P00352,2,23273.99,5,44220.58
OI00076423,O0015464,P00116,1,15941.99,0,15941.99
OI00076424,O0015464,P00171,2,23476.99,0,46953.98
OI00076425,O0015465,P00090,2,12379.99,0,24759.98
OI00076426,O0015465,P00119,2,16352.99,0,32705.98
OI00076427,O0015465,P00002,2,323.99,0,647.98
OI00076428,O0015465,P00178,4,24435.99,15,83082.37
OI00076429,O0015466,P00130,1,17859.99,10,16073.99
OI00076430,O0015466,P00329,3,20122.99,10,54332.07
OI00076431,O0015466,P00116,3,15941.99,15,40652.07
OI00076432,O0015466,P00282,1,13683.99,15,11631.39
OI00076433,O0015466,P00227,4,6148.99,5,23366.16
OI00076434,O0015467,P00409,1,6082.99,10,5474.69
OI00076435,O0015467,P00061,1,8406.99,5,7986.64
OI00076436,O0015467,P00117,1,16078.99,0,16078.99
OI00076437,O0015467,P00343,3,22040.99,0,66122.97
OI00076438,O0015468,P00281,2,13546.99,15,23029.88
OI00076439,O0015468,P00103,4,14160.99,0,56643.96
OI00076440,O0015468,P00188,2,805.99,0,1611.98
OI00076441,O0015468,P00281,3,13546.99,5,38608.92
OI00076442,O0015469,P00357,3,23958.99,15,61095.42
OI00076443,O0015469,P00248,2,9025.99,0,18051.98
OI00076444,O0015469,P00220,1,5189.99,0,5189.99
OI00076445,O0015469,P00010,3,1419.99,15,3620.97
OI00076446,O0015470,P00305,1,16834.99,5,15993.24
OI00076447,O0015470,P00116,2,15941.99,0,31883.98
OI00076448,O0015471,P00187,4,668.99,0,2675.96
OI00076449,O0015471,P00289,1,14642.99,0,14642.99
OI00076450,O0015471,P00126,4,17311.99,5,65785.56
OI00076451,O0015472,P00189,3,942.99,0,2828.97
OI00076452,O0015472,P00145,1,19914.99,0,19914.99
OI00076453,O0015472,P00368,1,465.99,5,442.69
OI00076454,O0015472,P00285,2,14094.99,15,23961.48
OI00076455,O0015473,P00482,4,16083.99,10,57902.36
OI00076456,O0015473,P00108,2,14845.99,10,26722.78
OI00076457,O0015473,P00209,1,3682.99,0,3682.99
OI00076458,O0015473,P00050,3,6899.99,15,17594.97
OI00076459,O0015473,P00437,1,9918.99,10,8927.09
OI00076460,O0015474,P00352,3,23273.99,0,69821.97
OI00076461,O0015474,P00224,4,5737.99,5,21804.36
OI00076462,O0015475,P00143,3,19640.99,0,58922.97
OI00076463,O0015475,P00358,2,24095.99,10,43372.78
OI00076464,O0015475,P00120,4,16489.99,5,62661.96
OI00076465,O0015475,P00128,4,17585.99,15,59792.37
OI00076466,O0015475,P00149,4,20462.99,15,69574.17
OI00076467,O0015476,P00205,1,3134.99,0,3134.99
OI00076468,O0015476,P00474,2,14987.99,5,28477.18
OI00076469,O0015476,P00499,1,18412.99,10,16571.69
OI00076470,O0015476,P00239,1,7792.99,0,7792.99
OI00076471,O0015477,P00310,2,17519.99,10,31535.98
OI00076472,O0015477,P00301,2,16286.99,10,29316.58
OI00076473,O0015477,P00348,4,22725.99,15,77268.37
OI00076474,O0015478,P00500,4,18549.99,10,66779.96
OI00076475,O0015478,P00175,3,24024.99,15,61263.72
OI00076476,O0015478,P00108,4,14845.99,0,59383.96
OI00076477,O0015478,P00237,3,7518.99,0,22556.97
OI00076478,O0015478,P00183,4,120.99,0,483.96
OI00076479,O0015479,P00465,1,13754.99,0,13754.99
OI00076480,O0015479,P00109,4,14982.99,0,59931.96
OI00076481,O0015479,P00372,1,1013.99,0,1013.99
OI00076482,O0015480,P00339,4,21492.99,10,77374.76
OI00076483,O0015480,P00043,1,5940.99,5,5643.94
OI00076484,O0015480,P00239,2,7792.99,0,15585.98
OI00076485,O0015480,P00194,3,1627.99,10,4395.57
OI00076486,O0015480,P00157,3,21558.99,10,58209.27
OI00076487,O0015481,P00287,1,14368.99,10,12932.09
OI00076488,O0015481,P00457,2,12658.99,0,25317.98
OI00076489,O0015481,P00346,1,22451.99,10,20206.79
OI00076490,O0015481,P00124,2,17037.99,0,34075.98
OI00076491,O0015481,P00247,1,8888.99,15,7555.64
OI00076492,O0015482,P00210,3,3819.99,0,11459.97
OI00076493,O0015483,P00269,1,11902.99,10,10712.69
OI00076494,O0015483,P00043,2,5940.99,5,11287.88
OI00076495,O0015483,P00123,4,16900.99,0,67603.96
OI00076496,O0015483,P00480,4,15809.99,0,63239.96
OI00076497,O0015484,P00008,2,1145.99,10,2062.78
OI00076498,O0015484,P00489,2,17042.99,15,28973.08
OI00076499,O0015484,P00218,2,4915.99,0,9831.98
OI00076500,O0015484,P00091,2,12516.99,5,23782.28
OI00076501,O0015484,P00486,4,16631.99,0,66527.96
OI00076502,O0015485,P00149,3,20462.99,0,61388.97
OI00076503,O0015485,P00236,1,7381.99,0,7381.99
OI00076504,O0015485,P00476,2,15261.99,0,30523.98
OI00076505,O0015486,P00350,2,22999.99,5,43699.98
OI00076506,O0015486,P00231,2,6696.99,0,13393.98
OI00076507,O0015486,P00113,1,15530.99,15,13201.34
OI00076508,O0015486,P00155,4,21284.99,15,72368.97
OI00076509,O0015487,P00194,1,1627.99,0,1627.99
OI00076510,O0015487,P00392,4,3753.99,0,15015.96
OI00076511,O0015487,P00181,1,24846.99,0,24846.99
OI00076512,O0015487,P00265,4,11354.99,5,43148.96
OI00076513,O0015487,P00396,3,4301.99,0,12905.97
OI00076514,O0015488,P00065,1,8954.99,0,8954.99
OI00076515,O0015488,P00013,2,1830.99,0,3661.98
OI00076516,O0015489,P00119,4,16352.99,0,65411.96
OI00076517,O0015489,P00174,3,23887.99,15,60914.37
OI00076518,O0015489,P00322,3,19163.99,5,54617.37
OI00076519,O0015490,P00499,2,18412.99,0,36825.98
OI00076520,O0015490,P00301,3,16286.99,0,48860.97
OI00076521,O0015490,P00497,2,18138.99,0,36277.98
OI00076522,O0015490,P00465,4,13754.99,15,46766.97
OI00076523,O0015491,P00301,4,16286.99,0,65147.96
OI00076524,O0015492,P00056,2,7721.99,0,15443.98
OI00076525,O0015492,P00438,1,10055.99,5,9553.19
OI00076526,O0015492,P00239,1,7792.99,15,6624.04
OI00076527,O0015492,P00175,2,24024.99,0,48049.98
OI00076528,O0015492,P00185,3,394.99,0,1184.97
OI00076529,O0015493,P00338,2,21355.99,0,42711.98
OI00076530,O0015493,P00186,4,531.99,10,1915.16
OI00076531,O0015494,P00378,1,1835.99,15,1560.59
OI00076532,O0015494,P00232,4,6833.99,15,23235.57
OI00076533,O0015495,P00422,3,7863.99,5,22412.37
OI00076534,O0015496,P00406,1,5671.99,0,5671.99
OI00076535,O0015496,P00400,2,4849.99,0,9699.98
OI00076536,O0015497,P00405,3,5534.99,10,14944.47
OI00076537,O0015497,P00249,4,9162.99,10,32986.76
OI00076538,O0015497,P00388,2,3205.99,0,6411.98
OI00076539,O0015498,P00122,4,16763.99,10,60350.36
OI00076540,O0015498,P00143,2,19640.99,10,35353.78
OI00076541,O0015498,P00017,4,2378.99,5,9040.16
OI00076542,O0015499,P00205,4,3134.99,0,12539.96
OI00076543,O0015500,P00388,2,3205.99,0,6411.98
OI00076544,O0015500,P00395,1,4164.99,15,3540.24
OI00076545,O0015500,P00018,2,2515.99,0,5031.98
OI00076546,O0015500,P00335,2,20944.99,0,41889.98
OI00076547,O0015501,P00331,1,20396.99,0,20396.99
OI00076548,O0015501,P00239,3,7792.99,0,23378.97
OI00076549,O0015501,P00346,4,22451.99,10,80827.16
OI00076550,O0015502,P00382,3,2383.99,0,7151.97
OI00076551,O0015502,P00202,3,2723.99,10,7354.77
OI00076552,O0015502,P00044,4,6077.99,0,24311.96
OI00076553,O0015502,P00431,2,9096.99,0,18193.98
OI00076554,O0015502,P00471,1,14576.99,5,13848.14
OI00076555,O0015503,P00455,4,12384.99,5,47062.96
OI00076556,O0015503,P00498,1,18275.99,15,15534.59
OI00076557,O0015503,P00325,2,19574.99,15,33277.48
OI00076558,O0015503,P00083,3,11420.99,0,34262.97
OI00076559,O0015503,P00197,2,2038.99,15,3466.28
OI00076560,O0015504,P00028,2,3885.99,0,7771.98
OI00076561,O0015505,P00053,3,7310.99,0,21932.97
OI00076562,O0015505,P00444,3,10877.99,0,32633.97
OI00076563,O0015506,P00143,2,19640.99,0,39281.98
OI00076564,O0015506,P00066,3,9091.99,15,23184.57
OI00076565,O0015506,P00156,1,21421.99,10,19279.79
OI00076566,O0015506,P00140,1,19229.99,0,19229.99
OI00076567,O0015506,P00487,1,16768.99,15,14253.64
OI00076568,O0015507,P00240,4,7929.99,0,31719.96
OI00076569,O0015507,P00445,3,11014.99,15,28088.22
OI00076570,O0015507,P00305,2,16834.99,0,33669.98
OI00076571,O0015508,P00324,3,19437.99,0,58313.97
OI00076572,O0015508,P00139,3,19092.99,0,57278.97
OI00076573,O0015508,P00358,4,24095.99,10,86745.56
OI00076574,O0015508,P00080,4,11009.99,15,37433.97
OI00076575,O0015509,P00172,3,23613.99,0,70841.97
OI00076576,O0015510,P00101,2,13886.99,0,27773.98
OI00076577,O0015510,P00175,2,24024.99,15,40842.48
OI00076578,O0015510,P00351,3,23136.99,5,65940.42
OI00076579,O0015511,P00037,2,5118.99,0,10237.98
OI00076580,O0015511,P00420,2,7589.99,15,12902.98
OI00076581,O0015511,P00368,1,465.99,0,465.99
OI00076582,O0015511,P00330,3,20259.99,10,54701.97
OI00076583,O0015512,P00382,1,2383.99,15,2026.39
OI00076584,O0015512,P00046,3,6351.99,0,19055.97
OI00076585,O0015513,P00202,2,2723.99,5,5175.58
OI00076586,O0015513,P00314,2,18067.99,5,34329.18
OI00076587,O0015514,P00329,3,20122.99,0,60368.97
OI00076588,O0015514,P00387,4,3068.99,10,11048.36
OI00076589,O0015515,P00434,3,9507.99,15,24245.37
OI00076590,O0015515,P00379,3,1972.99,5,5623.02
OI00076591,O0015515,P00402,3,5123.99,0,15371.97
OI00076592,O0015515,P00500,4,18549.99,10,66779.96
OI00076593,O0015515,P00131,1,17996.99,0,17996.99
OI00076594,O0015516,P00197,1,2038.99,0,2038.99
OI00076595,O0015516,P00469,4,14302.99,15,48630.17
OI00076596,O0015516,P00191,3,1216.99,5,3468.42
OI00076597,O0015516,P00262,4,10943.99,15,37209.57
OI00076598,O0015517,P00439,1,10192.99,0,10192.99
OI00076599,O0015517,P00478,3,15535.99,0,46607.97
OI00076600,O0015517,P00358,2,24095.99,0,48191.98
OI00076601,O0015517,P00457,4,12658.99,0,50635.96
OI00076602,O0015517,P00352,3,23273.99,0,69821.97
OI00076603,O0015518,P00398,1,4575.99,0,4575.99
OI00076604,O0015519,P00056,3,7721.99,5,22007.67
OI00076605,O0015519,P00440,1,10329.99,5,9813.49
OI00076606,O0015519,P00429,1,8822.99,0,8822.99
OI00076607,O0015519,P00468,1,14165.99,5,13457.69
OI00076608,O0015520,P00041,1,5666.99,15,4816.94
OI00076609,O0015520,P00457,3,12658.99,0,37976.97
OI00076610,O0015520,P00196,4,1901.99,0,7607.96
OI00076611,O0015520,P00261,3,10806.99,0,32420.97
OI00076612,O0015520,P00228,3,6285.99,15,16029.27
OI00076613,O0015521,P00483,3,16220.99,0,48662.97
OI00076614,O0015522,P00043,3,5940.99,0,17822.97
OI00076615,O0015523,P00436,4,9781.99,5,37171.56
OI00076616,O0015523,P00488,3,16905.99,0,50717.97
OI00076617,O0015523,P00195,4,1764.99,15,6000.97
OI00076618,O0015523,P00238,4,7655.99,0,30623.96
OI00076619,O0015524,P00395,1,4164.99,0,4164.99
OI00076620,O0015524,P00285,2,14094.99,0,28189.98
OI00076621,O0015524,P00456,3,12521.99,15,31931.07
OI00076622,O0015525,P00371,1,876.99,0,876.99
OI00076623,O0015525,P00054,4,7447.99,10,26812.76
OI00076624,O0015526,P00292,1,15053.99,0,15053.99
OI00076625,O0015527,P00442,2,10603.99,15,18026.78
OI00076626,O0015528,P00390,3,3479.99,10,9395.97
OI00076627,O0015529,P00156,2,21421.99,5,40701.78
OI00076628,O0015529,P00410,2,6219.99,15,10573.98
OI00076629,O0015530,P00070,3,9639.99,0,28919.97
OI00076630,O0015530,P00291,2,14916.99,0,29833.98
OI00076631,O0015530,P00445,3,11014.99,0,33044.97
OI00076632,O0015531,P00479,1,15672.99,0,15672.99
OI00076633,O0015531,P00119,4,16352.99,0,65411.96
OI00076634,O0015531,P00205,3,3134.99,10,8464.47
OI00076635,O0015531,P00118,3,16215.99,0,48647.97
OI00076636,O0015532,P00281,3,13546.99,0,40640.97
OI00076637,O0015532,P00186,4,531.99,5,2021.56
OI00076638,O0015532,P00189,4,942.99,0,3771.96
OI00076639,O0015532,P00244,1,8477.99,0,8477.99
OI00076640,O0015533,P00139,3,19092.99,0,57278.97
OI00076641,O0015533,P00202,2,2723.99,0,5447.98
OI00076642,O0015533,P00471,4,14576.99,10,52477.16
OI00076643,O0015533,P00048,4,6625.99,5,25178.76
OI00076644,O0015533,P00281,4,13546.99,5,51478.56
OI00076645,O0015534,P00440,4,10329.99,15,35121.97
OI00076646,O0015534,P00106,3,14571.99,15,37158.57
OI00076647,O0015534,P00144,1,19777.99,15,16811.29
OI00076648,O0015535,P00159,2,21832.99,10,39299.38
OI00076649,O0015535,P00479,4,15672.99,15,53288.17
OI00076650,O0015535,P00450,1,11699.99,0,11699.99
OI00076651,O0015535,P00383,3,2520.99,0,7562.97
OI00076652,O0015535,P00024,1,3337.99,10,3004.19
OI00076653,O0015536,P00437,3,9918.99,0,29756.97
OI00076654,O0015536,P00435,2,9644.99,0,19289.98
OI00076655,O0015537,P00272,3,12313.99,0,36941.97
OI00076656,O0015538,P00157,2,21558.99,0,43117.98
OI00076657,O0015538,P00068,4,9365.99,0,37463.96
OI00076658,O0015538,P00436,4,9781.99,15,33258.77
OI00076659,O0015538,P00400,1,4849.99,0,4849.99
OI00076660,O0015539,P00204,2,2997.99,0,5995.98
OI00076661,O0015539,P00331,2,20396.99,10,36714.58
OI00076662,O0015539,P00135,4,18544.99,15,63052.97
OI00076663,O0015539,P00273,2,12450.99,15,21166.68
OI00076664,O0015540,P00474,4,14987.99,0,59951.96
OI00076665,O0015541,P00448,1,11425.99,0,11425.99
OI00076666,O0015541,P00210,3,3819.99,5,10886.97
OI00076667,O0015541,P00472,3,14713.99,10,39727.77
OI00076668,O0015542,P00354,4,23547.99,15,80063.17
OI00076669,O0015542,P00406,1,5671.99,0,5671.99
OI00076670,O0015542,P00392,2,3753.99,0,7507.98
OI00076671,O0015542,P00440,4,10329.99,0,41319.96
OI00076672,O0015542,P00056,2,7721.99,10,13899.58
OI00076673,O0015543,P00316,2,18341.99,5,34849.78
OI00076674,O0015543,P00050,4,6899.99,0,27599.96
OI00076675,O0015543,P00243,1,8340.99,0,8340.99
OI00076676,O0015544,P00497,3,18138.99,10,48975.27
OI00076677,O0015544,P00023,1,3200.99,15,2720.84
OI00076678,O0015544,P00156,4,21421.99,10,77119.16
OI00076679,O0015545,P00478,4,15535.99,15,52822.37
OI00076680,O0015545,P00374,2,1287.99,0,2575.98
OI00076681,O0015545,P00381,2,2246.99,15,3819.88
OI00076682,O0015546,P00487,4,16768.99,0,67075.96
OI00076683,O0015546,P00254,2,9847.99,10,17726.38
OI00076684,O0015546,P00252,4,9573.99,0,38295.96
OI00076685,O0015547,P00469,3,14302.99,15,36472.62
OI00076686,O0015547,P00495,3,17864.99,10,48235.47
OI00076687,O0015547,P00111,4,15256.99,10,54925.16
OI00076688,O0015547,P00458,2,12795.99,0,25591.98
OI00076689,O0015547,P00400,1,4849.99,0,4849.99
OI00076690,O0015548,P00174,4,23887.99,0,95551.96
OI00076691,O0015548,P00303,4,16560.99,0,66243.96
OI00076692,O0015548,P00012,1,1693.99,10,1524.59
OI00076693,O0015549,P00050,3,6899.99,0,20699.97
OI00076694,O0015549,P00424,4,8137.99,0,32551.96
OI00076695,O0015549,P00281,2,13546.99,0,27093.98
OI00076696,O0015550,P00170,3,23339.99,15,59516.97
OI00076697,O0015550,P00463,4,13480.99,10,48531.56
OI00076698,O0015550,P00467,3,14028.99,0,42086.97
OI00076699,O0015551,P00150,2,20599.99,0,41199.98
OI00076700,O0015551,P00092,3,12653.99,10,34165.77
OI00076701,O0015551,P00123,4,16900.99,5,64223.76
OI00076702,O0015551,P00002,2,323.99,10,583.18
OI00076703,O0015551,P00008,4,1145.99,15,3896.37
OI00076704,O0015552,P00039,1,5392.99,5,5123.34
OI00076705,O0015553,P00430,2,8959.99,10,16127.98
OI00076706,O0015553,P00306,1,16971.99,5,16123.39
OI00076707,O0015553,P00072,1,9913.99,15,8426.89
OI00076708,O0015554,P00231,2,6696.99,5,12724.28
OI00076709,O0015554,P00361,2,24506.99,0,49013.98
OI00076710,O0015555,P00160,4,21969.99,0,87879.96
OI00076711,O0015555,P00293,1,15190.99,0,15190.99
OI00076712,O0015555,P00059,3,8132.99,0,24398.97
OI00076713,O0015555,P00032,4,4433.99,0,17735.96
OI00076714,O0015555,P00358,3,24095.99,10,65059.17
OI00076715,O0015556,P00165,1,22654.99,5,21522.24
OI00076716,O0015556,P00464,2,13617.99,5,25874.18
OI00076717,O0015556,P00028,4,3885.99,0,15543.96
OI00076718,O0015557,P00329,2,20122.99,0,40245.98
OI00076719,O0015557,P00070,1,9639.99,5,9157.99
OI00076720,O0015557,P00151,1,20736.99,0,20736.99
OI00076721,O0015558,P00300,2,16149.99,0,32299.98
OI00076722,O0015558,P00483,4,16220.99,0,64883.96
OI00076723,O0015559,P00406,1,5671.99,0,5671.99
OI00076724,O0015560,P00316,4,18341.99,10,66031.16
OI00076725,O0015560,P00066,1,9091.99,5,8637.39
OI00076726,O0015560,P00209,3,3682.99,0,11048.97
OI00076727,O0015561,P00161,3,22106.99,0,66320.97
OI00076728,O0015561,P00147,4,20188.99,5,76718.16
OI00076729,O0015561,P00073,4,10050.99,0,40203.96
OI00076730,O0015562,P00224,4,5737.99,0,22951.96
OI00076731,O0015562,P00375,3,1424.99,0,4274.97
OI00076732,O0015563,P00294,4,15327.99,0,61311.96
OI00076733,O0015563,P00438,1,10055.99,10,9050.39
OI00076734,O0015563,P00063,3,8680.99,0,26042.97
OI00076735,O0015564,P00263,2,11080.99,15,18837.68
OI00076736,O0015564,P00215,1,4504.99,0,4504.99
OI00076737,O0015564,P00163,2,22380.99,0,44761.98
OI00076738,O0015565,P00235,3,7244.99,10,19561.47
OI00076739,O0015565,P00170,1,23339.99,0,23339.99
OI00076740,O0015565,P00101,3,13886.99,10,37494.87
OI00076741,O0015566,P00331,2,20396.99,5,38754.28
OI00076742,O0015566,P00069,3,9502.99,5,27083.52
OI00076743,O0015566,P00035,2,4844.99,0,9689.98
OI00076744,O0015567,P00137,3,18818.99,0,56456.97
OI00076745,O0015567,P00479,4,15672.99,0,62691.96
OI00076746,O0015567,P00474,3,14987.99,5,42715.77
OI00076747,O0015567,P00352,3,23273.99,5,66330.87
OI00076748,O0015568,P00373,3,1150.99,5,3280.32
OI00076749,O0015568,P00330,3,20259.99,0,60779.97
OI00076750,O0015568,P00405,1,5534.99,0,5534.99
OI00076751,O0015568,P00083,4,11420.99,0,45683.96
OI00076752,O0015568,P00358,3,24095.99,10,65059.17
OI00076753,O0015569,P00256,2,10121.99,10,18219.58
OI00076754,O0015569,P00154,2,21147.99,0,42295.98
OI00076755,O0015569,P00223,1,5600.99,0,5600.99
OI00076756,O0015569,P00236,4,7381.99,0,29527.96
OI00076757,O0015569,P00132,2,18133.99,15,30827.78
OI00076758,O0015570,P00243,3,8340.99,0,25022.97
OI00076759,O0015571,P00202,4,2723.99,15,9261.57
OI00076760,O0015571,P00004,3,597.99,0,1793.97
OI00076761,O0015571,P00402,4,5123.99,0,20495.96
OI00076762,O0015571,P00434,3,9507.99,15,24245.37
OI00076763,O0015572,P00141,3,19366.99,0,58100.97
OI00076764,O0015572,P00078,3,10735.99,0,32207.97
OI00076765,O0015572,P00003,1,460.99,0,460.99
OI00076766,O0015572,P00327,2,19848.99,5,37713.08
OI00076767,O0015573,P00216,4,4641.99,0,18567.96
OI00076768,O0015574,P00274,1,12587.99,0,12587.99
OI00076769,O0015575,P00491,2,17316.99,0,34633.98
OI00076770,O0015575,P00149,2,20462.99,15,34787.08
OI00076771,O0015576,P00326,2,19711.99,15,33510.38
OI00076772,O0015577,P00219,1,5052.99,0,5052.99
OI00076773,O0015577,P00274,4,12587.99,0,50351.96
OI00076774,O0015578,P00414,2,6767.99,0,13535.98
OI00076775,O0015579,P00309,1,17382.99,0,17382.99
OI00076776,O0015579,P00154,4,21147.99,0,84591.96
OI00076777,O0015579,P00490,4,17179.99,5,65283.96
OI00076778,O0015579,P00040,4,5529.99,0,22119.96
OI00076779,O0015580,P00361,4,24506.99,5,93126.56
OI00076780,O0015580,P00252,1,9573.99,0,9573.99
OI00076781,O0015580,P00102,3,14023.99,10,37864.77
OI00076782,O0015580,P00133,3,18270.99,0,54812.97
OI00076783,O0015580,P00372,4,1013.99,0,4055.96
OI00076784,O0015581,P00112,4,15393.99,0,61575.96
OI00076785,O0015581,P00149,2,20462.99,10,36833.38
OI00076786,O0015581,P00012,1,1693.99,0,1693.99
OI00076787,O0015581,P00423,1,8000.99,5,7600.94
OI00076788,O0015582,P00030,1,4159.99,0,4159.99
OI00076789,O0015582,P00485,3,16494.99,5,47010.72
OI00076790,O0015583,P00197,4,2038.99,0,8155.96
OI00076791,O0015583,P00310,1,17519.99,5,16643.99
OI00076792,O0015584,P00187,3,668.99,0,2006.97
OI00076793,O0015584,P00138,4,18955.99,15,64450.37
OI00076794,O0015584,P00396,2,4301.99,10,7743.58
OI00076795,O0015584,P00253,4,9710.99,0,38843.96
OI00076796,O0015584,P00305,3,16834.99,0,50504.97
OI00076797,O0015585,P00475,3,15124.99,0,45374.97
OI00076798,O0015585,P00204,2,2997.99,10,5396.38
OI00076799,O0015585,P00150,3,20599.99,0,61799.97
OI00076800,O0015585,P00407,3,5808.99,10,15684.27
OI00076801,O0015586,P00133,3,18270.99,0,54812.97
OI00076802,O0015586,P00444,4,10877.99,0,43511.96
OI00076803,O0015586,P00011,4,1556.99,0,6227.96
OI00076804,O0015586,P00094,1,12927.99,0,12927.99
OI00076805,O0015586,P00206,2,3271.99,0,6543.98
OI00076806,O0015587,P00114,4,15667.99,0,62671.96
OI00076807,O0015587,P00436,4,9781.99,0,39127.96
OI00076808,O0015587,P00245,2,8614.99,0,17229.98
OI00076809,O0015588,P00330,4,20259.99,0,81039.96
OI00076810,O0015588,P00432,2,9233.99,5,17544.58
OI00076811,O0015589,P00452,4,11973.99,0,47895.96
OI00076812,O0015589,P00476,2,15261.99,0,30523.98
OI00076813,O0015589,P00267,2,11628.99,0,23257.98
OI00076814,O0015589,P00339,4,21492.99,15,73076.17
OI00076815,O0015589,P00258,2,10395.99,5,19752.38
OI00076816,O0015590,P00423,3,8000.99,0,24002.97
OI00076817,O0015591,P00112,2,15393.99,15,26169.78
OI00076818,O0015592,P00117,1,16078.99,5,15275.04
OI00076819,O0015593,P00377,2,1698.99,10,3058.18
OI00076820,O0015593,P00005,3,734.99,15,1874.22
OI00076821,O0015593,P00286,3,14231.99,0,42695.97
OI00076822,O0015594,P00500,4,18549.99,10,66779.96
OI00076823,O0015594,P00082,1,11283.99,0,11283.99
OI00076824,O0015594,P00228,3,6285.99,0,18857.97
OI00076825,O0015594,P00351,1,23136.99,0,23136.99
OI00076826,O0015594,P00380,1,2109.99,0,2109.99
OI00076827,O0015595,P00018,4,2515.99,0,10063.96
OI00076828,O0015596,P00176,2,24161.99,0,48323.98
OI00076829,O0015596,P00258,4,10395.99,0,41583.96
OI00076830,O0015596,P00072,3,9913.99,15,25280.67
OI00076831,O0015597,P00317,2,18478.99,10,33262.18
OI00076832,O0015598,P00393,1,3890.99,15,3307.34
OI00076833,O0015598,P00367,2,328.99,0,657.98
OI00076834,O0015599,P00240,2,7929.99,10,14273.98
OI00076835,O0015599,P00130,3,17859.99,5,50900.97
OI00076836,O0015600,P00467,1,14028.99,10,12626.09
OI00076837,O0015600,P00324,1,19437.99,0,19437.99
OI00076838,O0015601,P00469,3,14302.99,0,42908.97
OI00076839,O0015601,P00366,1,191.99,5,182.39
OI00076840,O0015602,P00162,2,22243.99,0,44487.98
OI00076841,O0015602,P00494,3,17727.99,0,53183.97
OI00076842,O0015602,P00100,4,13749.99,5,52249.96
OI00076843,O0015603,P00431,2,9096.99,0,18193.98
OI00076844,O0015604,P00270,2,12039.99,15,20467.98
OI00076845,O0015604,P00039,4,5392.99,15,18336.17
OI00076846,O0015605,P00013,3,1830.99,0,5492.97
OI00076847,O0015605,P00282,4,13683.99,15,46525.57
OI00076848,O0015605,P00314,2,18067.99,10,32522.38
OI00076849,O0015605,P00203,4,2860.99,10,10299.56
OI00076850,O0015605,P00445,1,11014.99,0,11014.99
OI00076851,O0015606,P00004,4,597.99,0,2391.96
OI00076852,O0015606,P00474,3,14987.99,10,40467.57
OI00076853,O0015607,P00138,3,18955.99,0,56867.97
OI00076854,O0015608,P00001,2,186.99,0,373.98
OI00076855,O0015608,P00394,2,4027.99,10,7250.38
OI00076856,O0015608,P00293,2,15190.99,0,30381.98
OI00076857,O0015609,P00047,4,6488.99,5,24658.16
OI00076858,O0015609,P00319,1,18752.99,0,18752.99
OI00076859,O0015609,P00305,2,16834.99,15,28619.48
OI00076860,O0015609,P00057,3,7858.99,0,23576.97
OI00076861,O0015610,P00214,4,4367.99,0,17471.96
OI00076862,O0015610,P00210,2,3819.99,0,7639.98
OI00076863,O0015610,P00194,1,1627.99,0,1627.99
OI00076864,O0015610,P00298,2,15875.99,0,31751.98
OI00076865,O0015610,P00163,2,22380.99,0,44761.98
OI00076866,O0015611,P00217,1,4778.99,10,4301.09
OI00076867,O0015611,P00300,2,16149.99,5,30684.98
OI00076868,O0015611,P00138,3,18955.99,15,48337.77
OI00076869,O0015611,P00046,2,6351.99,15,10798.38
OI00076870,O0015612,P00148,4,20325.99,5,77238.76
OI00076871,O0015612,P00367,2,328.99,15,559.28
OI00076872,O0015612,P00144,2,19777.99,5,37578.18
OI00076873,O0015612,P00301,1,16286.99,5,15472.64
OI00076874,O0015612,P00136,3,18681.99,0,56045.97
OI00076875,O0015613,P00155,1,21284.99,15,18092.24
OI00076876,O0015613,P00068,2,9365.99,10,16858.78
OI00076877,O0015614,P00033,4,4570.99,5,17369.76
OI00076878,O0015614,P00120,2,16489.99,5,31330.98
OI00076879,O0015614,P00448,1,11425.99,0,11425.99
OI00076880,O0015615,P00374,2,1287.99,0,2575.98
OI00076881,O0015615,P00070,2,9639.99,15,16387.98
OI00076882,O0015616,P00424,3,8137.99,15,20751.87
OI00076883,O0015616,P00340,3,21629.99,5,61645.47
OI00076884,O0015616,P00356,4,23821.99,0,95287.96
OI00076885,O0015616,P00035,3,4844.99,0,14534.97
OI00076886,O0015617,P00443,3,10740.99,5,30611.82
OI00076887,O0015617,P00335,4,20944.99,15,71212.97
OI00076888,O0015618,P00178,4,24435.99,10,87969.56
OI00076889,O0015618,P00184,3,257.99,5,735.27
OI00076890,O0015618,P00384,4,2657.99,0,10631.96
OI00076891,O0015619,P00481,4,15946.99,0,63787.96
OI00076892,O0015620,P00465,3,13754.99,0,41264.97
OI00076893,O0015620,P00458,4,12795.99,0,51183.96
OI00076894,O0015621,P00348,2,22725.99,10,40906.78
OI00076895,O0015621,P00149,1,20462.99,5,19439.84
OI00076896,O0015621,P00194,3,1627.99,0,4883.97
OI00076897,O0015621,P00094,1,12927.99,5,12281.59
OI00076898,O0015621,P00298,4,15875.99,5,60328.76
OI00076899,O0015622,P00410,1,6219.99,0,6219.99
OI00076900,O0015622,P00360,4,24369.99,15,82857.97
OI00076901,O0015622,P00433,4,9370.99,0,37483.96
OI00076902,O0015622,P00476,3,15261.99,5,43496.67
OI00076903,O0015623,P00414,1,6767.99,10,6091.19
OI00076904,O0015623,P00016,3,2241.99,0,6725.97
OI00076905,O0015624,P00375,4,1424.99,0,5699.96
OI00076906,O0015624,P00146,4,20051.99,0,80207.96
OI00076907,O0015625,P00261,4,10806.99,5,41066.56
OI00076908,O0015625,P00083,4,11420.99,0,45683.96
OI00076909,O0015626,P00500,4,18549.99,0,74199.96
OI00076910,O0015627,P00099,2,13612.99,10,24503.38
OI00076911,O0015627,P00167,3,22928.99,0,68786.97
OI00076912,O0015627,P00498,4,18275.99,0,73103.96
OI00076913,O0015627,P00098,1,13475.99,5,12802.19
OI00076914,O0015627,P00109,3,14982.99,5,42701.52
OI00076915,O0015628,P00047,2,6488.99,5,12329.08
OI00076916,O0015628,P00115,4,15804.99,5,60058.96
OI00076917,O0015628,P00032,1,4433.99,10,3990.59
OI00076918,O0015628,P00211,4,3956.99,5,15036.56
OI00076919,O0015628,P00162,3,22243.99,0,66731.97
OI00076920,O0015629,P00393,2,3890.99,0,7781.98
OI00076921,O0015629,P00250,1,9299.99,0,9299.99
OI00076922,O0015629,P00274,2,12587.99,15,21399.58
OI00076923,O0015629,P00130,1,17859.99,5,16966.99
OI00076924,O0015630,P00174,4,23887.99,15,81219.17
OI00076925,O0015630,P00291,2,14916.99,0,29833.98
OI00076926,O0015631,P00133,4,18270.99,5,69429.76
OI00076927,O0015631,P00364,3,24917.99,0,74753.97
OI00076928,O0015631,P00207,4,3408.99,0,13635.96
OI00076929,O0015631,P00194,4,1627.99,0,6511.96
OI00076930,O0015632,P00176,2,24161.99,15,41075.38
OI00076931,O0015632,P00106,3,14571.99,0,43715.97
OI00076932,O0015633,P00004,1,597.99,0,597.99
OI00076933,O0015633,P00329,2,20122.99,15,34209.08
OI00076934,O0015633,P00145,3,19914.99,0,59744.97
OI00076935,O0015634,P00062,1,8543.99,5,8116.79
OI00076936,O0015634,P00143,1,19640.99,0,19640.99
OI00076937,O0015634,P00275,4,12724.99,5,48354.96
OI00076938,O0015634,P00230,2,6559.99,0,13119.98
OI00076939,O0015634,P00060,4,8269.99,10,29771.96
OI00076940,O0015635,P00417,2,7178.99,0,14357.98
OI00076941,O0015636,P00436,3,9781.99,0,29345.97
OI00076942,O0015636,P00251,4,9436.99,15,32085.77
OI00076943,O0015636,P00370,1,739.99,0,739.99
OI00076944,O0015636,P00417,1,7178.99,0,7178.99
OI00076945,O0015636,P00149,1,20462.99,15,17393.54
OI00076946,O0015637,P00129,3,17722.99,10,47852.07
OI00076947,O0015637,P00240,1,7929.99,10,7136.99
OI00076948,O0015638,P00021,2,2926.99,10,5268.58
OI00076949,O0015639,P00334,4,20807.99,0,83231.96
OI00076950,O0015639,P00127,3,17448.99,10,47112.27
OI00076951,O0015640,P00302,4,16423.99,0,65695.96
OI00076952,O0015640,P00431,2,9096.99,0,18193.98
OI00076953,O0015640,P00049,1,6762.99,0,6762.99
OI00076954,O0015640,P00094,4,12927.99,5,49126.36
OI00076955,O0015641,P00318,1,18615.99,15,15823.59
OI00076956,O0015641,P00380,1,2109.99,0,2109.99
OI00076957,O0015641,P00164,4,22517.99,15,76561.17
OI00076958,O0015642,P00033,3,4570.99,0,13712.97
OI00076959,O0015642,P00309,3,17382.99,15,44326.62
OI00076960,O0015642,P00003,3,460.99,0,1382.97
OI00076961,O0015643,P00305,2,16834.99,5,31986.48
OI00076962,O0015643,P00196,2,1901.99,10,3423.58
OI00076963,O0015644,P00233,1,6970.99,5,6622.44
OI00076964,O0015645,P00447,1,11288.99,10,10160.09
OI00076965,O0015645,P00408,2,5945.99,15,10108.18
OI00076966,O0015645,P00453,3,12110.99,10,32699.67
OI00076967,O0015645,P00111,2,15256.99,0,30513.98
OI00076968,O0015646,P00335,4,20944.99,0,83779.96
OI00076969,O0015646,P00278,1,13135.99,0,13135.99
OI00076970,O0015646,P00440,4,10329.99,0,41319.96
OI00076971,O0015646,P00277,4,12998.99,0,51995.96
OI00076972,O0015646,P00271,1,12176.99,15,10350.44
OI00076973,O0015647,P00207,4,3408.99,10,12272.36
OI00076974,O0015648,P00148,3,20325.99,0,60977.97
OI00076975,O0015648,P00356,1,23821.99,0,23821.99
OI00076976,O0015648,P00239,2,7792.99,0,15585.98
OI00076977,O0015648,P00178,2,24435.99,0,48871.98
OI00076978,O0015649,P00155,1,21284.99,5,20220.74
OI00076979,O0015650,P00313,1,17930.99,0,17930.99
OI00076980,O0015650,P00187,2,668.99,0,1337.98
OI00076981,O0015651,P00203,2,2860.99,15,4863.68
OI00076982,O0015651,P00341,1,21766.99,0,21766.99
OI00076983,O0015651,P00193,1,1490.99,10,1341.89
OI00076984,O0015652,P00036,3,4981.99,5,14198.67
OI00076985,O0015652,P00246,2,8751.99,0,17503.98
OI00076986,O0015652,P00383,4,2520.99,15,8571.37
OI00076987,O0015653,P00269,4,11902.99,10,42850.76
OI00076988,O0015653,P00500,2,18549.99,10,33389.98
OI00076989,O0015653,P00347,1,22588.99,0,22588.99
OI00076990,O0015654,P00088,4,12105.99,15,41160.37
OI00076991,O0015654,P00461,2,13206.99,0,26413.98
OI00076992,O0015654,P00172,3,23613.99,0,70841.97
OI00076993,O0015654,P00422,1,7863.99,5,7470.79
OI00076994,O0015654,P00328,3,19985.99,0,59957.97
OI00076995,O0015655,P00088,3,12105.99,15,30870.27
OI00076996,O0015655,P00241,1,8066.99,0,8066.99
OI00076997,O0015656,P00474,3,14987.99,0,44963.97
OI00076998,O0015657,P00450,3,11699.99,0,35099.97
OI00076999,O0015657,P00407,1,5808.99,15,4937.64
OI00077000,O0015657,P00380,4,2109.99,0,8439.96
OI00077001,O0015657,P00255,2,9984.99,0,19969.98
OI00077002,O0015657,P00015,4,2104.99,10,7577.96
OI00077003,O0015658,P00117,4,16078.99,0,64315.96
OI00077004,O0015658,P00121,2,16626.99,5,31591.28
OI00077005,O0015658,P00259,1,10532.99,10,9479.69
OI00077006,O0015658,P00080,3,11009.99,10,29726.97
OI00077007,O0015658,P00056,2,7721.99,0,15443.98
OI00077008,O0015659,P00100,3,13749.99,0,41249.97
OI00077009,O0015659,P00072,3,9913.99,0,29741.97
OI00077010,O0015659,P00468,4,14165.99,15,48164.37
OI00077011,O0015659,P00483,2,16220.99,0,32441.98
OI00077012,O0015659,P00029,2,4022.99,0,8045.98
OI00077013,O0015660,P00112,1,15393.99,0,15393.99
OI00077014,O0015660,P00392,4,3753.99,0,15015.96
OI00077015,O0015660,P00076,4,10461.99,0,41847.96
OI00077016,O0015661,P00110,1,15119.99,15,12851.99
OI00077017,O0015662,P00383,3,2520.99,10,6806.67
OI00077018,O0015662,P00284,2,13957.99,0,27915.98
OI00077019,O0015662,P00124,3,17037.99,0,51113.97
OI00077020,O0015662,P00277,3,12998.99,0,38996.97
OI00077021,O0015662,P00178,4,24435.99,15,83082.37
OI00077022,O0015663,P00376,4,1561.99,0,6247.96
OI00077023,O0015663,P00351,4,23136.99,0,92547.96
OI00077024,O0015664,P00445,4,11014.99,0,44059.96
OI00077025,O0015665,P00448,3,11425.99,10,30850.17
OI00077026,O0015665,P00310,4,17519.99,15,59567.97
OI00077027,O0015665,P00341,2,21766.99,10,39180.58
OI00077028,O0015666,P00472,4,14713.99,5,55913.16
OI00077029,O0015667,P00090,2,12379.99,0,24759.98
OI00077030,O0015668,P00251,4,9436.99,5,35860.56
OI00077031,O0015668,P00103,2,14160.99,0,28321.98
OI00077032,O0015668,P00480,2,15809.99,0,31619.98
OI00077033,O0015668,P00225,1,5874.99,0,5874.99
OI00077034,O0015669,P00266,3,11491.99,0,34475.97
OI00077035,O0015669,P00157,4,21558.99,15,73300.57
OI00077036,O0015669,P00386,3,2931.99,5,8356.17
OI00077037,O0015669,P00201,3,2586.99,0,7760.97
OI00077038,O0015669,P00091,4,12516.99,0,50067.96
OI00077039,O0015670,P00173,4,23750.99,0,95003.96
OI00077040,O0015670,P00095,1,13064.99,5,12411.74
OI00077041,O0015671,P00023,3,3200.99,10,8642.67
OI00077042,O0015671,P00298,1,15875.99,0,15875.99
OI00077043,O0015672,P00288,3,14505.99,0,43517.97
OI00077044,O0015672,P00216,1,4641.99,15,3945.69
OI00077045,O0015672,P00378,2,1835.99,10,3304.78
OI00077046,O0015672,P00234,2,7107.99,10,12794.38
OI00077047,O0015672,P00189,2,942.99,0,1885.98
OI00077048,O0015673,P00250,4,9299.99,0,37199.96
OI00077049,O0015673,P00088,1,12105.99,0,12105.99
OI00077050,O0015673,P00455,1,12384.99,0,12384.99
OI00077051,O0015673,P00175,4,24024.99,0,96099.96
OI00077052,O0015673,P00076,1,10461.99,15,8892.69
OI00077053,O0015674,P00098,2,13475.99,0,26951.98
OI00077054,O0015675,P00162,4,22243.99,5,84527.16
OI00077055,O0015675,P00165,2,22654.99,5,43044.48
OI00077056,O0015675,P00315,1,18204.99,0,18204.99
OI00077057,O0015675,P00376,2,1561.99,15,2655.38
OI00077058,O0015675,P00189,1,942.99,0,942.99
OI00077059,O0015676,P00171,1,23476.99,0,23476.99
OI00077060,O0015676,P00433,2,9370.99,5,17804.88
OI00077061,O0015676,P00350,2,22999.99,10,41399.98
OI00077062,O0015676,P00082,4,11283.99,10,40622.36
OI00077063,O0015677,P00007,1,1008.99,10,908.09
OI00077064,O0015678,P00170,4,23339.99,10,84023.96
OI00077065,O0015678,P00056,4,7721.99,0,30887.96
OI00077066,O0015678,P00028,2,3885.99,10,6994.78
OI00077067,O0015678,P00279,1,13272.99,0,13272.99
OI00077068,O0015679,P00208,4,3545.99,5,13474.76
OI00077069,O0015679,P00328,3,19985.99,0,59957.97
OI00077070,O0015679,P00457,1,12658.99,0,12658.99
OI00077071,O0015679,P00490,2,17179.99,15,29205.98
OI00077072,O0015680,P00438,2,10055.99,0,20111.98
OI00077073,O0015680,P00024,2,3337.99,0,6675.98
OI00077074,O0015680,P00071,4,9776.99,0,39107.96
OI00077075,O0015680,P00100,3,13749.99,0,41249.97
OI00077076,O0015681,P00475,3,15124.99,15,38568.72
OI00077077,O0015681,P00379,2,1972.99,10,3551.38
OI00077078,O0015681,P00301,2,16286.99,15,27687.88
OI00077079,O0015681,P00388,2,3205.99,15,5450.18
OI00077080,O0015681,P00162,1,22243.99,0,22243.99
OI00077081,O0015682,P00479,3,15672.99,15,39966.12
OI00077082,O0015682,P00476,4,15261.99,0,61047.96
OI00077083,O0015683,P00131,4,17996.99,0,71987.96
OI00077084,O0015684,P00131,1,17996.99,0,17996.99
OI00077085,O0015684,P00324,2,19437.99,0,38875.98
OI00077086,O0015685,P00396,2,4301.99,15,7313.38
OI00077087,O0015685,P00282,2,13683.99,10,24631.18
OI00077088,O0015686,P00005,1,734.99,0,734.99
OI00077089,O0015686,P00409,4,6082.99,10,21898.76
OI00077090,O0015686,P00495,1,17864.99,0,17864.99
OI00077091,O0015686,P00460,1,13069.99,0,13069.99
OI00077092,O0015686,P00039,4,5392.99,0,21571.96
OI00077093,O0015687,P00307,3,17108.99,0,51326.97
OI00077094,O0015687,P00090,1,12379.99,10,11141.99
OI00077095,O0015688,P00481,3,15946.99,5,45448.92
OI00077096,O0015689,P00234,2,7107.99,0,14215.98
OI00077097,O0015689,P00198,1,2175.99,0,2175.99
OI00077098,O0015689,P00134,3,18407.99,0,55223.97
OI00077099,O0015690,P00372,3,1013.99,0,3041.97
OI00077100,O0015690,P00204,1,2997.99,5,2848.09
OI00077101,O0015690,P00416,3,7041.99,0,21125.97
OI00077102,O0015690,P00302,2,16423.99,0,32847.98
OI00077103,O0015691,P00133,2,18270.99,0,36541.98
OI00077104,O0015691,P00236,4,7381.99,15,25098.77
OI00077105,O0015691,P00189,1,942.99,0,942.99
OI00077106,O0015691,P00309,2,17382.99,0,34765.98
OI00077107,O0015692,P00447,1,11288.99,0,11288.99
OI00077108,O0015692,P00463,2,13480.99,0,26961.98
OI00077109,O0015693,P00457,1,12658.99,0,12658.99
OI00077110,O0015693,P00260,4,10669.99,10,38411.96
OI00077111,O0015693,P00322,4,19163.99,0,76655.96
OI00077112,O0015693,P00056,2,7721.99,0,15443.98
OI00077113,O0015694,P00245,2,8614.99,10,15506.98
OI00077114,O0015694,P00134,4,18407.99,0,73631.96
OI00077115,O0015694,P00214,3,4367.99,15,11138.37
OI00077116,O0015695,P00063,4,8680.99,5,32987.76
OI00077117,O0015695,P00111,3,15256.99,10,41193.87
OI00077118,O0015695,P00155,4,21284.99,0,85139.96
OI00077119,O0015695,P00017,1,2378.99,0,2378.99
OI00077120,O0015696,P00402,2,5123.99,15,8710.78
OI00077121,O0015696,P00426,1,8411.99,10,7570.79
OI00077122,O0015696,P00319,1,18752.99,0,18752.99
OI00077123,O0015696,P00295,1,15464.99,5,14691.74
OI00077124,O0015697,P00194,2,1627.99,10,2930.38
OI00077125,O0015697,P00204,2,2997.99,15,5096.58
OI00077126,O0015697,P00398,3,4575.99,0,13727.97
OI00077127,O0015697,P00204,3,2997.99,0,8993.97
OI00077128,O0015697,P00012,1,1693.99,0,1693.99
OI00077129,O0015698,P00466,4,13891.99,0,55567.96
OI00077130,O0015698,P00310,1,17519.99,0,17519.99
OI00077131,O0015698,P00347,1,22588.99,0,22588.99
OI00077132,O0015698,P00079,1,10872.99,0,10872.99
OI00077133,O0015698,P00478,4,15535.99,5,59036.76
OI00077134,O0015699,P00037,2,5118.99,5,9726.08
OI00077135,O0015700,P00276,4,12861.99,0,51447.96
OI00077136,O0015701,P00268,3,11765.99,10,31768.17
OI00077137,O0015702,P00398,3,4575.99,10,12355.17
OI00077138,O0015703,P00405,4,5534.99,15,18818.97
OI00077139,O0015703,P00147,2,20188.99,5,38359.08
OI00077140,O0015703,P00323,4,19300.99,15,65623.37
OI00077141,O0015704,P00303,3,16560.99,10,44714.67
OI00077142,O0015704,P00034,4,4707.99,0,18831.96
OI00077143,O0015704,P00500,1,18549.99,0,18549.99
OI00077144,O0015705,P00266,1,11491.99,0,11491.99
OI00077145,O0015705,P00192,2,1353.99,0,2707.98
OI00077146,O0015705,P00247,2,8888.99,0,17777.98
OI00077147,O0015705,P00468,3,14165.99,0,42497.97
OI00077148,O0015705,P00083,1,11420.99,5,10849.94
OI00077149,O0015706,P00279,4,13272.99,0,53091.96
OI00077150,O0015706,P00352,1,23273.99,10,20946.59
OI00077151,O0015706,P00192,2,1353.99,10,2437.18
OI00077152,O0015707,P00140,2,19229.99,15,32690.98
OI00077153,O0015707,P00098,3,13475.99,15,34363.77
OI00077154,O0015707,P00185,2,394.99,10,710.98
OI00077155,O0015707,P00337,4,21218.99,0,84875.96
OI00077156,O0015707,P00488,1,16905.99,0,16905.99
OI00077157,O0015708,P00065,2,8954.99,0,17909.98
OI00077158,O0015708,P00012,1,1693.99,0,1693.99
OI00077159,O0015708,P00158,3,21695.99,0,65087.97
OI00077160,O0015709,P00260,3,10669.99,0,32009.97
OI00077161,O0015709,P00404,2,5397.99,0,10795.98
OI00077162,O0015709,P00228,1,6285.99,0,6285.99
OI00077163,O0015709,P00006,4,871.99,15,2964.77
OI00077164,O0015709,P00130,4,17859.99,0,71439.96
OI00077165,O0015710,P00108,3,14845.99,10,40084.17
OI00077166,O0015710,P00416,1,7041.99,0,7041.99
OI00077167,O0015710,P00157,2,21558.99,0,43117.98
OI00077168,O0015711,P00143,2,19640.99,0,39281.98
OI00077169,O0015711,P00014,1,1967.99,0,1967.99
OI00077170,O0015711,P00025,4,3474.99,0,13899.96
OI00077171,O0015712,P00376,3,1561.99,10,4217.37
OI00077172,O0015712,P00170,2,23339.99,0,46679.98
OI00077173,O0015712,P00291,2,14916.99,0,29833.98
OI00077174,O0015712,P00468,4,14165.99,10,50997.56
OI00077175,O0015713,P00144,2,19777.99,5,37578.18
OI00077176,O0015714,P00100,1,13749.99,0,13749.99
OI00077177,O0015714,P00021,1,2926.99,0,2926.99
OI00077178,O0015714,P00230,3,6559.99,0,19679.97
OI00077179,O0015714,P00390,2,3479.99,0,6959.98
OI00077180,O0015715,P00369,1,602.99,0,602.99
OI00077181,O0015715,P00141,1,19366.99,0,19366.99
OI00077182,O0015715,P00321,4,19026.99,0,76107.96
OI00077183,O0015715,P00043,2,5940.99,15,10099.68
OI00077184,O0015716,P00371,2,876.99,15,1490.88
OI00077185,O0015716,P00145,2,19914.99,0,39829.98
OI00077186,O0015717,P00038,4,5255.99,15,17870.37
OI00077187,O0015717,P00211,4,3956.99,15,13453.77
OI00077188,O0015717,P00352,3,23273.99,0,69821.97
OI00077189,O0015717,P00054,2,7447.99,0,14895.98
OI00077190,O0015717,P00098,1,13475.99,0,13475.99
OI00077191,O0015718,P00451,2,11836.99,0,23673.98
OI00077192,O0015718,P00131,3,17996.99,0,53990.97
OI00077193,O0015718,P00285,2,14094.99,5,26780.48
OI00077194,O0015718,P00306,1,16971.99,5,16123.39
OI00077195,O0015719,P00214,1,4367.99,0,4367.99
OI00077196,O0015719,P00339,4,21492.99,15,73076.17
OI00077197,O0015720,P00177,3,24298.99,5,69252.12
OI00077198,O0015720,P00189,1,942.99,5,895.84
OI00077199,O0015720,P00419,2,7452.99,15,12670.08
OI00077200,O0015720,P00071,1,9776.99,0,9776.99
OI00077201,O0015720,P00259,2,10532.99,0,21065.98
OI00077202,O0015721,P00163,1,22380.99,0,22380.99
OI00077203,O0015721,P00090,3,12379.99,10,33425.97
OI00077204,O0015722,P00040,3,5529.99,5,15760.47
OI00077205,O0015723,P00316,3,18341.99,0,55025.97
OI00077206,O0015724,P00118,3,16215.99,0,48647.97
OI00077207,O0015725,P00111,1,15256.99,15,12968.44
OI00077208,O0015725,P00421,4,7726.99,5,29362.56
OI00077209,O0015725,P00065,4,8954.99,0,35819.96
OI00077210,O0015726,P00355,2,23684.99,10,42632.98
OI00077211,O0015726,P00369,2,602.99,0,1205.98
OI00077212,O0015726,P00355,4,23684.99,5,90002.96
OI00077213,O0015726,P00264,3,11217.99,5,31971.27
OI00077214,O0015727,P00215,3,4504.99,0,13514.97
OI00077215,O0015727,P00336,4,21081.99,0,84327.96
OI00077216,O0015727,P00152,1,20873.99,5,19830.29
OI00077217,O0015727,P00203,1,2860.99,0,2860.99
OI00077218,O0015728,P00417,2,7178.99,0,14357.98
OI00077219,O0015728,P00441,1,10466.99,10,9420.29
OI00077220,O0015728,P00260,3,10669.99,5,30409.47
OI00077221,O0015728,P00351,3,23136.99,0,69410.97
OI00077222,O0015728,P00339,4,21492.99,10,77374.76
OI00077223,O0015729,P00177,1,24298.99,0,24298.99
OI00077224,O0015729,P00344,4,22177.99,0,88711.96
OI00077225,O0015729,P00470,2,14439.99,0,28879.98
OI00077226,O0015730,P00059,2,8132.99,0,16265.98
OI00077227,O0015730,P00099,2,13612.99,10,24503.38
OI00077228,O0015731,P00188,4,805.99,0,3223.96
OI00077229,O0015731,P00412,3,6493.99,0,19481.97
OI00077230,O0015731,P00276,1,12861.99,5,12218.89
OI00077231,O0015732,P00432,3,9233.99,10,24931.77
OI00077232,O0015732,P00135,4,18544.99,0,74179.96
OI00077233,O0015732,P00179,2,24572.99,0,49145.98
OI00077234,O0015732,P00143,2,19640.99,0,39281.98
OI00077235,O0015732,P00277,2,12998.99,0,25997.98
OI00077236,O0015733,P00293,2,15190.99,0,30381.98
OI00077237,O0015733,P00081,1,11146.99,10,10032.29
OI00077238,O0015734,P00211,4,3956.99,0,15827.96
OI00077239,O0015735,P00102,4,14023.99,0,56095.96
OI00077240,O0015735,P00410,2,6219.99,10,11195.98
OI00077241,O0015735,P00487,2,16768.99,0,33537.98
OI00077242,O0015735,P00398,4,4575.99,0,18303.96
OI00077243,O0015736,P00418,1,7315.99,0,7315.99
OI00077244,O0015736,P00317,3,18478.99,5,52665.12
OI00077245,O0015736,P00028,1,3885.99,0,3885.99
OI00077246,O0015737,P00188,1,805.99,10,725.39
OI00077247,O0015737,P00420,2,7589.99,0,15179.98
OI00077248,O0015737,P00414,4,6767.99,0,27071.96
OI00077249,O0015737,P00468,4,14165.99,5,53830.76
OI00077250,O0015738,P00173,2,23750.99,10,42751.78
OI00077251,O0015738,P00152,2,20873.99,15,35485.78
OI00077252,O0015739,P00179,3,24572.99,0,73718.97
OI00077253,O0015739,P00464,2,13617.99,5,25874.18
OI00077254,O0015739,P00089,3,12242.99,15,31219.62
OI00077255,O0015739,P00158,1,21695.99,10,19526.39
OI00077256,O0015739,P00285,1,14094.99,0,14094.99
OI00077257,O0015740,P00037,2,5118.99,5,9726.08
OI00077258,O0015740,P00387,1,3068.99,15,2608.64
OI00077259,O0015740,P00335,4,20944.99,0,83779.96
OI00077260,O0015741,P00039,1,5392.99,0,5392.99
OI00077261,O0015741,P00479,4,15672.99,10,56422.76
OI00077262,O0015741,P00052,3,7173.99,0,21521.97
OI00077263,O0015742,P00303,2,16560.99,0,33121.98
OI00077264,O0015742,P00436,3,9781.99,10,26411.37
OI00077265,O0015742,P00490,3,17179.99,5,48962.97
OI00077266,O0015742,P00324,2,19437.99,15,33044.58
OI00077267,O0015742,P00265,1,11354.99,10,10219.49
OI00077268,O0015743,P00436,4,9781.99,15,33258.77
OI00077269,O0015743,P00362,2,24643.99,0,49287.98
OI00077270,O0015743,P00293,1,15190.99,5,14431.44
OI00077271,O0015743,P00275,4,12724.99,10,45809.96
OI00077272,O0015743,P00206,1,3271.99,0,3271.99
OI00077273,O0015744,P00328,2,19985.99,0,39971.98
OI00077274,O0015744,P00402,4,5123.99,0,20495.96
OI00077275,O0015745,P00136,1,18681.99,0,18681.99
OI00077276,O0015745,P00361,1,24506.99,0,24506.99
OI00077277,O0015745,P00449,4,11562.99,15,39314.17
OI00077278,O0015745,P00388,4,3205.99,0,12823.96
OI00077279,O0015745,P00128,4,17585.99,0,70343.96
OI00077280,O0015746,P00271,3,12176.99,15,31051.32
OI00077281,O0015746,P00198,1,2175.99,0,2175.99
OI00077282,O0015746,P00320,2,18889.99,0,37779.98
OI00077283,O0015747,P00476,1,15261.99,0,15261.99
OI00077284,O0015747,P00360,2,24369.99,0,48739.98
OI00077285,O0015747,P00438,1,10055.99,10,9050.39
OI00077286,O0015748,P00136,2,18681.99,5,35495.78
OI00077287,O0015748,P00104,3,14297.99,0,42893.97
OI00077288,O0015748,P00174,2,23887.99,0,47775.98
OI00077289,O0015748,P00401,1,4986.99,10,4488.29
OI00077290,O0015748,P00068,1,9365.99,0,9365.99
OI00077291,O0015749,P00276,4,12861.99,0,51447.96
OI00077292,O0015749,P00389,1,3342.99,10,3008.69
OI00077293,O0015749,P00239,2,7792.99,5,14806.68
OI00077294,O0015749,P00171,3,23476.99,0,70430.97
OI00077295,O0015749,P00084,2,11557.99,10,20804.38
OI00077296,O0015750,P00480,2,15809.99,0,31619.98
OI00077297,O0015750,P00089,2,12242.99,0,24485.98
OI00077298,O0015750,P00068,3,9365.99,0,28097.97
OI00077299,O0015751,P00220,2,5189.99,0,10379.98
OI00077300,O0015751,P00243,1,8340.99,0,8340.99
OI00077301,O0015751,P00129,2,17722.99,0,35445.98
OI00077302,O0015752,P00207,2,3408.99,0,6817.98
OI00077303,O0015752,P00213,4,4230.99,5,16077.76
OI00077304,O0015753,P00315,3,18204.99,15,46422.72
OI00077305,O0015753,P00303,1,16560.99,15,14076.84
OI00077306,O0015753,P00075,1,10324.99,0,10324.99
OI00077307,O0015754,P00432,3,9233.99,0,27701.97
OI00077308,O0015755,P00159,4,21832.99,0,87331.96
OI00077309,O0015755,P00041,2,5666.99,0,11333.98
OI00077310,O0015756,P00186,3,531.99,0,1595.97
OI00077311,O0015756,P00100,4,13749.99,0,54999.96
OI00077312,O0015756,P00469,3,14302.99,0,42908.97
OI00077313,O0015757,P00384,4,2657.99,0,10631.96
OI00077314,O0015757,P00137,4,18818.99,0,75275.96
OI00077315,O0015757,P00154,4,21147.99,0,84591.96
OI00077316,O0015757,P00257,2,10258.99,5,19492.08
OI00077317,O0015758,P00011,4,1556.99,15,5293.77
OI00077318,O0015758,P00388,1,3205.99,0,3205.99
OI00077319,O0015759,P00001,4,186.99,10,673.16
OI00077320,O0015759,P00377,1,1698.99,15,1444.14
OI00077321,O0015759,P00445,4,11014.99,10,39653.96
OI00077322,O0015759,P00179,2,24572.99,0,49145.98
OI00077323,O0015759,P00377,2,1698.99,0,3397.98
OI00077324,O0015760,P00019,4,2652.99,5,10081.36
OI00077325,O0015761,P00289,1,14642.99,0,14642.99
OI00077326,O0015761,P00373,2,1150.99,10,2071.78
OI00077327,O0015761,P00424,2,8137.99,15,13834.58
OI00077328,O0015761,P00339,2,21492.99,0,42985.98
OI00077329,O0015762,P00209,3,3682.99,10,9944.07
OI00077330,O0015762,P00409,3,6082.99,0,18248.97
OI00077331,O0015762,P00386,2,2931.99,0,5863.98
OI00077332,O0015762,P00344,4,22177.99,0,88711.96
OI00077333,O0015763,P00474,1,14987.99,0,14987.99
OI00077334,O0015763,P00149,1,20462.99,5,19439.84
OI00077335,O0015763,P00263,2,11080.99,10,19945.78
OI00077336,O0015763,P00366,2,191.99,0,383.98
OI00077337,O0015764,P00088,1,12105.99,0,12105.99
OI00077338,O0015764,P00460,1,13069.99,5,12416.49
OI00077339,O0015764,P00065,4,8954.99,15,30446.97
OI00077340,O0015765,P00041,1,5666.99,0,5666.99
OI00077341,O0015765,P00097,3,13338.99,15,34014.42
OI00077342,O0015765,P00026,4,3611.99,10,13003.16
OI00077343,O0015765,P00140,3,19229.99,0,57689.97
OI00077344,O0015765,P00015,4,2104.99,5,7998.96
OI00077345,O0015766,P00222,3,5463.99,0,16391.97
OI00077346,O0015767,P00286,4,14231.99,0,56927.96
OI00077347,O0015767,P00103,2,14160.99,0,28321.98
OI00077348,O0015767,P00190,4,1079.99,15,3671.97
OI00077349,O0015767,P00196,1,1901.99,10,1711.79
OI00077350,O0015767,P00277,1,12998.99,0,12998.99
OI00077351,O0015768,P00282,2,13683.99,0,27367.98
OI00077352,O0015769,P00153,3,21010.99,5,59881.32
OI00077353,O0015769,P00084,3,11557.99,0,34673.97
OI00077354,O0015769,P00082,3,11283.99,5,32159.37
OI00077355,O0015770,P00180,1,24709.99,0,24709.99
OI00077356,O0015770,P00189,4,942.99,0,3771.96
OI00077357,O0015770,P00309,3,17382.99,0,52148.97
OI00077358,O0015770,P00451,3,11836.99,10,31959.87
OI00077359,O0015770,P00327,3,19848.99,15,50614.92
OI00077360,O0015771,P00112,2,15393.99,0,30787.98
OI00077361,O0015772,P00138,3,18955.99,5,54024.57
OI00077362,O0015772,P00340,2,21629.99,0,43259.98
OI00077363,O0015772,P00355,2,23684.99,10,42632.98
OI00077364,O0015773,P00227,4,6148.99,5,23366.16
OI00077365,O0015773,P00010,4,1419.99,10,5111.96
OI00077366,O0015774,P00079,4,10872.99,0,43491.96
OI00077367,O0015774,P00150,3,20599.99,0,61799.97
OI00077368,O0015774,P00452,2,11973.99,5,22750.58
OI00077369,O0015775,P00154,4,21147.99,0,84591.96
OI00077370,O0015775,P00138,1,18955.99,0,18955.99
OI00077371,O0015775,P00072,2,9913.99,15,16853.78
OI00077372,O0015776,P00212,4,4093.99,5,15557.16
OI00077373,O0015776,P00218,3,4915.99,5,14010.57
OI00077374,O0015776,P00198,1,2175.99,0,2175.99
OI00077375,O0015777,P00207,1,3408.99,0,3408.99
OI00077376,O0015777,P00288,3,14505.99,5,41342.07
OI00077377,O0015777,P00030,3,4159.99,5,11855.97
OI00077378,O0015778,P00094,1,12927.99,5,12281.59
OI00077379,O0015778,P00030,4,4159.99,0,16639.96
OI00077380,O0015778,P00440,4,10329.99,5,39253.96
OI00077381,O0015778,P00218,3,4915.99,0,14747.97
OI00077382,O0015778,P00168,4,23065.99,10,83037.56
OI00077383,O0015779,P00433,3,9370.99,0,28112.97
OI00077384,O0015779,P00304,1,16697.99,0,16697.99
OI00077385,O0015780,P00212,4,4093.99,0,16375.96
OI00077386,O0015781,P00223,4,5600.99,15,19043.37
OI00077387,O0015782,P00264,1,11217.99,0,11217.99
OI00077388,O0015783,P00098,1,13475.99,0,13475.99
OI00077389,O0015783,P00454,3,12247.99,0,36743.97
OI00077390,O0015783,P00468,3,14165.99,10,38248.17
OI00077391,O0015783,P00332,3,20533.99,5,58521.87
OI00077392,O0015784,P00239,2,7792.99,0,15585.98
OI00077393,O0015784,P00263,1,11080.99,0,11080.99
OI00077394,O0015784,P00475,2,15124.99,0,30249.98
OI00077395,O0015784,P00411,1,6356.99,0,6356.99
OI00077396,O0015785,P00088,3,12105.99,0,36317.97
OI00077397,O0015786,P00227,4,6148.99,0,24595.96
OI00077398,O0015786,P00415,4,6904.99,15,23476.97
OI00077399,O0015787,P00163,3,22380.99,0,67142.97
OI00077400,O0015787,P00181,1,24846.99,0,24846.99
OI00077401,O0015788,P00225,4,5874.99,0,23499.96
OI00077402,O0015788,P00202,4,2723.99,0,10895.96
OI00077403,O0015789,P00327,1,19848.99,0,19848.99
OI00077404,O0015790,P00221,3,5326.99,15,13583.82
OI00077405,O0015791,P00414,3,6767.99,0,20303.97
OI00077406,O0015791,P00346,4,22451.99,5,85317.56
OI00077407,O0015791,P00319,3,18752.99,0,56258.97
OI00077408,O0015791,P00201,4,2586.99,15,8795.77
OI00077409,O0015792,P00059,1,8132.99,10,7319.69
OI00077410,O0015792,P00420,1,7589.99,0,7589.99
OI00077411,O0015792,P00466,2,13891.99,5,26394.78
OI00077412,O0015793,P00487,3,16768.99,0,50306.97
OI00077413,O0015793,P00433,2,9370.99,0,18741.98
OI00077414,O0015794,P00295,4,15464.99,15,52580.97
OI00077415,O0015794,P00438,3,10055.99,0,30167.97
OI00077416,O0015794,P00280,4,13409.99,15,45593.97
OI00077417,O0015794,P00325,3,19574.99,0,58724.97
OI00077418,O0015795,P00213,1,4230.99,0,4230.99
OI00077419,O0015795,P00486,4,16631.99,15,56548.77
OI00077420,O0015795,P00107,2,14708.99,0,29417.98
OI00077421,O0015795,P00419,3,7452.99,5,21241.02
OI00077422,O0015795,P00106,1,14571.99,0,14571.99
OI00077423,O0015796,P00423,2,8000.99,0,16001.98
OI00077424,O0015796,P00018,2,2515.99,0,5031.98
OI00077425,O0015796,P00381,4,2246.99,0,8987.96
OI00077426,O0015796,P00350,2,22999.99,15,39099.98
OI00077427,O0015797,P00382,2,2383.99,5,4529.58
OI00077428,O0015797,P00178,2,24435.99,0,48871.98
OI00077429,O0015797,P00143,4,19640.99,0,78563.96
OI00077430,O0015797,P00497,3,18138.99,0,54416.97
OI00077431,O0015797,P00299,4,16012.99,5,60849.36
OI00077432,O0015798,P00399,2,4712.99,0,9425.98
OI00077433,O0015798,P00353,2,23410.99,0,46821.98
OI00077434,O0015798,P00337,4,21218.99,15,72144.57
OI00077435,O0015799,P00036,4,4981.99,0,19927.96
OI00077436,O0015799,P00073,4,10050.99,5,38193.76
OI00077437,O0015800,P00337,1,21218.99,10,19097.09
OI00077438,O0015800,P00074,4,10187.99,0,40751.96
OI00077439,O0015800,P00393,3,3890.99,5,11089.32
OI00077440,O0015800,P00243,1,8340.99,0,8340.99
OI00077441,O0015801,P00207,1,3408.99,0,3408.99
OI00077442,O0015802,P00229,2,6422.99,0,12845.98
OI00077443,O0015803,P00108,3,14845.99,15,37857.27
OI00077444,O0015804,P00367,2,328.99,0,657.98
OI00077445,O0015804,P00295,3,15464.99,0,46394.97
OI00077446,O0015805,P00336,2,21081.99,5,40055.78
OI00077447,O0015806,P00378,4,1835.99,0,7343.96
OI00077448,O0015806,P00444,4,10877.99,10,39160.76
OI00077449,O0015806,P00087,3,11968.99,15,30520.92
OI00077450,O0015806,P00133,3,18270.99,0,54812.97
OI00077451,O0015807,P00137,2,18818.99,0,37637.98
OI00077452,O0015808,P00360,2,24369.99,0,48739.98
OI00077453,O0015808,P00332,2,20533.99,0,41067.98
OI00077454,O0015809,P00208,3,3545.99,10,9574.17
OI00077455,O0015809,P00279,4,13272.99,5,50437.36
OI00077456,O0015809,P00438,3,10055.99,5,28659.57
OI00077457,O0015810,P00245,4,8614.99,0,34459.96
OI00077458,O0015810,P00449,2,11562.99,0,23125.98
OI00077459,O0015811,P00289,1,14642.99,0,14642.99
OI00077460,O0015811,P00046,1,6351.99,0,6351.99
OI00077461,O0015811,P00144,2,19777.99,0,39555.98
OI00077462,O0015812,P00229,1,6422.99,0,6422.99
OI00077463,O0015812,P00038,2,5255.99,0,10511.98
OI00077464,O0015812,P00149,1,20462.99,15,17393.54
OI00077465,O0015812,P00160,3,21969.99,10,59318.97
OI00077466,O0015813,P00075,1,10324.99,10,9292.49
OI00077467,O0015813,P00241,3,8066.99,0,24200.97
OI00077468,O0015813,P00224,3,5737.99,0,17213.97
OI00077469,O0015814,P00117,3,16078.99,0,48236.97
OI00077470,O0015814,P00003,1,460.99,0,460.99
OI00077471,O0015814,P00380,3,2109.99,15,5380.47
OI00077472,O0015814,P00124,2,17037.99,0,34075.98
OI00077473,O0015815,P00183,2,120.99,0,241.98
OI00077474,O0015815,P00297,2,15738.99,15,26756.28
OI00077475,O0015816,P00084,4,11557.99,0,46231.96
OI00077476,O0015816,P00003,1,460.99,0,460.99
OI00077477,O0015816,P00049,4,6762.99,0,27051.96
OI00077478,O0015817,P00280,3,13409.99,5,38218.47
OI00077479,O0015817,P00410,4,6219.99,0,24879.96
OI00077480,O0015817,P00328,1,19985.99,0,19985.99
OI00077481,O0015818,P00481,4,15946.99,15,54219.77
OI00077482,O0015818,P00378,2,1835.99,5,3488.38
OI00077483,O0015818,P00070,3,9639.99,15,24581.97
OI00077484,O0015818,P00058,3,7995.99,0,23987.97
OI00077485,O0015819,P00030,1,4159.99,0,4159.99
OI00077486,O0015819,P00226,2,6011.99,5,11422.78
OI00077487,O0015819,P00238,1,7655.99,0,7655.99
OI00077488,O0015820,P00118,2,16215.99,15,27567.18
OI00077489,O0015820,P00235,3,7244.99,0,21734.97
OI00077490,O0015821,P00112,4,15393.99,15,52339.57
OI00077491,O0015822,P00062,4,8543.99,0,34175.96
OI00077492,O0015822,P00472,2,14713.99,0,29427.98
OI00077493,O0015822,P00377,1,1698.99,0,1698.99
OI00077494,O0015822,P00391,2,3616.99,10,6510.58
OI00077495,O0015823,P00316,4,18341.99,0,73367.96
OI00077496,O0015823,P00203,3,2860.99,5,8153.82
OI00077497,O0015824,P00041,4,5666.99,0,22667.96
OI00077498,O0015824,P00108,4,14845.99,0,59383.96
OI00077499,O0015825,P00191,3,1216.99,5,3468.42
OI00077500,O0015825,P00022,4,3063.99,0,12255.96
OI00077501,O0015826,P00352,4,23273.99,15,79131.57
OI00077502,O0015826,P00304,2,16697.99,5,31726.18
OI00077503,O0015826,P00134,4,18407.99,10,66268.76
OI00077504,O0015826,P00311,2,17656.99,0,35313.98
OI00077505,O0015827,P00227,1,6148.99,0,6148.99
OI00077506,O0015828,P00407,2,5808.99,5,11037.08
OI00077507,O0015829,P00307,1,17108.99,0,17108.99
OI00077508,O0015829,P00122,3,16763.99,0,50291.97
OI00077509,O0015829,P00245,4,8614.99,0,34459.96
OI00077510,O0015829,P00124,1,17037.99,15,14482.29
OI00077511,O0015830,P00493,3,17590.99,5,50134.32
OI00077512,O0015830,P00291,1,14916.99,0,14916.99
OI00077513,O0015831,P00092,3,12653.99,5,36063.87
OI00077514,O0015831,P00432,2,9233.99,0,18467.98
OI00077515,O0015831,P00068,3,9365.99,0,28097.97
OI00077516,O0015831,P00311,4,17656.99,0,70627.96
OI00077517,O0015831,P00332,2,20533.99,5,39014.58
OI00077518,O0015832,P00468,2,14165.99,0,28331.98
OI00077519,O0015832,P00145,4,19914.99,0,79659.96
OI00077520,O0015833,P00108,2,14845.99,0,29691.98
OI00077521,O0015833,P00022,1,3063.99,0,3063.99
OI00077522,O0015834,P00214,2,4367.99,0,8735.98
OI00077523,O0015834,P00263,1,11080.99,15,9418.84
OI00077524,O0015834,P00429,3,8822.99,10,23822.07
OI00077525,O0015834,P00309,1,17382.99,0,17382.99
OI00077526,O0015835,P00273,2,12450.99,0,24901.98
OI00077527,O0015835,P00096,3,13201.99,0,39605.97
OI00077528,O0015835,P00183,2,120.99,10,217.78
OI00077529,O0015836,P00060,4,8269.99,0,33079.96
OI00077530,O0015837,P00459,4,12932.99,10,46558.76
OI00077531,O0015837,P00328,4,19985.99,0,79943.96
OI00077532,O0015838,P00129,2,17722.99,0,35445.98
OI00077533,O0015838,P00266,3,11491.99,0,34475.97
OI00077534,O0015838,P00087,2,11968.99,0,23937.98
OI00077535,O0015838,P00415,1,6904.99,5,6559.74
OI00077536,O0015838,P00005,1,734.99,0,734.99
OI00077537,O0015839,P00224,3,5737.99,0,17213.97
OI00077538,O0015839,P00158,3,21695.99,10,58579.17
OI00077539,O0015839,P00194,4,1627.99,5,6186.36
OI00077540,O0015840,P00195,3,1764.99,10,4765.47
OI00077541,O0015840,P00235,2,7244.99,0,14489.98
OI00077542,O0015840,P00480,4,15809.99,0,63239.96
OI00077543,O0015841,P00487,2,16768.99,0,33537.98
OI00077544,O0015841,P00160,4,21969.99,0,87879.96
OI00077545,O0015841,P00466,3,13891.99,15,35424.57
OI00077546,O0015841,P00040,3,5529.99,0,16589.97
OI00077547,O0015842,P00440,4,10329.99,10,37187.96
OI00077548,O0015842,P00125,2,17174.99,0,34349.98
OI00077549,O0015842,P00230,2,6559.99,0,13119.98
OI00077550,O0015842,P00396,3,4301.99,5,12260.67
OI00077551,O0015843,P00046,2,6351.99,0,12703.98
OI00077552,O0015843,P00113,2,15530.99,0,31061.98
OI00077553,O0015843,P00485,2,16494.99,0,32989.98
OI00077554,O0015843,P00410,4,6219.99,15,21147.97
OI00077555,O0015843,P00200,4,2449.99,0,9799.96
OI00077556,O0015844,P00134,1,18407.99,0,18407.99
OI00077557,O0015844,P00158,3,21695.99,5,61833.57
OI00077558,O0015844,P00031,4,4296.99,5,16328.56
OI00077559,O0015844,P00105,2,14434.99,0,28869.98
OI00077560,O0015844,P00464,1,13617.99,5,12937.09
OI00077561,O0015845,P00177,3,24298.99,0,72896.97
OI00077562,O0015846,P00021,1,2926.99,0,2926.99
OI00077563,O0015847,P00350,3,22999.99,0,68999.97
OI00077564,O0015847,P00437,2,9918.99,0,19837.98
OI00077565,O0015848,P00341,4,21766.99,0,87067.96
OI00077566,O0015848,P00258,3,10395.99,0,31187.97
OI00077567,O0015848,P00279,4,13272.99,5,50437.36
OI00077568,O0015849,P00086,4,11831.99,0,47327.96
OI00077569,O0015850,P00272,2,12313.99,0,24627.98
OI00077570,O0015850,P00185,3,394.99,5,1125.72
OI00077571,O0015850,P00415,4,6904.99,0,27619.96
OI00077572,O0015850,P00443,1,10740.99,5,10203.94
OI00077573,O0015850,P00450,1,11699.99,10,10529.99
OI00077574,O0015851,P00449,4,11562.99,15,39314.17
OI00077575,O0015851,P00276,3,12861.99,0,38585.97
OI00077576,O0015851,P00087,1,11968.99,0,11968.99
OI00077577,O0015851,P00046,3,6351.99,0,19055.97
OI00077578,O0015851,P00091,3,12516.99,0,37550.97
OI00077579,O0015852,P00438,2,10055.99,0,20111.98
OI00077580,O0015852,P00159,4,21832.99,0,87331.96
OI00077581,O0015853,P00065,2,8954.99,5,17014.48
OI00077582,O0015853,P00362,2,24643.99,0,49287.98
OI00077583,O0015853,P00160,1,21969.99,15,18674.49
OI00077584,O0015853,P00337,3,21218.99,15,54108.42
OI00077585,O0015854,P00363,4,24780.99,10,89211.56
OI00077586,O0015854,P00243,3,8340.99,5,23771.82
OI00077587,O0015855,P00460,4,13069.99,0,52279.96
OI00077588,O0015855,P00420,2,7589.99,5,14420.98
OI00077589,O0015856,P00153,3,21010.99,10,56729.67
OI00077590,O0015856,P00146,4,20051.99,5,76197.56
OI00077591,O0015856,P00087,3,11968.99,0,35906.97
OI00077592,O0015856,P00386,1,2931.99,10,2638.79
OI00077593,O0015856,P00330,2,20259.99,0,40519.98
OI00077594,O0015857,P00382,2,2383.99,10,4291.18
OI00077595,O0015857,P00148,2,20325.99,0,40651.98
OI00077596,O0015857,P00310,2,17519.99,15,29783.98
OI00077597,O0015857,P00076,1,10461.99,0,10461.99
OI00077598,O0015857,P00377,3,1698.99,10,4587.27
OI00077599,O0015858,P00252,4,9573.99,0,38295.96
OI00077600,O0015858,P00280,2,13409.99,0,26819.98
OI00077601,O0015858,P00175,3,24024.99,0,72074.97
OI00077602,O0015859,P00123,4,16900.99,15,57463.37
OI00077603,O0015859,P00483,3,16220.99,5,46229.82
OI00077604,O0015860,P00089,1,12242.99,0,12242.99
OI00077605,O0015860,P00444,1,10877.99,0,10877.99
OI00077606,O0015860,P00463,4,13480.99,0,53923.96
OI00077607,O0015860,P00143,3,19640.99,0,58922.97
OI00077608,O0015860,P00123,3,16900.99,0,50702.97
OI00077609,O0015861,P00155,2,21284.99,0,42569.98
OI00077610,O0015861,P00469,2,14302.99,15,24315.08
OI00077611,O0015861,P00332,2,20533.99,0,41067.98
OI00077612,O0015861,P00184,4,257.99,15,877.17
OI00077613,O0015862,P00465,1,13754.99,0,13754.99
OI00077614,O0015862,P00419,4,7452.99,10,26830.76
OI00077615,O0015862,P00307,1,17108.99,0,17108.99
OI00077616,O0015862,P00394,2,4027.99,5,7653.18
OI00077617,O0015863,P00005,1,734.99,0,734.99
OI00077618,O0015863,P00456,3,12521.99,15,31931.07
OI00077619,O0015864,P00477,2,15398.99,0,30797.98
OI00077620,O0015864,P00359,3,24232.99,0,72698.97
OI00077621,O0015864,P00412,1,6493.99,0,6493.99
OI00077622,O0015864,P00196,2,1901.99,0,3803.98
OI00077623,O0015864,P00485,3,16494.99,0,49484.97
OI00077624,O0015865,P00366,1,191.99,15,163.19
OI00077625,O0015865,P00190,3,1079.99,5,3077.97
OI00077626,O0015865,P00168,4,23065.99,5,87650.76
OI00077627,O0015866,P00138,3,18955.99,5,54024.57
OI00077628,O0015866,P00371,4,876.99,15,2981.77
OI00077629,O0015866,P00106,1,14571.99,10,13114.79
OI00077630,O0015866,P00429,1,8822.99,0,8822.99
OI00077631,O0015867,P00399,4,4712.99,0,18851.96
OI00077632,O0015867,P00490,3,17179.99,0,51539.97
OI00077633,O0015867,P00040,1,5529.99,0,5529.99
OI00077634,O0015868,P00500,1,18549.99,0,18549.99
OI00077635,O0015868,P00256,1,10121.99,5,9615.89
OI00077636,O0015869,P00135,3,18544.99,10,50071.47
OI00077637,O0015869,P00315,2,18204.99,15,30948.48
OI00077638,O0015869,P00379,3,1972.99,10,5327.07
OI00077639,O0015870,P00402,3,5123.99,0,15371.97
OI00077640,O0015870,P00318,1,18615.99,15,15823.59
OI00077641,O0015871,P00176,4,24161.99,0,96647.96
OI00077642,O0015871,P00098,4,13475.99,0,53903.96
OI00077643,O0015871,P00427,4,8548.99,0,34195.96
OI00077644,O0015871,P00381,2,2246.99,0,4493.98
OI00077645,O0015872,P00188,2,805.99,0,1611.98
OI00077646,O0015873,P00162,3,22243.99,15,56722.17
OI00077647,O0015874,P00184,4,257.99,5,980.36
OI00077648,O0015875,P00184,3,257.99,5,735.27
OI00077649,O0015875,P00290,3,14779.99,0,44339.97
OI00077650,O0015875,P00118,3,16215.99,0,48647.97
OI00077651,O0015875,P00173,3,23750.99,15,60565.02
OI00077652,O0015876,P00289,1,14642.99,0,14642.99
OI00077653,O0015877,P00170,4,23339.99,0,93359.96
OI00077654,O0015878,P00279,3,13272.99,15,33846.12
OI00077655,O0015878,P00177,2,24298.99,0,48597.98
OI00077656,O0015878,P00334,3,20807.99,5,59302.77
OI00077657,O0015878,P00189,2,942.99,0,1885.98
OI00077658,O0015878,P00123,3,16900.99,0,50702.97
OI00077659,O0015879,P00427,2,8548.99,15,14533.28
OI00077660,O0015879,P00219,1,5052.99,0,5052.99
OI00077661,O0015880,P00340,3,21629.99,0,64889.97
OI00077662,O0015880,P00306,1,16971.99,10,15274.79
OI00077663,O0015880,P00256,4,10121.99,0,40487.96
OI00077664,O0015881,P00266,3,11491.99,0,34475.97
OI00077665,O0015881,P00231,4,6696.99,15,22769.77
OI00077666,O0015882,P00266,4,11491.99,5,43669.56
OI00077667,O0015882,P00488,3,16905.99,0,50717.97
OI00077668,O0015883,P00380,1,2109.99,0,2109.99
OI00077669,O0015883,P00271,3,12176.99,0,36530.97
OI00077670,O0015884,P00357,2,23958.99,0,47917.98
OI00077671,O0015885,P00293,3,15190.99,0,45572.97
OI00077672,O0015886,P00313,3,17930.99,10,48413.67
OI00077673,O0015886,P00221,1,5326.99,5,5060.64
OI00077674,O0015886,P00071,4,9776.99,0,39107.96
OI00077675,O0015887,P00034,1,4707.99,0,4707.99
OI00077676,O0015888,P00353,1,23410.99,5,22240.44
OI00077677,O0015888,P00316,3,18341.99,5,52274.67
OI00077678,O0015888,P00081,2,11146.99,5,21179.28
OI00077679,O0015888,P00126,2,17311.99,0,34623.98
OI00077680,O0015889,P00362,2,24643.99,0,49287.98
OI00077681,O0015890,P00119,3,16352.99,0,49058.97
OI00077682,O0015890,P00011,4,1556.99,0,6227.96
OI00077683,O0015890,P00223,2,5600.99,0,11201.98
OI00077684,O0015891,P00360,1,24369.99,0,24369.99
OI00077685,O0015891,P00193,4,1490.99,5,5665.76
OI00077686,O0015891,P00056,1,7721.99,15,6563.69
OI00077687,O0015892,P00486,3,16631.99,0,49895.97
OI00077688,O0015892,P00238,1,7655.99,0,7655.99
OI00077689,O0015892,P00482,2,16083.99,0,32167.98
OI00077690,O0015893,P00340,1,21629.99,0,21629.99
OI00077691,O0015893,P00110,2,15119.99,0,30239.98
OI00077692,O0015893,P00237,4,7518.99,0,30075.96
OI00077693,O0015894,P00453,2,12110.99,10,21799.78
OI00077694,O0015895,P00224,2,5737.99,15,9754.58
OI00077695,O0015895,P00118,1,16215.99,15,13783.59
OI00077696,O0015895,P00454,4,12247.99,5,46542.36
OI00077697,O0015895,P00349,3,22862.99,5,65159.52
OI00077698,O0015895,P00466,3,13891.99,5,39592.17
OI00077699,O0015896,P00442,1,10603.99,15,9013.39
OI00077700,O0015897,P00255,2,9984.99,0,19969.98
OI00077701,O0015897,P00129,2,17722.99,0,35445.98
OI00077702,O0015898,P00237,4,7518.99,10,27068.36
OI00077703,O0015898,P00049,3,6762.99,0,20288.97
OI00077704,O0015899,P00148,2,20325.99,0,40651.98
OI00077705,O0015899,P00435,4,9644.99,0,38579.96
OI00077706,O0015899,P00034,4,4707.99,15,16007.17
OI00077707,O0015900,P00484,3,16357.99,0,49073.97
OI00077708,O0015901,P00343,1,22040.99,0,22040.99
OI00077709,O0015901,P00189,1,942.99,0,942.99
OI00077710,O0015901,P00064,3,8817.99,0,26453.97
OI00077711,O0015902,P00249,2,9162.99,0,18325.98
OI00077712,O0015902,P00309,2,17382.99,15,29551.08
OI00077713,O0015903,P00042,1,5803.99,5,5513.79
OI00077714,O0015904,P00384,2,2657.99,0,5315.98
OI00077715,O0015904,P00475,4,15124.99,0,60499.96
OI00077716,O0015904,P00045,2,6214.99,0,12429.98
OI00077717,O0015905,P00116,2,15941.99,10,28695.58
OI00077718,O0015906,P00208,1,3545.99,0,3545.99
OI00077719,O0015906,P00435,2,9644.99,10,17360.98
OI00077720,O0015906,P00407,3,5808.99,0,17426.97
OI00077721,O0015906,P00293,2,15190.99,0,30381.98
OI00077722,O0015907,P00071,4,9776.99,0,39107.96
OI00077723,O0015907,P00361,2,24506.99,10,44112.58
OI00077724,O0015907,P00087,4,11968.99,0,47875.96
OI00077725,O0015908,P00253,1,9710.99,5,9225.44
OI00077726,O0015908,P00404,4,5397.99,0,21591.96
OI00077727,O0015908,P00004,1,597.99,0,597.99
OI00077728,O0015909,P00394,3,4027.99,0,12083.97
OI00077729,O0015909,P00325,1,19574.99,0,19574.99
OI00077730,O0015909,P00328,2,19985.99,0,39971.98
OI00077731,O0015909,P00121,3,16626.99,0,49880.97
OI00077732,O0015909,P00400,1,4849.99,5,4607.49
OI00077733,O0015910,P00479,4,15672.99,10,56422.76
OI00077734,O0015911,P00058,1,7995.99,0,7995.99
OI00077735,O0015911,P00072,2,9913.99,15,16853.78
OI00077736,O0015912,P00067,4,9228.99,0,36915.96
OI00077737,O0015912,P00224,4,5737.99,0,22951.96
OI00077738,O0015912,P00484,4,16357.99,0,65431.96
OI00077739,O0015913,P00460,4,13069.99,0,52279.96
OI00077740,O0015913,P00214,1,4367.99,0,4367.99
OI00077741,O0015914,P00133,1,18270.99,10,16443.89
OI00077742,O0015915,P00086,4,11831.99,0,47327.96
OI00077743,O0015915,P00169,3,23202.99,10,62648.07
OI00077744,O0015916,P00282,2,13683.99,0,27367.98
OI00077745,O0015917,P00080,3,11009.99,15,28075.47
OI00077746,O0015917,P00223,1,5600.99,5,5320.94
OI00077747,O0015917,P00110,3,15119.99,0,45359.97
OI00077748,O0015918,P00250,1,9299.99,5,8834.99
OI00077749,O0015918,P00372,1,1013.99,0,1013.99
OI00077750,O0015918,P00285,3,14094.99,0,42284.97
OI00077751,O0015919,P00331,3,20396.99,0,61190.97
OI00077752,O0015919,P00068,3,9365.99,10,25288.17
OI00077753,O0015920,P00177,3,24298.99,5,69252.12
OI00077754,O0015921,P00236,1,7381.99,0,7381.99
OI00077755,O0015921,P00426,2,8411.99,0,16823.98
OI00077756,O0015921,P00404,2,5397.99,15,9176.58
OI00077757,O0015921,P00416,3,7041.99,15,17957.07
OI00077758,O0015922,P00127,2,17448.99,0,34897.98
OI00077759,O0015923,P00428,4,8685.99,0,34743.96
OI00077760,O0015923,P00002,3,323.99,0,971.97
OI00077761,O0015923,P00012,1,1693.99,15,1439.89
OI00077762,O0015923,P00388,1,3205.99,10,2885.39
OI00077763,O0015924,P00007,4,1008.99,0,4035.96
OI00077764,O0015925,P00129,1,17722.99,10,15950.69
OI00077765,O0015925,P00255,3,9984.99,0,29954.97
OI00077766,O0015925,P00464,3,13617.99,10,36768.57
OI00077767,O0015925,P00139,4,19092.99,0,76371.96
OI00077768,O0015926,P00182,2,24983.99,0,49967.98
OI00077769,O0015926,P00277,3,12998.99,0,38996.97
OI00077770,O0015926,P00243,2,8340.99,0,16681.98
OI00077771,O0015926,P00280,3,13409.99,0,40229.97
OI00077772,O0015926,P00104,1,14297.99,5,13583.09
OI00077773,O0015927,P00446,4,11151.99,0,44607.96
OI00077774,O0015927,P00299,3,16012.99,0,48038.97
OI00077775,O0015927,P00389,2,3342.99,5,6351.68
OI00077776,O0015927,P00462,2,13343.99,15,22684.78
OI00077777,O0015927,P00219,4,5052.99,0,20211.96
OI00077778,O0015928,P00364,3,24917.99,0,74753.97
OI00077779,O0015928,P00452,3,11973.99,0,35921.97
OI00077780,O0015928,P00374,1,1287.99,0,1287.99
OI00077781,O0015928,P00247,4,8888.99,15,30222.57
OI00077782,O0015928,P00174,3,23887.99,0,71663.97
OI00077783,O0015929,P00145,4,19914.99,0,79659.96
OI00077784,O0015929,P00378,3,1835.99,0,5507.97
OI00077785,O0015930,P00148,3,20325.99,15,51831.27
OI00077786,O0015930,P00147,3,20188.99,0,60566.97
OI00077787,O0015930,P00010,1,1419.99,0,1419.99
OI00077788,O0015930,P00309,4,17382.99,0,69531.96
OI00077789,O0015930,P00288,4,14505.99,15,49320.37
OI00077790,O0015931,P00450,3,11699.99,0,35099.97
OI00077791,O0015931,P00032,2,4433.99,5,8424.58
OI00077792,O0015932,P00030,2,4159.99,0,8319.98
OI00077793,O0015932,P00142,4,19503.99,0,78015.96
OI00077794,O0015932,P00365,2,54.99,0,109.98
OI00077795,O0015932,P00490,2,17179.99,0,34359.98
OI00077796,O0015932,P00031,1,4296.99,0,4296.99
OI00077797,O0015933,P00174,2,23887.99,15,40609.58
OI00077798,O0015933,P00177,2,24298.99,5,46168.08
OI00077799,O0015934,P00495,4,17864.99,10,64313.96
OI00077800,O0015934,P00475,4,15124.99,0,60499.96
OI00077801,O0015934,P00045,4,6214.99,0,24859.96
OI00077802,O0015935,P00074,3,10187.99,5,29035.77
OI00077803,O0015935,P00285,2,14094.99,10,25370.98
OI00077804,O0015935,P00070,3,9639.99,15,24581.97
OI00077805,O0015935,P00390,1,3479.99,15,2957.99
OI00077806,O0015936,P00060,1,8269.99,0,8269.99
OI00077807,O0015936,P00082,3,11283.99,5,32159.37
OI00077808,O0015936,P00500,3,18549.99,0,55649.97
OI00077809,O0015936,P00282,1,13683.99,10,12315.59
OI00077810,O0015936,P00023,3,3200.99,0,9602.97
OI00077811,O0015937,P00370,1,739.99,0,739.99
OI00077812,O0015938,P00308,4,17245.99,15,58636.37
OI00077813,O0015939,P00271,2,12176.99,5,23136.28
OI00077814,O0015939,P00353,2,23410.99,10,42139.78
OI00077815,O0015939,P00358,2,24095.99,0,48191.98
OI00077816,O0015940,P00136,3,18681.99,15,47639.07
OI00077817,O0015940,P00275,4,12724.99,15,43264.97
OI00077818,O0015940,P00340,4,21629.99,15,73541.97
OI00077819,O0015941,P00367,4,328.99,0,1315.96
OI00077820,O0015941,P00391,2,3616.99,15,6148.88
OI00077821,O0015942,P00140,1,19229.99,10,17306.99
OI00077822,O0015942,P00404,1,5397.99,0,5397.99
OI00077823,O0015942,P00096,2,13201.99,5,25083.78
OI00077824,O0015942,P00471,1,14576.99,0,14576.99
OI00077825,O0015943,P00209,1,3682.99,0,3682.99
OI00077826,O0015943,P00169,4,23202.99,15,78890.17
OI00077827,O0015943,P00479,2,15672.99,0,31345.98
OI00077828,O0015944,P00306,2,16971.99,5,32246.78
OI00077829,O0015944,P00077,3,10598.99,0,31796.97
OI00077830,O0015944,P00479,2,15672.99,15,26644.08
OI00077831,O0015944,P00340,1,21629.99,0,21629.99
OI00077832,O0015944,P00361,2,24506.99,10,44112.58
OI00077833,O0015945,P00273,2,12450.99,0,24901.98
OI00077834,O0015945,P00061,3,8406.99,0,25220.97
OI00077835,O0015945,P00482,1,16083.99,5,15279.79
OI00077836,O0015946,P00272,2,12313.99,0,24627.98
OI00077837,O0015946,P00141,1,19366.99,10,17430.29
OI00077838,O0015946,P00323,2,19300.99,10,34741.78
OI00077839,O0015946,P00008,3,1145.99,15,2922.27
OI00077840,O0015947,P00147,3,20188.99,5,57538.62
OI00077841,O0015947,P00055,4,7584.99,10,27305.96
OI00077842,O0015947,P00344,2,22177.99,0,44355.98
OI00077843,O0015948,P00128,2,17585.99,0,35171.98
OI00077844,O0015949,P00051,2,7036.99,15,11962.88
OI00077845,O0015949,P00270,1,12039.99,5,11437.99
OI00077846,O0015949,P00194,4,1627.99,10,5860.76
OI00077847,O0015950,P00218,2,4915.99,0,9831.98
OI00077848,O0015950,P00173,4,23750.99,0,95003.96
OI00077849,O0015950,P00001,2,186.99,0,373.98
OI00077850,O0015950,P00339,2,21492.99,0,42985.98
OI00077851,O0015951,P00442,1,10603.99,10,9543.59
OI00077852,O0015951,P00086,3,11831.99,5,33721.17
OI00077853,O0015951,P00438,4,10055.99,0,40223.96
OI00077854,O0015951,P00379,1,1972.99,0,1972.99
OI00077855,O0015951,P00405,4,5534.99,0,22139.96
OI00077856,O0015952,P00012,4,1693.99,5,6437.16
OI00077857,O0015953,P00440,4,10329.99,0,41319.96
OI00077858,O0015953,P00010,3,1419.99,15,3620.97
OI00077859,O0015953,P00348,2,22725.99,0,45451.98
OI00077860,O0015953,P00388,1,3205.99,5,3045.69
OI00077861,O0015954,P00224,3,5737.99,0,17213.97
OI00077862,O0015954,P00331,1,20396.99,5,19377.14
OI00077863,O0015954,P00134,1,18407.99,10,16567.19
OI00077864,O0015955,P00295,3,15464.99,0,46394.97
OI00077865,O0015955,P00077,1,10598.99,0,10598.99
OI00077866,O0015956,P00406,4,5671.99,0,22687.96
OI00077867,O0015956,P00189,4,942.99,15,3206.17
OI00077868,O0015957,P00451,2,11836.99,5,22490.28
OI00077869,O0015958,P00427,3,8548.99,5,24364.62
OI00077870,O0015958,P00157,3,21558.99,5,61443.12
OI00077871,O0015959,P00309,2,17382.99,0,34765.98
OI00077872,O0015959,P00023,1,3200.99,5,3040.94
OI00077873,O0015959,P00128,2,17585.99,15,29896.18
OI00077874,O0015960,P00093,1,12790.99,0,12790.99
OI00077875,O0015961,P00396,1,4301.99,0,4301.99
OI00077876,O0015961,P00176,1,24161.99,0,24161.99
OI00077877,O0015961,P00402,1,5123.99,15,4355.39
OI00077878,O0015961,P00284,1,13957.99,0,13957.99
OI00077879,O0015962,P00495,1,17864.99,0,17864.99
OI00077880,O0015962,P00412,4,6493.99,10,23378.36
OI00077881,O0015962,P00131,4,17996.99,15,61189.77
OI00077882,O0015962,P00272,4,12313.99,0,49255.96
OI00077883,O0015962,P00051,1,7036.99,15,5981.44
OI00077884,O0015963,P00064,4,8817.99,15,29981.17
OI00077885,O0015963,P00264,3,11217.99,0,33653.97
OI00077886,O0015963,P00188,3,805.99,10,2176.17
OI00077887,O0015963,P00328,1,19985.99,5,18986.69
OI00077888,O0015964,P00106,3,14571.99,0,43715.97
OI00077889,O0015964,P00024,4,3337.99,0,13351.96
OI00077890,O0015964,P00080,4,11009.99,10,39635.96
OI00077891,O0015964,P00289,4,14642.99,0,58571.96
OI00077892,O0015964,P00292,3,15053.99,15,38387.67
OI00077893,O0015965,P00410,3,6219.99,10,16793.97
OI00077894,O0015965,P00365,4,54.99,0,219.96
OI00077895,O0015965,P00369,2,602.99,0,1205.98
OI00077896,O0015966,P00222,3,5463.99,0,16391.97
OI00077897,O0015966,P00116,4,15941.99,0,63767.96
OI00077898,O0015966,P00143,1,19640.99,0,19640.99
OI00077899,O0015966,P00493,2,17590.99,0,35181.98
OI00077900,O0015967,P00207,2,3408.99,0,6817.98
OI00077901,O0015967,P00283,4,13820.99,10,49755.56
OI00077902,O0015967,P00055,3,7584.99,5,21617.22
OI00077903,O0015968,P00286,1,14231.99,0,14231.99
OI00077904,O0015968,P00115,4,15804.99,0,63219.96
OI00077905,O0015969,P00387,3,3068.99,0,9206.97
OI00077906,O0015969,P00131,1,17996.99,0,17996.99
OI00077907,O0015969,P00177,4,24298.99,0,97195.96
OI00077908,O0015969,P00240,1,7929.99,10,7136.99
OI00077909,O0015970,P00281,1,13546.99,10,12192.29
OI00077910,O0015970,P00189,1,942.99,0,942.99
OI00077911,O0015970,P00488,3,16905.99,15,43110.27
OI00077912,O0015970,P00078,3,10735.99,0,32207.97
OI00077913,O0015971,P00020,4,2789.99,10,10043.96
OI00077914,O0015971,P00349,1,22862.99,5,21719.84
OI00077915,O0015971,P00410,4,6219.99,15,21147.97
OI00077916,O0015971,P00374,3,1287.99,0,3863.97
OI00077917,O0015972,P00486,4,16631.99,15,56548.77
OI00077918,O0015972,P00106,3,14571.99,10,39344.37
OI00077919,O0015973,P00364,2,24917.99,15,42360.58
OI00077920,O0015973,P00216,4,4641.99,15,15782.77
OI00077921,O0015974,P00175,4,24024.99,5,91294.96
OI00077922,O0015974,P00056,2,7721.99,0,15443.98
OI00077923,O0015975,P00349,3,22862.99,0,68588.97
OI00077924,O0015975,P00494,3,17727.99,0,53183.97
OI00077925,O0015975,P00077,4,10598.99,0,42395.96
OI00077926,O0015976,P00172,2,23613.99,15,40143.78
OI00077927,O0015976,P00313,3,17930.99,0,53792.97
OI00077928,O0015976,P00027,3,3748.99,0,11246.97
OI00077929,O0015977,P00034,1,4707.99,0,4707.99
OI00077930,O0015977,P00375,2,1424.99,0,2849.98
OI00077931,O0015977,P00086,3,11831.99,10,31946.37
OI00077932,O0015978,P00461,2,13206.99,0,26413.98
OI00077933,O0015978,P00499,2,18412.99,5,34984.68
OI00077934,O0015978,P00460,3,13069.99,0,39209.97
OI00077935,O0015978,P00321,2,19026.99,0,38053.98
OI00077936,O0015978,P00164,4,22517.99,0,90071.96
OI00077937,O0015979,P00409,3,6082.99,5,17336.52
OI00077938,O0015979,P00085,3,11694.99,0,35084.97
OI00077939,O0015979,P00222,2,5463.99,0,10927.98
OI00077940,O0015979,P00360,2,24369.99,0,48739.98
OI00077941,O0015980,P00261,3,10806.99,0,32420.97
OI00077942,O0015980,P00023,1,3200.99,0,3200.99
OI00077943,O0015981,P00152,2,20873.99,0,41747.98
OI00077944,O0015981,P00379,4,1972.99,0,7891.96
OI00077945,O0015981,P00299,4,16012.99,0,64051.96
OI00077946,O0015981,P00351,1,23136.99,0,23136.99
OI00077947,O0015981,P00012,1,1693.99,0,1693.99
OI00077948,O0015982,P00124,3,17037.99,0,51113.97
OI00077949,O0015982,P00033,4,4570.99,15,15541.37
OI00077950,O0015982,P00399,2,4712.99,0,9425.98
OI00077951,O0015982,P00203,2,2860.99,0,5721.98
OI00077952,O0015983,P00390,3,3479.99,0,10439.97
OI00077953,O0015983,P00431,4,9096.99,15,30929.77
OI00077954,O0015983,P00071,3,9776.99,0,29330.97
OI00077955,O0015983,P00191,1,1216.99,10,1095.29
OI00077956,O0015984,P00128,2,17585.99,15,29896.18
OI00077957,O0015984,P00264,1,11217.99,0,11217.99
OI00077958,O0015985,P00477,3,15398.99,0,46196.97
OI00077959,O0015985,P00253,4,9710.99,0,38843.96
OI00077960,O0015985,P00421,3,7726.99,0,23180.97
OI00077961,O0015986,P00447,1,11288.99,15,9595.64
OI00077962,O0015986,P00330,4,20259.99,0,81039.96
OI00077963,O0015987,P00401,1,4986.99,15,4238.94
OI00077964,O0015988,P00376,4,1561.99,0,6247.96
OI00077965,O0015988,P00347,1,22588.99,0,22588.99
OI00077966,O0015988,P00271,4,12176.99,0,48707.96
OI00077967,O0015988,P00442,1,10603.99,0,10603.99
OI00077968,O0015988,P00343,3,22040.99,15,56204.52
OI00077969,O0015989,P00162,1,22243.99,15,18907.39
OI00077970,O0015989,P00089,3,12242.99,10,33056.07
OI00077971,O0015990,P00026,4,3611.99,5,13725.56
OI00077972,O0015991,P00021,3,2926.99,0,8780.97
OI00077973,O0015991,P00137,4,18818.99,0,75275.96
OI00077974,O0015991,P00205,2,3134.99,0,6269.98
OI00077975,O0015991,P00117,1,16078.99,0,16078.99
OI00077976,O0015992,P00357,4,23958.99,0,95835.96
OI00077977,O0015992,P00496,4,18001.99,0,72007.96
OI00077978,O0015993,P00229,4,6422.99,15,21838.17
OI00077979,O0015994,P00242,1,8203.99,5,7793.79
OI00077980,O0015994,P00330,4,20259.99,10,72935.96
OI00077981,O0015995,P00360,3,24369.99,5,69454.47
OI00077982,O0015996,P00109,2,14982.99,5,28467.68
OI00077983,O0015996,P00084,2,11557.99,10,20804.38
OI00077984,O0015996,P00419,4,7452.99,10,26830.76
OI00077985,O0015997,P00167,3,22928.99,5,65347.62
OI00077986,O0015997,P00067,1,9228.99,15,7844.64
OI00077987,O0015997,P00289,2,14642.99,0,29285.98
OI00077988,O0015997,P00097,2,13338.99,0,26677.98
OI00077989,O0015997,P00110,1,15119.99,0,15119.99
OI00077990,O0015998,P00254,1,9847.99,0,9847.99
OI00077991,O0015998,P00245,3,8614.99,0,25844.97
OI00077992,O0015999,P00421,1,7726.99,0,7726.99
OI00077993,O0015999,P00038,4,5255.99,0,21023.96
OI00077994,O0016000,P00397,1,4438.99,15,3773.14
OI00077995,O0016000,P00024,3,3337.99,0,10013.97
OI00077996,O0016001,P00223,4,5600.99,10,20163.56
OI00077997,O0016001,P00387,4,3068.99,0,12275.96
OI00077998,O0016001,P00235,3,7244.99,0,21734.97
OI00077999,O0016002,P00499,4,18412.99,0,73651.96
OI00078000,O0016002,P00386,3,2931.99,15,7476.57
OI00078001,O0016003,P00157,4,21558.99,10,77612.36
OI00078002,O0016003,P00010,2,1419.99,0,2839.98
OI00078003,O0016003,P00235,2,7244.99,15,12316.48
OI00078004,O0016003,P00346,2,22451.99,0,44903.98
OI00078005,O0016003,P00021,1,2926.99,5,2780.64
OI00078006,O0016004,P00474,2,14987.99,5,28477.18
OI00078007,O0016004,P00084,3,11557.99,15,29472.87
OI00078008,O0016005,P00301,4,16286.99,0,65147.96
OI00078009,O0016005,P00149,1,20462.99,5,19439.84
OI00078010,O0016005,P00091,3,12516.99,15,31918.32
OI00078011,O0016006,P00132,1,18133.99,5,17227.29
OI00078012,O0016007,P00031,3,4296.99,0,12890.97
OI00078013,O0016007,P00057,2,7858.99,0,15717.98
OI00078014,O0016007,P00039,3,5392.99,10,14561.07
OI00078015,O0016008,P00140,1,19229.99,15,16345.49
OI00078016,O0016008,P00395,4,4164.99,15,14160.97
OI00078017,O0016009,P00064,3,8817.99,10,23808.57
OI00078018,O0016009,P00429,4,8822.99,0,35291.96
OI00078019,O0016009,P00400,1,4849.99,0,4849.99
OI00078020,O0016009,P00168,3,23065.99,0,69197.97
OI00078021,O0016009,P00437,3,9918.99,5,28269.12
OI00078022,O0016010,P00393,4,3890.99,0,15563.96
OI00078023,O0016010,P00486,2,16631.99,10,29937.58
OI00078024,O0016010,P00436,1,9781.99,0,9781.99
OI00078025,O0016010,P00411,3,6356.99,15,16210.32
OI00078026,O0016011,P00294,2,15327.99,0,30655.98
OI00078027,O0016011,P00141,4,19366.99,0,77467.96
OI00078028,O0016011,P00451,3,11836.99,10,31959.87
OI00078029,O0016011,P00112,1,15393.99,5,14624.29
OI00078030,O0016012,P00047,1,6488.99,0,6488.99
OI00078031,O0016013,P00349,3,22862.99,0,68588.97
OI00078032,O0016013,P00084,1,11557.99,5,10980.09
OI00078033,O0016013,P00022,2,3063.99,5,5821.58
OI00078034,O0016013,P00314,1,18067.99,5,17164.59
OI00078035,O0016014,P00186,1,531.99,0,531.99
OI00078036,O0016014,P00100,2,13749.99,0,27499.98
OI00078037,O0016014,P00111,1,15256.99,15,12968.44
OI00078038,O0016015,P00427,1,8548.99,0,8548.99
OI00078039,O0016015,P00339,2,21492.99,0,42985.98
OI00078040,O0016015,P00093,2,12790.99,5,24302.88
OI00078041,O0016015,P00346,4,22451.99,15,76336.77
OI00078042,O0016016,P00256,1,10121.99,0,10121.99
OI00078043,O0016016,P00169,2,23202.99,15,39445.08
OI00078044,O0016016,P00103,2,14160.99,0,28321.98
OI00078045,O0016017,P00012,2,1693.99,0,3387.98
OI00078046,O0016017,P00271,4,12176.99,0,48707.96
OI00078047,O0016018,P00339,3,21492.99,0,64478.97
OI00078048,O0016018,P00388,1,3205.99,10,2885.39
OI00078049,O0016018,P00383,2,2520.99,5,4789.88
OI00078050,O0016018,P00219,1,5052.99,15,4295.04
OI00078051,O0016018,P00153,2,21010.99,10,37819.78
OI00078052,O0016019,P00425,2,8274.99,10,14894.98
OI00078053,O0016019,P00055,3,7584.99,0,22754.97
OI00078054,O0016019,P00056,4,7721.99,5,29343.56
OI00078055,O0016020,P00165,2,22654.99,0,45309.98
OI00078056,O0016020,P00097,3,13338.99,10,36015.27
OI00078057,O0016020,P00073,3,10050.99,5,28645.32
OI00078058,O0016020,P00061,3,8406.99,0,25220.97
OI00078059,O0016020,P00195,3,1764.99,0,5294.97
OI00078060,O0016021,P00115,1,15804.99,0,15804.99
OI00078061,O0016021,P00048,1,6625.99,0,6625.99
OI00078062,O0016021,P00479,4,15672.99,15,53288.17
OI00078063,O0016021,P00276,2,12861.99,5,24437.78
OI00078064,O0016021,P00169,3,23202.99,0,69608.97
OI00078065,O0016022,P00250,1,9299.99,15,7904.99
OI00078066,O0016022,P00134,1,18407.99,0,18407.99
OI00078067,O0016022,P00019,2,2652.99,5,5040.68
OI00078068,O0016022,P00339,2,21492.99,0,42985.98
OI00078069,O0016022,P00300,1,16149.99,15,13727.49
OI00078070,O0016023,P00424,3,8137.99,10,21972.57
OI00078071,O0016023,P00295,2,15464.99,10,27836.98
OI00078072,O0016024,P00269,4,11902.99,15,40470.17
OI00078073,O0016025,P00118,4,16215.99,5,61620.76
OI00078074,O0016025,P00283,1,13820.99,0,13820.99
OI00078075,O0016025,P00221,2,5326.99,0,10653.98
OI00078076,O0016025,P00479,1,15672.99,0,15672.99
OI00078077,O0016026,P00229,3,6422.99,10,17342.07
OI00078078,O0016026,P00427,4,8548.99,0,34195.96
OI00078079,O0016026,P00258,3,10395.99,15,26509.77
OI00078080,O0016027,P00184,4,257.99,0,1031.96
OI00078081,O0016028,P00361,1,24506.99,10,22056.29
OI00078082,O0016028,P00078,3,10735.99,0,32207.97
OI00078083,O0016028,P00239,3,7792.99,0,23378.97
OI00078084,O0016028,P00296,2,15601.99,10,28083.58
OI00078085,O0016028,P00417,2,7178.99,0,14357.98
OI00078086,O0016029,P00348,4,22725.99,0,90903.96
OI00078087,O0016029,P00223,1,5600.99,0,5600.99
OI00078088,O0016030,P00495,4,17864.99,0,71459.96
OI00078089,O0016030,P00282,2,13683.99,15,23262.78
OI00078090,O0016030,P00028,3,3885.99,0,11657.97
OI00078091,O0016031,P00291,4,14916.99,0,59667.96
OI00078092,O0016031,P00004,4,597.99,0,2391.96
OI00078093,O0016031,P00400,1,4849.99,0,4849.99
OI00078094,O0016032,P00213,4,4230.99,5,16077.76
OI00078095,O0016032,P00108,3,14845.99,0,44537.97
OI00078096,O0016032,P00384,4,2657.99,15,9037.17
OI00078097,O0016032,P00314,4,18067.99,0,72271.96
OI00078098,O0016032,P00116,4,15941.99,0,63767.96
OI00078099,O0016033,P00443,2,10740.99,0,21481.98
OI00078100,O0016034,P00286,1,14231.99,0,14231.99
OI00078101,O0016034,P00266,4,11491.99,0,45967.96
OI00078102,O0016034,P00052,1,7173.99,15,6097.89
OI00078103,O0016034,P00147,2,20188.99,0,40377.98
OI00078104,O0016035,P00246,4,8751.99,0,35007.96
OI00078105,O0016035,P00404,1,5397.99,0,5397.99
OI00078106,O0016036,P00328,4,19985.99,5,75946.76
OI00078107,O0016036,P00158,4,21695.99,10,78105.56
OI00078108,O0016037,P00264,3,11217.99,0,33653.97
OI00078109,O0016038,P00408,4,5945.99,0,23783.96
OI00078110,O0016038,P00139,3,19092.99,0,57278.97
OI00078111,O0016038,P00042,4,5803.99,0,23215.96
OI00078112,O0016038,P00123,4,16900.99,0,67603.96
OI00078113,O0016038,P00384,3,2657.99,5,7575.27
OI00078114,O0016039,P00246,2,8751.99,15,14878.38
OI00078115,O0016039,P00122,2,16763.99,5,31851.58
OI00078116,O0016039,P00101,1,13886.99,0,13886.99
OI00078117,O0016039,P00184,1,257.99,0,257.99
OI00078118,O0016039,P00431,2,9096.99,10,16374.58
OI00078119,O0016040,P00470,4,14439.99,10,51983.96
OI00078120,O0016040,P00398,2,4575.99,10,8236.78
OI00078121,O0016040,P00040,2,5529.99,0,11059.98
OI00078122,O0016040,P00248,3,9025.99,0,27077.97
OI00078123,O0016041,P00335,4,20944.99,0,83779.96
OI00078124,O0016042,P00383,3,2520.99,0,7562.97
OI00078125,O0016042,P00468,4,14165.99,0,56663.96
OI00078126,O0016043,P00497,3,18138.99,15,46254.42
OI00078127,O0016043,P00379,2,1972.99,0,3945.98
OI00078128,O0016043,P00487,1,16768.99,0,16768.99
OI00078129,O0016044,P00037,4,5118.99,0,20475.96
OI00078130,O0016045,P00035,2,4844.99,0,9689.98
OI00078131,O0016045,P00106,3,14571.99,0,43715.97
OI00078132,O0016045,P00151,3,20736.99,0,62210.97
OI00078133,O0016045,P00378,1,1835.99,0,1835.99
OI00078134,O0016045,P00381,3,2246.99,0,6740.97
OI00078135,O0016046,P00347,4,22588.99,10,81320.36
OI00078136,O0016046,P00038,3,5255.99,0,15767.97
OI00078137,O0016046,P00296,3,15601.99,0,46805.97
OI00078138,O0016046,P00294,1,15327.99,0,15327.99
OI00078139,O0016046,P00441,2,10466.99,0,20933.98
OI00078140,O0016047,P00477,3,15398.99,0,46196.97
OI00078141,O0016047,P00271,1,12176.99,10,10959.29
OI00078142,O0016047,P00229,1,6422.99,15,5459.54
OI00078143,O0016047,P00246,1,8751.99,0,8751.99
OI00078144,O0016047,P00232,1,6833.99,0,6833.99
OI00078145,O0016048,P00472,3,14713.99,0,44141.97
OI00078146,O0016048,P00144,3,19777.99,0,59333.97
OI00078147,O0016048,P00092,2,12653.99,10,22777.18
OI00078148,O0016048,P00291,2,14916.99,0,29833.98
OI00078149,O0016049,P00267,2,11628.99,0,23257.98
OI00078150,O0016049,P00229,4,6422.99,0,25691.96
OI00078151,O0016049,P00211,1,3956.99,0,3956.99
OI00078152,O0016050,P00443,3,10740.99,10,29000.67
OI00078153,O0016050,P00067,4,9228.99,0,36915.96
OI00078154,O0016051,P00273,3,12450.99,15,31750.02
OI00078155,O0016051,P00330,4,20259.99,0,81039.96
OI00078156,O0016051,P00369,4,602.99,0,2411.96
OI00078157,O0016051,P00220,4,5189.99,10,18683.96
OI00078158,O0016051,P00451,3,11836.99,15,30184.32
OI00078159,O0016052,P00042,4,5803.99,0,23215.96
OI00078160,O0016053,P00193,3,1490.99,0,4472.97
OI00078161,O0016054,P00025,2,3474.99,0,6949.98
OI00078162,O0016054,P00050,2,6899.99,5,13109.98
OI00078163,O0016054,P00240,3,7929.99,0,23789.97
OI00078164,O0016055,P00179,3,24572.99,15,62661.12
OI00078165,O0016055,P00208,2,3545.99,0,7091.98
OI00078166,O0016055,P00320,3,18889.99,10,51002.97
OI00078167,O0016055,P00346,4,22451.99,0,89807.96
OI00078168,O0016056,P00052,2,7173.99,0,14347.98
OI00078169,O0016057,P00153,2,21010.99,0,42021.98
OI00078170,O0016057,P00267,3,11628.99,0,34886.97
OI00078171,O0016058,P00142,1,19503.99,0,19503.99
OI00078172,O0016058,P00033,1,4570.99,0,4570.99
OI00078173,O0016058,P00391,4,3616.99,15,12297.77
OI00078174,O0016058,P00231,2,6696.99,10,12054.58
OI00078175,O0016059,P00188,4,805.99,0,3223.96
OI00078176,O0016059,P00350,1,22999.99,5,21849.99
OI00078177,O0016059,P00188,4,805.99,0,3223.96
OI00078178,O0016060,P00499,2,18412.99,15,31302.08
OI00078179,O0016060,P00383,1,2520.99,0,2520.99
OI00078180,O0016060,P00150,4,20599.99,0,82399.96
OI00078181,O0016061,P00496,1,18001.99,5,17101.89
OI00078182,O0016061,P00197,1,2038.99,0,2038.99
OI00078183,O0016062,P00201,3,2586.99,10,6984.87
OI00078184,O0016062,P00258,4,10395.99,0,41583.96
OI00078185,O0016062,P00292,2,15053.99,15,25591.78
OI00078186,O0016063,P00078,3,10735.99,10,28987.17
OI00078187,O0016063,P00438,4,10055.99,0,40223.96
OI00078188,O0016063,P00362,4,24643.99,0,98575.96
OI00078189,O0016063,P00484,3,16357.99,0,49073.97
OI00078190,O0016063,P00316,4,18341.99,0,73367.96
OI00078191,O0016064,P00442,1,10603.99,10,9543.59
OI00078192,O0016064,P00246,2,8751.99,0,17503.98
OI00078193,O0016064,P00144,2,19777.99,5,37578.18
OI00078194,O0016064,P00393,2,3890.99,0,7781.98
OI00078195,O0016064,P00016,3,2241.99,5,6389.67
OI00078196,O0016065,P00188,3,805.99,15,2055.27
OI00078197,O0016065,P00314,3,18067.99,5,51493.77
OI00078198,O0016065,P00365,3,54.99,0,164.97
OI00078199,O0016065,P00033,2,4570.99,0,9141.98
OI00078200,O0016066,P00312,4,17793.99,5,67617.16
OI00078201,O0016066,P00278,3,13135.99,0,39407.97
OI00078202,O0016067,P00199,2,2312.99,0,4625.98
OI00078203,O0016067,P00244,4,8477.99,5,32216.36
OI00078204,O0016067,P00364,1,24917.99,0,24917.99
OI00078205,O0016067,P00215,1,4504.99,0,4504.99
OI00078206,O0016068,P00387,2,3068.99,5,5831.08
OI00078207,O0016068,P00132,4,18133.99,5,68909.16
OI00078208,O0016068,P00322,1,19163.99,5,18205.79
OI00078209,O0016068,P00100,3,13749.99,0,41249.97
OI00078210,O0016069,P00434,1,9507.99,15,8081.79
OI00078211,O0016069,P00492,2,17453.99,10,31417.18
OI00078212,O0016070,P00484,4,16357.99,10,58888.76
OI00078213,O0016070,P00261,1,10806.99,0,10806.99
OI00078214,O0016071,P00273,1,12450.99,0,12450.99
OI00078215,O0016071,P00190,1,1079.99,15,917.99
OI00078216,O0016072,P00075,3,10324.99,5,29426.22
OI00078217,O0016072,P00022,4,3063.99,0,12255.96
OI00078218,O0016072,P00410,1,6219.99,15,5286.99
OI00078219,O0016072,P00309,4,17382.99,0,69531.96
OI00078220,O0016072,P00223,4,5600.99,5,21283.76
OI00078221,O0016073,P00297,3,15738.99,0,47216.97
OI00078222,O0016073,P00380,3,2109.99,10,5696.97
OI00078223,O0016073,P00459,1,12932.99,0,12932.99
OI00078224,O0016073,P00435,1,9644.99,0,9644.99
OI00078225,O0016074,P00484,4,16357.99,10,58888.76
OI00078226,O0016075,P00331,2,20396.99,0,40793.98
OI00078227,O0016075,P00155,1,21284.99,0,21284.99
OI00078228,O0016075,P00392,2,3753.99,0,7507.98
OI00078229,O0016076,P00391,2,3616.99,0,7233.98
OI00078230,O0016077,P00041,2,5666.99,10,10200.58
OI00078231,O0016077,P00086,2,11831.99,0,23663.98
OI00078232,O0016078,P00185,3,394.99,0,1184.97
OI00078233,O0016079,P00213,4,4230.99,0,16923.96
OI00078234,O0016079,P00394,3,4027.99,5,11479.77
OI00078235,O0016079,P00367,3,328.99,15,838.92
OI00078236,O0016079,P00089,3,12242.99,5,34892.52
OI00078237,O0016079,P00382,3,2383.99,5,6794.37
OI00078238,O0016080,P00272,3,12313.99,0,36941.97
OI00078239,O0016080,P00197,2,2038.99,0,4077.98
OI00078240,O0016080,P00075,4,10324.99,0,41299.96
OI00078241,O0016080,P00370,1,739.99,0,739.99
OI00078242,O0016081,P00248,2,9025.99,15,15344.18
OI00078243,O0016081,P00362,2,24643.99,0,49287.98
OI00078244,O0016081,P00018,4,2515.99,15,8554.37
OI00078245,O0016081,P00255,3,9984.99,5,28457.22
OI00078246,O0016082,P00498,2,18275.99,10,32896.78
OI00078247,O0016082,P00315,2,18204.99,0,36409.98
OI00078248,O0016083,P00068,1,9365.99,0,9365.99
OI00078249,O0016084,P00298,1,15875.99,15,13494.59
OI00078250,O0016084,P00013,1,1830.99,5,1739.44
OI00078251,O0016084,P00022,3,3063.99,0,9191.97
OI00078252,O0016084,P00149,3,20462.99,0,61388.97
OI00078253,O0016085,P00175,1,24024.99,0,24024.99
OI00078254,O0016085,P00004,2,597.99,0,1195.98
OI00078255,O0016086,P00365,4,54.99,0,219.96
OI00078256,O0016086,P00361,1,24506.99,0,24506.99
OI00078257,O0016086,P00221,3,5326.99,15,13583.82
OI00078258,O0016086,P00428,2,8685.99,5,16503.38
OI00078259,O0016086,P00304,1,16697.99,0,16697.99
OI00078260,O0016087,P00429,1,8822.99,5,8381.84
OI00078261,O0016087,P00097,4,13338.99,15,45352.57
OI00078262,O0016087,P00251,2,9436.99,0,18873.98
OI00078263,O0016087,P00472,4,14713.99,15,50027.57
OI00078264,O0016087,P00051,2,7036.99,0,14073.98
OI00078265,O0016088,P00492,3,17453.99,0,52361.97
OI00078266,O0016088,P00378,4,1835.99,10,6609.56
OI00078267,O0016088,P00273,1,12450.99,15,10583.34
OI00078268,O0016088,P00104,2,14297.99,0,28595.98
OI00078269,O0016088,P00475,4,15124.99,5,57474.96
OI00078270,O0016089,P00297,4,15738.99,10,56660.36
OI00078271,O0016090,P00371,3,876.99,0,2630.97
OI00078272,O0016091,P00167,1,22928.99,0,22928.99
OI00078273,O0016091,P00468,2,14165.99,0,28331.98
OI00078274,O0016092,P00364,1,24917.99,0,24917.99
OI00078275,O0016093,P00321,3,19026.99,5,54226.92
OI00078276,O0016093,P00460,4,13069.99,0,52279.96
OI00078277,O0016093,P00025,4,3474.99,10,12509.96
OI00078278,O0016093,P00168,1,23065.99,0,23065.99
OI00078279,O0016093,P00349,2,22862.99,0,45725.98
OI00078280,O0016094,P00446,1,11151.99,0,11151.99
OI00078281,O0016094,P00463,4,13480.99,5,51227.76
OI00078282,O0016094,P00397,1,4438.99,10,3995.09
OI00078283,O0016094,P00475,4,15124.99,0,60499.96
OI00078284,O0016094,P00175,4,24024.99,5,91294.96
OI00078285,O0016095,P00128,3,17585.99,10,47482.17
OI00078286,O0016096,P00471,2,14576.99,5,27696.28
OI00078287,O0016096,P00107,2,14708.99,0,29417.98
OI00078288,O0016096,P00433,1,9370.99,5,8902.44
OI00078289,O0016097,P00036,4,4981.99,5,18931.56
OI00078290,O0016097,P00365,1,54.99,0,54.99
OI00078291,O0016097,P00199,4,2312.99,0,9251.96
OI00078292,O0016097,P00234,1,7107.99,0,7107.99
OI00078293,O0016098,P00257,1,10258.99,0,10258.99
OI00078294,O0016098,P00465,3,13754.99,15,35075.22
OI00078295,O0016098,P00235,3,7244.99,0,21734.97
OI00078296,O0016098,P00244,1,8477.99,10,7630.19
OI00078297,O0016099,P00257,2,10258.99,15,17440.28
OI00078298,O0016099,P00074,4,10187.99,0,40751.96
OI00078299,O0016099,P00169,2,23202.99,0,46405.98
OI00078300,O0016099,P00192,2,1353.99,5,2572.58
OI00078301,O0016099,P00218,2,4915.99,5,9340.38
OI00078302,O0016100,P00167,2,22928.99,15,38979.28
OI00078303,O0016100,P00146,3,20051.99,0,60155.97
OI00078304,O0016101,P00390,4,3479.99,0,13919.96
OI00078305,O0016101,P00098,1,13475.99,0,13475.99
OI00078306,O0016101,P00271,4,12176.99,0,48707.96
OI00078307,O0016101,P00143,3,19640.99,0,58922.97
OI00078308,O0016101,P00392,2,3753.99,0,7507.98
OI00078309,O0016102,P00286,2,14231.99,0,28463.98
OI00078310,O0016102,P00370,2,739.99,0,1479.98
OI00078311,O0016102,P00189,4,942.99,0,3771.96
OI00078312,O0016102,P00004,1,597.99,5,568.09
OI00078313,O0016102,P00285,4,14094.99,0,56379.96
OI00078314,O0016103,P00198,4,2175.99,0,8703.96
OI00078315,O0016103,P00270,4,12039.99,0,48159.96
OI00078316,O0016104,P00053,4,7310.99,0,29243.96
OI00078317,O0016105,P00461,3,13206.99,15,33677.82
OI00078318,O0016105,P00095,2,13064.99,0,26129.98
OI00078319,O0016105,P00063,3,8680.99,5,24740.82
OI00078320,O0016105,P00337,3,21218.99,10,57291.27
OI00078321,O0016105,P00271,2,12176.99,0,24353.98
OI00078322,O0016106,P00449,1,11562.99,0,11562.99
OI00078323,O0016106,P00243,3,8340.99,0,25022.97
OI00078324,O0016106,P00199,3,2312.99,10,6245.07
OI00078325,O0016106,P00215,2,4504.99,5,8559.48
OI00078326,O0016107,P00417,4,7178.99,5,27280.16
OI00078327,O0016107,P00393,2,3890.99,0,7781.98
OI00078328,O0016107,P00490,2,17179.99,15,29205.98
OI00078329,O0016107,P00452,1,11973.99,10,10776.59
OI00078330,O0016108,P00206,3,3271.99,15,8343.57
OI00078331,O0016108,P00308,3,17245.99,5,49151.07
OI00078332,O0016108,P00120,1,16489.99,0,16489.99
OI00078333,O0016108,P00111,4,15256.99,0,61027.96
OI00078334,O0016109,P00361,2,24506.99,5,46563.28
OI00078335,O0016109,P00156,1,21421.99,15,18208.69
OI00078336,O0016109,P00452,4,11973.99,0,47895.96
OI00078337,O0016109,P00194,3,1627.99,0,4883.97
OI00078338,O0016110,P00140,1,19229.99,0,19229.99
OI00078339,O0016110,P00097,4,13338.99,5,50688.16
OI00078340,O0016111,P00111,4,15256.99,0,61027.96
OI00078341,O0016111,P00216,2,4641.99,10,8355.58
OI00078342,O0016112,P00238,4,7655.99,0,30623.96
OI00078343,O0016112,P00186,4,531.99,5,2021.56
OI00078344,O0016112,P00197,2,2038.99,15,3466.28
OI00078345,O0016112,P00415,4,6904.99,15,23476.97
OI00078346,O0016113,P00290,2,14779.99,5,28081.98
OI00078347,O0016113,P00185,1,394.99,0,394.99
OI00078348,O0016113,P00123,3,16900.99,10,45632.67
OI00078349,O0016113,P00292,2,15053.99,0,30107.98
OI00078350,O0016114,P00285,2,14094.99,0,28189.98
OI00078351,O0016114,P00029,2,4022.99,0,8045.98
OI00078352,O0016114,P00127,4,17448.99,0,69795.96
OI00078353,O0016115,P00193,2,1490.99,15,2534.68
OI00078354,O0016116,P00099,2,13612.99,0,27225.98
OI00078355,O0016117,P00027,3,3748.99,10,10122.27
OI00078356,O0016117,P00073,1,10050.99,0,10050.99
OI00078357,O0016118,P00499,2,18412.99,0,36825.98
OI00078358,O0016118,P00031,1,4296.99,5,4082.14
OI00078359,O0016118,P00124,4,17037.99,0,68151.96
OI00078360,O0016119,P00168,1,23065.99,10,20759.39
OI00078361,O0016119,P00345,2,22314.99,5,42398.48
OI00078362,O0016119,P00087,3,11968.99,5,34111.62
OI00078363,O0016119,P00125,4,17174.99,0,68699.96
OI00078364,O0016119,P00178,2,24435.99,0,48871.98
OI00078365,O0016120,P00125,4,17174.99,0,68699.96
OI00078366,O0016120,P00253,1,9710.99,0,9710.99
OI00078367,O0016120,P00115,1,15804.99,15,13434.24
OI00078368,O0016120,P00079,3,10872.99,0,32618.97
OI00078369,O0016121,P00421,4,7726.99,10,27817.16
OI00078370,O0016121,P00434,2,9507.99,5,18065.18
OI00078371,O0016121,P00014,1,1967.99,0,1967.99
OI00078372,O0016122,P00304,3,16697.99,0,50093.97
OI00078373,O0016123,P00351,4,23136.99,10,83293.16
OI00078374,O0016123,P00479,2,15672.99,0,31345.98
OI00078375,O0016123,P00317,1,18478.99,15,15707.14
OI00078376,O0016123,P00225,4,5874.99,0,23499.96
OI00078377,O0016124,P00217,2,4778.99,0,9557.98
OI00078378,O0016125,P00003,3,460.99,0,1382.97
OI00078379,O0016125,P00095,4,13064.99,10,47033.96
OI00078380,O0016126,P00103,1,14160.99,5,13452.94
OI00078381,O0016126,P00450,3,11699.99,0,35099.97
OI00078382,O0016126,P00253,2,9710.99,0,19421.98
OI00078383,O0016126,P00119,3,16352.99,0,49058.97
OI00078384,O0016126,P00230,1,6559.99,0,6559.99
OI00078385,O0016127,P00442,4,10603.99,15,36053.57
OI00078386,O0016128,P00490,2,17179.99,0,34359.98
OI00078387,O0016128,P00455,3,12384.99,5,35297.22
OI00078388,O0016129,P00005,4,734.99,0,2939.96
OI00078389,O0016129,P00401,2,4986.99,0,9973.98
OI00078390,O0016129,P00249,1,9162.99,5,8704.84
OI00078391,O0016129,P00221,1,5326.99,0,5326.99
OI00078392,O0016129,P00222,3,5463.99,15,13933.17
OI00078393,O0016130,P00306,3,16971.99,10,45824.37
OI00078394,O0016130,P00317,3,18478.99,10,49893.27
OI00078395,O0016130,P00290,1,14779.99,0,14779.99
OI00078396,O0016130,P00484,4,16357.99,0,65431.96
OI00078397,O0016131,P00378,3,1835.99,15,4681.77
OI00078398,O0016131,P00497,1,18138.99,0,18138.99
OI00078399,O0016131,P00343,1,22040.99,0,22040.99
OI00078400,O0016131,P00143,2,19640.99,0,39281.98
OI00078401,O0016131,P00024,2,3337.99,10,6008.38
OI00078402,O0016132,P00162,2,22243.99,0,44487.98
OI00078403,O0016133,P00175,3,24024.99,0,72074.97
OI00078404,O0016133,P00041,3,5666.99,0,17000.97
OI00078405,O0016134,P00437,1,9918.99,10,8927.09
OI00078406,O0016134,P00370,4,739.99,10,2663.96
OI00078407,O0016135,P00272,3,12313.99,15,31400.67
OI00078408,O0016135,P00168,3,23065.99,0,69197.97
OI00078409,O0016135,P00197,4,2038.99,0,8155.96
OI00078410,O0016135,P00459,1,12932.99,5,12286.34
OI00078411,O0016135,P00230,4,6559.99,0,26239.96
OI00078412,O0016136,P00368,1,465.99,10,419.39
OI00078413,O0016137,P00426,4,8411.99,0,33647.96
OI00078414,O0016137,P00499,3,18412.99,0,55238.97
OI00078415,O0016138,P00261,1,10806.99,5,10266.64
OI00078416,O0016138,P00306,1,16971.99,5,16123.39
OI00078417,O0016138,P00122,3,16763.99,15,42748.17
OI00078418,O0016139,P00430,1,8959.99,0,8959.99
OI00078419,O0016140,P00467,4,14028.99,0,56115.96
OI00078420,O0016140,P00123,1,16900.99,10,15210.89
OI00078421,O0016140,P00075,1,10324.99,10,9292.49
OI00078422,O0016141,P00100,1,13749.99,0,13749.99
OI00078423,O0016141,P00306,4,16971.99,0,67887.96
OI00078424,O0016141,P00447,2,11288.99,10,20320.18
OI00078425,O0016142,P00476,3,15261.99,5,43496.67
OI00078426,O0016142,P00265,1,11354.99,0,11354.99
OI00078427,O0016143,P00296,1,15601.99,10,14041.79
OI00078428,O0016143,P00186,2,531.99,5,1010.78
OI00078429,O0016143,P00266,2,11491.99,0,22983.98
OI00078430,O0016143,P00313,3,17930.99,0,53792.97
OI00078431,O0016143,P00369,1,602.99,5,572.84
OI00078432,O0016144,P00303,1,16560.99,0,16560.99
OI00078433,O0016144,P00435,4,9644.99,5,36650.96
OI00078434,O0016144,P00416,1,7041.99,15,5985.69
OI00078435,O0016144,P00079,3,10872.99,0,32618.97
OI00078436,O0016145,P00183,2,120.99,5,229.88
OI00078437,O0016145,P00432,4,9233.99,0,36935.96
OI00078438,O0016145,P00409,1,6082.99,0,6082.99
OI00078439,O0016146,P00029,3,4022.99,0,12068.97
OI00078440,O0016146,P00212,1,4093.99,0,4093.99
OI00078441,O0016147,P00388,3,3205.99,0,9617.97
OI00078442,O0016147,P00008,3,1145.99,0,3437.97
OI00078443,O0016147,P00157,3,21558.99,0,64676.97
OI00078444,O0016147,P00409,3,6082.99,5,17336.52
OI00078445,O0016147,P00246,1,8751.99,0,8751.99
OI00078446,O0016148,P00404,2,5397.99,15,9176.58
OI00078447,O0016148,P00325,4,19574.99,0,78299.96
OI00078448,O0016148,P00215,2,4504.99,0,9009.98
OI00078449,O0016148,P00327,4,19848.99,0,79395.96
OI00078450,O0016148,P00134,2,18407.99,5,34975.18
OI00078451,O0016149,P00347,2,22588.99,5,42919.08
OI00078452,O0016149,P00338,3,21355.99,15,54457.77
OI00078453,O0016150,P00431,2,9096.99,0,18193.98
OI00078454,O0016150,P00394,2,4027.99,5,7653.18
OI00078455,O0016151,P00446,1,11151.99,15,9479.19
OI00078456,O0016151,P00076,2,10461.99,0,20923.98
OI00078457,O0016151,P00164,4,22517.99,0,90071.96
OI00078458,O0016152,P00360,1,24369.99,5,23151.49
OI00078459,O0016153,P00244,2,8477.99,5,16108.18
OI00078460,O0016154,P00482,3,16083.99,0,48251.97
OI00078461,O0016154,P00313,4,17930.99,10,64551.56
OI00078462,O0016154,P00278,4,13135.99,0,52543.96
OI00078463,O0016155,P00015,3,2104.99,0,6314.97
OI00078464,O0016155,P00281,1,13546.99,0,13546.99
OI00078465,O0016155,P00261,4,10806.99,0,43227.96
OI00078466,O0016155,P00353,4,23410.99,10,84279.56
OI00078467,O0016155,P00379,4,1972.99,0,7891.96
OI00078468,O0016156,P00448,4,11425.99,0,45703.96
OI00078469,O0016156,P00062,2,8543.99,15,14524.78
OI00078470,O0016156,P00280,1,13409.99,15,11398.49
OI00078471,O0016156,P00063,1,8680.99,5,8246.94
OI00078472,O0016157,P00129,1,17722.99,0,17722.99
OI00078473,O0016157,P00355,1,23684.99,0,23684.99
OI00078474,O0016157,P00152,4,20873.99,10,75146.36
OI00078475,O0016158,P00065,4,8954.99,0,35819.96
OI00078476,O0016158,P00048,1,6625.99,10,5963.39
OI00078477,O0016158,P00364,4,24917.99,0,99671.96
OI00078478,O0016158,P00487,1,16768.99,0,16768.99
OI00078479,O0016159,P00257,2,10258.99,0,20517.98
OI00078480,O0016160,P00385,4,2794.99,10,10061.96
OI00078481,O0016161,P00346,3,22451.99,15,57252.57
OI00078482,O0016161,P00137,1,18818.99,0,18818.99
OI00078483,O0016161,P00001,1,186.99,0,186.99
OI00078484,O0016161,P00326,3,19711.99,5,56179.17
OI00078485,O0016161,P00233,1,6970.99,5,6622.44
OI00078486,O0016162,P00232,1,6833.99,5,6492.29
OI00078487,O0016162,P00490,4,17179.99,15,58411.97
OI00078488,O0016162,P00445,1,11014.99,5,10464.24
OI00078489,O0016163,P00394,2,4027.99,0,8055.98
OI00078490,O0016164,P00267,2,11628.99,15,19769.28
OI00078491,O0016165,P00232,3,6833.99,15,17426.67
OI00078492,O0016165,P00405,1,5534.99,5,5258.24
OI00078493,O0016165,P00299,3,16012.99,0,48038.97
OI00078494,O0016166,P00341,1,21766.99,0,21766.99
OI00078495,O0016166,P00435,1,9644.99,10,8680.49
OI00078496,O0016167,P00013,2,1830.99,15,3112.68
OI00078497,O0016167,P00274,2,12587.99,0,25175.98
OI00078498,O0016167,P00076,1,10461.99,15,8892.69
OI00078499,O0016167,P00475,4,15124.99,15,51424.97
OI00078500,O0016167,P00083,2,11420.99,5,21699.88
OI00078501,O0016168,P00420,4,7589.99,15,25805.97
OI00078502,O0016168,P00448,2,11425.99,0,22851.98
OI00078503,O0016168,P00225,4,5874.99,0,23499.96
OI00078504,O0016168,P00133,3,18270.99,0,54812.97
OI00078505,O0016168,P00374,2,1287.99,15,2189.58
OI00078506,O0016169,P00428,2,8685.99,0,17371.98
OI00078507,O0016169,P00319,1,18752.99,0,18752.99
OI00078508,O0016169,P00025,1,3474.99,0,3474.99
OI00078509,O0016169,P00086,1,11831.99,0,11831.99
OI00078510,O0016169,P00062,1,8543.99,15,7262.39
OI00078511,O0016170,P00192,4,1353.99,10,4874.36
OI00078512,O0016171,P00439,2,10192.99,0,20385.98
OI00078513,O0016171,P00410,2,6219.99,15,10573.98
OI00078514,O0016171,P00389,1,3342.99,15,2841.54
OI00078515,O0016171,P00198,2,2175.99,0,4351.98
OI00078516,O0016172,P00348,2,22725.99,10,40906.78
OI00078517,O0016172,P00420,3,7589.99,0,22769.97
OI00078518,O0016173,P00444,3,10877.99,10,29370.57
OI00078519,O0016173,P00343,1,22040.99,0,22040.99
OI00078520,O0016173,P00149,1,20462.99,0,20462.99
OI00078521,O0016173,P00399,2,4712.99,0,9425.98
OI00078522,O0016174,P00326,3,19711.99,10,53222.37
OI00078523,O0016174,P00073,1,10050.99,5,9548.44
OI00078524,O0016174,P00418,3,7315.99,5,20850.57
OI00078525,O0016175,P00218,2,4915.99,0,9831.98
OI00078526,O0016175,P00200,4,2449.99,0,9799.96
OI00078527,O0016176,P00092,2,12653.99,0,25307.98
OI00078528,O0016176,P00227,3,6148.99,0,18446.97
OI00078529,O0016176,P00420,4,7589.99,0,30359.96
OI00078530,O0016176,P00101,3,13886.99,0,41660.97
OI00078531,O0016176,P00272,1,12313.99,5,11698.29
OI00078532,O0016177,P00243,2,8340.99,15,14179.68
OI00078533,O0016177,P00190,3,1079.99,15,2753.97
OI00078534,O0016178,P00234,2,7107.99,0,14215.98
OI00078535,O0016178,P00489,3,17042.99,10,46016.07
OI00078536,O0016178,P00138,2,18955.99,0,37911.98
OI00078537,O0016178,P00200,4,2449.99,5,9309.96
OI00078538,O0016179,P00363,4,24780.99,0,99123.96
OI00078539,O0016179,P00142,2,19503.99,15,33156.78
OI00078540,O0016180,P00122,2,16763.99,5,31851.58
OI00078541,O0016180,P00398,4,4575.99,0,18303.96
OI00078542,O0016180,P00152,3,20873.99,0,62621.97
OI00078543,O0016180,P00223,3,5600.99,15,14282.52
OI00078544,O0016180,P00073,2,10050.99,5,19096.88
OI00078545,O0016181,P00488,4,16905.99,0,67623.96
OI00078546,O0016181,P00254,3,9847.99,5,28066.77
OI00078547,O0016182,P00123,1,16900.99,0,16900.99
OI00078548,O0016183,P00079,2,10872.99,0,21745.98
OI00078549,O0016183,P00146,4,20051.99,0,80207.96
OI00078550,O0016183,P00496,4,18001.99,0,72007.96
OI00078551,O0016184,P00064,1,8817.99,0,8817.99
OI00078552,O0016184,P00189,3,942.99,5,2687.52
OI00078553,O0016184,P00272,1,12313.99,0,12313.99
OI00078554,O0016185,P00209,4,3682.99,15,12522.17
OI00078555,O0016185,P00034,2,4707.99,15,8003.58
OI00078556,O0016185,P00150,4,20599.99,0,82399.96
OI00078557,O0016185,P00085,4,11694.99,0,46779.96
OI00078558,O0016186,P00150,4,20599.99,15,70039.97
OI00078559,O0016187,P00282,1,13683.99,5,12999.79
OI00078560,O0016187,P00389,4,3342.99,0,13371.96
OI00078561,O0016187,P00316,4,18341.99,15,62362.77
OI00078562,O0016187,P00375,4,1424.99,15,4844.97
OI00078563,O0016188,P00328,1,19985.99,15,16988.09
OI00078564,O0016188,P00326,1,19711.99,0,19711.99
OI00078565,O0016188,P00148,4,20325.99,15,69108.37
OI00078566,O0016188,P00153,2,21010.99,5,39920.88
OI00078567,O0016189,P00257,3,10258.99,0,30776.97
OI00078568,O0016189,P00068,2,9365.99,0,18731.98
OI00078569,O0016189,P00293,4,15190.99,0,60763.96
OI00078570,O0016189,P00387,3,3068.99,0,9206.97
OI00078571,O0016190,P00266,2,11491.99,15,19536.38
OI00078572,O0016191,P00333,4,20670.99,15,70281.37
OI00078573,O0016192,P00432,4,9233.99,0,36935.96
OI00078574,O0016192,P00134,1,18407.99,0,18407.99
OI00078575,O0016192,P00199,3,2312.99,5,6592.02
OI00078576,O0016193,P00048,2,6625.99,15,11264.18
OI00078577,O0016193,P00195,2,1764.99,15,3000.48
OI00078578,O0016194,P00412,4,6493.99,0,25975.96
OI00078579,O0016194,P00052,3,7173.99,0,21521.97
OI00078580,O0016194,P00383,4,2520.99,0,10083.96
OI00078581,O0016194,P00273,2,12450.99,5,23656.88
OI00078582,O0016195,P00263,1,11080.99,0,11080.99
OI00078583,O0016196,P00278,1,13135.99,5,12479.19
OI00078584,O0016197,P00229,3,6422.99,10,17342.07
OI00078585,O0016197,P00157,2,21558.99,0,43117.98
OI00078586,O0016197,P00005,4,734.99,10,2645.96
OI00078587,O0016197,P00150,2,20599.99,15,35019.98
OI00078588,O0016198,P00285,1,14094.99,5,13390.24
OI00078589,O0016198,P00205,4,3134.99,0,12539.96
OI00078590,O0016199,P00242,2,8203.99,10,14767.18
OI00078591,O0016199,P00299,4,16012.99,0,64051.96
OI00078592,O0016199,P00169,1,23202.99,15,19722.54
OI00078593,O0016199,P00191,3,1216.99,0,3650.97
OI00078594,O0016199,P00387,4,3068.99,0,12275.96
OI00078595,O0016200,P00374,2,1287.99,15,2189.58
OI00078596,O0016201,P00126,4,17311.99,0,69247.96
OI00078597,O0016201,P00453,4,12110.99,0,48443.96
OI00078598,O0016201,P00239,2,7792.99,0,15585.98
OI00078599,O0016201,P00320,3,18889.99,15,48169.47
OI00078600,O0016201,P00425,4,8274.99,15,28134.97
OI00078601,O0016202,P00178,1,24435.99,0,24435.99
OI00078602,O0016203,P00057,4,7858.99,0,31435.96
OI00078603,O0016203,P00357,2,23958.99,0,47917.98
OI00078604,O0016203,P00170,4,23339.99,0,93359.96
OI00078605,O0016203,P00214,2,4367.99,0,8735.98
OI00078606,O0016203,P00275,1,12724.99,5,12088.74
OI00078607,O0016204,P00063,4,8680.99,0,34723.96
OI00078608,O0016204,P00293,1,15190.99,0,15190.99
OI00078609,O0016205,P00481,4,15946.99,0,63787.96
OI00078610,O0016205,P00142,1,19503.99,0,19503.99
OI00078611,O0016205,P00287,1,14368.99,0,14368.99
OI00078612,O0016206,P00487,2,16768.99,0,33537.98
OI00078613,O0016206,P00396,4,4301.99,0,17207.96
OI00078614,O0016206,P00288,2,14505.99,0,29011.98
OI00078615,O0016207,P00116,1,15941.99,0,15941.99
OI00078616,O0016208,P00327,4,19848.99,10,71456.36
OI00078617,O0016208,P00427,3,8548.99,0,25646.97
OI00078618,O0016208,P00220,1,5189.99,0,5189.99
OI00078619,O0016209,P00395,2,4164.99,0,8329.98
OI00078620,O0016209,P00030,3,4159.99,0,12479.97
OI00078621,O0016209,P00497,4,18138.99,0,72555.96
OI00078622,O0016210,P00198,1,2175.99,0,2175.99
OI00078623,O0016210,P00089,4,12242.99,10,44074.76
OI00078624,O0016211,P00070,2,9639.99,0,19279.98
OI00078625,O0016211,P00107,1,14708.99,0,14708.99
OI00078626,O0016211,P00032,2,4433.99,0,8867.98
OI00078627,O0016211,P00300,4,16149.99,0,64599.96
OI00078628,O0016211,P00034,1,4707.99,10,4237.19
OI00078629,O0016212,P00174,3,23887.99,15,60914.37
OI00078630,O0016212,P00166,4,22791.99,0,91167.96
OI00078631,O0016212,P00220,3,5189.99,10,14012.97
OI00078632,O0016212,P00405,2,5534.99,15,9409.48
OI00078633,O0016212,P00206,1,3271.99,0,3271.99
OI00078634,O0016213,P00446,1,11151.99,0,11151.99
OI00078635,O0016213,P00297,1,15738.99,0,15738.99
OI00078636,O0016214,P00184,2,257.99,10,464.38
OI00078637,O0016214,P00260,4,10669.99,5,40545.96
OI00078638,O0016215,P00140,4,19229.99,0,76919.96
OI00078639,O0016215,P00366,3,191.99,10,518.37
OI00078640,O0016216,P00438,1,10055.99,15,8547.59
OI00078641,O0016216,P00452,3,11973.99,0,35921.97
OI00078642,O0016216,P00290,4,14779.99,10,53207.96
OI00078643,O0016216,P00359,4,24232.99,0,96931.96
OI00078644,O0016217,P00484,3,16357.99,0,49073.97
OI00078645,O0016218,P00025,4,3474.99,0,13899.96
OI00078646,O0016218,P00316,3,18341.99,0,55025.97
OI00078647,O0016219,P00007,1,1008.99,0,1008.99
OI00078648,O0016219,P00260,3,10669.99,0,32009.97
OI00078649,O0016220,P00106,3,14571.99,5,41530.17
OI00078650,O0016220,P00124,2,17037.99,0,34075.98
OI00078651,O0016220,P00115,1,15804.99,0,15804.99
OI00078652,O0016220,P00364,1,24917.99,15,21180.29
OI00078653,O0016221,P00213,4,4230.99,0,16923.96
OI00078654,O0016221,P00119,4,16352.99,0,65411.96
OI00078655,O0016221,P00068,3,9365.99,0,28097.97
OI00078656,O0016221,P00214,3,4367.99,0,13103.97
OI00078657,O0016222,P00049,1,6762.99,0,6762.99
OI00078658,O0016222,P00096,2,13201.99,5,25083.78
OI00078659,O0016222,P00352,1,23273.99,5,22110.29
OI00078660,O0016222,P00304,2,16697.99,15,28386.58
OI00078661,O0016223,P00129,1,17722.99,0,17722.99
OI00078662,O0016224,P00004,4,597.99,0,2391.96
OI00078663,O0016224,P00194,1,1627.99,0,1627.99
OI00078664,O0016224,P00059,2,8132.99,0,16265.98
OI00078665,O0016224,P00410,1,6219.99,0,6219.99
OI00078666,O0016225,P00273,3,12450.99,10,33617.67
OI00078667,O0016225,P00075,3,10324.99,0,30974.97
OI00078668,O0016225,P00072,3,9913.99,0,29741.97
OI00078669,O0016225,P00231,1,6696.99,0,6696.99
OI00078670,O0016225,P00402,2,5123.99,10,9223.18
OI00078671,O0016226,P00414,3,6767.99,5,19288.77
OI00078672,O0016226,P00435,1,9644.99,10,8680.49
OI00078673,O0016226,P00128,4,17585.99,15,59792.37
OI00078674,O0016227,P00153,3,21010.99,10,56729.67
OI00078675,O0016227,P00300,1,16149.99,15,13727.49
OI00078676,O0016227,P00123,4,16900.99,0,67603.96
OI00078677,O0016228,P00016,2,2241.99,5,4259.78
OI00078678,O0016228,P00022,4,3063.99,5,11643.16
OI00078679,O0016228,P00135,1,18544.99,15,15763.24
OI00078680,O0016229,P00013,3,1830.99,5,5218.32
OI00078681,O0016229,P00343,2,22040.99,10,39673.78
OI00078682,O0016229,P00040,2,5529.99,0,11059.98
OI00078683,O0016229,P00387,2,3068.99,15,5217.28
OI00078684,O0016229,P00216,3,4641.99,15,11837.07
OI00078685,O0016230,P00441,2,10466.99,0,20933.98
OI00078686,O0016230,P00266,1,11491.99,0,11491.99
OI00078687,O0016230,P00068,1,9365.99,0,9365.99
OI00078688,O0016230,P00138,3,18955.99,0,56867.97
OI00078689,O0016231,P00042,3,5803.99,0,17411.97
OI00078690,O0016232,P00294,4,15327.99,0,61311.96
OI00078691,O0016232,P00128,3,17585.99,0,52757.97
OI00078692,O0016232,P00149,2,20462.99,0,40925.98
OI00078693,O0016233,P00421,1,7726.99,15,6567.94
OI00078694,O0016233,P00413,3,6630.99,0,19892.97
OI00078695,O0016233,P00470,1,14439.99,15,12273.99
OI00078696,O0016233,P00051,2,7036.99,0,14073.98
OI00078697,O0016233,P00127,1,17448.99,0,17448.99
OI00078698,O0016234,P00491,1,17316.99,10,15585.29
OI00078699,O0016234,P00177,4,24298.99,10,87476.36
OI00078700,O0016235,P00295,2,15464.99,0,30929.98
OI00078701,O0016235,P00233,3,6970.99,0,20912.97
OI00078702,O0016236,P00480,2,15809.99,0,31619.98
OI00078703,O0016236,P00079,3,10872.99,10,29357.07
OI00078704,O0016236,P00459,1,12932.99,0,12932.99
OI00078705,O0016237,P00500,3,18549.99,0,55649.97
OI00078706,O0016237,P00485,3,16494.99,0,49484.97
OI00078707,O0016237,P00220,4,5189.99,0,20759.96
OI00078708,O0016237,P00379,3,1972.99,0,5918.97
OI00078709,O0016238,P00329,1,20122.99,15,17104.54
OI00078710,O0016238,P00098,1,13475.99,0,13475.99
OI00078711,O0016239,P00320,2,18889.99,0,37779.98
OI00078712,O0016240,P00471,1,14576.99,0,14576.99
OI00078713,O0016240,P00402,3,5123.99,0,15371.97
OI00078714,O0016240,P00371,2,876.99,0,1753.98
OI00078715,O0016241,P00224,3,5737.99,15,14631.87
OI00078716,O0016241,P00324,2,19437.99,5,36932.18
OI00078717,O0016241,P00033,1,4570.99,0,4570.99
OI00078718,O0016241,P00302,2,16423.99,0,32847.98
OI00078719,O0016242,P00272,4,12313.99,0,49255.96
OI00078720,O0016242,P00046,4,6351.99,0,25407.96
OI00078721,O0016242,P00160,4,21969.99,15,74697.97
OI00078722,O0016242,P00382,1,2383.99,0,2383.99
OI00078723,O0016242,P00385,4,2794.99,0,11179.96
OI00078724,O0016243,P00357,1,23958.99,0,23958.99
OI00078725,O0016243,P00424,1,8137.99,0,8137.99
OI00078726,O0016243,P00130,4,17859.99,0,71439.96
OI00078727,O0016243,P00056,3,7721.99,15,19691.07
OI00078728,O0016244,P00115,1,15804.99,15,13434.24
OI00078729,O0016245,P00146,4,20051.99,0,80207.96
OI00078730,O0016245,P00474,1,14987.99,15,12739.79
OI00078731,O0016245,P00189,4,942.99,0,3771.96
OI00078732,O0016246,P00101,2,13886.99,5,26385.28
OI00078733,O0016246,P00116,2,15941.99,10,28695.58
OI00078734,O0016246,P00247,2,8888.99,0,17777.98
OI00078735,O0016247,P00259,4,10532.99,0,42131.96
OI00078736,O0016247,P00074,1,10187.99,5,9678.59
OI00078737,O0016247,P00095,1,13064.99,5,12411.74
OI00078738,O0016248,P00009,3,1282.99,0,3848.97
OI00078739,O0016248,P00290,2,14779.99,0,29559.98
OI00078740,O0016248,P00360,4,24369.99,0,97479.96
OI00078741,O0016248,P00138,3,18955.99,0,56867.97
OI00078742,O0016249,P00453,4,12110.99,0,48443.96
OI00078743,O0016249,P00008,3,1145.99,15,2922.27
OI00078744,O0016249,P00167,3,22928.99,5,65347.62
OI00078745,O0016249,P00385,1,2794.99,0,2794.99
OI00078746,O0016249,P00001,3,186.99,0,560.97
OI00078747,O0016250,P00134,1,18407.99,0,18407.99
OI00078748,O0016250,P00361,4,24506.99,5,93126.56
OI00078749,O0016251,P00326,4,19711.99,0,78847.96
OI00078750,O0016251,P00003,2,460.99,15,783.68
OI00078751,O0016251,P00481,3,15946.99,0,47840.97
OI00078752,O0016251,P00105,2,14434.99,5,27426.48
OI00078753,O0016252,P00441,3,10466.99,0,31400.97
OI00078754,O0016253,P00454,4,12247.99,0,48991.96
OI00078755,O0016253,P00018,3,2515.99,0,7547.97
OI00078756,O0016253,P00004,3,597.99,10,1614.57
OI00078757,O0016254,P00356,1,23821.99,0,23821.99
OI00078758,O0016254,P00426,2,8411.99,0,16823.98
OI00078759,O0016254,P00217,1,4778.99,10,4301.09
OI00078760,O0016254,P00451,4,11836.99,0,47347.96
OI00078761,O0016254,P00306,2,16971.99,0,33943.98
OI00078762,O0016255,P00183,4,120.99,10,435.56
OI00078763,O0016255,P00185,4,394.99,10,1421.96
OI00078764,O0016256,P00261,3,10806.99,10,29178.87
OI00078765,O0016257,P00491,4,17316.99,0,69267.96
OI00078766,O0016257,P00112,3,15393.99,15,39254.67
OI00078767,O0016257,P00420,3,7589.99,15,19354.47
OI00078768,O0016257,P00370,3,739.99,10,1997.97
OI00078769,O0016258,P00255,4,9984.99,5,37942.96
OI00078770,O0016258,P00404,1,5397.99,5,5128.09
OI00078771,O0016258,P00256,1,10121.99,0,10121.99
OI00078772,O0016259,P00396,3,4301.99,10,11615.37
OI00078773,O0016260,P00320,3,18889.99,0,56669.97
OI00078774,O0016260,P00002,2,323.99,0,647.98
OI00078775,O0016260,P00475,3,15124.99,0,45374.97
OI00078776,O0016260,P00414,4,6767.99,0,27071.96
OI00078777,O0016261,P00160,2,21969.99,0,43939.98
OI00078778,O0016261,P00298,4,15875.99,0,63503.96
OI00078779,O0016261,P00168,2,23065.99,0,46131.98
OI00078780,O0016261,P00152,4,20873.99,0,83495.96
OI00078781,O0016261,P00335,3,20944.99,15,53409.72
OI00078782,O0016262,P00255,3,9984.99,10,26959.47
OI00078783,O0016263,P00365,3,54.99,0,164.97
OI00078784,O0016263,P00377,4,1698.99,0,6795.96
OI00078785,O0016263,P00323,1,19300.99,0,19300.99
OI00078786,O0016263,P00374,2,1287.99,0,2575.98
OI00078787,O0016263,P00128,2,17585.99,0,35171.98
OI00078788,O0016264,P00208,3,3545.99,10,9574.17
OI00078789,O0016264,P00277,1,12998.99,5,12349.04
OI00078790,O0016264,P00480,1,15809.99,10,14228.99
OI00078791,O0016264,P00141,1,19366.99,0,19366.99
OI00078792,O0016265,P00275,1,12724.99,0,12724.99
OI00078793,O0016266,P00340,2,21629.99,10,38933.98
OI00078794,O0016266,P00208,3,3545.99,0,10637.97
OI00078795,O0016266,P00227,4,6148.99,0,24595.96
OI00078796,O0016266,P00201,3,2586.99,10,6984.87
OI00078797,O0016266,P00454,4,12247.99,0,48991.96
OI00078798,O0016267,P00043,1,5940.99,5,5643.94
OI00078799,O0016267,P00199,4,2312.99,0,9251.96
OI00078800,O0016267,P00480,1,15809.99,5,15019.49
OI00078801,O0016268,P00484,2,16357.99,0,32715.98
OI00078802,O0016268,P00446,1,11151.99,0,11151.99
OI00078803,O0016268,P00028,3,3885.99,0,11657.97
OI00078804,O0016268,P00024,2,3337.99,0,6675.98
OI00078805,O0016269,P00414,2,6767.99,0,13535.98
OI00078806,O0016270,P00164,1,22517.99,0,22517.99
OI00078807,O0016270,P00298,3,15875.99,0,47627.97
OI00078808,O0016270,P00086,2,11831.99,0,23663.98
OI00078809,O0016270,P00223,2,5600.99,0,11201.98
OI00078810,O0016270,P00403,2,5260.99,0,10521.98
OI00078811,O0016271,P00138,1,18955.99,15,16112.59
OI00078812,O0016271,P00195,2,1764.99,0,3529.98
OI00078813,O0016271,P00461,4,13206.99,0,52827.96
OI00078814,O0016271,P00362,3,24643.99,0,73931.97
OI00078815,O0016272,P00377,3,1698.99,15,4332.42
OI00078816,O0016272,P00345,1,22314.99,5,21199.24
OI00078817,O0016272,P00150,2,20599.99,5,39139.98
OI00078818,O0016272,P00205,3,3134.99,0,9404.97
OI00078819,O0016272,P00062,1,8543.99,0,8543.99
OI00078820,O0016273,P00084,4,11557.99,5,43920.36
OI00078821,O0016273,P00368,2,465.99,5,885.38
OI00078822,O0016273,P00437,1,9918.99,0,9918.99
OI00078823,O0016273,P00123,3,16900.99,0,50702.97
OI00078824,O0016274,P00145,3,19914.99,15,50783.22
OI00078825,O0016274,P00205,2,3134.99,5,5956.48
OI00078826,O0016274,P00344,1,22177.99,0,22177.99
OI00078827,O0016275,P00097,1,13338.99,10,12005.09
OI00078828,O0016275,P00165,1,22654.99,10,20389.49
OI00078829,O0016276,P00170,4,23339.99,0,93359.96
OI00078830,O0016277,P00280,4,13409.99,10,48275.96
OI00078831,O0016277,P00485,4,16494.99,0,65979.96
OI00078832,O0016277,P00317,1,18478.99,0,18478.99
OI00078833,O0016278,P00010,1,1419.99,15,1206.99
OI00078834,O0016278,P00151,3,20736.99,0,62210.97
OI00078835,O0016278,P00467,1,14028.99,0,14028.99
OI00078836,O0016278,P00353,3,23410.99,0,70232.97
OI00078837,O0016278,P00474,3,14987.99,0,44963.97
OI00078838,O0016279,P00378,1,1835.99,15,1560.59
OI00078839,O0016279,P00173,3,23750.99,0,71252.97
OI00078840,O0016279,P00060,3,8269.99,0,24809.97
OI00078841,O0016279,P00366,1,191.99,0,191.99
OI00078842,O0016279,P00406,2,5671.99,10,10209.58
OI00078843,O0016280,P00425,1,8274.99,0,8274.99
OI00078844,O0016280,P00148,4,20325.99,0,81303.96
OI00078845,O0016280,P00277,2,12998.99,0,25997.98
OI00078846,O0016280,P00097,3,13338.99,0,40016.97
OI00078847,O0016281,P00402,1,5123.99,15,4355.39
OI00078848,O0016281,P00343,1,22040.99,0,22040.99
OI00078849,O0016281,P00020,2,2789.99,0,5579.98
OI00078850,O0016282,P00203,4,2860.99,0,11443.96
OI00078851,O0016282,P00206,4,3271.99,0,13087.96
OI00078852,O0016282,P00296,2,15601.99,0,31203.98
OI00078853,O0016282,P00195,2,1764.99,0,3529.98
OI00078854,O0016282,P00158,4,21695.99,0,86783.96
OI00078855,O0016283,P00370,4,739.99,0,2959.96
OI00078856,O0016283,P00047,2,6488.99,0,12977.98
OI00078857,O0016284,P00329,4,20122.99,0,80491.96
OI00078858,O0016284,P00125,2,17174.99,5,32632.48
OI00078859,O0016285,P00411,4,6356.99,0,25427.96
OI00078860,O0016285,P00028,2,3885.99,15,6606.18
OI00078861,O0016285,P00497,3,18138.99,10,48975.27
OI00078862,O0016285,P00473,1,14850.99,15,12623.34
OI00078863,O0016286,P00421,1,7726.99,0,7726.99
OI00078864,O0016286,P00104,3,14297.99,0,42893.97
OI00078865,O0016287,P00187,4,668.99,0,2675.96
OI00078866,O0016287,P00319,3,18752.99,15,47820.12
OI00078867,O0016287,P00496,2,18001.99,0,36003.98
OI00078868,O0016287,P00213,4,4230.99,10,15231.56
OI00078869,O0016288,P00489,4,17042.99,0,68171.96
OI00078870,O0016288,P00261,4,10806.99,0,43227.96
OI00078871,O0016289,P00063,2,8680.99,15,14757.68
OI00078872,O0016290,P00094,2,12927.99,0,25855.98
OI00078873,O0016290,P00144,1,19777.99,0,19777.99
OI00078874,O0016291,P00300,4,16149.99,0,64599.96
OI00078875,O0016292,P00410,3,6219.99,0,18659.97
OI00078876,O0016293,P00217,2,4778.99,0,9557.98
OI00078877,O0016294,P00354,1,23547.99,0,23547.99
OI00078878,O0016294,P00442,1,10603.99,0,10603.99
OI00078879,O0016294,P00095,3,13064.99,0,39194.97
OI00078880,O0016294,P00465,3,13754.99,15,35075.22
OI00078881,O0016295,P00131,1,17996.99,10,16197.29
OI00078882,O0016295,P00168,1,23065.99,10,20759.39
OI00078883,O0016295,P00135,1,18544.99,0,18544.99
OI00078884,O0016295,P00188,3,805.99,15,2055.27
OI00078885,O0016296,P00096,2,13201.99,5,25083.78
OI00078886,O0016296,P00125,3,17174.99,0,51524.97
OI00078887,O0016296,P00047,3,6488.99,0,19466.97
OI00078888,O0016297,P00257,3,10258.99,15,26160.42
OI00078889,O0016297,P00133,1,18270.99,5,17357.44
OI00078890,O0016298,P00461,2,13206.99,5,25093.28
OI00078891,O0016298,P00285,2,14094.99,0,28189.98
OI00078892,O0016298,P00182,2,24983.99,10,44971.18
OI00078893,O0016299,P00320,4,18889.99,15,64225.97
OI00078894,O0016299,P00001,4,186.99,5,710.56
OI00078895,O0016299,P00319,2,18752.99,5,35630.68
OI00078896,O0016299,P00095,3,13064.99,5,37235.22
OI00078897,O0016300,P00031,2,4296.99,0,8593.98
OI00078898,O0016300,P00167,4,22928.99,5,87130.16
OI00078899,O0016300,P00500,3,18549.99,0,55649.97
OI00078900,O0016300,P00360,1,24369.99,0,24369.99
OI00078901,O0016301,P00458,2,12795.99,0,25591.98
OI00078902,O0016301,P00410,1,6219.99,0,6219.99
OI00078903,O0016302,P00073,4,10050.99,0,40203.96
OI00078904,O0016302,P00137,4,18818.99,0,75275.96
OI00078905,O0016302,P00008,4,1145.99,5,4354.76
OI00078906,O0016302,P00315,1,18204.99,15,15474.24
OI00078907,O0016303,P00043,3,5940.99,0,17822.97
OI00078908,O0016303,P00211,4,3956.99,15,13453.77
OI00078909,O0016303,P00409,3,6082.99,0,18248.97
OI00078910,O0016303,P00205,1,3134.99,15,2664.74
OI00078911,O0016304,P00452,3,11973.99,0,35921.97
OI00078912,O0016305,P00149,1,20462.99,10,18416.69
OI00078913,O0016305,P00157,2,21558.99,0,43117.98
OI00078914,O0016305,P00048,1,6625.99,0,6625.99
OI00078915,O0016305,P00077,4,10598.99,15,36036.57
OI00078916,O0016306,P00382,1,2383.99,15,2026.39
OI00078917,O0016306,P00401,1,4986.99,0,4986.99
OI00078918,O0016306,P00304,2,16697.99,0,33395.98
OI00078919,O0016307,P00272,3,12313.99,10,33247.77
OI00078920,O0016307,P00062,3,8543.99,0,25631.97
OI00078921,O0016307,P00067,3,9228.99,10,24918.27
OI00078922,O0016307,P00009,2,1282.99,15,2181.08
OI00078923,O0016307,P00396,3,4301.99,5,12260.67
OI00078924,O0016308,P00094,2,12927.99,10,23270.38
OI00078925,O0016308,P00224,4,5737.99,5,21804.36
OI00078926,O0016309,P00385,4,2794.99,0,11179.96
OI00078927,O0016309,P00236,2,7381.99,0,14763.98
OI00078928,O0016310,P00132,3,18133.99,0,54401.97
OI00078929,O0016310,P00001,1,186.99,0,186.99
OI00078930,O0016310,P00404,1,5397.99,10,4858.19
OI00078931,O0016310,P00138,4,18955.99,0,75823.96
OI00078932,O0016310,P00056,4,7721.99,0,30887.96
OI00078933,O0016311,P00065,3,8954.99,0,26864.97
OI00078934,O0016311,P00327,1,19848.99,0,19848.99
OI00078935,O0016311,P00132,2,18133.99,0,36267.98
OI00078936,O0016312,P00322,1,19163.99,5,18205.79
OI00078937,O0016312,P00112,3,15393.99,0,46181.97
OI00078938,O0016312,P00208,4,3545.99,15,12056.37
OI00078939,O0016312,P00011,1,1556.99,15,1323.44
OI00078940,O0016312,P00312,1,17793.99,0,17793.99
OI00078941,O0016313,P00444,3,10877.99,5,31002.27
OI00078942,O0016313,P00347,3,22588.99,15,57601.92
OI00078943,O0016314,P00383,1,2520.99,0,2520.99
OI00078944,O0016314,P00266,4,11491.99,5,43669.56
OI00078945,O0016314,P00121,4,16626.99,5,63182.56
OI00078946,O0016314,P00348,4,22725.99,0,90903.96
OI00078947,O0016315,P00110,3,15119.99,15,38555.97
OI00078948,O0016315,P00053,3,7310.99,0,21932.97
OI00078949,O0016315,P00001,2,186.99,10,336.58
OI00078950,O0016315,P00489,1,17042.99,0,17042.99
OI00078951,O0016315,P00272,1,12313.99,10,11082.59
OI00078952,O0016316,P00168,4,23065.99,0,92263.96
OI00078953,O0016316,P00253,2,9710.99,0,19421.98
OI00078954,O0016316,P00129,3,17722.99,0,53168.97
OI00078955,O0016316,P00277,3,12998.99,0,38996.97
OI00078956,O0016317,P00223,3,5600.99,10,15122.67
OI00078957,O0016318,P00027,4,3748.99,5,14246.16
OI00078958,O0016318,P00225,1,5874.99,5,5581.24
OI00078959,O0016318,P00301,4,16286.99,0,65147.96
OI00078960,O0016318,P00112,4,15393.99,15,52339.57
OI00078961,O0016319,P00004,4,597.99,5,2272.36
OI00078962,O0016320,P00030,1,4159.99,0,4159.99
OI00078963,O0016320,P00022,2,3063.99,10,5515.18
OI00078964,O0016320,P00047,3,6488.99,0,19466.97
OI00078965,O0016321,P00340,1,21629.99,15,18385.49
OI00078966,O0016321,P00376,1,1561.99,0,1561.99
OI00078967,O0016321,P00500,2,18549.99,15,31534.98
OI00078968,O0016322,P00485,3,16494.99,15,42062.22
OI00078969,O0016322,P00270,2,12039.99,10,21671.98
OI00078970,O0016322,P00499,2,18412.99,10,33143.38
OI00078971,O0016322,P00054,2,7447.99,0,14895.98
OI00078972,O0016323,P00447,2,11288.99,0,22577.98
OI00078973,O0016323,P00177,2,24298.99,0,48597.98
OI00078974,O0016324,P00310,3,17519.99,15,44675.97
OI00078975,O0016324,P00496,3,18001.99,0,54005.97
OI00078976,O0016324,P00179,2,24572.99,15,41774.08
OI00078977,O0016324,P00105,3,14434.99,0,43304.97
OI00078978,O0016325,P00466,2,13891.99,0,27783.98
OI00078979,O0016325,P00007,4,1008.99,0,4035.96
OI00078980,O0016326,P00428,2,8685.99,0,17371.98
OI00078981,O0016327,P00336,2,21081.99,15,35839.38
OI00078982,O0016327,P00178,2,24435.99,0,48871.98
OI00078983,O0016328,P00479,4,15672.99,0,62691.96
OI00078984,O0016328,P00353,4,23410.99,0,93643.96
OI00078985,O0016328,P00252,2,9573.99,0,19147.98
OI00078986,O0016328,P00039,2,5392.99,15,9168.08
OI00078987,O0016329,P00406,3,5671.99,5,16165.17
OI00078988,O0016330,P00083,2,11420.99,15,19415.68
OI00078989,O0016331,P00124,1,17037.99,10,15334.19
OI00078990,O0016331,P00257,1,10258.99,0,10258.99
OI00078991,O0016331,P00222,1,5463.99,0,5463.99
OI00078992,O0016331,P00345,2,22314.99,0,44629.98
OI00078993,O0016331,P00393,2,3890.99,5,7392.88
OI00078994,O0016332,P00122,3,16763.99,15,42748.17
OI00078995,O0016332,P00321,2,19026.99,0,38053.98
OI00078996,O0016332,P00327,2,19848.99,0,39697.98
OI00078997,O0016333,P00338,3,21355.99,0,64067.97
OI00078998,O0016333,P00458,4,12795.99,0,51183.96
OI00078999,O0016334,P00339,2,21492.99,15,36538.08
OI00079000,O0016334,P00419,2,7452.99,0,14905.98
OI00079001,O0016335,P00138,1,18955.99,10,17060.39
OI00079002,O0016336,P00101,3,13886.99,0,41660.97
OI00079003,O0016336,P00059,4,8132.99,15,27652.17
OI00079004,O0016336,P00395,1,4164.99,0,4164.99
OI00079005,O0016337,P00090,1,12379.99,0,12379.99
OI00079006,O0016337,P00278,4,13135.99,15,44662.37
OI00079007,O0016338,P00277,2,12998.99,0,25997.98
OI00079008,O0016339,P00461,4,13206.99,0,52827.96
OI00079009,O0016339,P00493,4,17590.99,10,63327.56
OI00079010,O0016339,P00498,1,18275.99,5,17362.19
OI00079011,O0016339,P00162,4,22243.99,0,88975.96
OI00079012,O0016339,P00352,2,23273.99,5,44220.58
OI00079013,O0016340,P00379,2,1972.99,0,3945.98
OI00079014,O0016340,P00301,3,16286.99,15,41531.82
OI00079015,O0016340,P00190,1,1079.99,0,1079.99
OI00079016,O0016340,P00153,3,21010.99,15,53578.02
OI00079017,O0016340,P00264,2,11217.99,0,22435.98
OI00079018,O0016341,P00310,1,17519.99,0,17519.99
OI00079019,O0016341,P00337,3,21218.99,0,63656.97
OI00079020,O0016342,P00354,3,23547.99,5,67111.77
OI00079021,O0016342,P00265,3,11354.99,0,34064.97
OI00079022,O0016343,P00497,1,18138.99,15,15418.14
OI00079023,O0016343,P00340,4,21629.99,5,82193.96
OI00079024,O0016343,P00014,3,1967.99,15,5018.37
OI00079025,O0016343,P00402,4,5123.99,0,20495.96
OI00079026,O0016344,P00487,4,16768.99,0,67075.96
OI00079027,O0016344,P00163,2,22380.99,0,44761.98
OI00079028,O0016344,P00390,2,3479.99,0,6959.98
OI00079029,O0016344,P00167,4,22928.99,5,87130.16
OI00079030,O0016344,P00065,3,8954.99,10,24178.47
OI00079031,O0016345,P00420,2,7589.99,0,15179.98
OI00079032,O0016346,P00062,1,8543.99,0,8543.99
OI00079033,O0016346,P00401,4,4986.99,0,19947.96
OI00079034,O0016346,P00473,2,14850.99,0,29701.98
OI00079035,O0016347,P00398,2,4575.99,5,8694.38
OI00079036,O0016347,P00336,2,21081.99,0,42163.98
OI00079037,O0016347,P00229,3,6422.99,0,19268.97
OI00079038,O0016348,P00107,3,14708.99,0,44126.97
OI00079039,O0016348,P00393,3,3890.99,15,9922.02
OI00079040,O0016349,P00028,1,3885.99,0,3885.99
OI00079041,O0016350,P00315,1,18204.99,5,17294.74
OI00079042,O0016350,P00134,3,18407.99,10,49701.57
OI00079043,O0016350,P00258,4,10395.99,0,41583.96
OI00079044,O0016351,P00030,2,4159.99,0,8319.98
OI00079045,O0016351,P00194,4,1627.99,0,6511.96
OI00079046,O0016352,P00042,2,5803.99,15,9866.78
OI00079047,O0016353,P00083,1,11420.99,10,10278.89
OI00079048,O0016353,P00329,1,20122.99,0,20122.99
OI00079049,O0016354,P00354,4,23547.99,0,94191.96
OI00079050,O0016354,P00252,1,9573.99,0,9573.99
OI00079051,O0016355,P00368,4,465.99,0,1863.96
OI00079052,O0016355,P00156,2,21421.99,0,42843.98
OI00079053,O0016355,P00116,1,15941.99,0,15941.99
OI00079054,O0016355,P00306,4,16971.99,0,67887.96
OI00079055,O0016355,P00264,3,11217.99,0,33653.97
OI00079056,O0016356,P00081,2,11146.99,0,22293.98
OI00079057,O0016357,P00195,2,1764.99,0,3529.98
OI00079058,O0016357,P00197,3,2038.99,15,5199.42
OI00079059,O0016357,P00122,3,16763.99,0,50291.97
OI00079060,O0016357,P00048,2,6625.99,0,13251.98
OI00079061,O0016358,P00385,1,2794.99,15,2375.74
OI00079062,O0016358,P00355,1,23684.99,0,23684.99
OI00079063,O0016358,P00349,2,22862.99,5,43439.68
OI00079064,O0016358,P00310,4,17519.99,0,70079.96
OI00079065,O0016359,P00277,4,12998.99,0,51995.96
OI00079066,O0016359,P00356,2,23821.99,0,47643.98
OI00079067,O0016359,P00472,4,14713.99,0,58855.96
OI00079068,O0016359,P00181,3,24846.99,15,63359.82
OI00079069,O0016360,P00372,4,1013.99,0,4055.96
OI00079070,O0016361,P00448,3,11425.99,5,32564.07
OI00079071,O0016362,P00110,4,15119.99,0,60479.96
OI00079072,O0016362,P00369,2,602.99,5,1145.68
OI00079073,O0016362,P00062,1,8543.99,0,8543.99
OI00079074,O0016362,P00011,3,1556.99,0,4670.97
OI00079075,O0016362,P00349,2,22862.99,15,38867.08
OI00079076,O0016363,P00262,2,10943.99,10,19699.18
OI00079077,O0016363,P00205,4,3134.99,5,11912.96
OI00079078,O0016363,P00212,1,4093.99,15,3479.89
OI00079079,O0016364,P00155,4,21284.99,10,76625.96
OI00079080,O0016365,P00366,2,191.99,10,345.58
OI00079081,O0016365,P00196,1,1901.99,0,1901.99
OI00079082,O0016365,P00090,2,12379.99,0,24759.98
OI00079083,O0016365,P00211,1,3956.99,15,3363.44
OI00079084,O0016366,P00173,3,23750.99,15,60565.02
OI00079085,O0016366,P00201,2,2586.99,0,5173.98
OI00079086,O0016366,P00257,3,10258.99,5,29238.12
OI00079087,O0016367,P00490,2,17179.99,10,30923.98
OI00079088,O0016367,P00495,3,17864.99,0,53594.97
OI00079089,O0016367,P00437,4,9918.99,5,37692.16
OI00079090,O0016367,P00311,4,17656.99,5,67096.56
OI00079091,O0016367,P00233,3,6970.99,0,20912.97
OI00079092,O0016368,P00484,4,16357.99,5,62160.36
OI00079093,O0016368,P00113,3,15530.99,5,44263.32
OI00079094,O0016368,P00144,3,19777.99,10,53400.57
OI00079095,O0016368,P00105,3,14434.99,15,36809.22
OI00079096,O0016369,P00269,2,11902.99,0,23805.98
OI00079097,O0016369,P00394,4,4027.99,0,16111.96
OI00079098,O0016369,P00132,2,18133.99,0,36267.98
OI00079099,O0016369,P00132,2,18133.99,0,36267.98
OI00079100,O0016370,P00450,1,11699.99,5,11114.99
OI00079101,O0016371,P00155,2,21284.99,15,36184.48
OI00079102,O0016372,P00011,3,1556.99,5,4437.42
OI00079103,O0016372,P00435,4,9644.99,0,38579.96
OI00079104,O0016372,P00184,4,257.99,15,877.17
OI00079105,O0016372,P00007,4,1008.99,0,4035.96
OI00079106,O0016373,P00448,3,11425.99,5,32564.07
OI00079107,O0016373,P00096,4,13201.99,15,44886.77
OI00079108,O0016374,P00165,3,22654.99,15,57770.22
OI00079109,O0016374,P00059,4,8132.99,0,32531.96
OI00079110,O0016375,P00216,3,4641.99,10,12533.37
OI00079111,O0016375,P00488,4,16905.99,5,64242.76
OI00079112,O0016376,P00426,2,8411.99,15,14300.38
OI00079113,O0016376,P00449,3,11562.99,5,32954.52
OI00079114,O0016376,P00483,1,16220.99,5,15409.94
OI00079115,O0016376,P00097,1,13338.99,0,13338.99
OI00079116,O0016377,P00070,3,9639.99,0,28919.97
OI00079117,O0016377,P00073,4,10050.99,0,40203.96
OI00079118,O0016377,P00145,1,19914.99,0,19914.99
OI00079119,O0016377,P00426,3,8411.99,0,25235.97
OI00079120,O0016378,P00404,4,5397.99,0,21591.96
OI00079121,O0016378,P00210,3,3819.99,15,9740.97
OI00079122,O0016378,P00357,2,23958.99,10,43126.18
OI00079123,O0016378,P00062,4,8543.99,10,30758.36
OI00079124,O0016379,P00483,4,16220.99,0,64883.96
OI00079125,O0016379,P00287,1,14368.99,5,13650.54
OI00079126,O0016379,P00362,4,24643.99,10,88718.36
OI00079127,O0016379,P00239,1,7792.99,15,6624.04
OI00079128,O0016379,P00270,1,12039.99,5,11437.99
OI00079129,O0016380,P00309,4,17382.99,5,66055.36
OI00079130,O0016380,P00234,3,7107.99,10,19191.57
OI00079131,O0016380,P00391,1,3616.99,0,3616.99
OI00079132,O0016380,P00027,4,3748.99,15,12746.57
OI00079133,O0016381,P00223,1,5600.99,5,5320.94
OI00079134,O0016381,P00255,4,9984.99,0,39939.96
OI00079135,O0016381,P00367,3,328.99,0,986.97
OI00079136,O0016381,P00212,4,4093.99,0,16375.96
OI00079137,O0016381,P00107,3,14708.99,15,37507.92
OI00079138,O0016382,P00239,4,7792.99,0,31171.96
OI00079139,O0016382,P00300,2,16149.99,0,32299.98
OI00079140,O0016382,P00362,3,24643.99,10,66538.77
OI00079141,O0016382,P00042,1,5803.99,0,5803.99
OI00079142,O0016382,P00371,4,876.99,0,3507.96
OI00079143,O0016383,P00432,3,9233.99,0,27701.97
OI00079144,O0016383,P00342,1,21903.99,0,21903.99
OI00079145,O0016383,P00448,1,11425.99,10,10283.39
OI00079146,O0016384,P00126,1,17311.99,0,17311.99
OI00079147,O0016385,P00369,3,602.99,0,1808.97
OI00079148,O0016385,P00028,4,3885.99,15,13212.37
OI00079149,O0016385,P00430,1,8959.99,0,8959.99
OI00079150,O0016386,P00223,4,5600.99,0,22403.96
OI00079151,O0016386,P00402,2,5123.99,10,9223.18
OI00079152,O0016386,P00419,2,7452.99,0,14905.98
OI00079153,O0016386,P00058,3,7995.99,15,20389.77
OI00079154,O0016386,P00065,3,8954.99,0,26864.97
OI00079155,O0016387,P00366,4,191.99,0,767.96
OI00079156,O0016387,P00351,3,23136.99,5,65940.42
OI00079157,O0016387,P00157,1,21558.99,0,21558.99
OI00079158,O0016388,P00072,3,9913.99,10,26767.77
OI00079159,O0016389,P00413,3,6630.99,0,19892.97
OI00079160,O0016389,P00127,3,17448.99,15,44494.92
OI00079161,O0016389,P00169,2,23202.99,0,46405.98
OI00079162,O0016390,P00270,4,12039.99,0,48159.96
OI00079163,O0016390,P00445,1,11014.99,5,10464.24
OI00079164,O0016390,P00094,2,12927.99,0,25855.98
OI00079165,O0016390,P00289,2,14642.99,15,24893.08
OI00079166,O0016390,P00092,1,12653.99,15,10755.89
OI00079167,O0016391,P00498,1,18275.99,5,17362.19
OI00079168,O0016391,P00004,4,597.99,0,2391.96
OI00079169,O0016392,P00447,3,11288.99,5,32173.62
OI00079170,O0016392,P00144,4,19777.99,15,67245.17
OI00079171,O0016393,P00477,1,15398.99,10,13859.09
OI00079172,O0016393,P00330,2,20259.99,15,34441.98
OI00079173,O0016393,P00206,3,3271.99,5,9325.17
OI00079174,O0016394,P00325,2,19574.99,15,33277.48
OI00079175,O0016394,P00413,1,6630.99,0,6630.99
OI00079176,O0016394,P00198,1,2175.99,10,1958.39
OI00079177,O0016394,P00141,1,19366.99,0,19366.99
OI00079178,O0016394,P00180,3,24709.99,0,74129.97
OI00079179,O0016395,P00152,3,20873.99,0,62621.97
OI00079180,O0016395,P00098,4,13475.99,0,53903.96
OI00079181,O0016395,P00401,4,4986.99,10,17953.16
OI00079182,O0016395,P00332,4,20533.99,0,82135.96
OI00079183,O0016396,P00098,4,13475.99,15,45818.37
OI00079184,O0016396,P00116,1,15941.99,0,15941.99
OI00079185,O0016396,P00286,3,14231.99,0,42695.97
OI00079186,O0016396,P00327,3,19848.99,0,59546.97
OI00079187,O0016396,P00143,4,19640.99,0,78563.96
OI00079188,O0016397,P00387,2,3068.99,0,6137.98
OI00079189,O0016397,P00078,1,10735.99,5,10199.19
OI00079190,O0016398,P00448,1,11425.99,15,9712.09
OI00079191,O0016399,P00249,2,9162.99,0,18325.98
OI00079192,O0016399,P00229,4,6422.99,15,21838.17
OI00079193,O0016399,P00262,1,10943.99,10,9849.59
OI00079194,O0016399,P00087,4,11968.99,0,47875.96
OI00079195,O0016399,P00229,2,6422.99,0,12845.98
OI00079196,O0016400,P00246,1,8751.99,0,8751.99
OI00079197,O0016400,P00245,2,8614.99,5,16368.48
OI00079198,O0016400,P00131,3,17996.99,0,53990.97
OI00079199,O0016400,P00054,2,7447.99,10,13406.38
OI00079200,O0016400,P00182,4,24983.99,0,99935.96
OI00079201,O0016401,P00023,1,3200.99,0,3200.99
OI00079202,O0016401,P00252,4,9573.99,0,38295.96
OI00079203,O0016401,P00260,4,10669.99,0,42679.96
OI00079204,O0016402,P00315,1,18204.99,0,18204.99
OI00079205,O0016402,P00302,2,16423.99,10,29563.18
OI00079206,O0016402,P00112,2,15393.99,5,29248.58
OI00079207,O0016403,P00369,3,602.99,5,1718.52
OI00079208,O0016403,P00328,3,19985.99,5,56960.07
OI00079209,O0016403,P00406,4,5671.99,10,20419.16
OI00079210,O0016404,P00051,2,7036.99,0,14073.98
OI00079211,O0016404,P00266,2,11491.99,10,20685.58
OI00079212,O0016404,P00050,4,6899.99,15,23459.97
OI00079213,O0016405,P00443,4,10740.99,0,42963.96
OI00079214,O0016406,P00192,1,1353.99,10,1218.59
OI00079215,O0016406,P00322,2,19163.99,0,38327.98
OI00079216,O0016406,P00361,3,24506.99,15,62492.82
OI00079217,O0016406,P00348,4,22725.99,10,81813.56
OI00079218,O0016407,P00412,1,6493.99,0,6493.99
OI00079219,O0016407,P00428,4,8685.99,0,34743.96
OI00079220,O0016407,P00202,3,2723.99,0,8171.97
OI00079221,O0016408,P00380,2,2109.99,0,4219.98
OI00079222,O0016408,P00089,3,12242.99,0,36728.97
OI00079223,O0016408,P00388,1,3205.99,10,2885.39
OI00079224,O0016409,P00157,4,21558.99,5,81924.16
OI00079225,O0016410,P00466,4,13891.99,0,55567.96
OI00079226,O0016410,P00117,4,16078.99,0,64315.96
OI00079227,O0016410,P00066,4,9091.99,0,36367.96
OI00079228,O0016410,P00243,4,8340.99,0,33363.96
OI00079229,O0016410,P00222,3,5463.99,0,16391.97
OI00079230,O0016411,P00448,3,11425.99,0,34277.97
OI00079231,O0016411,P00447,2,11288.99,15,19191.28
OI00079232,O0016411,P00434,2,9507.99,5,18065.18
OI00079233,O0016411,P00230,1,6559.99,0,6559.99
OI00079234,O0016411,P00279,1,13272.99,5,12609.34
OI00079235,O0016412,P00110,4,15119.99,15,51407.97
OI00079236,O0016413,P00342,1,21903.99,0,21903.99
OI00079237,O0016414,P00305,1,16834.99,0,16834.99
OI00079238,O0016414,P00415,3,6904.99,5,19679.22
OI00079239,O0016414,P00470,2,14439.99,5,27435.98
OI00079240,O0016415,P00108,2,14845.99,5,28207.38
OI00079241,O0016415,P00371,2,876.99,5,1666.28
OI00079242,O0016416,P00484,1,16357.99,0,16357.99
OI00079243,O0016417,P00376,2,1561.99,5,2967.78
OI00079244,O0016418,P00441,3,10466.99,5,29830.92
OI00079245,O0016418,P00348,1,22725.99,0,22725.99
OI00079246,O0016419,P00211,3,3956.99,0,11870.97
OI00079247,O0016419,P00298,3,15875.99,0,47627.97
OI00079248,O0016419,P00074,3,10187.99,5,29035.77
OI00079249,O0016419,P00047,4,6488.99,0,25955.96
OI00079250,O0016420,P00098,2,13475.99,5,25604.38
OI00079251,O0016420,P00337,2,21218.99,0,42437.98
OI00079252,O0016421,P00106,1,14571.99,0,14571.99
OI00079253,O0016421,P00254,4,9847.99,0,39391.96
OI00079254,O0016421,P00025,4,3474.99,0,13899.96
OI00079255,O0016422,P00296,4,15601.99,0,62407.96
OI00079256,O0016422,P00149,3,20462.99,0,61388.97
OI00079257,O0016423,P00332,4,20533.99,15,69815.57
OI00079258,O0016423,P00436,1,9781.99,0,9781.99
OI00079259,O0016423,P00095,2,13064.99,0,26129.98
OI00079260,O0016423,P00185,2,394.99,10,710.98
OI00079261,O0016423,P00414,4,6767.99,0,27071.96
OI00079262,O0016424,P00104,2,14297.99,0,28595.98
OI00079263,O0016425,P00408,4,5945.99,5,22594.76
OI00079264,O0016425,P00155,3,21284.99,0,63854.97
OI00079265,O0016425,P00427,2,8548.99,15,14533.28
OI00079266,O0016425,P00018,4,2515.99,10,9057.56
OI00079267,O0016426,P00488,4,16905.99,0,67623.96
OI00079268,O0016426,P00201,3,2586.99,10,6984.87
OI00079269,O0016427,P00435,3,9644.99,0,28934.97
OI00079270,O0016427,P00137,3,18818.99,0,56456.97
OI00079271,O0016428,P00047,4,6488.99,0,25955.96
OI00079272,O0016428,P00287,2,14368.99,15,24427.28
OI00079273,O0016428,P00465,1,13754.99,0,13754.99
OI00079274,O0016428,P00330,1,20259.99,0,20259.99
OI00079275,O0016428,P00065,1,8954.99,0,8954.99
OI00079276,O0016429,P00471,1,14576.99,10,13119.29
OI00079277,O0016429,P00451,1,11836.99,0,11836.99
OI00079278,O0016429,P00481,2,15946.99,10,28704.58
OI00079279,O0016429,P00468,4,14165.99,10,50997.56
OI00079280,O0016430,P00070,4,9639.99,0,38559.96
OI00079281,O0016431,P00254,3,9847.99,15,25112.37
OI00079282,O0016431,P00190,1,1079.99,0,1079.99
OI00079283,O0016432,P00356,2,23821.99,0,47643.98
OI00079284,O0016432,P00171,2,23476.99,5,44606.28
OI00079285,O0016432,P00268,4,11765.99,0,47063.96
OI00079286,O0016432,P00389,2,3342.99,5,6351.68
OI00079287,O0016432,P00390,4,3479.99,5,13223.96
OI00079288,O0016433,P00259,1,10532.99,5,10006.34
OI00079289,O0016433,P00403,1,5260.99,10,4734.89
OI00079290,O0016433,P00478,4,15535.99,0,62143.96
OI00079291,O0016433,P00077,2,10598.99,0,21197.98
OI00079292,O0016434,P00403,2,5260.99,15,8943.68
OI00079293,O0016434,P00169,2,23202.99,0,46405.98
OI00079294,O0016434,P00153,3,21010.99,10,56729.67
OI00079295,O0016434,P00406,3,5671.99,15,14463.57
OI00079296,O0016435,P00248,1,9025.99,0,9025.99
OI00079297,O0016435,P00450,1,11699.99,15,9944.99
OI00079298,O0016436,P00307,2,17108.99,0,34217.98
OI00079299,O0016436,P00164,4,22517.99,0,90071.96
OI00079300,O0016437,P00398,3,4575.99,0,13727.97
OI00079301,O0016437,P00419,4,7452.99,0,29811.96
OI00079302,O0016438,P00431,2,9096.99,0,18193.98
OI00079303,O0016438,P00065,1,8954.99,0,8954.99
OI00079304,O0016438,P00389,2,3342.99,0,6685.98
OI00079305,O0016439,P00478,1,15535.99,10,13982.39
OI00079306,O0016440,P00032,3,4433.99,0,13301.97
OI00079307,O0016441,P00290,2,14779.99,0,29559.98
OI00079308,O0016441,P00124,2,17037.99,0,34075.98
OI00079309,O0016441,P00043,4,5940.99,5,22575.76
OI00079310,O0016441,P00091,3,12516.99,0,37550.97
OI00079311,O0016442,P00230,1,6559.99,0,6559.99
OI00079312,O0016443,P00094,2,12927.99,5,24563.18
OI00079313,O0016443,P00188,1,805.99,15,685.09
OI00079314,O0016443,P00077,1,10598.99,0,10598.99
OI00079315,O0016444,P00104,1,14297.99,5,13583.09
OI00079316,O0016444,P00390,2,3479.99,0,6959.98
OI00079317,O0016444,P00309,2,17382.99,0,34765.98
OI00079318,O0016444,P00405,2,5534.99,0,11069.98
OI00079319,O0016444,P00087,3,11968.99,0,35906.97
OI00079320,O0016445,P00383,4,2520.99,0,10083.96
OI00079321,O0016446,P00069,3,9502.99,0,28508.97
OI00079322,O0016446,P00174,4,23887.99,0,95551.96
OI00079323,O0016446,P00302,4,16423.99,0,65695.96
OI00079324,O0016447,P00309,4,17382.99,0,69531.96
OI00079325,O0016447,P00452,1,11973.99,0,11973.99
OI00079326,O0016447,P00062,3,8543.99,10,23068.77
OI00079327,O0016447,P00078,3,10735.99,15,27376.77
OI00079328,O0016447,P00033,2,4570.99,0,9141.98
OI00079329,O0016448,P00474,4,14987.99,0,59951.96
OI00079330,O0016448,P00082,4,11283.99,0,45135.96
OI00079331,O0016448,P00187,2,668.99,10,1204.18
OI00079332,O0016448,P00191,3,1216.99,15,3103.32
OI00079333,O0016448,P00015,3,2104.99,0,6314.97
OI00079334,O0016449,P00331,3,20396.99,0,61190.97
OI00079335,O0016449,P00020,1,2789.99,0,2789.99
OI00079336,O0016449,P00444,3,10877.99,10,29370.57
OI00079337,O0016450,P00131,4,17996.99,0,71987.96
OI00079338,O0016451,P00272,4,12313.99,0,49255.96
OI00079339,O0016451,P00225,3,5874.99,0,17624.97
OI00079340,O0016451,P00414,1,6767.99,0,6767.99
OI00079341,O0016451,P00017,3,2378.99,5,6780.12
OI00079342,O0016452,P00205,3,3134.99,5,8934.72
OI00079343,O0016452,P00402,2,5123.99,0,10247.98
OI00079344,O0016452,P00424,2,8137.99,15,13834.58
OI00079345,O0016452,P00256,2,10121.99,0,20243.98
OI00079346,O0016453,P00453,1,12110.99,15,10294.34
OI00079347,O0016453,P00292,2,15053.99,0,30107.98
OI00079348,O0016453,P00440,2,10329.99,0,20659.98
OI00079349,O0016453,P00020,3,2789.99,0,8369.97
OI00079350,O0016454,P00438,4,10055.99,0,40223.96
OI00079351,O0016454,P00250,2,9299.99,10,16739.98
OI00079352,O0016455,P00175,2,24024.99,10,43244.98
OI00079353,O0016455,P00381,3,2246.99,0,6740.97
OI00079354,O0016455,P00156,3,21421.99,0,64265.97
OI00079355,O0016455,P00114,2,15667.99,0,31335.98
OI00079356,O0016455,P00265,4,11354.99,0,45419.96
OI00079357,O0016456,P00033,3,4570.99,5,13027.32
OI00079358,O0016456,P00256,1,10121.99,5,9615.89
OI00079359,O0016456,P00174,2,23887.99,0,47775.98
OI00079360,O0016456,P00169,1,23202.99,10,20882.69
OI00079361,O0016457,P00274,1,12587.99,0,12587.99
OI00079362,O0016458,P00415,3,6904.99,5,19679.22
OI00079363,O0016458,P00364,4,24917.99,10,89704.76
OI00079364,O0016458,P00349,1,22862.99,15,19433.54
OI00079365,O0016458,P00273,1,12450.99,0,12450.99
OI00079366,O0016458,P00282,1,13683.99,10,12315.59
OI00079367,O0016459,P00007,2,1008.99,0,2017.98
OI00079368,O0016459,P00345,4,22314.99,0,89259.96
OI00079369,O0016459,P00442,4,10603.99,0,42415.96
OI00079370,O0016460,P00001,1,186.99,5,177.64
OI00079371,O0016460,P00004,1,597.99,5,568.09
OI00079372,O0016460,P00413,4,6630.99,10,23871.56
OI00079373,O0016461,P00366,1,191.99,0,191.99
OI00079374,O0016461,P00381,3,2246.99,5,6403.92
OI00079375,O0016462,P00188,2,805.99,0,1611.98
OI00079376,O0016462,P00096,3,13201.99,0,39605.97
OI00079377,O0016462,P00246,3,8751.99,15,22317.57
OI00079378,O0016463,P00430,1,8959.99,0,8959.99
OI00079379,O0016463,P00313,1,17930.99,5,17034.44
OI00079380,O0016463,P00164,3,22517.99,5,64176.27
OI00079381,O0016463,P00091,3,12516.99,15,31918.32
OI00079382,O0016464,P00348,4,22725.99,5,86358.76
OI00079383,O0016464,P00292,3,15053.99,5,42903.87
OI00079384,O0016464,P00066,1,9091.99,0,9091.99
OI00079385,O0016465,P00499,4,18412.99,0,73651.96
OI00079386,O0016465,P00025,3,3474.99,0,10424.97
OI00079387,O0016466,P00171,1,23476.99,10,21129.29
OI00079388,O0016467,P00132,4,18133.99,10,65282.36
OI00079389,O0016467,P00230,2,6559.99,0,13119.98
OI00079390,O0016467,P00468,1,14165.99,0,14165.99
OI00079391,O0016467,P00087,1,11968.99,0,11968.99
OI00079392,O0016467,P00319,3,18752.99,0,56258.97
OI00079393,O0016468,P00403,3,5260.99,15,13415.52
OI00079394,O0016468,P00141,1,19366.99,15,16461.94
OI00079395,O0016468,P00459,1,12932.99,0,12932.99
OI00079396,O0016469,P00302,4,16423.99,0,65695.96
OI00079397,O0016469,P00492,1,17453.99,0,17453.99
OI00079398,O0016469,P00389,3,3342.99,10,9026.07
OI00079399,O0016470,P00439,3,10192.99,0,30578.97
OI00079400,O0016470,P00464,4,13617.99,15,46301.17
OI00079401,O0016470,P00248,4,9025.99,0,36103.96
OI00079402,O0016471,P00257,1,10258.99,0,10258.99
OI00079403,O0016471,P00447,2,11288.99,15,19191.28
OI00079404,O0016471,P00159,2,21832.99,0,43665.98
OI00079405,O0016471,P00014,4,1967.99,0,7871.96
OI00079406,O0016472,P00205,3,3134.99,10,8464.47
OI00079407,O0016472,P00104,1,14297.99,0,14297.99
OI00079408,O0016472,P00415,4,6904.99,0,27619.96
OI00079409,O0016473,P00326,1,19711.99,15,16755.19
OI00079410,O0016473,P00267,4,11628.99,10,41864.36
OI00079411,O0016474,P00156,4,21421.99,0,85687.96
OI00079412,O0016475,P00210,2,3819.99,0,7639.98
OI00079413,O0016475,P00253,4,9710.99,0,38843.96
OI00079414,O0016476,P00337,2,21218.99,0,42437.98
OI00079415,O0016477,P00004,4,597.99,15,2033.17
OI00079416,O0016477,P00381,4,2246.99,0,8987.96
OI00079417,O0016478,P00214,2,4367.99,0,8735.98
OI00079418,O0016478,P00074,4,10187.99,15,34639.17
OI00079419,O0016478,P00455,1,12384.99,0,12384.99
OI00079420,O0016478,P00109,1,14982.99,0,14982.99
OI00079421,O0016478,P00134,4,18407.99,5,69950.36
OI00079422,O0016479,P00195,3,1764.99,0,5294.97
OI00079423,O0016480,P00414,1,6767.99,0,6767.99
OI00079424,O0016480,P00177,1,24298.99,5,23084.04
OI00079425,O0016480,P00483,2,16220.99,10,29197.78
OI00079426,O0016480,P00098,2,13475.99,0,26951.98
OI00079427,O0016481,P00484,3,16357.99,15,41712.87
OI00079428,O0016482,P00281,2,13546.99,0,27093.98
OI00079429,O0016482,P00326,4,19711.99,15,67020.77
OI00079430,O0016482,P00234,1,7107.99,15,6041.79
OI00079431,O0016482,P00448,1,11425.99,0,11425.99
OI00079432,O0016482,P00059,3,8132.99,15,20739.12
OI00079433,O0016483,P00433,2,9370.99,0,18741.98
OI00079434,O0016483,P00077,4,10598.99,0,42395.96
OI00079435,O0016483,P00454,1,12247.99,10,11023.19
OI00079436,O0016484,P00357,2,23958.99,15,40730.28
OI00079437,O0016484,P00090,2,12379.99,10,22283.98
OI00079438,O0016484,P00275,3,12724.99,10,34357.47
OI00079439,O0016484,P00134,1,18407.99,15,15646.79
OI00079440,O0016485,P00118,4,16215.99,0,64863.96
OI00079441,O0016485,P00194,2,1627.99,10,2930.38
OI00079442,O0016485,P00220,4,5189.99,0,20759.96
OI00079443,O0016485,P00006,1,871.99,0,871.99
OI00079444,O0016486,P00340,1,21629.99,0,21629.99
OI00079445,O0016486,P00143,4,19640.99,0,78563.96
OI00079446,O0016486,P00417,2,7178.99,0,14357.98
OI00079447,O0016486,P00473,3,14850.99,0,44552.97
OI00079448,O0016486,P00111,2,15256.99,0,30513.98
OI00079449,O0016487,P00485,3,16494.99,15,42062.22
OI00079450,O0016487,P00442,3,10603.99,0,31811.97
OI00079451,O0016487,P00265,2,11354.99,0,22709.98
OI00079452,O0016487,P00059,4,8132.99,0,32531.96
OI00079453,O0016487,P00236,1,7381.99,0,7381.99
OI00079454,O0016488,P00221,4,5326.99,0,21307.96
OI00079455,O0016488,P00359,1,24232.99,5,23021.34
OI00079456,O0016489,P00377,2,1698.99,0,3397.98
OI00079457,O0016490,P00379,1,1972.99,5,1874.34
OI00079458,O0016490,P00390,1,3479.99,0,3479.99
OI00079459,O0016491,P00152,3,20873.99,10,56359.77
OI00079460,O0016491,P00061,1,8406.99,0,8406.99
OI00079461,O0016491,P00391,3,3616.99,10,9765.87
OI00079462,O0016492,P00283,1,13820.99,0,13820.99
OI00079463,O0016492,P00150,1,20599.99,5,19569.99
OI00079464,O0016492,P00031,1,4296.99,0,4296.99
OI00079465,O0016493,P00330,3,20259.99,15,51662.97
OI00079466,O0016493,P00366,2,191.99,0,383.98
OI00079467,O0016493,P00148,3,20325.99,5,57929.07
OI00079468,O0016493,P00062,2,8543.99,5,16233.58
OI00079469,O0016494,P00115,4,15804.99,0,63219.96
OI00079470,O0016495,P00247,2,8888.99,0,17777.98
OI00079471,O0016495,P00345,1,22314.99,0,22314.99
OI00079472,O0016495,P00102,1,14023.99,0,14023.99
OI00079473,O0016495,P00289,1,14642.99,0,14642.99
OI00079474,O0016496,P00151,4,20736.99,10,74653.16
OI00079475,O0016496,P00365,1,54.99,10,49.49
OI00079476,O0016496,P00415,2,6904.99,15,11738.48
OI00079477,O0016496,P00473,2,14850.99,0,29701.98
OI00079478,O0016496,P00090,2,12379.99,5,23521.98
OI00079479,O0016497,P00456,2,12521.99,10,22539.58
OI00079480,O0016497,P00251,3,9436.99,0,28310.97
OI00079481,O0016498,P00376,3,1561.99,15,3983.07
OI00079482,O0016498,P00024,3,3337.99,0,10013.97
OI00079483,O0016498,P00061,4,8406.99,10,30265.16
OI00079484,O0016498,P00128,4,17585.99,0,70343.96
OI00079485,O0016498,P00393,1,3890.99,10,3501.89
OI00079486,O0016499,P00365,4,54.99,10,197.96
OI00079487,O0016499,P00432,2,9233.99,0,18467.98
OI00079488,O0016499,P00307,1,17108.99,0,17108.99
OI00079489,O0016499,P00037,4,5118.99,0,20475.96
OI00079490,O0016499,P00061,3,8406.99,15,21437.82
OI00079491,O0016500,P00364,4,24917.99,0,99671.96
OI00079492,O0016501,P00430,2,8959.99,10,16127.98
OI00079493,O0016501,P00354,3,23547.99,10,63579.57
OI00079494,O0016501,P00023,4,3200.99,0,12803.96
OI00079495,O0016501,P00316,3,18341.99,10,49523.37
OI00079496,O0016502,P00390,4,3479.99,0,13919.96
OI00079497,O0016502,P00471,1,14576.99,15,12390.44
OI00079498,O0016503,P00123,1,16900.99,0,16900.99
OI00079499,O0016503,P00138,1,18955.99,0,18955.99
OI00079500,O0016504,P00468,2,14165.99,10,25498.78
OI00079501,O0016504,P00007,3,1008.99,0,3026.97
OI00079502,O0016504,P00328,2,19985.99,0,39971.98
OI00079503,O0016505,P00215,4,4504.99,15,15316.97
OI00079504,O0016505,P00347,1,22588.99,0,22588.99
OI00079505,O0016505,P00062,4,8543.99,0,34175.96
OI00079506,O0016505,P00251,3,9436.99,10,25479.87
OI00079507,O0016505,P00211,4,3956.99,0,15827.96
OI00079508,O0016506,P00004,2,597.99,0,1195.98
OI00079509,O0016506,P00404,1,5397.99,0,5397.99
OI00079510,O0016506,P00063,2,8680.99,10,15625.78
OI00079511,O0016506,P00364,4,24917.99,5,94688.36
OI00079512,O0016507,P00124,2,17037.99,0,34075.98
OI00079513,O0016508,P00255,4,9984.99,0,39939.96
OI00079514,O0016509,P00107,3,14708.99,5,41920.62
OI00079515,O0016509,P00410,1,6219.99,5,5908.99
OI00079516,O0016509,P00032,2,4433.99,0,8867.98
OI00079517,O0016510,P00135,4,18544.99,0,74179.96
OI00079518,O0016510,P00298,2,15875.99,5,30164.38
OI00079519,O0016510,P00240,2,7929.99,0,15859.98
OI00079520,O0016510,P00032,4,4433.99,10,15962.36
OI00079521,O0016511,P00171,3,23476.99,10,63387.87
OI00079522,O0016511,P00133,4,18270.99,5,69429.76
OI00079523,O0016512,P00395,2,4164.99,0,8329.98
OI00079524,O0016513,P00058,4,7995.99,5,30384.76
OI00079525,O0016513,P00162,4,22243.99,0,88975.96
OI00079526,O0016514,P00477,4,15398.99,10,55436.36
OI00079527,O0016514,P00179,4,24572.99,0,98291.96
OI00079528,O0016515,P00019,3,2652.99,0,7958.97
OI00079529,O0016515,P00123,2,16900.99,5,32111.88
OI00079530,O0016515,P00449,1,11562.99,10,10406.69
OI00079531,O0016515,P00284,1,13957.99,0,13957.99
OI00079532,O0016515,P00020,2,2789.99,15,4742.98
OI00079533,O0016516,P00464,1,13617.99,5,12937.09
OI00079534,O0016516,P00271,2,12176.99,5,23136.28
OI00079535,O0016517,P00325,2,19574.99,0,39149.98
OI00079536,O0016517,P00143,1,19640.99,0,19640.99
OI00079537,O0016517,P00422,3,7863.99,0,23591.97
OI00079538,O0016517,P00081,4,11146.99,15,37899.77
OI00079539,O0016517,P00123,3,16900.99,0,50702.97
OI00079540,O0016518,P00227,3,6148.99,0,18446.97
OI00079541,O0016518,P00370,3,739.99,5,2108.97
OI00079542,O0016518,P00292,1,15053.99,0,15053.99
OI00079543,O0016519,P00147,1,20188.99,0,20188.99
OI00079544,O0016519,P00143,3,19640.99,0,58922.97
OI00079545,O0016519,P00149,1,20462.99,0,20462.99
OI00079546,O0016519,P00296,1,15601.99,0,15601.99
OI00079547,O0016520,P00150,4,20599.99,15,70039.97
OI00079548,O0016520,P00403,3,5260.99,0,15782.97
OI00079549,O0016520,P00003,3,460.99,0,1382.97
OI00079550,O0016520,P00033,1,4570.99,10,4113.89
OI00079551,O0016520,P00176,4,24161.99,0,96647.96
OI00079552,O0016521,P00045,1,6214.99,0,6214.99
OI00079553,O0016521,P00121,4,16626.99,10,59857.16
OI00079554,O0016521,P00017,1,2378.99,0,2378.99
OI00079555,O0016522,P00210,1,3819.99,0,3819.99
OI00079556,O0016522,P00462,4,13343.99,5,50707.16
OI00079557,O0016522,P00242,4,8203.99,0,32815.96
OI00079558,O0016522,P00344,2,22177.99,0,44355.98
OI00079559,O0016523,P00354,4,23547.99,10,84772.76
OI00079560,O0016524,P00440,1,10329.99,0,10329.99
OI00079561,O0016524,P00163,2,22380.99,0,44761.98
OI00079562,O0016524,P00495,4,17864.99,0,71459.96
OI00079563,O0016524,P00047,2,6488.99,0,12977.98
OI00079564,O0016525,P00354,4,23547.99,0,94191.96
OI00079565,O0016525,P00316,3,18341.99,0,55025.97
OI00079566,O0016525,P00394,3,4027.99,10,10875.57
OI00079567,O0016525,P00411,4,6356.99,0,25427.96
OI00079568,O0016525,P00421,2,7726.99,0,15453.98
OI00079569,O0016526,P00314,3,18067.99,5,51493.77
OI00079570,O0016526,P00045,4,6214.99,10,22373.96
OI00079571,O0016526,P00164,2,22517.99,0,45035.98
OI00079572,O0016526,P00307,3,17108.99,0,51326.97
OI00079573,O0016526,P00011,2,1556.99,10,2802.58
OI00079574,O0016527,P00292,3,15053.99,0,45161.97
OI00079575,O0016528,P00283,1,13820.99,0,13820.99
OI00079576,O0016528,P00351,3,23136.99,0,69410.97
OI00079577,O0016528,P00163,4,22380.99,0,89523.96
OI00079578,O0016529,P00192,4,1353.99,10,4874.36
OI00079579,O0016529,P00386,3,2931.99,5,8356.17
OI00079580,O0016529,P00103,2,14160.99,0,28321.98
OI00079581,O0016529,P00206,2,3271.99,15,5562.38
OI00079582,O0016530,P00056,3,7721.99,15,19691.07
OI00079583,O0016530,P00005,4,734.99,10,2645.96
OI00079584,O0016530,P00132,4,18133.99,10,65282.36
OI00079585,O0016530,P00276,1,12861.99,0,12861.99
OI00079586,O0016530,P00346,4,22451.99,0,89807.96
OI00079587,O0016531,P00417,1,7178.99,15,6102.14
OI00079588,O0016531,P00262,2,10943.99,5,20793.58
OI00079589,O0016531,P00285,3,14094.99,10,38056.47
OI00079590,O0016532,P00136,3,18681.99,15,47639.07
OI00079591,O0016532,P00006,3,871.99,15,2223.57
OI00079592,O0016533,P00281,4,13546.99,0,54187.96
OI00079593,O0016533,P00306,2,16971.99,10,30549.58
OI00079594,O0016533,P00278,2,13135.99,0,26271.98
OI00079595,O0016534,P00500,4,18549.99,10,66779.96
OI00079596,O0016534,P00404,2,5397.99,0,10795.98
OI00079597,O0016534,P00098,3,13475.99,0,40427.97
OI00079598,O0016534,P00217,2,4778.99,0,9557.98
OI00079599,O0016535,P00204,1,2997.99,0,2997.99
OI00079600,O0016535,P00029,4,4022.99,15,13678.17
OI00079601,O0016535,P00326,4,19711.99,15,67020.77
OI00079602,O0016536,P00028,3,3885.99,15,9909.27
OI00079603,O0016537,P00340,3,21629.99,0,64889.97
OI00079604,O0016537,P00104,2,14297.99,0,28595.98
OI00079605,O0016538,P00299,1,16012.99,0,16012.99
OI00079606,O0016538,P00411,3,6356.99,0,19070.97
OI00079607,O0016538,P00075,4,10324.99,0,41299.96
OI00079608,O0016538,P00028,2,3885.99,0,7771.98
OI00079609,O0016539,P00071,3,9776.99,0,29330.97
OI00079610,O0016539,P00448,4,11425.99,0,45703.96
OI00079611,O0016540,P00053,4,7310.99,0,29243.96
OI00079612,O0016540,P00352,4,23273.99,0,93095.96
OI00079613,O0016541,P00427,3,8548.99,0,25646.97
OI00079614,O0016541,P00106,2,14571.99,5,27686.78
OI00079615,O0016541,P00247,3,8888.99,0,26666.97
OI00079616,O0016542,P00371,2,876.99,0,1753.98
OI00079617,O0016542,P00177,1,24298.99,0,24298.99
OI00079618,O0016542,P00344,2,22177.99,0,44355.98
OI00079619,O0016542,P00442,1,10603.99,15,9013.39
OI00079620,O0016542,P00366,4,191.99,15,652.77
OI00079621,O0016543,P00159,3,21832.99,0,65498.97
OI00079622,O0016543,P00165,1,22654.99,10,20389.49
OI00079623,O0016543,P00047,4,6488.99,0,25955.96
OI00079624,O0016543,P00393,4,3890.99,0,15563.96
OI00079625,O0016544,P00283,2,13820.99,0,27641.98
OI00079626,O0016544,P00403,4,5260.99,0,21043.96
OI00079627,O0016544,P00287,1,14368.99,5,13650.54
OI00079628,O0016545,P00095,1,13064.99,0,13064.99
OI00079629,O0016546,P00381,3,2246.99,0,6740.97
OI00079630,O0016546,P00414,2,6767.99,5,12859.18
OI00079631,O0016547,P00184,4,257.99,5,980.36
OI00079632,O0016548,P00353,3,23410.99,0,70232.97
OI00079633,O0016548,P00199,2,2312.99,15,3932.08
OI00079634,O0016548,P00283,1,13820.99,15,11747.84
OI00079635,O0016548,P00374,4,1287.99,15,4379.17
OI00079636,O0016548,P00186,1,531.99,0,531.99
OI00079637,O0016549,P00213,1,4230.99,10,3807.89
OI00079638,O0016550,P00123,2,16900.99,0,33801.98
OI00079639,O0016550,P00080,1,11009.99,0,11009.99
OI00079640,O0016551,P00404,2,5397.99,5,10256.18
OI00079641,O0016551,P00210,2,3819.99,0,7639.98
OI00079642,O0016551,P00052,4,7173.99,10,25826.36
OI00079643,O0016551,P00169,4,23202.99,0,92811.96
OI00079644,O0016551,P00453,2,12110.99,10,21799.78
OI00079645,O0016552,P00114,1,15667.99,15,13317.79
OI00079646,O0016552,P00392,4,3753.99,0,15015.96
OI00079647,O0016553,P00018,1,2515.99,15,2138.59
OI00079648,O0016554,P00100,2,13749.99,0,27499.98
OI00079649,O0016554,P00494,4,17727.99,0,70911.96
OI00079650,O0016554,P00119,3,16352.99,10,44153.07
OI00079651,O0016554,P00443,4,10740.99,0,42963.96
OI00079652,O0016555,P00004,4,597.99,0,2391.96
OI00079653,O0016555,P00443,3,10740.99,0,32222.97
OI00079654,O0016555,P00288,3,14505.99,0,43517.97
OI00079655,O0016556,P00140,3,19229.99,0,57689.97
OI00079656,O0016556,P00187,3,668.99,0,2006.97
OI00079657,O0016556,P00141,2,19366.99,0,38733.98
OI00079658,O0016557,P00072,1,9913.99,0,9913.99
OI00079659,O0016557,P00212,4,4093.99,10,14738.36
OI00079660,O0016558,P00148,2,20325.99,0,40651.98
OI00079661,O0016558,P00347,3,22588.99,0,67766.97
OI00079662,O0016558,P00229,4,6422.99,0,25691.96
OI00079663,O0016559,P00190,4,1079.99,0,4319.96
OI00079664,O0016559,P00274,1,12587.99,0,12587.99
OI00079665,O0016559,P00464,2,13617.99,0,27235.98
OI00079666,O0016559,P00330,1,20259.99,0,20259.99
OI00079667,O0016559,P00367,1,328.99,5,312.54
OI00079668,O0016560,P00038,2,5255.99,0,10511.98
OI00079669,O0016560,P00480,4,15809.99,0,63239.96
OI00079670,O0016560,P00351,1,23136.99,0,23136.99
OI00079671,O0016560,P00172,1,23613.99,0,23613.99
OI00079672,O0016561,P00390,1,3479.99,5,3305.99
OI00079673,O0016561,P00334,3,20807.99,0,62423.97
OI00079674,O0016561,P00285,1,14094.99,0,14094.99
OI00079675,O0016561,P00099,4,13612.99,0,54451.96
OI00079676,O0016562,P00137,2,18818.99,0,37637.98
OI00079677,O0016563,P00492,2,17453.99,0,34907.98
OI00079678,O0016563,P00047,3,6488.99,0,19466.97
OI00079679,O0016564,P00123,4,16900.99,10,60843.56
OI00079680,O0016565,P00243,3,8340.99,0,25022.97
OI00079681,O0016565,P00454,2,12247.99,5,23271.18
OI00079682,O0016566,P00019,4,2652.99,5,10081.36
OI00079683,O0016566,P00407,3,5808.99,5,16555.62
OI00079684,O0016566,P00016,1,2241.99,5,2129.89
OI00079685,O0016567,P00102,1,14023.99,10,12621.59
OI00079686,O0016568,P00471,2,14576.99,0,29153.98
OI00079687,O0016568,P00272,1,12313.99,0,12313.99
OI00079688,O0016568,P00298,2,15875.99,15,26989.18
OI00079689,O0016569,P00299,2,16012.99,0,32025.98
OI00079690,O0016570,P00363,2,24780.99,0,49561.98
OI00079691,O0016571,P00472,3,14713.99,0,44141.97
OI00079692,O0016571,P00290,2,14779.99,0,29559.98
OI00079693,O0016571,P00420,2,7589.99,5,14420.98
OI00079694,O0016571,P00233,4,6970.99,10,25095.56
OI00079695,O0016572,P00063,3,8680.99,0,26042.97
OI00079696,O0016572,P00472,3,14713.99,15,37520.67
OI00079697,O0016572,P00041,1,5666.99,10,5100.29
OI00079698,O0016572,P00402,4,5123.99,10,18446.36
OI00079699,O0016573,P00260,2,10669.99,5,20272.98
OI00079700,O0016573,P00044,4,6077.99,0,24311.96
OI00079701,O0016574,P00011,1,1556.99,10,1401.29
OI00079702,O0016574,P00331,3,20396.99,0,61190.97
OI00079703,O0016574,P00431,4,9096.99,10,32749.16
OI00079704,O0016575,P00495,1,17864.99,0,17864.99
OI00079705,O0016575,P00375,3,1424.99,15,3633.72
OI00079706,O0016576,P00150,2,20599.99,0,41199.98
OI00079707,O0016576,P00152,2,20873.99,0,41747.98
OI00079708,O0016576,P00123,3,16900.99,0,50702.97
OI00079709,O0016577,P00475,1,15124.99,0,15124.99
OI00079710,O0016578,P00421,3,7726.99,5,22021.92
OI00079711,O0016579,P00028,2,3885.99,0,7771.98
OI00079712,O0016579,P00202,3,2723.99,0,8171.97
OI00079713,O0016579,P00480,2,15809.99,0,31619.98
OI00079714,O0016579,P00021,2,2926.99,0,5853.98
OI00079715,O0016579,P00179,3,24572.99,0,73718.97
OI00079716,O0016580,P00285,1,14094.99,0,14094.99
OI00079717,O0016580,P00429,1,8822.99,10,7940.69
OI00079718,O0016581,P00366,4,191.99,0,767.96
OI00079719,O0016581,P00288,1,14505.99,10,13055.39
OI00079720,O0016582,P00139,1,19092.99,0,19092.99
OI00079721,O0016582,P00277,4,12998.99,10,46796.36
OI00079722,O0016582,P00431,4,9096.99,0,36387.96
OI00079723,O0016582,P00215,4,4504.99,0,18019.96
OI00079724,O0016582,P00148,2,20325.99,0,40651.98
OI00079725,O0016583,P00479,4,15672.99,0,62691.96
OI00079726,O0016583,P00351,2,23136.99,10,41646.58
OI00079727,O0016583,P00298,4,15875.99,0,63503.96
OI00079728,O0016583,P00116,4,15941.99,15,54202.77
OI00079729,O0016584,P00022,3,3063.99,0,9191.97
OI00079730,O0016584,P00201,3,2586.99,10,6984.87
OI00079731,O0016584,P00185,2,394.99,0,789.98
OI00079732,O0016584,P00315,1,18204.99,0,18204.99
OI00079733,O0016585,P00414,2,6767.99,15,11505.58
OI00079734,O0016585,P00315,2,18204.99,0,36409.98
OI00079735,O0016585,P00267,4,11628.99,0,46515.96
OI00079736,O0016586,P00309,3,17382.99,0,52148.97
OI00079737,O0016586,P00107,3,14708.99,10,39714.27
OI00079738,O0016587,P00383,3,2520.99,10,6806.67
OI00079739,O0016587,P00036,4,4981.99,5,18931.56
OI00079740,O0016588,P00252,4,9573.99,15,32551.57
OI00079741,O0016588,P00493,2,17590.99,0,35181.98
OI00079742,O0016588,P00054,3,7447.99,0,22343.97
OI00079743,O0016588,P00335,3,20944.99,0,62834.97
OI00079744,O0016588,P00064,3,8817.99,10,23808.57
OI00079745,O0016589,P00152,2,20873.99,10,37573.18
OI00079746,O0016590,P00155,3,21284.99,0,63854.97
OI00079747,O0016590,P00176,1,24161.99,0,24161.99
OI00079748,O0016590,P00260,1,10669.99,0,10669.99
OI00079749,O0016591,P00173,2,23750.99,0,47501.98
OI00079750,O0016591,P00215,3,4504.99,0,13514.97
OI00079751,O0016591,P00138,3,18955.99,0,56867.97
OI00079752,O0016592,P00133,2,18270.99,5,34714.88
OI00079753,O0016592,P00053,1,7310.99,0,7310.99
OI00079754,O0016592,P00145,1,19914.99,0,19914.99
OI00079755,O0016592,P00351,2,23136.99,5,43960.28
OI00079756,O0016593,P00057,2,7858.99,15,13360.28
OI00079757,O0016593,P00318,3,18615.99,0,55847.97
OI00079758,O0016593,P00308,3,17245.99,0,51737.97
OI00079759,O0016593,P00402,4,5123.99,0,20495.96
OI00079760,O0016594,P00106,4,14571.99,15,49544.77
OI00079761,O0016594,P00289,3,14642.99,5,41732.52
OI00079762,O0016594,P00095,1,13064.99,5,12411.74
OI00079763,O0016594,P00198,3,2175.99,0,6527.97
OI00079764,O0016595,P00319,4,18752.99,5,71261.36
OI00079765,O0016595,P00444,3,10877.99,10,29370.57
OI00079766,O0016595,P00063,3,8680.99,0,26042.97
OI00079767,O0016595,P00360,1,24369.99,10,21932.99
OI00079768,O0016596,P00134,1,18407.99,5,17487.59
OI00079769,O0016596,P00089,1,12242.99,5,11630.84
OI00079770,O0016596,P00025,4,3474.99,0,13899.96
OI00079771,O0016596,P00290,3,14779.99,5,42122.97
OI00079772,O0016596,P00030,2,4159.99,0,8319.98
OI00079773,O0016597,P00187,3,668.99,5,1906.62
OI00079774,O0016597,P00416,1,7041.99,15,5985.69
OI00079775,O0016597,P00351,4,23136.99,0,92547.96
OI00079776,O0016597,P00123,4,16900.99,10,60843.56
OI00079777,O0016598,P00331,3,20396.99,10,55071.87
OI00079778,O0016599,P00120,1,16489.99,10,14840.99
OI00079779,O0016599,P00500,2,18549.99,0,37099.98
OI00079780,O0016599,P00092,1,12653.99,5,12021.29
OI00079781,O0016599,P00400,2,4849.99,0,9699.98
OI00079782,O0016599,P00003,4,460.99,0,1843.96
OI00079783,O0016600,P00368,1,465.99,0,465.99
OI00079784,O0016600,P00345,2,22314.99,0,44629.98
OI00079785,O0016601,P00401,1,4986.99,0,4986.99
OI00079786,O0016601,P00152,3,20873.99,0,62621.97
OI00079787,O0016601,P00210,3,3819.99,10,10313.97
OI00079788,O0016602,P00391,1,3616.99,10,3255.29
OI00079789,O0016603,P00036,2,4981.99,0,9963.98
OI00079790,O0016603,P00492,3,17453.99,15,44507.67
OI00079791,O0016603,P00398,4,4575.99,0,18303.96
OI00079792,O0016603,P00225,2,5874.99,5,11162.48
OI00079793,O0016603,P00492,2,17453.99,0,34907.98
OI00079794,O0016604,P00120,1,16489.99,0,16489.99
OI00079795,O0016604,P00153,2,21010.99,5,39920.88
OI00079796,O0016604,P00377,1,1698.99,0,1698.99
OI00079797,O0016605,P00365,3,54.99,0,164.97
OI00079798,O0016606,P00446,2,11151.99,10,20073.58
OI00079799,O0016606,P00269,2,11902.99,0,23805.98
OI00079800,O0016606,P00068,2,9365.99,0,18731.98
OI00079801,O0016606,P00121,1,16626.99,10,14964.29
OI00079802,O0016607,P00125,3,17174.99,10,46372.47
OI00079803,O0016607,P00141,1,19366.99,10,17430.29
OI00079804,O0016607,P00144,3,19777.99,0,59333.97
OI00079805,O0016607,P00170,2,23339.99,0,46679.98
OI00079806,O0016608,P00250,2,9299.99,10,16739.98
OI00079807,O0016608,P00294,2,15327.99,0,30655.98
OI00079808,O0016609,P00362,3,24643.99,0,73931.97
OI00079809,O0016609,P00150,3,20599.99,0,61799.97
OI00079810,O0016609,P00234,4,7107.99,5,27010.36
OI00079811,O0016609,P00231,2,6696.99,0,13393.98
OI00079812,O0016609,P00062,1,8543.99,10,7689.59
OI00079813,O0016610,P00494,1,17727.99,0,17727.99
OI00079814,O0016610,P00304,4,16697.99,0,66791.96
OI00079815,O0016610,P00309,4,17382.99,15,59102.17
OI00079816,O0016610,P00133,2,18270.99,0,36541.98
OI00079817,O0016611,P00369,1,602.99,10,542.69
OI00079818,O0016611,P00460,1,13069.99,10,11762.99
OI00079819,O0016611,P00230,3,6559.99,0,19679.97
OI00079820,O0016612,P00203,2,2860.99,0,5721.98
OI00079821,O0016613,P00424,3,8137.99,0,24413.97
OI00079822,O0016613,P00124,1,17037.99,15,14482.29
OI00079823,O0016613,P00011,4,1556.99,0,6227.96
OI00079824,O0016613,P00136,4,18681.99,10,67255.16
OI00079825,O0016613,P00338,4,21355.99,0,85423.96
OI00079826,O0016614,P00278,2,13135.99,0,26271.98
OI00079827,O0016614,P00270,1,12039.99,15,10233.99
OI00079828,O0016615,P00136,1,18681.99,15,15879.69
OI00079829,O0016615,P00130,4,17859.99,0,71439.96
OI00079830,O0016615,P00370,4,739.99,0,2959.96
OI00079831,O0016615,P00336,1,21081.99,15,17919.69
OI00079832,O0016616,P00487,2,16768.99,5,31861.08
OI00079833,O0016616,P00476,3,15261.99,0,45785.97
OI00079834,O0016616,P00396,3,4301.99,0,12905.97
OI00079835,O0016616,P00036,2,4981.99,10,8967.58
OI00079836,O0016617,P00016,2,2241.99,15,3811.38
OI00079837,O0016617,P00482,2,16083.99,5,30559.58
OI00079838,O0016617,P00028,1,3885.99,5,3691.69
OI00079839,O0016617,P00493,3,17590.99,15,44857.02
OI00079840,O0016617,P00195,3,1764.99,0,5294.97
OI00079841,O0016618,P00106,3,14571.99,15,37158.57
OI00079842,O0016618,P00403,3,5260.99,0,15782.97
OI00079843,O0016618,P00409,3,6082.99,10,16424.07
OI00079844,O0016618,P00452,4,11973.99,0,47895.96
OI00079845,O0016618,P00270,2,12039.99,0,24079.98
OI00079846,O0016619,P00395,2,4164.99,0,8329.98
OI00079847,O0016619,P00384,4,2657.99,0,10631.96
OI00079848,O0016619,P00453,4,12110.99,0,48443.96
OI00079849,O0016619,P00111,2,15256.99,0,30513.98
OI00079850,O0016619,P00282,4,13683.99,0,54735.96
OI00079851,O0016620,P00047,4,6488.99,10,23360.36
OI00079852,O0016620,P00355,4,23684.99,0,94739.96
OI00079853,O0016620,P00062,1,8543.99,15,7262.39
OI00079854,O0016620,P00313,1,17930.99,15,15241.34
OI00079855,O0016620,P00306,1,16971.99,10,15274.79
OI00079856,O0016621,P00177,1,24298.99,0,24298.99
OI00079857,O0016621,P00367,1,328.99,10,296.09
OI00079858,O0016622,P00272,4,12313.99,5,46793.16
OI00079859,O0016622,P00265,4,11354.99,10,40877.96
OI00079860,O0016622,P00489,1,17042.99,0,17042.99
OI00079861,O0016623,P00331,1,20396.99,5,19377.14
OI00079862,O0016623,P00046,3,6351.99,0,19055.97
OI00079863,O0016623,P00333,4,20670.99,0,82683.96
OI00079864,O0016624,P00120,1,16489.99,10,14840.99
OI00079865,O0016624,P00461,4,13206.99,0,52827.96
OI00079866,O0016624,P00448,3,11425.99,0,34277.97
OI00079867,O0016624,P00192,1,1353.99,10,1218.59
OI00079868,O0016624,P00055,3,7584.99,10,20479.47
OI00079869,O0016625,P00047,3,6488.99,0,19466.97
OI00079870,O0016625,P00362,4,24643.99,5,93647.16
OI00079871,O0016625,P00206,2,3271.99,0,6543.98
OI00079872,O0016626,P00094,3,12927.99,0,38783.97
OI00079873,O0016626,P00268,4,11765.99,15,40004.37
OI00079874,O0016626,P00273,4,12450.99,5,47313.76
OI00079875,O0016627,P00235,4,7244.99,0,28979.96
OI00079876,O0016627,P00500,4,18549.99,0,74199.96
OI00079877,O0016627,P00331,4,20396.99,10,73429.16
OI00079878,O0016627,P00212,4,4093.99,0,16375.96
OI00079879,O0016628,P00455,3,12384.99,15,31581.72
OI00079880,O0016628,P00196,2,1901.99,15,3233.38
OI00079881,O0016629,P00147,4,20188.99,0,80755.96
OI00079882,O0016629,P00196,3,1901.99,0,5705.97
OI00079883,O0016630,P00379,2,1972.99,0,3945.98
OI00079884,O0016630,P00007,3,1008.99,10,2724.27
OI00079885,O0016630,P00472,3,14713.99,0,44141.97
OI00079886,O0016631,P00143,1,19640.99,0,19640.99
OI00079887,O0016631,P00150,2,20599.99,0,41199.98
OI00079888,O0016631,P00446,3,11151.99,5,31783.17
OI00079889,O0016631,P00252,4,9573.99,0,38295.96
OI00079890,O0016631,P00048,4,6625.99,0,26503.96
OI00079891,O0016632,P00345,1,22314.99,0,22314.99
OI00079892,O0016632,P00046,4,6351.99,0,25407.96
OI00079893,O0016632,P00423,4,8000.99,0,32003.96
OI00079894,O0016632,P00039,3,5392.99,0,16178.97
OI00079895,O0016632,P00482,4,16083.99,15,54685.57
OI00079896,O0016633,P00140,3,19229.99,10,51920.97
OI00079897,O0016633,P00464,1,13617.99,10,12256.19
OI00079898,O0016633,P00028,1,3885.99,10,3497.39
OI00079899,O0016634,P00119,4,16352.99,0,65411.96
OI00079900,O0016634,P00127,3,17448.99,10,47112.27
OI00079901,O0016635,P00049,2,6762.99,15,11497.08
OI00079902,O0016635,P00334,1,20807.99,0,20807.99
OI00079903,O0016636,P00284,3,13957.99,10,37686.57
OI00079904,O0016636,P00293,2,15190.99,0,30381.98
OI00079905,O0016637,P00053,4,7310.99,0,29243.96
OI00079906,O0016637,P00374,2,1287.99,0,2575.98
OI00079907,O0016637,P00216,4,4641.99,15,15782.77
OI00079908,O0016637,P00274,4,12587.99,0,50351.96
OI00079909,O0016638,P00067,4,9228.99,0,36915.96
OI00079910,O0016638,P00130,1,17859.99,0,17859.99
OI00079911,O0016638,P00464,2,13617.99,5,25874.18
OI00079912,O0016638,P00434,2,9507.99,10,17114.38
OI00079913,O0016639,P00091,2,12516.99,5,23782.28
OI00079914,O0016639,P00326,2,19711.99,0,39423.98
OI00079915,O0016640,P00194,1,1627.99,10,1465.19
OI00079916,O0016640,P00065,2,8954.99,0,17909.98
OI00079917,O0016641,P00280,1,13409.99,0,13409.99
OI00079918,O0016641,P00313,1,17930.99,0,17930.99
OI00079919,O0016642,P00429,3,8822.99,0,26468.97
OI00079920,O0016643,P00030,2,4159.99,0,8319.98
OI00079921,O0016643,P00369,2,602.99,10,1085.38
OI00079922,O0016643,P00391,2,3616.99,0,7233.98
OI00079923,O0016644,P00241,2,8066.99,0,16133.98
OI00079924,O0016644,P00223,1,5600.99,0,5600.99
OI00079925,O0016645,P00454,3,12247.99,0,36743.97
OI00079926,O0016646,P00239,2,7792.99,0,15585.98
OI00079927,O0016646,P00348,2,22725.99,0,45451.98
OI00079928,O0016646,P00173,4,23750.99,15,80753.37
OI00079929,O0016646,P00056,3,7721.99,15,19691.07
OI00079930,O0016646,P00452,2,11973.99,0,23947.98
OI00079931,O0016647,P00161,1,22106.99,15,18790.94
OI00079932,O0016647,P00186,3,531.99,5,1516.17
OI00079933,O0016647,P00487,4,16768.99,5,63722.16
OI00079934,O0016648,P00125,3,17174.99,15,43796.22
OI00079935,O0016649,P00334,4,20807.99,15,70747.17
OI00079936,O0016649,P00493,2,17590.99,0,35181.98
OI00079937,O0016649,P00466,2,13891.99,0,27783.98
OI00079938,O0016649,P00376,1,1561.99,10,1405.79
OI00079939,O0016650,P00396,4,4301.99,0,17207.96
OI00079940,O0016651,P00259,4,10532.99,0,42131.96
OI00079941,O0016651,P00083,1,11420.99,0,11420.99
OI00079942,O0016651,P00470,1,14439.99,0,14439.99
OI00079943,O0016651,P00055,2,7584.99,15,12894.48
OI00079944,O0016651,P00263,3,11080.99,0,33242.97
OI00079945,O0016652,P00221,4,5326.99,0,21307.96
OI00079946,O0016652,P00086,3,11831.99,0,35495.97
OI00079947,O0016652,P00167,4,22928.99,0,91715.96
OI00079948,O0016653,P00132,4,18133.99,0,72535.96
OI00079949,O0016653,P00189,4,942.99,5,3583.36
OI00079950,O0016653,P00145,1,19914.99,0,19914.99
OI00079951,O0016653,P00423,1,8000.99,0,8000.99
OI00079952,O0016653,P00394,1,4027.99,15,3423.79
OI00079953,O0016654,P00152,1,20873.99,15,17742.89
OI00079954,O0016654,P00388,2,3205.99,0,6411.98
OI00079955,O0016654,P00032,3,4433.99,0,13301.97
OI00079956,O0016654,P00424,4,8137.99,0,32551.96
OI00079957,O0016654,P00117,1,16078.99,15,13667.14
OI00079958,O0016655,P00345,1,22314.99,0,22314.99
OI00079959,O0016655,P00196,3,1901.99,0,5705.97
OI00079960,O0016655,P00389,2,3342.99,0,6685.98
OI00079961,O0016655,P00185,1,394.99,0,394.99
OI00079962,O0016656,P00052,1,7173.99,15,6097.89
OI00079963,O0016656,P00343,2,22040.99,10,39673.78
OI00079964,O0016657,P00266,1,11491.99,0,11491.99
OI00079965,O0016657,P00144,1,19777.99,0,19777.99
OI00079966,O0016658,P00252,1,9573.99,0,9573.99
OI00079967,O0016659,P00354,4,23547.99,15,80063.17
OI00079968,O0016660,P00092,3,12653.99,0,37961.97
OI00079969,O0016660,P00428,1,8685.99,0,8685.99
OI00079970,O0016660,P00418,3,7315.99,15,18655.77
OI00079971,O0016660,P00448,1,11425.99,0,11425.99
OI00079972,O0016661,P00312,1,17793.99,10,16014.59
OI00079973,O0016661,P00415,3,6904.99,5,19679.22
OI00079974,O0016661,P00150,4,20599.99,10,74159.96
OI00079975,O0016661,P00392,4,3753.99,0,15015.96
OI00079976,O0016662,P00058,3,7995.99,0,23987.97
OI00079977,O0016662,P00434,3,9507.99,0,28523.97
OI00079978,O0016662,P00164,2,22517.99,0,45035.98
OI00079979,O0016663,P00301,2,16286.99,0,32573.98
OI00079980,O0016663,P00156,3,21421.99,0,64265.97
OI00079981,O0016663,P00261,2,10806.99,0,21613.98
OI00079982,O0016663,P00230,1,6559.99,0,6559.99
OI00079983,O0016664,P00222,2,5463.99,10,9835.18
OI00079984,O0016664,P00251,2,9436.99,10,16986.58
OI00079985,O0016664,P00239,4,7792.99,0,31171.96
OI00079986,O0016664,P00062,4,8543.99,15,29049.57
OI00079987,O0016664,P00308,4,17245.99,10,62085.56
OI00079988,O0016665,P00129,3,17722.99,5,50510.52
OI00079989,O0016665,P00469,2,14302.99,5,27175.68
OI00079990,O0016666,P00065,4,8954.99,0,35819.96
OI00079991,O0016666,P00211,2,3956.99,0,7913.98
OI00079992,O0016666,P00132,4,18133.99,0,72535.96
OI00079993,O0016666,P00005,2,734.99,0,1469.98
OI00079994,O0016666,P00320,2,18889.99,5,35890.98
OI00079995,O0016667,P00425,1,8274.99,0,8274.99
OI00079996,O0016667,P00074,4,10187.99,0,40751.96
OI00079997,O0016668,P00124,2,17037.99,0,34075.98
OI00079998,O0016668,P00207,3,3408.99,5,9715.62
OI00079999,O0016668,P00427,3,8548.99,0,25646.97
OI00080000,O0016668,P00194,3,1627.99,0,4883.97
OI00080001,O0016669,P00186,4,531.99,10,1915.16
OI00080002,O0016669,P00202,4,2723.99,0,10895.96
OI00080003,O0016669,P00257,4,10258.99,15,34880.57
OI00080004,O0016669,P00280,1,13409.99,15,11398.49
OI00080005,O0016670,P00063,3,8680.99,0,26042.97
OI00080006,O0016670,P00352,1,23273.99,0,23273.99
OI00080007,O0016670,P00245,3,8614.99,0,25844.97
OI00080008,O0016670,P00051,4,7036.99,10,25333.16
OI00080009,O0016670,P00432,1,9233.99,5,8772.29
OI00080010,O0016671,P00486,4,16631.99,15,56548.77
OI00080011,O0016671,P00018,3,2515.99,10,6793.17
OI00080012,O0016671,P00226,2,6011.99,15,10220.38
OI00080013,O0016672,P00343,4,22040.99,0,88163.96
OI00080014,O0016672,P00090,3,12379.99,0,37139.97
OI00080015,O0016673,P00143,3,19640.99,5,55976.82
OI00080016,O0016673,P00470,4,14439.99,0,57759.96
OI00080017,O0016673,P00487,3,16768.99,0,50306.97
OI00080018,O0016673,P00069,1,9502.99,15,8077.54
OI00080019,O0016673,P00438,2,10055.99,0,20111.98
OI00080020,O0016674,P00171,1,23476.99,0,23476.99
OI00080021,O0016674,P00310,2,17519.99,0,35039.98
OI00080022,O0016674,P00324,2,19437.99,10,34988.38
OI00080023,O0016675,P00198,4,2175.99,0,8703.96
OI00080024,O0016675,P00273,3,12450.99,10,33617.67
OI00080025,O0016676,P00375,2,1424.99,10,2564.98
OI00080026,O0016676,P00180,2,24709.99,0,49419.98
OI00080027,O0016676,P00065,2,8954.99,0,17909.98
OI00080028,O0016676,P00294,3,15327.99,0,45983.97
OI00080029,O0016677,P00203,3,2860.99,15,7295.52
OI00080030,O0016677,P00379,1,1972.99,5,1874.34
OI00080031,O0016678,P00152,4,20873.99,0,83495.96
OI00080032,O0016678,P00152,4,20873.99,10,75146.36
OI00080033,O0016678,P00135,4,18544.99,0,74179.96
OI00080034,O0016678,P00158,2,21695.99,15,36883.18
OI00080035,O0016679,P00265,2,11354.99,0,22709.98
OI00080036,O0016680,P00317,4,18478.99,0,73915.96
OI00080037,O0016681,P00038,2,5255.99,0,10511.98
OI00080038,O0016681,P00003,4,460.99,0,1843.96
OI00080039,O0016681,P00195,1,1764.99,0,1764.99
OI00080040,O0016682,P00227,2,6148.99,5,11683.08
OI00080041,O0016682,P00363,4,24780.99,5,94167.76
OI00080042,O0016682,P00306,2,16971.99,10,30549.58
OI00080043,O0016682,P00318,2,18615.99,10,33508.78
OI00080044,O0016683,P00299,4,16012.99,15,54444.17
OI00080045,O0016684,P00036,1,4981.99,0,4981.99
OI00080046,O0016684,P00321,4,19026.99,0,76107.96
OI00080047,O0016684,P00249,1,9162.99,10,8246.69
OI00080048,O0016684,P00156,3,21421.99,10,57839.37
OI00080049,O0016685,P00364,4,24917.99,10,89704.76
OI00080050,O0016685,P00129,2,17722.99,0,35445.98
OI00080051,O0016686,P00005,3,734.99,0,2204.97
OI00080052,O0016686,P00175,3,24024.99,0,72074.97
OI00080053,O0016687,P00360,1,24369.99,10,21932.99
OI00080054,O0016687,P00419,1,7452.99,15,6335.04
OI00080055,O0016687,P00469,4,14302.99,10,51490.76
OI00080056,O0016688,P00010,4,1419.99,0,5679.96
OI00080057,O0016688,P00048,2,6625.99,0,13251.98
OI00080058,O0016688,P00478,4,15535.99,10,55929.56
OI00080059,O0016688,P00294,1,15327.99,0,15327.99
OI00080060,O0016688,P00240,1,7929.99,0,7929.99
OI00080061,O0016689,P00145,2,19914.99,15,33855.48
OI00080062,O0016689,P00182,2,24983.99,5,47469.58
OI00080063,O0016690,P00424,1,8137.99,5,7731.09
OI00080064,O0016690,P00262,4,10943.99,15,37209.57
OI00080065,O0016690,P00432,1,9233.99,10,8310.59
OI00080066,O0016690,P00484,1,16357.99,15,13904.29
OI00080067,O0016690,P00197,1,2038.99,10,1835.09
OI00080068,O0016691,P00470,3,14439.99,5,41153.97
OI00080069,O0016691,P00490,4,17179.99,0,68719.96
OI00080070,O0016691,P00035,4,4844.99,10,17441.96
OI00080071,O0016691,P00165,1,22654.99,15,19256.74
OI00080072,O0016692,P00329,4,20122.99,0,80491.96
OI00080073,O0016692,P00059,1,8132.99,10,7319.69
OI00080074,O0016693,P00133,1,18270.99,0,18270.99
OI00080075,O0016694,P00418,4,7315.99,10,26337.56
OI00080076,O0016694,P00028,3,3885.99,0,11657.97
OI00080077,O0016694,P00103,3,14160.99,15,36110.52
OI00080078,O0016694,P00185,3,394.99,5,1125.72
OI00080079,O0016694,P00077,2,10598.99,5,20138.08
OI00080080,O0016695,P00233,1,6970.99,0,6970.99
OI00080081,O0016695,P00068,4,9365.99,0,37463.96
OI00080082,O0016695,P00466,4,13891.99,5,52789.56
OI00080083,O0016696,P00484,1,16357.99,0,16357.99
OI00080084,O0016696,P00349,1,22862.99,5,21719.84
OI00080085,O0016696,P00426,3,8411.99,0,25235.97
OI00080086,O0016697,P00207,1,3408.99,0,3408.99
OI00080087,O0016697,P00150,2,20599.99,0,41199.98
OI00080088,O0016698,P00095,4,13064.99,0,52259.96
OI00080089,O0016698,P00364,3,24917.99,5,71016.27
OI00080090,O0016698,P00042,1,5803.99,0,5803.99
OI00080091,O0016698,P00233,3,6970.99,0,20912.97
OI00080092,O0016699,P00361,1,24506.99,15,20830.94
OI00080093,O0016699,P00320,3,18889.99,5,53836.47
OI00080094,O0016700,P00238,3,7655.99,0,22967.97
OI00080095,O0016700,P00168,4,23065.99,10,83037.56
OI00080096,O0016701,P00199,2,2312.99,5,4394.68
OI00080097,O0016701,P00494,4,17727.99,15,60275.17
OI00080098,O0016701,P00015,2,2104.99,15,3578.48
OI00080099,O0016701,P00272,2,12313.99,0,24627.98
OI00080100,O0016702,P00209,4,3682.99,0,14731.96
OI00080101,O0016702,P00227,2,6148.99,15,10453.28
OI00080102,O0016702,P00447,1,11288.99,0,11288.99
OI00080103,O0016702,P00406,2,5671.99,15,9642.38
OI00080104,O0016703,P00210,2,3819.99,0,7639.98
OI00080105,O0016703,P00257,3,10258.99,5,29238.12
OI00080106,O0016703,P00166,3,22791.99,0,68375.97
OI00080107,O0016703,P00421,3,7726.99,0,23180.97
OI00080108,O0016703,P00212,1,4093.99,0,4093.99
OI00080109,O0016704,P00149,4,20462.99,0,81851.96
OI00080110,O0016704,P00470,4,14439.99,0,57759.96
OI00080111,O0016705,P00382,4,2383.99,5,9059.16
OI00080112,O0016705,P00206,3,3271.99,0,9815.97
OI00080113,O0016706,P00297,3,15738.99,0,47216.97
OI00080114,O0016706,P00092,2,12653.99,5,24042.58
OI00080115,O0016706,P00360,4,24369.99,0,97479.96
OI00080116,O0016707,P00309,1,17382.99,0,17382.99
OI00080117,O0016707,P00179,3,24572.99,15,62661.12
OI00080118,O0016707,P00175,2,24024.99,0,48049.98
OI00080119,O0016708,P00181,1,24846.99,5,23604.64
OI00080120,O0016708,P00456,4,12521.99,0,50087.96
OI00080121,O0016708,P00397,3,4438.99,15,11319.42
OI00080122,O0016708,P00381,2,2246.99,0,4493.98
OI00080123,O0016709,P00299,2,16012.99,0,32025.98
OI00080124,O0016710,P00329,2,20122.99,0,40245.98
OI00080125,O0016710,P00146,4,20051.99,0,80207.96
OI00080126,O0016710,P00376,4,1561.99,10,5623.16
OI00080127,O0016711,P00263,2,11080.99,5,21053.88
OI00080128,O0016711,P00160,4,21969.99,0,87879.96
OI00080129,O0016711,P00074,4,10187.99,10,36676.76
OI00080130,O0016711,P00154,2,21147.99,10,38066.38
OI00080131,O0016712,P00023,3,3200.99,15,8162.52
OI00080132,O0016713,P00293,4,15190.99,10,54687.56
OI00080133,O0016713,P00366,3,191.99,15,489.57
OI00080134,O0016713,P00351,4,23136.99,15,78665.77
OI00080135,O0016714,P00414,3,6767.99,0,20303.97
OI00080136,O0016714,P00014,1,1967.99,0,1967.99
OI00080137,O0016715,P00070,2,9639.99,0,19279.98
OI00080138,O0016715,P00454,1,12247.99,0,12247.99
OI00080139,O0016715,P00260,3,10669.99,10,28808.97
OI00080140,O0016715,P00127,2,17448.99,0,34897.98
OI00080141,O0016715,P00402,1,5123.99,0,5123.99
OI00080142,O0016716,P00244,2,8477.99,5,16108.18
OI00080143,O0016716,P00453,3,12110.99,5,34516.32
OI00080144,O0016716,P00031,1,4296.99,10,3867.29
OI00080145,O0016717,P00220,3,5189.99,5,14791.47
OI00080146,O0016717,P00099,4,13612.99,5,51729.36
OI00080147,O0016717,P00122,3,16763.99,0,50291.97
OI00080148,O0016717,P00237,3,7518.99,0,22556.97
OI00080149,O0016717,P00259,2,10532.99,10,18959.38
OI00080150,O0016718,P00191,1,1216.99,0,1216.99
OI00080151,O0016718,P00174,2,23887.99,0,47775.98
OI00080152,O0016718,P00339,4,21492.99,15,73076.17
OI00080153,O0016719,P00376,3,1561.99,15,3983.07
OI00080154,O0016719,P00308,2,17245.99,15,29318.18
OI00080155,O0016719,P00498,3,18275.99,0,54827.97
OI00080156,O0016719,P00345,4,22314.99,15,75870.97
OI00080157,O0016720,P00134,1,18407.99,15,15646.79
OI00080158,O0016720,P00178,2,24435.99,0,48871.98
OI00080159,O0016720,P00421,3,7726.99,0,23180.97
OI00080160,O0016721,P00205,2,3134.99,10,5642.98
OI00080161,O0016721,P00322,2,19163.99,5,36411.58
OI00080162,O0016721,P00296,2,15601.99,0,31203.98
OI00080163,O0016721,P00432,2,9233.99,15,15697.78
OI00080164,O0016721,P00041,2,5666.99,0,11333.98
OI00080165,O0016722,P00036,4,4981.99,10,17935.16
OI00080166,O0016722,P00024,2,3337.99,5,6342.18
OI00080167,O0016722,P00391,1,3616.99,10,3255.29
OI00080168,O0016722,P00205,4,3134.99,0,12539.96
OI00080169,O0016722,P00005,2,734.99,10,1322.98
OI00080170,O0016723,P00217,2,4778.99,0,9557.98
OI00080171,O0016724,P00202,2,2723.99,5,5175.58
OI00080172,O0016725,P00310,2,17519.99,10,31535.98
OI00080173,O0016726,P00185,4,394.99,0,1579.96
OI00080174,O0016726,P00401,1,4986.99,15,4238.94
OI00080175,O0016726,P00312,4,17793.99,15,60499.57
OI00080176,O0016726,P00112,4,15393.99,5,58497.16
OI00080177,O0016726,P00271,2,12176.99,5,23136.28
OI00080178,O0016727,P00095,4,13064.99,15,44420.97
OI00080179,O0016727,P00492,2,17453.99,15,29671.78
OI00080180,O0016727,P00418,3,7315.99,0,21947.97
OI00080181,O0016728,P00184,4,257.99,5,980.36
OI00080182,O0016728,P00299,3,16012.99,15,40833.12
OI00080183,O0016728,P00240,1,7929.99,0,7929.99
OI00080184,O0016728,P00042,3,5803.99,15,14800.17
OI00080185,O0016729,P00052,3,7173.99,0,21521.97
OI00080186,O0016729,P00484,2,16357.99,5,31080.18
OI00080187,O0016730,P00394,1,4027.99,15,3423.79
OI00080188,O0016730,P00228,3,6285.99,5,17915.07
OI00080189,O0016730,P00402,4,5123.99,5,19471.16
OI00080190,O0016731,P00307,4,17108.99,0,68435.96
OI00080191,O0016732,P00226,4,6011.99,0,24047.96
OI00080192,O0016732,P00136,4,18681.99,10,67255.16
OI00080193,O0016732,P00337,1,21218.99,0,21218.99
OI00080194,O0016733,P00141,3,19366.99,0,58100.97
OI00080195,O0016733,P00155,3,21284.99,0,63854.97
OI00080196,O0016733,P00269,4,11902.99,0,47611.96
OI00080197,O0016733,P00425,4,8274.99,0,33099.96
OI00080198,O0016733,P00111,2,15256.99,0,30513.98
OI00080199,O0016734,P00316,4,18341.99,0,73367.96
OI00080200,O0016735,P00416,4,7041.99,0,28167.96
OI00080201,O0016736,P00411,3,6356.99,0,19070.97
OI00080202,O0016736,P00417,2,7178.99,0,14357.98
OI00080203,O0016736,P00191,1,1216.99,10,1095.29
OI00080204,O0016736,P00328,1,19985.99,0,19985.99
OI00080205,O0016737,P00243,3,8340.99,15,21269.52
OI00080206,O0016738,P00062,3,8543.99,0,25631.97
OI00080207,O0016738,P00093,2,12790.99,0,25581.98
OI00080208,O0016738,P00115,1,15804.99,0,15804.99
OI00080209,O0016738,P00251,2,9436.99,0,18873.98
OI00080210,O0016738,P00411,4,6356.99,5,24156.56
OI00080211,O0016739,P00266,1,11491.99,5,10917.39
OI00080212,O0016739,P00276,1,12861.99,5,12218.89
OI00080213,O0016740,P00396,3,4301.99,0,12905.97
OI00080214,O0016740,P00469,3,14302.99,10,38618.07
OI00080215,O0016740,P00382,4,2383.99,15,8105.57
OI00080216,O0016741,P00330,4,20259.99,5,76987.96
OI00080217,O0016741,P00241,1,8066.99,0,8066.99
OI00080218,O0016741,P00455,3,12384.99,0,37154.97
OI00080219,O0016741,P00314,3,18067.99,0,54203.97
OI00080220,O0016741,P00500,4,18549.99,0,74199.96
OI00080221,O0016742,P00369,4,602.99,0,2411.96
OI00080222,O0016742,P00060,1,8269.99,0,8269.99
OI00080223,O0016742,P00068,2,9365.99,0,18731.98
OI00080224,O0016743,P00303,4,16560.99,0,66243.96
OI00080225,O0016743,P00153,1,21010.99,0,21010.99
OI00080226,O0016744,P00289,4,14642.99,0,58571.96
OI00080227,O0016744,P00294,4,15327.99,15,52115.17
OI00080228,O0016745,P00130,3,17859.99,5,50900.97
OI00080229,O0016746,P00126,1,17311.99,15,14715.19
OI00080230,O0016747,P00060,3,8269.99,15,21088.47
OI00080231,O0016747,P00480,2,15809.99,5,30038.98
OI00080232,O0016747,P00436,4,9781.99,0,39127.96
OI00080233,O0016748,P00113,3,15530.99,0,46592.97
OI00080234,O0016748,P00135,1,18544.99,5,17617.74
OI00080235,O0016748,P00430,3,8959.99,0,26879.97
OI00080236,O0016748,P00014,2,1967.99,0,3935.98
OI00080237,O0016748,P00188,4,805.99,10,2901.56
OI00080238,O0016749,P00001,2,186.99,0,373.98
OI00080239,O0016749,P00028,3,3885.99,0,11657.97
OI00080240,O0016749,P00050,1,6899.99,0,6899.99
OI00080241,O0016749,P00225,1,5874.99,0,5874.99
OI00080242,O0016750,P00123,1,16900.99,0,16900.99
OI00080243,O0016750,P00392,4,3753.99,0,15015.96
OI00080244,O0016750,P00158,3,21695.99,10,58579.17
OI00080245,O0016750,P00021,1,2926.99,0,2926.99
OI00080246,O0016751,P00180,4,24709.99,0,98839.96
OI00080247,O0016751,P00181,2,24846.99,0,49693.98
OI00080248,O0016752,P00214,1,4367.99,15,3712.79
OI00080249,O0016752,P00165,2,22654.99,0,45309.98
OI00080250,O0016752,P00016,3,2241.99,10,6053.37
OI00080251,O0016753,P00334,1,20807.99,0,20807.99
OI00080252,O0016753,P00304,1,16697.99,10,15028.19
OI00080253,O0016753,P00018,4,2515.99,0,10063.96
OI00080254,O0016754,P00015,1,2104.99,0,2104.99
OI00080255,O0016754,P00479,4,15672.99,5,59557.36
OI00080256,O0016755,P00233,2,6970.99,0,13941.98
OI00080257,O0016755,P00428,3,8685.99,15,22149.27
OI00080258,O0016755,P00298,1,15875.99,15,13494.59
OI00080259,O0016755,P00261,3,10806.99,0,32420.97
OI00080260,O0016756,P00054,2,7447.99,15,12661.58
OI00080261,O0016756,P00455,1,12384.99,10,11146.49
OI00080262,O0016756,P00408,2,5945.99,0,11891.98
OI00080263,O0016756,P00332,1,20533.99,0,20533.99
OI00080264,O0016756,P00273,2,12450.99,0,24901.98
OI00080265,O0016757,P00202,1,2723.99,10,2451.59
OI00080266,O0016757,P00460,1,13069.99,0,13069.99
OI00080267,O0016757,P00458,2,12795.99,0,25591.98
OI00080268,O0016758,P00007,4,1008.99,0,4035.96
OI00080269,O0016758,P00400,3,4849.99,15,12367.47
OI00080270,O0016759,P00379,1,1972.99,0,1972.99
OI00080271,O0016759,P00171,4,23476.99,0,93907.96
OI00080272,O0016759,P00010,3,1419.99,0,4259.97
OI00080273,O0016760,P00058,2,7995.99,0,15991.98
OI00080274,O0016760,P00265,4,11354.99,0,45419.96
OI00080275,O0016760,P00001,2,186.99,10,336.58
OI00080276,O0016760,P00260,1,10669.99,0,10669.99
OI00080277,O0016761,P00023,3,3200.99,0,9602.97
OI00080278,O0016761,P00403,3,5260.99,15,13415.52
OI00080279,O0016761,P00342,2,21903.99,0,43807.98
OI00080280,O0016761,P00461,1,13206.99,15,11225.94
OI00080281,O0016761,P00192,1,1353.99,15,1150.89
OI00080282,O0016762,P00200,4,2449.99,10,8819.96
OI00080283,O0016762,P00492,1,17453.99,0,17453.99
OI00080284,O0016762,P00050,4,6899.99,0,27599.96
OI00080285,O0016763,P00465,4,13754.99,15,46766.97
OI00080286,O0016764,P00014,1,1967.99,0,1967.99
OI00080287,O0016764,P00093,3,12790.99,5,36454.32
OI00080288,O0016765,P00266,4,11491.99,0,45967.96
OI00080289,O0016765,P00064,2,8817.99,5,16754.18
OI00080290,O0016766,P00326,4,19711.99,0,78847.96
OI00080291,O0016766,P00479,1,15672.99,5,14889.34
OI00080292,O0016766,P00493,4,17590.99,0,70363.96
OI00080293,O0016767,P00045,1,6214.99,0,6214.99
OI00080294,O0016767,P00022,4,3063.99,0,12255.96
OI00080295,O0016767,P00071,3,9776.99,5,27864.42
OI00080296,O0016768,P00387,1,3068.99,15,2608.64
OI00080297,O0016768,P00367,2,328.99,10,592.18
OI00080298,O0016768,P00029,4,4022.99,5,15287.36
OI00080299,O0016768,P00039,4,5392.99,10,19414.76
OI00080300,O0016769,P00231,3,6696.99,0,20090.97
OI00080301,O0016770,P00117,1,16078.99,0,16078.99
OI00080302,O0016771,P00023,3,3200.99,0,9602.97
OI00080303,O0016771,P00134,3,18407.99,0,55223.97
OI00080304,O0016771,P00270,4,12039.99,0,48159.96
OI00080305,O0016771,P00289,1,14642.99,0,14642.99
OI00080306,O0016772,P00165,2,22654.99,0,45309.98
OI00080307,O0016772,P00233,3,6970.99,0,20912.97
OI00080308,O0016772,P00469,3,14302.99,0,42908.97
OI00080309,O0016772,P00095,4,13064.99,0,52259.96
OI00080310,O0016772,P00147,4,20188.99,0,80755.96
OI00080311,O0016773,P00392,1,3753.99,0,3753.99
OI00080312,O0016774,P00389,3,3342.99,0,10028.97
OI00080313,O0016774,P00124,2,17037.99,5,32372.18
OI00080314,O0016774,P00223,2,5600.99,0,11201.98
OI00080315,O0016774,P00260,2,10669.99,15,18138.98
OI00080316,O0016774,P00189,2,942.99,5,1791.68
OI00080317,O0016775,P00308,4,17245.99,0,68983.96
OI00080318,O0016775,P00412,2,6493.99,5,12338.58
OI00080319,O0016775,P00298,2,15875.99,15,26989.18
OI00080320,O0016776,P00047,4,6488.99,15,22062.57
OI00080321,O0016776,P00135,2,18544.99,5,35235.48
OI00080322,O0016776,P00202,2,2723.99,0,5447.98
OI00080323,O0016776,P00049,2,6762.99,0,13525.98
OI00080324,O0016776,P00020,4,2789.99,5,10601.96
OI00080325,O0016777,P00133,1,18270.99,0,18270.99
OI00080326,O0016777,P00167,1,22928.99,0,22928.99
OI00080327,O0016777,P00360,3,24369.99,10,65798.97
OI00080328,O0016777,P00445,4,11014.99,0,44059.96
OI00080329,O0016777,P00288,1,14505.99,10,13055.39
OI00080330,O0016778,P00040,1,5529.99,5,5253.49
OI00080331,O0016778,P00111,2,15256.99,10,27462.58
OI00080332,O0016778,P00488,3,16905.99,15,43110.27
OI00080333,O0016778,P00206,4,3271.99,10,11779.16
OI00080334,O0016778,P00190,3,1079.99,0,3239.97
OI00080335,O0016779,P00295,4,15464.99,0,61859.96
OI00080336,O0016780,P00414,1,6767.99,0,6767.99
OI00080337,O0016780,P00446,1,11151.99,15,9479.19
OI00080338,O0016780,P00343,2,22040.99,15,37469.68
OI00080339,O0016780,P00072,4,9913.99,10,35690.36
OI00080340,O0016781,P00168,3,23065.99,0,69197.97
OI00080341,O0016781,P00467,3,14028.99,0,42086.97
OI00080342,O0016782,P00367,3,328.99,5,937.62
OI00080343,O0016782,P00197,4,2038.99,0,8155.96
OI00080344,O0016783,P00282,4,13683.99,0,54735.96
OI00080345,O0016783,P00027,1,3748.99,15,3186.64
OI00080346,O0016784,P00500,2,18549.99,0,37099.98
OI00080347,O0016785,P00293,4,15190.99,10,54687.56
OI00080348,O0016786,P00148,1,20325.99,0,20325.99
OI00080349,O0016786,P00375,3,1424.99,15,3633.72
OI00080350,O0016787,P00256,4,10121.99,10,36439.16
OI00080351,O0016787,P00248,1,9025.99,0,9025.99
OI00080352,O0016788,P00434,4,9507.99,0,38031.96
OI00080353,O0016788,P00464,2,13617.99,5,25874.18
OI00080354,O0016789,P00235,4,7244.99,0,28979.96
OI00080355,O0016789,P00421,2,7726.99,0,15453.98
OI00080356,O0016789,P00442,4,10603.99,10,38174.36
OI00080357,O0016789,P00135,4,18544.99,10,66761.96
OI00080358,O0016789,P00180,1,24709.99,10,22238.99
OI00080359,O0016790,P00110,4,15119.99,15,51407.97
OI00080360,O0016790,P00087,2,11968.99,5,22741.08
OI00080361,O0016791,P00092,2,12653.99,5,24042.58
OI00080362,O0016791,P00302,2,16423.99,5,31205.58
OI00080363,O0016791,P00007,3,1008.99,15,2572.92
OI00080364,O0016791,P00461,4,13206.99,0,52827.96
OI00080365,O0016791,P00308,4,17245.99,15,58636.37
OI00080366,O0016792,P00277,3,12998.99,0,38996.97
OI00080367,O0016792,P00383,4,2520.99,0,10083.96
OI00080368,O0016792,P00162,3,22243.99,10,60058.77
OI00080369,O0016793,P00153,4,21010.99,10,75639.56
OI00080370,O0016793,P00161,1,22106.99,0,22106.99
OI00080371,O0016794,P00073,3,10050.99,0,30152.97
OI00080372,O0016794,P00392,1,3753.99,0,3753.99
OI00080373,O0016794,P00299,2,16012.99,0,32025.98
OI00080374,O0016794,P00022,2,3063.99,5,5821.58
OI00080375,O0016794,P00076,1,10461.99,0,10461.99
OI00080376,O0016795,P00227,1,6148.99,0,6148.99
OI00080377,O0016795,P00177,3,24298.99,0,72896.97
OI00080378,O0016796,P00202,2,2723.99,10,4903.18
OI00080379,O0016796,P00167,2,22928.99,0,45857.98
OI00080380,O0016797,P00499,1,18412.99,0,18412.99
OI00080381,O0016797,P00403,2,5260.99,5,9995.88
OI00080382,O0016797,P00343,1,22040.99,5,20938.94
OI00080383,O0016798,P00234,1,7107.99,15,6041.79
OI00080384,O0016798,P00456,2,12521.99,5,23791.78
OI00080385,O0016799,P00310,4,17519.99,10,63071.96
OI00080386,O0016799,P00431,1,9096.99,0,9096.99
OI00080387,O0016800,P00445,2,11014.99,0,22029.98
OI00080388,O0016800,P00402,3,5123.99,10,13834.77
OI00080389,O0016800,P00256,2,10121.99,15,17207.38
OI00080390,O0016800,P00491,1,17316.99,5,16451.14
OI00080391,O0016800,P00362,1,24643.99,0,24643.99
OI00080392,O0016801,P00351,2,23136.99,15,39332.88
OI00080393,O0016801,P00405,3,5534.99,0,16604.97
OI00080394,O0016801,P00108,4,14845.99,0,59383.96
OI00080395,O0016802,P00404,1,5397.99,0,5397.99
OI00080396,O0016802,P00200,3,2449.99,0,7349.97
OI00080397,O0016802,P00370,3,739.99,0,2219.97
OI00080398,O0016802,P00373,1,1150.99,0,1150.99
OI00080399,O0016803,P00168,1,23065.99,0,23065.99
OI00080400,O0016804,P00143,3,19640.99,0,58922.97
OI00080401,O0016804,P00167,1,22928.99,0,22928.99
OI00080402,O0016805,P00422,3,7863.99,0,23591.97
OI00080403,O0016806,P00393,3,3890.99,0,11672.97
OI00080404,O0016806,P00091,1,12516.99,0,12516.99
OI00080405,O0016806,P00301,1,16286.99,0,16286.99
OI00080406,O0016806,P00428,1,8685.99,0,8685.99
OI00080407,O0016807,P00022,2,3063.99,0,6127.98
OI00080408,O0016807,P00264,4,11217.99,0,44871.96
OI00080409,O0016808,P00041,4,5666.99,5,21534.56
OI00080410,O0016808,P00307,1,17108.99,0,17108.99
OI00080411,O0016809,P00242,2,8203.99,0,16407.98
OI00080412,O0016810,P00193,4,1490.99,5,5665.76
OI00080413,O0016810,P00479,2,15672.99,0,31345.98
OI00080414,O0016810,P00164,1,22517.99,0,22517.99
OI00080415,O0016811,P00110,3,15119.99,0,45359.97
OI00080416,O0016811,P00029,4,4022.99,0,16091.96
OI00080417,O0016811,P00154,3,21147.99,0,63443.97
OI00080418,O0016811,P00317,4,18478.99,0,73915.96
OI00080419,O0016812,P00413,1,6630.99,0,6630.99
OI00080420,O0016812,P00368,1,465.99,0,465.99
OI00080421,O0016813,P00377,2,1698.99,0,3397.98
OI00080422,O0016813,P00472,4,14713.99,0,58855.96
OI00080423,O0016814,P00024,2,3337.99,0,6675.98
OI00080424,O0016814,P00364,2,24917.99,0,49835.98
OI00080425,O0016815,P00018,3,2515.99,0,7547.97
OI00080426,O0016815,P00467,4,14028.99,5,53310.16
OI00080427,O0016815,P00101,3,13886.99,0,41660.97
OI00080428,O0016815,P00188,4,805.99,0,3223.96
OI00080429,O0016816,P00084,4,11557.99,0,46231.96
OI00080430,O0016816,P00091,1,12516.99,0,12516.99
OI00080431,O0016817,P00430,3,8959.99,0,26879.97
OI00080432,O0016817,P00162,2,22243.99,15,37814.78
OI00080433,O0016818,P00116,3,15941.99,5,45434.67
OI00080434,O0016818,P00291,3,14916.99,5,42513.42
OI00080435,O0016818,P00353,2,23410.99,0,46821.98
OI00080436,O0016818,P00257,2,10258.99,15,17440.28
OI00080437,O0016819,P00367,2,328.99,5,625.08
OI00080438,O0016820,P00085,4,11694.99,0,46779.96
OI00080439,O0016820,P00371,2,876.99,0,1753.98
OI00080440,O0016820,P00133,2,18270.99,10,32887.78
OI00080441,O0016820,P00287,4,14368.99,0,57475.96
OI00080442,O0016821,P00196,2,1901.99,0,3803.98
OI00080443,O0016821,P00385,1,2794.99,15,2375.74
OI00080444,O0016821,P00268,1,11765.99,0,11765.99
OI00080445,O0016821,P00073,1,10050.99,0,10050.99
OI00080446,O0016821,P00500,3,18549.99,10,50084.97
OI00080447,O0016822,P00319,3,18752.99,0,56258.97
OI00080448,O0016823,P00463,1,13480.99,5,12806.94
OI00080449,O0016823,P00452,3,11973.99,0,35921.97
OI00080450,O0016823,P00006,3,871.99,0,2615.97
OI00080451,O0016823,P00321,4,19026.99,15,64691.77
OI00080452,O0016824,P00241,2,8066.99,10,14520.58
OI00080453,O0016824,P00379,3,1972.99,15,5031.12
OI00080454,O0016825,P00032,1,4433.99,10,3990.59
OI00080455,O0016825,P00338,2,21355.99,5,40576.38
OI00080456,O0016826,P00291,3,14916.99,0,44750.97
OI00080457,O0016826,P00014,3,1967.99,15,5018.37
OI00080458,O0016827,P00130,2,17859.99,15,30361.98
OI00080459,O0016827,P00330,2,20259.99,0,40519.98
OI00080460,O0016827,P00347,1,22588.99,5,21459.54
OI00080461,O0016827,P00315,2,18204.99,5,34589.48
OI00080462,O0016828,P00219,4,5052.99,0,20211.96
OI00080463,O0016828,P00040,1,5529.99,15,4700.49
OI00080464,O0016828,P00108,2,14845.99,0,29691.98
OI00080465,O0016828,P00395,1,4164.99,0,4164.99
OI00080466,O0016828,P00403,2,5260.99,5,9995.88
OI00080467,O0016829,P00378,3,1835.99,10,4957.17
OI00080468,O0016829,P00144,4,19777.99,15,67245.17
OI00080469,O0016829,P00072,1,9913.99,0,9913.99
OI00080470,O0016829,P00039,2,5392.99,0,10785.98
OI00080471,O0016829,P00200,3,2449.99,15,6247.47
OI00080472,O0016830,P00402,3,5123.99,10,13834.77
OI00080473,O0016830,P00020,1,2789.99,0,2789.99
OI00080474,O0016830,P00318,3,18615.99,0,55847.97
OI00080475,O0016831,P00262,4,10943.99,0,43775.96
OI00080476,O0016831,P00463,2,13480.99,0,26961.98
OI00080477,O0016832,P00237,4,7518.99,10,27068.36
OI00080478,O0016833,P00451,2,11836.99,10,21306.58
OI00080479,O0016833,P00024,4,3337.99,5,12684.36
OI00080480,O0016833,P00002,3,323.99,0,971.97
OI00080481,O0016833,P00377,2,1698.99,0,3397.98
OI00080482,O0016833,P00169,2,23202.99,0,46405.98
OI00080483,O0016834,P00096,3,13201.99,15,33665.07
OI00080484,O0016834,P00226,2,6011.99,0,12023.98
OI00080485,O0016835,P00333,1,20670.99,0,20670.99
OI00080486,O0016835,P00090,2,12379.99,5,23521.98
OI00080487,O0016835,P00272,2,12313.99,0,24627.98
OI00080488,O0016835,P00319,3,18752.99,0,56258.97
OI00080489,O0016835,P00146,3,20051.99,10,54140.37
OI00080490,O0016836,P00268,3,11765.99,0,35297.97
OI00080491,O0016836,P00367,1,328.99,0,328.99
OI00080492,O0016836,P00430,3,8959.99,0,26879.97
OI00080493,O0016836,P00323,3,19300.99,10,52112.67
OI00080494,O0016836,P00420,2,7589.99,0,15179.98
OI00080495,O0016837,P00354,1,23547.99,0,23547.99
OI00080496,O0016837,P00364,2,24917.99,0,49835.98
OI00080497,O0016837,P00175,3,24024.99,0,72074.97
OI00080498,O0016837,P00460,2,13069.99,0,26139.98
OI00080499,O0016838,P00090,4,12379.99,15,42091.97
OI00080500,O0016838,P00122,4,16763.99,5,63703.16
OI00080501,O0016838,P00202,1,2723.99,15,2315.39
OI00080502,O0016838,P00169,2,23202.99,15,39445.08
OI00080503,O0016839,P00316,3,18341.99,0,55025.97
OI00080504,O0016839,P00089,2,12242.99,10,22037.38
OI00080505,O0016839,P00398,1,4575.99,0,4575.99
OI00080506,O0016839,P00467,2,14028.99,10,25252.18
OI00080507,O0016840,P00205,1,3134.99,0,3134.99
OI00080508,O0016840,P00218,3,4915.99,0,14747.97
OI00080509,O0016840,P00188,3,805.99,0,2417.97
OI00080510,O0016840,P00156,1,21421.99,0,21421.99
OI00080511,O0016841,P00222,3,5463.99,15,13933.17
OI00080512,O0016841,P00190,3,1079.99,0,3239.97
OI00080513,O0016841,P00425,3,8274.99,15,21101.22
OI00080514,O0016841,P00039,3,5392.99,0,16178.97
OI00080515,O0016842,P00160,1,21969.99,10,19772.99
OI00080516,O0016843,P00341,4,21766.99,0,87067.96
OI00080517,O0016843,P00266,2,11491.99,5,21834.78
OI00080518,O0016843,P00345,3,22314.99,10,60250.47
OI00080519,O0016843,P00124,3,17037.99,0,51113.97
OI00080520,O0016844,P00192,2,1353.99,0,2707.98
OI00080521,O0016844,P00459,1,12932.99,15,10993.04
OI00080522,O0016844,P00454,2,12247.99,0,24495.98
OI00080523,O0016844,P00358,1,24095.99,0,24095.99
OI00080524,O0016844,P00148,3,20325.99,15,51831.27
OI00080525,O0016845,P00153,4,21010.99,15,71437.37
OI00080526,O0016845,P00237,2,7518.99,0,15037.98
OI00080527,O0016845,P00218,1,4915.99,0,4915.99
OI00080528,O0016846,P00410,1,6219.99,10,5597.99
OI00080529,O0016847,P00043,1,5940.99,0,5940.99
OI00080530,O0016847,P00017,3,2378.99,5,6780.12
OI00080531,O0016848,P00087,3,11968.99,10,32316.27
OI00080532,O0016848,P00096,2,13201.99,0,26403.98
OI00080533,O0016848,P00159,2,21832.99,10,39299.38
OI00080534,O0016849,P00308,3,17245.99,10,46564.17
OI00080535,O0016849,P00458,1,12795.99,0,12795.99
OI00080536,O0016850,P00065,2,8954.99,0,17909.98
OI00080537,O0016850,P00208,1,3545.99,10,3191.39
OI00080538,O0016851,P00451,2,11836.99,0,23673.98
OI00080539,O0016852,P00227,4,6148.99,15,20906.57
OI00080540,O0016852,P00433,3,9370.99,0,28112.97
OI00080541,O0016852,P00157,4,21558.99,0,86235.96
OI00080542,O0016853,P00464,2,13617.99,10,24512.38
OI00080543,O0016853,P00431,1,9096.99,0,9096.99
OI00080544,O0016853,P00324,1,19437.99,0,19437.99
OI00080545,O0016853,P00230,1,6559.99,0,6559.99
OI00080546,O0016853,P00161,1,22106.99,10,19896.29
OI00080547,O0016854,P00096,2,13201.99,0,26403.98
OI00080548,O0016854,P00278,1,13135.99,10,11822.39
OI00080549,O0016854,P00090,2,12379.99,0,24759.98
OI00080550,O0016854,P00331,4,20396.99,15,69349.77
OI00080551,O0016855,P00416,3,7041.99,15,17957.07
OI00080552,O0016855,P00280,2,13409.99,10,24137.98
OI00080553,O0016856,P00085,2,11694.99,10,21050.98
OI00080554,O0016856,P00383,2,2520.99,5,4789.88
OI00080555,O0016857,P00331,4,20396.99,0,81587.96
OI00080556,O0016857,P00371,1,876.99,10,789.29
OI00080557,O0016857,P00439,3,10192.99,0,30578.97
OI00080558,O0016857,P00069,4,9502.99,0,38011.96
OI00080559,O0016858,P00159,3,21832.99,0,65498.97
OI00080560,O0016858,P00008,4,1145.99,0,4583.96
OI00080561,O0016858,P00351,4,23136.99,15,78665.77
OI00080562,O0016858,P00179,1,24572.99,5,23344.34
OI00080563,O0016859,P00350,3,22999.99,15,58649.97
OI00080564,O0016859,P00160,4,21969.99,15,74697.97
OI00080565,O0016860,P00443,1,10740.99,0,10740.99
OI00080566,O0016861,P00164,1,22517.99,10,20266.19
OI00080567,O0016861,P00060,2,8269.99,10,14885.98
OI00080568,O0016861,P00099,3,13612.99,0,40838.97
OI00080569,O0016862,P00435,1,9644.99,15,8198.24
OI00080570,O0016862,P00444,4,10877.99,5,41336.36
OI00080571,O0016862,P00414,2,6767.99,0,13535.98
OI00080572,O0016863,P00487,1,16768.99,0,16768.99
OI00080573,O0016863,P00462,3,13343.99,0,40031.97
OI00080574,O0016863,P00063,4,8680.99,10,31251.56
OI00080575,O0016863,P00130,2,17859.99,5,33933.98
OI00080576,O0016864,P00277,2,12998.99,0,25997.98
OI00080577,O0016864,P00446,4,11151.99,5,42377.56
OI00080578,O0016865,P00117,1,16078.99,0,16078.99
OI00080579,O0016865,P00110,2,15119.99,5,28727.98
OI00080580,O0016865,P00007,4,1008.99,0,4035.96
OI00080581,O0016865,P00270,1,12039.99,0,12039.99
OI00080582,O0016865,P00310,3,17519.99,0,52559.97
OI00080583,O0016866,P00062,4,8543.99,5,32467.16
OI00080584,O0016867,P00077,2,10598.99,0,21197.98
OI00080585,O0016867,P00233,1,6970.99,10,6273.89
OI00080586,O0016867,P00002,2,323.99,0,647.98
OI00080587,O0016868,P00254,4,9847.99,0,39391.96
OI00080588,O0016868,P00175,1,24024.99,0,24024.99
OI00080589,O0016868,P00025,1,3474.99,0,3474.99
OI00080590,O0016868,P00439,2,10192.99,0,20385.98
OI00080591,O0016868,P00420,4,7589.99,0,30359.96
OI00080592,O0016869,P00331,3,20396.99,0,61190.97
OI00080593,O0016869,P00047,3,6488.99,10,17520.27
OI00080594,O0016869,P00449,4,11562.99,0,46251.96
OI00080595,O0016869,P00136,2,18681.99,0,37363.98
OI00080596,O0016870,P00176,4,24161.99,0,96647.96
OI00080597,O0016870,P00462,4,13343.99,10,48038.36
OI00080598,O0016870,P00245,1,8614.99,0,8614.99
OI00080599,O0016870,P00492,1,17453.99,5,16581.29
OI00080600,O0016870,P00120,4,16489.99,0,65959.96
OI00080601,O0016871,P00469,3,14302.99,0,42908.97
OI00080602,O0016871,P00211,4,3956.99,0,15827.96
OI00080603,O0016872,P00148,1,20325.99,0,20325.99
OI00080604,O0016872,P00171,2,23476.99,10,42258.58
OI00080605,O0016872,P00246,1,8751.99,0,8751.99
OI00080606,O0016872,P00124,3,17037.99,0,51113.97
OI00080607,O0016872,P00161,3,22106.99,0,66320.97
OI00080608,O0016873,P00259,4,10532.99,15,35812.17
OI00080609,O0016873,P00420,4,7589.99,15,25805.97
OI00080610,O0016873,P00163,3,22380.99,0,67142.97
OI00080611,O0016873,P00368,3,465.99,0,1397.97
OI00080612,O0016874,P00453,2,12110.99,15,20588.68
OI00080613,O0016874,P00341,4,21766.99,10,78361.16
OI00080614,O0016875,P00149,2,20462.99,10,36833.38
OI00080615,O0016875,P00267,3,11628.99,0,34886.97
OI00080616,O0016875,P00278,2,13135.99,10,23644.78
OI00080617,O0016875,P00170,4,23339.99,0,93359.96
OI00080618,O0016875,P00459,4,12932.99,0,51731.96
OI00080619,O0016876,P00170,2,23339.99,0,46679.98
OI00080620,O0016877,P00010,1,1419.99,0,1419.99
OI00080621,O0016877,P00083,1,11420.99,0,11420.99
OI00080622,O0016877,P00403,4,5260.99,15,17887.37
OI00080623,O0016877,P00280,4,13409.99,0,53639.96
OI00080624,O0016878,P00473,4,14850.99,0,59403.96
OI00080625,O0016878,P00345,2,22314.99,5,42398.48
OI00080626,O0016878,P00068,4,9365.99,0,37463.96
OI00080627,O0016879,P00179,2,24572.99,0,49145.98
OI00080628,O0016879,P00235,1,7244.99,0,7244.99
OI00080629,O0016880,P00395,2,4164.99,10,7496.98
OI00080630,O0016880,P00306,2,16971.99,0,33943.98
OI00080631,O0016880,P00180,2,24709.99,0,49419.98
OI00080632,O0016880,P00262,3,10943.99,10,29548.77
OI00080633,O0016880,P00451,1,11836.99,0,11836.99
OI00080634,O0016881,P00064,1,8817.99,15,7495.29
OI00080635,O0016881,P00163,4,22380.99,0,89523.96
OI00080636,O0016882,P00142,4,19503.99,0,78015.96
OI00080637,O0016882,P00289,1,14642.99,0,14642.99
OI00080638,O0016882,P00226,2,6011.99,5,11422.78
OI00080639,O0016882,P00310,4,17519.99,0,70079.96
OI00080640,O0016882,P00245,3,8614.99,10,23260.47
OI00080641,O0016883,P00430,3,8959.99,0,26879.97
OI00080642,O0016883,P00328,1,19985.99,0,19985.99
OI00080643,O0016883,P00057,4,7858.99,0,31435.96
OI00080644,O0016883,P00477,3,15398.99,0,46196.97
OI00080645,O0016884,P00192,3,1353.99,0,4061.97
OI00080646,O0016885,P00439,1,10192.99,0,10192.99
OI00080647,O0016886,P00135,3,18544.99,15,47289.72
OI00080648,O0016886,P00353,4,23410.99,0,93643.96
OI00080649,O0016886,P00186,1,531.99,5,505.39
OI00080650,O0016886,P00135,3,18544.99,0,55634.97
OI00080651,O0016887,P00345,1,22314.99,5,21199.24
OI00080652,O0016887,P00369,3,602.99,0,1808.97
OI00080653,O0016887,P00051,2,7036.99,0,14073.98
OI00080654,O0016887,P00173,3,23750.99,5,67690.32
OI00080655,O0016887,P00095,4,13064.99,0,52259.96
OI00080656,O0016888,P00447,2,11288.99,0,22577.98
OI00080657,O0016888,P00055,4,7584.99,15,25788.97
OI00080658,O0016889,P00227,2,6148.99,0,12297.98
OI00080659,O0016889,P00492,3,17453.99,0,52361.97
OI00080660,O0016889,P00261,4,10806.99,15,36743.77
OI00080661,O0016890,P00124,3,17037.99,0,51113.97
OI00080662,O0016890,P00049,2,6762.99,0,13525.98
OI00080663,O0016890,P00114,3,15667.99,5,44653.77
OI00080664,O0016890,P00216,3,4641.99,0,13925.97
OI00080665,O0016891,P00198,1,2175.99,0,2175.99
OI00080666,O0016891,P00147,2,20188.99,10,36340.18
OI00080667,O0016891,P00286,2,14231.99,5,27040.78
OI00080668,O0016891,P00032,4,4433.99,0,17735.96
OI00080669,O0016892,P00202,4,2723.99,10,9806.36
OI00080670,O0016892,P00305,4,16834.99,0,67339.96
OI00080671,O0016893,P00375,1,1424.99,0,1424.99
OI00080672,O0016893,P00250,3,9299.99,0,27899.97
OI00080673,O0016893,P00193,1,1490.99,0,1490.99
OI00080674,O0016894,P00103,1,14160.99,5,13452.94
OI00080675,O0016894,P00352,2,23273.99,0,46547.98
OI00080676,O0016894,P00313,1,17930.99,10,16137.89
OI00080677,O0016894,P00302,2,16423.99,10,29563.18
OI00080678,O0016895,P00207,4,3408.99,0,13635.96
OI00080679,O0016895,P00215,1,4504.99,0,4504.99
OI00080680,O0016896,P00477,1,15398.99,5,14629.04
OI00080681,O0016896,P00105,4,14434.99,0,57739.96
OI00080682,O0016897,P00313,3,17930.99,0,53792.97
OI00080683,O0016897,P00094,2,12927.99,5,24563.18
OI00080684,O0016897,P00424,2,8137.99,0,16275.98
OI00080685,O0016898,P00035,1,4844.99,0,4844.99
OI00080686,O0016898,P00422,2,7863.99,0,15727.98
OI00080687,O0016898,P00148,2,20325.99,10,36586.78
OI00080688,O0016898,P00498,1,18275.99,0,18275.99
OI00080689,O0016898,P00242,1,8203.99,10,7383.59
OI00080690,O0016899,P00006,1,871.99,0,871.99
OI00080691,O0016900,P00197,3,2038.99,15,5199.42
OI00080692,O0016900,P00012,1,1693.99,0,1693.99
OI00080693,O0016901,P00410,2,6219.99,0,12439.98
OI00080694,O0016901,P00239,2,7792.99,0,15585.98
OI00080695,O0016901,P00327,2,19848.99,0,39697.98
OI00080696,O0016901,P00303,4,16560.99,0,66243.96
OI00080697,O0016901,P00429,3,8822.99,15,22498.62
OI00080698,O0016902,P00279,2,13272.99,10,23891.38
OI00080699,O0016903,P00017,4,2378.99,5,9040.16
OI00080700,O0016903,P00455,4,12384.99,0,49539.96
OI00080701,O0016903,P00408,4,5945.99,5,22594.76
OI00080702,O0016904,P00206,4,3271.99,10,11779.16
OI00080703,O0016904,P00339,4,21492.99,0,85971.96
OI00080704,O0016904,P00032,3,4433.99,0,13301.97
OI00080705,O0016904,P00255,3,9984.99,0,29954.97
OI00080706,O0016905,P00430,1,8959.99,0,8959.99
OI00080707,O0016905,P00172,4,23613.99,0,94455.96
OI00080708,O0016906,P00062,1,8543.99,0,8543.99
OI00080709,O0016906,P00022,1,3063.99,15,2604.39
OI00080710,O0016907,P00059,1,8132.99,15,6913.04
OI00080711,O0016908,P00431,3,9096.99,0,27290.97
OI00080712,O0016908,P00165,3,22654.99,0,67964.97
OI00080713,O0016908,P00498,4,18275.99,0,73103.96
OI00080714,O0016908,P00474,1,14987.99,0,14987.99
OI00080715,O0016909,P00146,2,20051.99,15,34088.38
OI00080716,O0016910,P00357,3,23958.99,0,71876.97
OI00080717,O0016910,P00430,4,8959.99,5,34047.96
OI00080718,O0016910,P00051,1,7036.99,15,5981.44
OI00080719,O0016911,P00430,4,8959.99,5,34047.96
OI00080720,O0016911,P00136,1,18681.99,15,15879.69
OI00080721,O0016911,P00334,1,20807.99,0,20807.99
OI00080722,O0016911,P00291,2,14916.99,10,26850.58
OI00080723,O0016911,P00229,4,6422.99,0,25691.96
OI00080724,O0016912,P00274,4,12587.99,10,45316.76
OI00080725,O0016912,P00457,4,12658.99,10,45572.36
OI00080726,O0016912,P00256,1,10121.99,0,10121.99
OI00080727,O0016913,P00456,2,12521.99,0,25043.98
OI00080728,O0016913,P00193,4,1490.99,0,5963.96
OI00080729,O0016913,P00354,3,23547.99,5,67111.77
OI00080730,O0016913,P00284,4,13957.99,0,55831.96
OI00080731,O0016913,P00436,2,9781.99,0,19563.98
OI00080732,O0016914,P00354,3,23547.99,0,70643.97
OI00080733,O0016914,P00180,3,24709.99,5,70423.47
OI00080734,O0016914,P00031,3,4296.99,10,11601.87
OI00080735,O0016915,P00151,4,20736.99,0,82947.96
OI00080736,O0016915,P00122,2,16763.99,0,33527.98
OI00080737,O0016916,P00235,1,7244.99,0,7244.99
OI00080738,O0016917,P00151,4,20736.99,5,78800.56
OI00080739,O0016917,P00242,1,8203.99,0,8203.99
OI00080740,O0016918,P00390,1,3479.99,0,3479.99
OI00080741,O0016918,P00394,2,4027.99,0,8055.98
OI00080742,O0016918,P00005,4,734.99,5,2792.96
OI00080743,O0016918,P00061,2,8406.99,0,16813.98
OI00080744,O0016919,P00242,4,8203.99,10,29534.36
OI00080745,O0016919,P00170,4,23339.99,15,79355.97
OI00080746,O0016919,P00291,1,14916.99,0,14916.99
OI00080747,O0016919,P00113,2,15530.99,0,31061.98
OI00080748,O0016920,P00074,4,10187.99,5,38714.36
OI00080749,O0016920,P00188,3,805.99,0,2417.97
OI00080750,O0016921,P00334,3,20807.99,0,62423.97
OI00080751,O0016921,P00394,3,4027.99,0,12083.97
OI00080752,O0016921,P00123,1,16900.99,15,14365.84
OI00080753,O0016921,P00107,1,14708.99,15,12502.64
OI00080754,O0016921,P00374,4,1287.99,0,5151.96
OI00080755,O0016922,P00124,4,17037.99,0,68151.96
OI00080756,O0016922,P00220,3,5189.99,15,13234.47
OI00080757,O0016922,P00430,3,8959.99,15,22847.97
OI00080758,O0016922,P00333,3,20670.99,10,55811.67
OI00080759,O0016922,P00412,4,6493.99,15,22079.57
OI00080760,O0016923,P00052,1,7173.99,0,7173.99
OI00080761,O0016923,P00421,4,7726.99,10,27817.16
OI00080762,O0016923,P00020,2,2789.99,5,5300.98
OI00080763,O0016923,P00398,2,4575.99,0,9151.98
OI00080764,O0016924,P00262,3,10943.99,0,32831.97
OI00080765,O0016924,P00207,3,3408.99,15,8692.92
OI00080766,O0016924,P00189,4,942.99,0,3771.96
OI00080767,O0016924,P00217,3,4778.99,10,12903.27
OI00080768,O0016924,P00290,1,14779.99,15,12562.99
OI00080769,O0016925,P00043,1,5940.99,10,5346.89
OI00080770,O0016925,P00377,4,1698.99,0,6795.96
OI00080771,O0016925,P00353,2,23410.99,5,44480.88
OI00080772,O0016925,P00277,4,12998.99,0,51995.96
OI00080773,O0016925,P00252,2,9573.99,15,16275.78
OI00080774,O0016926,P00363,4,24780.99,5,94167.76
OI00080775,O0016926,P00463,4,13480.99,0,53923.96
OI00080776,O0016926,P00443,2,10740.99,0,21481.98
OI00080777,O0016926,P00115,4,15804.99,15,53736.97
OI00080778,O0016927,P00305,1,16834.99,0,16834.99
OI00080779,O0016927,P00270,1,12039.99,0,12039.99
OI00080780,O0016927,P00500,1,18549.99,0,18549.99
OI00080781,O0016927,P00438,1,10055.99,0,10055.99
OI00080782,O0016928,P00324,4,19437.99,0,77751.96
OI00080783,O0016929,P00268,4,11765.99,0,47063.96
OI00080784,O0016929,P00128,1,17585.99,0,17585.99
OI00080785,O0016929,P00002,1,323.99,0,323.99
OI00080786,O0016929,P00316,3,18341.99,0,55025.97
OI00080787,O0016930,P00053,2,7310.99,0,14621.98
OI00080788,O0016930,P00224,2,5737.99,5,10902.18
OI00080789,O0016930,P00130,2,17859.99,15,30361.98
OI00080790,O0016930,P00346,1,22451.99,0,22451.99
OI00080791,O0016930,P00355,2,23684.99,15,40264.48
OI00080792,O0016931,P00290,3,14779.99,0,44339.97
OI00080793,O0016931,P00473,2,14850.99,5,28216.88
OI00080794,O0016931,P00393,2,3890.99,5,7392.88
OI00080795,O0016931,P00417,1,7178.99,0,7178.99
OI00080796,O0016931,P00334,4,20807.99,5,79070.36
OI00080797,O0016932,P00109,2,14982.99,0,29965.98
OI00080798,O0016932,P00176,3,24161.99,5,68861.67
OI00080799,O0016932,P00343,3,22040.99,10,59510.67
OI00080800,O0016933,P00372,1,1013.99,0,1013.99
OI00080801,O0016933,P00082,2,11283.99,10,20311.18
OI00080802,O0016933,P00318,1,18615.99,0,18615.99
OI00080803,O0016934,P00077,2,10598.99,10,19078.18
OI00080804,O0016934,P00405,1,5534.99,0,5534.99
OI00080805,O0016934,P00375,2,1424.99,0,2849.98
OI00080806,O0016934,P00005,1,734.99,0,734.99
OI00080807,O0016935,P00148,3,20325.99,0,60977.97
OI00080808,O0016935,P00286,4,14231.99,15,48388.77
OI00080809,O0016935,P00372,3,1013.99,0,3041.97
OI00080810,O0016935,P00481,4,15946.99,15,54219.77
OI00080811,O0016935,P00439,2,10192.99,0,20385.98
OI00080812,O0016936,P00276,2,12861.99,5,24437.78
OI00080813,O0016936,P00122,1,16763.99,5,15925.79
OI00080814,O0016936,P00225,4,5874.99,0,23499.96
OI00080815,O0016936,P00231,2,6696.99,15,11384.88
OI00080816,O0016937,P00390,4,3479.99,10,12527.96
OI00080817,O0016937,P00289,2,14642.99,0,29285.98
OI00080818,O0016938,P00493,1,17590.99,0,17590.99
OI00080819,O0016938,P00368,4,465.99,10,1677.56
OI00080820,O0016938,P00011,1,1556.99,5,1479.14
OI00080821,O0016938,P00400,2,4849.99,0,9699.98
OI00080822,O0016939,P00383,1,2520.99,0,2520.99
OI00080823,O0016939,P00444,1,10877.99,5,10334.09
OI00080824,O0016939,P00097,3,13338.99,0,40016.97
OI00080825,O0016940,P00190,1,1079.99,0,1079.99
OI00080826,O0016940,P00423,2,8000.99,0,16001.98
OI00080827,O0016940,P00418,1,7315.99,0,7315.99
OI00080828,O0016940,P00400,1,4849.99,0,4849.99
OI00080829,O0016940,P00378,3,1835.99,15,4681.77
OI00080830,O0016941,P00046,2,6351.99,0,12703.98
OI00080831,O0016941,P00429,2,8822.99,0,17645.98
OI00080832,O0016941,P00353,3,23410.99,0,70232.97
OI00080833,O0016941,P00392,4,3753.99,0,15015.96
OI00080834,O0016942,P00019,2,2652.99,0,5305.98
OI00080835,O0016943,P00312,1,17793.99,0,17793.99
OI00080836,O0016943,P00168,1,23065.99,5,21912.69
OI00080837,O0016943,P00182,1,24983.99,15,21236.39
OI00080838,O0016943,P00212,1,4093.99,15,3479.89
OI00080839,O0016944,P00220,4,5189.99,0,20759.96
OI00080840,O0016944,P00244,3,8477.99,0,25433.97
OI00080841,O0016944,P00133,4,18270.99,0,73083.96
OI00080842,O0016944,P00257,2,10258.99,15,17440.28
OI00080843,O0016945,P00374,3,1287.99,0,3863.97
OI00080844,O0016945,P00406,1,5671.99,0,5671.99
OI00080845,O0016945,P00013,2,1830.99,0,3661.98
OI00080846,O0016945,P00499,2,18412.99,0,36825.98
OI00080847,O0016946,P00098,4,13475.99,0,53903.96
OI00080848,O0016946,P00065,2,8954.99,0,17909.98
OI00080849,O0016947,P00217,4,4778.99,5,18160.16
OI00080850,O0016947,P00368,3,465.99,0,1397.97
OI00080851,O0016947,P00373,1,1150.99,0,1150.99
OI00080852,O0016948,P00461,4,13206.99,0,52827.96
OI00080853,O0016948,P00277,4,12998.99,0,51995.96
OI00080854,O0016948,P00418,1,7315.99,0,7315.99
OI00080855,O0016948,P00255,4,9984.99,0,39939.96
OI00080856,O0016949,P00037,4,5118.99,0,20475.96
OI00080857,O0016949,P00248,1,9025.99,0,9025.99
OI00080858,O0016950,P00140,3,19229.99,15,49036.47
OI00080859,O0016950,P00118,1,16215.99,15,13783.59
OI00080860,O0016950,P00395,2,4164.99,10,7496.98
OI00080861,O0016951,P00053,2,7310.99,0,14621.98
OI00080862,O0016951,P00019,3,2652.99,0,7958.97
OI00080863,O0016951,P00333,1,20670.99,0,20670.99
OI00080864,O0016951,P00229,4,6422.99,0,25691.96
OI00080865,O0016951,P00465,1,13754.99,0,13754.99
OI00080866,O0016952,P00023,2,3200.99,0,6401.98
OI00080867,O0016952,P00241,3,8066.99,5,22990.92
OI00080868,O0016953,P00475,2,15124.99,0,30249.98
OI00080869,O0016953,P00350,1,22999.99,10,20699.99
OI00080870,O0016953,P00479,1,15672.99,0,15672.99
OI00080871,O0016953,P00028,1,3885.99,10,3497.39
OI00080872,O0016953,P00498,1,18275.99,0,18275.99
OI00080873,O0016954,P00215,2,4504.99,0,9009.98
OI00080874,O0016955,P00391,1,3616.99,15,3074.44
OI00080875,O0016955,P00404,4,5397.99,10,19432.76
OI00080876,O0016955,P00496,2,18001.99,0,36003.98
OI00080877,O0016956,P00252,4,9573.99,5,36381.16
OI00080878,O0016957,P00058,1,7995.99,15,6796.59
OI00080879,O0016957,P00035,3,4844.99,0,14534.97
OI00080880,O0016957,P00258,4,10395.99,5,39504.76
OI00080881,O0016957,P00009,1,1282.99,0,1282.99
OI00080882,O0016958,P00262,2,10943.99,0,21887.98
OI00080883,O0016958,P00404,1,5397.99,0,5397.99
OI00080884,O0016959,P00419,4,7452.99,0,29811.96
OI00080885,O0016959,P00347,3,22588.99,0,67766.97
OI00080886,O0016960,P00037,4,5118.99,5,19452.16
OI00080887,O0016960,P00146,1,20051.99,10,18046.79
OI00080888,O0016960,P00427,4,8548.99,10,30776.36
OI00080889,O0016961,P00383,2,2520.99,0,5041.98
OI00080890,O0016961,P00294,2,15327.99,0,30655.98
OI00080891,O0016961,P00466,1,13891.99,10,12502.79
OI00080892,O0016961,P00226,2,6011.99,15,10220.38
OI00080893,O0016961,P00414,3,6767.99,10,18273.57
OI00080894,O0016962,P00008,2,1145.99,15,1948.18
OI00080895,O0016963,P00335,3,20944.99,0,62834.97
OI00080896,O0016964,P00181,3,24846.99,0,74540.97
OI00080897,O0016965,P00467,1,14028.99,0,14028.99
OI00080898,O0016965,P00218,1,4915.99,5,4670.19
OI00080899,O0016965,P00293,1,15190.99,10,13671.89
OI00080900,O0016965,P00059,1,8132.99,10,7319.69
OI00080901,O0016966,P00094,1,12927.99,10,11635.19
OI00080902,O0016966,P00033,1,4570.99,10,4113.89
OI00080903,O0016966,P00002,3,323.99,5,923.37
OI00080904,O0016966,P00032,4,4433.99,5,16849.16
OI00080905,O0016967,P00454,4,12247.99,0,48991.96
OI00080906,O0016967,P00242,3,8203.99,0,24611.97
OI00080907,O0016968,P00086,2,11831.99,0,23663.98
OI00080908,O0016968,P00134,2,18407.99,0,36815.98
OI00080909,O0016968,P00384,1,2657.99,5,2525.09
OI00080910,O0016968,P00001,1,186.99,10,168.29
OI00080911,O0016969,P00253,3,9710.99,5,27676.32
OI00080912,O0016969,P00196,2,1901.99,0,3803.98
OI00080913,O0016969,P00039,3,5392.99,0,16178.97
OI00080914,O0016969,P00497,2,18138.99,5,34464.08
OI00080915,O0016969,P00159,2,21832.99,0,43665.98
OI00080916,O0016970,P00449,3,11562.99,0,34688.97
OI00080917,O0016970,P00169,3,23202.99,15,59167.62
OI00080918,O0016970,P00121,1,16626.99,5,15795.64
OI00080919,O0016970,P00328,4,19985.99,0,79943.96
OI00080920,O0016971,P00100,3,13749.99,5,39187.47
OI00080921,O0016971,P00416,1,7041.99,0,7041.99
OI00080922,O0016971,P00245,2,8614.99,0,17229.98
OI00080923,O0016972,P00215,1,4504.99,0,4504.99
OI00080924,O0016972,P00228,1,6285.99,0,6285.99
OI00080925,O0016973,P00206,4,3271.99,10,11779.16
OI00080926,O0016973,P00175,4,24024.99,0,96099.96
OI00080927,O0016973,P00038,4,5255.99,0,21023.96
OI00080928,O0016973,P00430,4,8959.99,0,35839.96
OI00080929,O0016974,P00103,3,14160.99,15,36110.52
OI00080930,O0016974,P00449,4,11562.99,0,46251.96
OI00080931,O0016975,P00159,3,21832.99,0,65498.97
OI00080932,O0016975,P00202,2,2723.99,10,4903.18
OI00080933,O0016976,P00032,4,4433.99,10,15962.36
OI00080934,O0016977,P00176,1,24161.99,10,21745.79
OI00080935,O0016978,P00040,4,5529.99,10,19907.96
OI00080936,O0016978,P00493,4,17590.99,10,63327.56
OI00080937,O0016978,P00078,2,10735.99,10,19324.78
OI00080938,O0016979,P00125,4,17174.99,5,65264.96
OI00080939,O0016979,P00465,2,13754.99,5,26134.48
OI00080940,O0016979,P00351,3,23136.99,0,69410.97
OI00080941,O0016979,P00209,2,3682.99,0,7365.98
OI00080942,O0016979,P00275,3,12724.99,0,38174.97
OI00080943,O0016980,P00258,3,10395.99,0,31187.97
OI00080944,O0016980,P00430,2,8959.99,0,17919.98
OI00080945,O0016980,P00405,3,5534.99,5,15774.72
OI00080946,O0016980,P00153,1,21010.99,0,21010.99
OI00080947,O0016981,P00223,1,5600.99,0,5600.99
OI00080948,O0016982,P00139,1,19092.99,0,19092.99
OI00080949,O0016982,P00216,2,4641.99,0,9283.98
OI00080950,O0016982,P00092,1,12653.99,0,12653.99
OI00080951,O0016982,P00474,1,14987.99,0,14987.99
OI00080952,O0016982,P00243,4,8340.99,10,30027.56
OI00080953,O0016983,P00248,1,9025.99,0,9025.99
OI00080954,O0016983,P00045,3,6214.99,0,18644.97
OI00080955,O0016984,P00343,2,22040.99,15,37469.68
OI00080956,O0016985,P00007,3,1008.99,0,3026.97
OI00080957,O0016985,P00402,2,5123.99,0,10247.98
OI00080958,O0016985,P00469,2,14302.99,10,25745.38
OI00080959,O0016985,P00310,1,17519.99,10,15767.99
OI00080960,O0016985,P00180,1,24709.99,0,24709.99
OI00080961,O0016986,P00205,4,3134.99,0,12539.96
OI00080962,O0016986,P00101,3,13886.99,5,39577.92
OI00080963,O0016986,P00158,4,21695.99,0,86783.96
OI00080964,O0016987,P00262,4,10943.99,5,41587.16
OI00080965,O0016987,P00354,3,23547.99,0,70643.97
OI00080966,O0016987,P00304,3,16697.99,15,42579.87
OI00080967,O0016987,P00044,4,6077.99,0,24311.96
OI00080968,O0016988,P00318,2,18615.99,0,37231.98
OI00080969,O0016988,P00031,3,4296.99,5,12246.42
OI00080970,O0016988,P00136,4,18681.99,0,74727.96
OI00080971,O0016988,P00345,3,22314.99,15,56903.22
OI00080972,O0016988,P00383,2,2520.99,0,5041.98
OI00080973,O0016989,P00371,4,876.99,5,3332.56
OI00080974,O0016989,P00170,3,23339.99,15,59516.97
OI00080975,O0016989,P00257,4,10258.99,15,34880.57
OI00080976,O0016990,P00261,1,10806.99,15,9185.94
OI00080977,O0016991,P00296,3,15601.99,15,39785.07
OI00080978,O0016991,P00219,3,5052.99,15,12885.12
OI00080979,O0016992,P00321,3,19026.99,15,48518.82
OI00080980,O0016992,P00099,2,13612.99,0,27225.98
OI00080981,O0016993,P00226,2,6011.99,0,12023.98
OI00080982,O0016993,P00421,4,7726.99,0,30907.96
OI00080983,O0016993,P00310,3,17519.99,15,44675.97
OI00080984,O0016994,P00462,4,13343.99,10,48038.36
OI00080985,O0016994,P00184,2,257.99,0,515.98
OI00080986,O0016994,P00262,1,10943.99,0,10943.99
OI00080987,O0016994,P00069,1,9502.99,15,8077.54
OI00080988,O0016994,P00116,3,15941.99,0,47825.97
OI00080989,O0016995,P00455,4,12384.99,0,49539.96
OI00080990,O0016995,P00355,3,23684.99,5,67502.22
OI00080991,O0016995,P00271,4,12176.99,10,43837.16
OI00080992,O0016996,P00164,3,22517.99,0,67553.97
OI00080993,O0016996,P00255,2,9984.99,15,16974.48
OI00080994,O0016996,P00133,2,18270.99,10,32887.78
OI00080995,O0016996,P00105,2,14434.99,0,28869.98
OI00080996,O0016997,P00318,2,18615.99,5,35370.38
OI00080997,O0016997,P00283,2,13820.99,0,27641.98
OI00080998,O0016997,P00144,3,19777.99,0,59333.97
OI00080999,O0016997,P00426,3,8411.99,15,21450.57
OI00081000,O0016997,P00478,3,15535.99,15,39616.77
OI00081001,O0016998,P00205,2,3134.99,0,6269.98
OI00081002,O0016998,P00290,2,14779.99,5,28081.98
OI00081003,O0016998,P00383,4,2520.99,0,10083.96
OI00081004,O0016999,P00149,3,20462.99,5,58319.52
OI00081005,O0016999,P00081,1,11146.99,0,11146.99
OI00081006,O0017000,P00177,4,24298.99,10,87476.36
OI00081007,O0017000,P00390,2,3479.99,5,6611.98
OI00081008,O0017000,P00434,2,9507.99,0,19015.98
OI00081009,O0017001,P00161,2,22106.99,0,44213.98
OI00081010,O0017001,P00412,1,6493.99,0,6493.99
OI00081011,O0017001,P00277,3,12998.99,15,33147.42
OI00081012,O0017001,P00225,3,5874.99,0,17624.97
OI00081013,O0017002,P00356,4,23821.99,0,95287.96
OI00081014,O0017002,P00449,4,11562.99,0,46251.96
OI00081015,O0017003,P00046,4,6351.99,0,25407.96
OI00081016,O0017003,P00093,1,12790.99,10,11511.89
OI00081017,O0017003,P00486,1,16631.99,10,14968.79
OI00081018,O0017004,P00009,2,1282.99,0,2565.98
OI00081019,O0017005,P00383,2,2520.99,0,5041.98
OI00081020,O0017005,P00271,1,12176.99,0,12176.99
OI00081021,O0017005,P00344,2,22177.99,5,42138.18
OI00081022,O0017005,P00015,2,2104.99,0,4209.98
OI00081023,O0017005,P00292,2,15053.99,10,27097.18
OI00081024,O0017006,P00475,3,15124.99,0,45374.97
OI00081025,O0017006,P00370,1,739.99,0,739.99
OI00081026,O0017006,P00345,4,22314.99,0,89259.96
OI00081027,O0017006,P00329,4,20122.99,0,80491.96
OI00081028,O0017006,P00402,3,5123.99,5,14603.37
OI00081029,O0017007,P00139,4,19092.99,10,68734.76
OI00081030,O0017008,P00428,3,8685.99,10,23452.17
OI00081031,O0017008,P00418,4,7315.99,0,29263.96
OI00081032,O0017008,P00151,2,20736.99,5,39400.28
OI00081033,O0017008,P00497,3,18138.99,0,54416.97
OI00081034,O0017009,P00200,1,2449.99,15,2082.49
OI00081035,O0017010,P00407,2,5808.99,0,11617.98
OI00081036,O0017011,P00252,4,9573.99,5,36381.16
OI00081037,O0017011,P00191,4,1216.99,0,4867.96
OI00081038,O0017011,P00363,2,24780.99,0,49561.98
OI00081039,O0017011,P00123,1,16900.99,0,16900.99
OI00081040,O0017012,P00137,1,18818.99,0,18818.99
OI00081041,O0017012,P00210,2,3819.99,0,7639.98
OI00081042,O0017012,P00071,4,9776.99,0,39107.96
OI00081043,O0017012,P00126,4,17311.99,10,62323.16
OI00081044,O0017012,P00106,2,14571.99,10,26229.58
OI00081045,O0017013,P00318,3,18615.99,5,53055.57
OI00081046,O0017014,P00143,2,19640.99,0,39281.98
OI00081047,O0017015,P00307,2,17108.99,0,34217.98
OI00081048,O0017016,P00066,3,9091.99,10,24548.37
OI00081049,O0017016,P00116,2,15941.99,0,31883.98
OI00081050,O0017016,P00191,1,1216.99,0,1216.99
OI00081051,O0017017,P00273,2,12450.99,10,22411.78
OI00081052,O0017018,P00330,1,20259.99,15,17220.99
OI00081053,O0017018,P00164,4,22517.99,0,90071.96
OI00081054,O0017019,P00184,4,257.99,5,980.36
OI00081055,O0017019,P00011,2,1556.99,5,2958.28
OI00081056,O0017019,P00495,1,17864.99,0,17864.99
OI00081057,O0017019,P00249,4,9162.99,0,36651.96
OI00081058,O0017019,P00055,2,7584.99,0,15169.98
OI00081059,O0017020,P00474,2,14987.99,0,29975.98
OI00081060,O0017021,P00117,4,16078.99,15,54668.57
OI00081061,O0017021,P00303,3,16560.99,0,49682.97
OI00081062,O0017021,P00231,3,6696.99,0,20090.97
OI00081063,O0017021,P00042,2,5803.99,15,9866.78
OI00081064,O0017022,P00144,3,19777.99,15,50433.87
OI00081065,O0017022,P00324,4,19437.99,15,66089.17
OI00081066,O0017022,P00205,3,3134.99,0,9404.97
OI00081067,O0017022,P00028,3,3885.99,15,9909.27
OI00081068,O0017022,P00419,2,7452.99,0,14905.98
OI00081069,O0017023,P00064,2,8817.99,10,15872.38
OI00081070,O0017023,P00062,2,8543.99,5,16233.58
OI00081071,O0017024,P00291,3,14916.99,0,44750.97
OI00081072,O0017024,P00313,1,17930.99,15,15241.34
OI00081073,O0017024,P00357,3,23958.99,5,68283.12
OI00081074,O0017025,P00296,1,15601.99,0,15601.99
OI00081075,O0017025,P00483,1,16220.99,5,15409.94
OI00081076,O0017026,P00133,3,18270.99,0,54812.97
OI00081077,O0017026,P00014,1,1967.99,0,1967.99
OI00081078,O0017026,P00214,1,4367.99,10,3931.19
OI00081079,O0017026,P00431,3,9096.99,0,27290.97
OI00081080,O0017027,P00261,4,10806.99,0,43227.96
OI00081081,O0017028,P00160,1,21969.99,15,18674.49
OI00081082,O0017028,P00020,2,2789.99,0,5579.98
OI00081083,O0017028,P00219,2,5052.99,15,8590.08
OI00081084,O0017028,P00453,3,12110.99,0,36332.97
OI00081085,O0017028,P00404,1,5397.99,0,5397.99
OI00081086,O0017029,P00014,4,1967.99,0,7871.96
OI00081087,O0017029,P00293,4,15190.99,0,60763.96
OI00081088,O0017029,P00275,2,12724.99,10,22904.98
OI00081089,O0017030,P00210,2,3819.99,0,7639.98
OI00081090,O0017030,P00130,3,17859.99,0,53579.97
OI00081091,O0017030,P00120,4,16489.99,0,65959.96
OI00081092,O0017030,P00361,1,24506.99,0,24506.99
OI00081093,O0017031,P00196,2,1901.99,0,3803.98
OI00081094,O0017031,P00373,2,1150.99,0,2301.98
OI00081095,O0017031,P00195,3,1764.99,0,5294.97
OI00081096,O0017031,P00113,1,15530.99,10,13977.89
OI00081097,O0017032,P00048,4,6625.99,0,26503.96
OI00081098,O0017032,P00193,4,1490.99,15,5069.37
OI00081099,O0017033,P00136,1,18681.99,15,15879.69
OI00081100,O0017033,P00330,3,20259.99,0,60779.97
OI00081101,O0017033,P00187,4,668.99,0,2675.96
OI00081102,O0017033,P00165,3,22654.99,0,67964.97
OI00081103,O0017034,P00057,4,7858.99,0,31435.96
OI00081104,O0017035,P00001,3,186.99,0,560.97
OI00081105,O0017035,P00203,3,2860.99,0,8582.97
OI00081106,O0017035,P00357,3,23958.99,0,71876.97
OI00081107,O0017035,P00189,1,942.99,0,942.99
OI00081108,O0017035,P00037,2,5118.99,15,8702.28
OI00081109,O0017036,P00150,1,20599.99,15,17509.99
OI00081110,O0017036,P00301,3,16286.99,0,48860.97
OI00081111,O0017036,P00193,3,1490.99,15,3802.02
OI00081112,O0017036,P00342,1,21903.99,0,21903.99
OI00081113,O0017036,P00392,4,3753.99,10,13514.36
OI00081114,O0017037,P00394,3,4027.99,5,11479.77
OI00081115,O0017037,P00250,4,9299.99,0,37199.96
OI00081116,O0017038,P00210,4,3819.99,0,15279.96
OI00081117,O0017038,P00113,3,15530.99,0,46592.97
OI00081118,O0017039,P00221,3,5326.99,0,15980.97
OI00081119,O0017040,P00391,2,3616.99,0,7233.98
OI00081120,O0017040,P00142,2,19503.99,0,39007.98
OI00081121,O0017040,P00194,3,1627.99,5,4639.77
OI00081122,O0017040,P00366,2,191.99,0,383.98
OI00081123,O0017041,P00357,1,23958.99,0,23958.99
OI00081124,O0017041,P00221,4,5326.99,0,21307.96
OI00081125,O0017041,P00064,4,8817.99,5,33508.36
OI00081126,O0017041,P00035,4,4844.99,15,16472.97
OI00081127,O0017041,P00116,2,15941.99,5,30289.78
OI00081128,O0017042,P00490,3,17179.99,10,46385.97
OI00081129,O0017042,P00441,3,10466.99,5,29830.92
OI00081130,O0017043,P00066,4,9091.99,0,36367.96
OI00081131,O0017043,P00165,1,22654.99,0,22654.99
OI00081132,O0017043,P00279,1,13272.99,0,13272.99
OI00081133,O0017043,P00231,1,6696.99,10,6027.29
OI00081134,O0017044,P00110,3,15119.99,15,38555.97
OI00081135,O0017044,P00346,3,22451.99,5,63988.17
OI00081136,O0017045,P00314,2,18067.99,0,36135.98
OI00081137,O0017045,P00222,2,5463.99,0,10927.98
OI00081138,O0017045,P00300,4,16149.99,10,58139.96
OI00081139,O0017046,P00439,1,10192.99,0,10192.99
OI00081140,O0017047,P00473,4,14850.99,15,50493.37
OI00081141,O0017047,P00443,1,10740.99,15,9129.84
OI00081142,O0017048,P00163,3,22380.99,0,67142.97
OI00081143,O0017048,P00410,1,6219.99,0,6219.99
OI00081144,O0017049,P00447,2,11288.99,0,22577.98
OI00081145,O0017049,P00148,4,20325.99,0,81303.96
OI00081146,O0017049,P00009,2,1282.99,0,2565.98
OI00081147,O0017049,P00003,4,460.99,0,1843.96
OI00081148,O0017050,P00330,1,20259.99,0,20259.99
OI00081149,O0017051,P00064,1,8817.99,10,7936.19
OI00081150,O0017052,P00269,4,11902.99,5,45231.36
OI00081151,O0017052,P00050,1,6899.99,5,6554.99
OI00081152,O0017052,P00370,1,739.99,0,739.99
OI00081153,O0017053,P00079,4,10872.99,0,43491.96
OI00081154,O0017053,P00318,1,18615.99,0,18615.99
OI00081155,O0017054,P00001,4,186.99,5,710.56
OI00081156,O0017054,P00105,2,14434.99,0,28869.98
OI00081157,O0017054,P00384,1,2657.99,5,2525.09
OI00081158,O0017054,P00222,2,5463.99,0,10927.98
OI00081159,O0017054,P00485,4,16494.99,5,62680.96
OI00081160,O0017055,P00070,3,9639.99,10,26027.97
OI00081161,O0017056,P00334,1,20807.99,15,17686.79
OI00081162,O0017056,P00268,3,11765.99,0,35297.97
OI00081163,O0017056,P00082,3,11283.99,0,33851.97
OI00081164,O0017056,P00067,1,9228.99,15,7844.64
OI00081165,O0017056,P00324,2,19437.99,10,34988.38
OI00081166,O0017057,P00349,3,22862.99,0,68588.97
OI00081167,O0017057,P00344,2,22177.99,10,39920.38
OI00081168,O0017057,P00391,1,3616.99,0,3616.99
OI00081169,O0017057,P00245,2,8614.99,0,17229.98
OI00081170,O0017058,P00233,1,6970.99,10,6273.89
OI00081171,O0017058,P00130,4,17859.99,0,71439.96
OI00081172,O0017058,P00203,2,2860.99,0,5721.98
OI00081173,O0017059,P00228,2,6285.99,0,12571.98
OI00081174,O0017059,P00486,1,16631.99,0,16631.99
OI00081175,O0017059,P00191,2,1216.99,0,2433.98
OI00081176,O0017059,P00067,1,9228.99,0,9228.99
OI00081177,O0017059,P00334,2,20807.99,0,41615.98
OI00081178,O0017060,P00101,1,13886.99,15,11803.94
OI00081179,O0017060,P00046,2,6351.99,0,12703.98
OI00081180,O0017060,P00148,1,20325.99,0,20325.99
OI00081181,O0017061,P00410,4,6219.99,5,23635.96
OI00081182,O0017061,P00389,4,3342.99,0,13371.96
OI00081183,O0017061,P00185,3,394.99,0,1184.97
OI00081184,O0017062,P00171,4,23476.99,0,93907.96
OI00081185,O0017062,P00347,1,22588.99,10,20330.09
OI00081186,O0017062,P00225,1,5874.99,15,4993.74
OI00081187,O0017063,P00407,1,5808.99,5,5518.54
OI00081188,O0017063,P00039,3,5392.99,15,13752.12
OI00081189,O0017063,P00338,2,21355.99,15,36305.18
OI00081190,O0017063,P00341,2,21766.99,0,43533.98
OI00081191,O0017063,P00100,1,13749.99,0,13749.99
OI00081192,O0017064,P00210,1,3819.99,10,3437.99
OI00081193,O0017064,P00094,4,12927.99,0,51711.96
OI00081194,O0017064,P00395,3,4164.99,0,12494.97
OI00081195,O0017064,P00406,1,5671.99,0,5671.99
OI00081196,O0017065,P00222,4,5463.99,15,18577.57
OI00081197,O0017065,P00155,2,21284.99,5,40441.48
OI00081198,O0017065,P00432,4,9233.99,0,36935.96
OI00081199,O0017066,P00130,3,17859.99,0,53579.97
OI00081200,O0017067,P00137,1,18818.99,0,18818.99
OI00081201,O0017068,P00024,4,3337.99,15,11349.17
OI00081202,O0017068,P00424,4,8137.99,5,30924.36
OI00081203,O0017069,P00255,3,9984.99,0,29954.97
OI00081204,O0017069,P00045,3,6214.99,5,17712.72
OI00081205,O0017069,P00037,4,5118.99,0,20475.96
OI00081206,O0017069,P00429,4,8822.99,15,29998.17
OI00081207,O0017069,P00278,2,13135.99,0,26271.98
OI00081208,O0017070,P00009,4,1282.99,0,5131.96
OI00081209,O0017070,P00452,4,11973.99,0,47895.96
OI00081210,O0017071,P00315,2,18204.99,0,36409.98
OI00081211,O0017071,P00183,3,120.99,0,362.97
OI00081212,O0017071,P00285,1,14094.99,0,14094.99
OI00081213,O0017071,P00090,2,12379.99,0,24759.98
OI00081214,O0017071,P00034,3,4707.99,15,12005.37
OI00081215,O0017072,P00255,3,9984.99,0,29954.97
OI00081216,O0017072,P00462,1,13343.99,0,13343.99
OI00081217,O0017072,P00092,1,12653.99,15,10755.89
OI00081218,O0017073,P00039,2,5392.99,15,9168.08
OI00081219,O0017073,P00150,1,20599.99,0,20599.99
OI00081220,O0017074,P00020,3,2789.99,10,7532.97
OI00081221,O0017074,P00434,4,9507.99,0,38031.96
OI00081222,O0017074,P00180,2,24709.99,0,49419.98
OI00081223,O0017074,P00418,2,7315.99,0,14631.98
OI00081224,O0017074,P00426,4,8411.99,0,33647.96
OI00081225,O0017075,P00477,2,15398.99,15,26178.28
OI00081226,O0017075,P00167,1,22928.99,0,22928.99
OI00081227,O0017075,P00305,4,16834.99,15,57238.97
OI00081228,O0017075,P00050,1,6899.99,0,6899.99
OI00081229,O0017075,P00104,4,14297.99,5,54332.36
OI00081230,O0017076,P00369,3,602.99,0,1808.97
OI00081231,O0017077,P00076,1,10461.99,0,10461.99
OI00081232,O0017077,P00404,2,5397.99,0,10795.98
OI00081233,O0017077,P00239,3,7792.99,0,23378.97
OI00081234,O0017077,P00281,4,13546.99,15,46059.77
OI00081235,O0017078,P00168,2,23065.99,0,46131.98
OI00081236,O0017078,P00475,2,15124.99,0,30249.98
OI00081237,O0017078,P00403,2,5260.99,15,8943.68
OI00081238,O0017078,P00214,4,4367.99,0,17471.96
OI00081239,O0017078,P00454,2,12247.99,0,24495.98
OI00081240,O0017079,P00172,4,23613.99,15,80287.57
OI00081241,O0017079,P00259,3,10532.99,15,26859.12
OI00081242,O0017079,P00193,3,1490.99,0,4472.97
OI00081243,O0017079,P00125,3,17174.99,5,48948.72
OI00081244,O0017079,P00384,3,2657.99,0,7973.97
OI00081245,O0017080,P00160,3,21969.99,10,59318.97
OI00081246,O0017080,P00386,2,2931.99,0,5863.98
OI00081247,O0017081,P00221,4,5326.99,0,21307.96
OI00081248,O0017082,P00369,3,602.99,0,1808.97
OI00081249,O0017083,P00306,4,16971.99,0,67887.96
OI00081250,O0017083,P00461,2,13206.99,0,26413.98
OI00081251,O0017083,P00246,1,8751.99,10,7876.79
OI00081252,O0017083,P00357,2,23958.99,0,47917.98
OI00081253,O0017084,P00326,4,19711.99,0,78847.96
OI00081254,O0017084,P00317,3,18478.99,10,49893.27
OI00081255,O0017084,P00204,4,2997.99,0,11991.96
OI00081256,O0017084,P00348,3,22725.99,0,68177.97
OI00081257,O0017084,P00010,4,1419.99,10,5111.96
OI00081258,O0017085,P00218,4,4915.99,0,19663.96
OI00081259,O0017085,P00031,2,4296.99,5,8164.28
OI00081260,O0017085,P00189,2,942.99,15,1603.08
OI00081261,O0017086,P00420,4,7589.99,0,30359.96
OI00081262,O0017086,P00491,4,17316.99,0,69267.96
OI00081263,O0017086,P00031,4,4296.99,0,17187.96
OI00081264,O0017086,P00180,3,24709.99,5,70423.47
OI00081265,O0017086,P00110,2,15119.99,0,30239.98
OI00081266,O0017087,P00196,1,1901.99,15,1616.69
OI00081267,O0017087,P00499,1,18412.99,0,18412.99
OI00081268,O0017088,P00190,1,1079.99,10,971.99
OI00081269,O0017089,P00471,1,14576.99,0,14576.99
OI00081270,O0017089,P00168,1,23065.99,0,23065.99
OI00081271,O0017089,P00309,4,17382.99,0,69531.96
OI00081272,O0017090,P00052,2,7173.99,0,14347.98
OI00081273,O0017090,P00271,1,12176.99,15,10350.44
OI00081274,O0017090,P00164,4,22517.99,10,81064.76
OI00081275,O0017090,P00337,2,21218.99,5,40316.08
OI00081276,O0017091,P00364,4,24917.99,15,84721.17
OI00081277,O0017092,P00420,3,7589.99,0,22769.97
OI00081278,O0017092,P00129,2,17722.99,0,35445.98
OI00081279,O0017092,P00116,1,15941.99,0,15941.99
OI00081280,O0017092,P00163,4,22380.99,0,89523.96
OI00081281,O0017092,P00005,1,734.99,0,734.99
OI00081282,O0017093,P00417,1,7178.99,0,7178.99
OI00081283,O0017093,P00071,2,9776.99,5,18576.28
OI00081284,O0017093,P00125,2,17174.99,0,34349.98
OI00081285,O0017094,P00198,2,2175.99,0,4351.98
OI00081286,O0017094,P00239,1,7792.99,0,7792.99
OI00081287,O0017095,P00400,1,4849.99,10,4364.99
OI00081288,O0017095,P00435,2,9644.99,10,17360.98
OI00081289,O0017095,P00025,4,3474.99,10,12509.96
OI00081290,O0017095,P00370,3,739.99,15,1886.97
OI00081291,O0017096,P00024,2,3337.99,0,6675.98
OI00081292,O0017097,P00008,3,1145.99,0,3437.97
OI00081293,O0017097,P00163,3,22380.99,0,67142.97
OI00081294,O0017097,P00030,3,4159.99,15,10607.97
OI00081295,O0017098,P00223,2,5600.99,10,10081.78
OI00081296,O0017098,P00314,1,18067.99,0,18067.99
OI00081297,O0017098,P00272,2,12313.99,15,20933.78
OI00081298,O0017099,P00352,4,23273.99,0,93095.96
OI00081299,O0017100,P00037,3,5118.99,0,15356.97
OI00081300,O0017100,P00232,2,6833.99,10,12301.18
OI00081301,O0017100,P00421,4,7726.99,10,27817.16
OI00081302,O0017100,P00209,4,3682.99,0,14731.96
OI00081303,O0017100,P00457,2,12658.99,10,22786.18
OI00081304,O0017101,P00221,2,5326.99,0,10653.98
OI00081305,O0017101,P00145,3,19914.99,10,53770.47
OI00081306,O0017101,P00268,4,11765.99,0,47063.96
OI00081307,O0017101,P00102,4,14023.99,15,47681.57
OI00081308,O0017101,P00431,3,9096.99,15,23197.32
OI00081309,O0017102,P00327,4,19848.99,5,75426.16
OI00081310,O0017102,P00125,4,17174.99,0,68699.96
OI00081311,O0017102,P00423,2,8000.99,10,14401.78
OI00081312,O0017103,P00476,2,15261.99,0,30523.98
OI00081313,O0017103,P00306,3,16971.99,0,50915.97
OI00081314,O0017103,P00305,1,16834.99,5,15993.24
OI00081315,O0017103,P00109,3,14982.99,10,40454.07
OI00081316,O0017103,P00298,2,15875.99,0,31751.98
OI00081317,O0017104,P00336,4,21081.99,15,71678.77
OI00081318,O0017104,P00315,3,18204.99,0,54614.97
OI00081319,O0017105,P00053,3,7310.99,10,19739.67
OI00081320,O0017105,P00429,4,8822.99,0,35291.96
OI00081321,O0017105,P00057,4,7858.99,5,29864.16
OI00081322,O0017105,P00282,4,13683.99,0,54735.96
OI00081323,O0017106,P00496,1,18001.99,5,17101.89
OI00081324,O0017106,P00105,3,14434.99,0,43304.97
OI00081325,O0017106,P00325,2,19574.99,0,39149.98
OI00081326,O0017107,P00118,2,16215.99,0,32431.98
OI00081327,O0017107,P00216,4,4641.99,0,18567.96
OI00081328,O0017107,P00364,4,24917.99,15,84721.17
OI00081329,O0017108,P00001,4,186.99,0,747.96
OI00081330,O0017108,P00051,1,7036.99,0,7036.99
OI00081331,O0017109,P00164,2,22517.99,0,45035.98
OI00081332,O0017109,P00127,3,17448.99,0,52346.97
OI00081333,O0017109,P00219,2,5052.99,0,10105.98
OI00081334,O0017109,P00152,3,20873.99,5,59490.87
OI00081335,O0017110,P00108,1,14845.99,0,14845.99
OI00081336,O0017110,P00421,3,7726.99,10,20862.87
OI00081337,O0017110,P00304,3,16697.99,0,50093.97
OI00081338,O0017110,P00343,2,22040.99,10,39673.78
OI00081339,O0017110,P00057,4,7858.99,10,28292.36
OI00081340,O0017111,P00301,1,16286.99,5,15472.64
OI00081341,O0017111,P00110,1,15119.99,10,13607.99
OI00081342,O0017111,P00447,3,11288.99,10,30480.27
OI00081343,O0017111,P00219,4,5052.99,0,20211.96
OI00081344,O0017111,P00176,3,24161.99,0,72485.97
OI00081345,O0017112,P00363,2,24780.99,0,49561.98
OI00081346,O0017112,P00259,4,10532.99,0,42131.96
OI00081347,O0017113,P00327,2,19848.99,15,33743.28
OI00081348,O0017113,P00265,3,11354.99,10,30658.47
OI00081349,O0017114,P00317,1,18478.99,0,18478.99
OI00081350,O0017114,P00060,1,8269.99,0,8269.99
OI00081351,O0017115,P00393,3,3890.99,10,10505.67
OI00081352,O0017116,P00054,1,7447.99,15,6330.79
OI00081353,O0017116,P00270,3,12039.99,0,36119.97
OI00081354,O0017116,P00267,3,11628.99,0,34886.97
OI00081355,O0017117,P00179,3,24572.99,5,70033.02
OI00081356,O0017118,P00410,1,6219.99,0,6219.99
OI00081357,O0017118,P00468,1,14165.99,15,12041.09
OI00081358,O0017118,P00201,4,2586.99,5,9830.56
OI00081359,O0017118,P00314,1,18067.99,0,18067.99
OI00081360,O0017119,P00497,4,18138.99,10,65300.36
OI00081361,O0017119,P00409,2,6082.99,0,12165.98
OI00081362,O0017119,P00048,2,6625.99,0,13251.98
OI00081363,O0017119,P00108,2,14845.99,0,29691.98
OI00081364,O0017119,P00013,4,1830.99,0,7323.96
OI00081365,O0017120,P00112,3,15393.99,0,46181.97
OI00081366,O0017120,P00021,4,2926.99,5,11122.56
OI00081367,O0017120,P00382,1,2383.99,10,2145.59
OI00081368,O0017121,P00449,2,11562.99,0,23125.98
OI00081369,O0017121,P00250,3,9299.99,0,27899.97
OI00081370,O0017121,P00223,1,5600.99,0,5600.99
OI00081371,O0017121,P00009,2,1282.99,15,2181.08
OI00081372,O0017122,P00384,2,2657.99,0,5315.98
OI00081373,O0017122,P00485,2,16494.99,5,31340.48
OI00081374,O0017122,P00258,4,10395.99,0,41583.96
OI00081375,O0017122,P00331,4,20396.99,15,69349.77
OI00081376,O0017122,P00147,1,20188.99,0,20188.99
OI00081377,O0017123,P00221,4,5326.99,0,21307.96
OI00081378,O0017123,P00132,1,18133.99,0,18133.99
OI00081379,O0017123,P00393,4,3890.99,0,15563.96
OI00081380,O0017124,P00062,2,8543.99,15,14524.78
OI00081381,O0017124,P00135,4,18544.99,15,63052.97
OI00081382,O0017124,P00028,4,3885.99,15,13212.37
OI00081383,O0017124,P00211,4,3956.99,5,15036.56
OI00081384,O0017124,P00149,4,20462.99,10,73666.76
OI00081385,O0017125,P00425,3,8274.99,0,24824.97
OI00081386,O0017125,P00158,2,21695.99,10,39052.78
OI00081387,O0017126,P00227,1,6148.99,10,5534.09
OI00081388,O0017126,P00156,3,21421.99,5,61052.67
OI00081389,O0017127,P00011,2,1556.99,0,3113.98
OI00081390,O0017128,P00325,4,19574.99,0,78299.96
OI00081391,O0017128,P00434,1,9507.99,10,8557.19
OI00081392,O0017128,P00162,2,22243.99,0,44487.98
OI00081393,O0017129,P00085,4,11694.99,5,44440.96
OI00081394,O0017129,P00479,4,15672.99,10,56422.76
OI00081395,O0017129,P00234,3,7107.99,0,21323.97
OI00081396,O0017130,P00137,1,18818.99,5,17878.04
OI00081397,O0017130,P00255,1,9984.99,0,9984.99
OI00081398,O0017130,P00003,4,460.99,0,1843.96
OI00081399,O0017130,P00325,2,19574.99,0,39149.98
OI00081400,O0017131,P00290,2,14779.99,0,29559.98
OI00081401,O0017132,P00276,1,12861.99,0,12861.99
OI00081402,O0017132,P00084,2,11557.99,15,19648.58
OI00081403,O0017132,P00497,3,18138.99,10,48975.27
OI00081404,O0017132,P00235,2,7244.99,15,12316.48
OI00081405,O0017133,P00181,2,24846.99,0,49693.98
OI00081406,O0017133,P00124,1,17037.99,10,15334.19
OI00081407,O0017133,P00351,1,23136.99,0,23136.99
OI00081408,O0017133,P00368,1,465.99,15,396.09
OI00081409,O0017134,P00208,1,3545.99,0,3545.99
OI00081410,O0017134,P00428,4,8685.99,15,29532.37
OI00081411,O0017135,P00247,3,8888.99,0,26666.97
OI00081412,O0017135,P00035,3,4844.99,0,14534.97
OI00081413,O0017135,P00085,1,11694.99,5,11110.24
OI00081414,O0017136,P00460,3,13069.99,10,35288.97
OI00081415,O0017136,P00459,3,12932.99,10,34919.07
OI00081416,O0017136,P00042,4,5803.99,5,22055.16
OI00081417,O0017137,P00408,3,5945.99,5,16946.07
OI00081418,O0017137,P00441,2,10466.99,0,20933.98
OI00081419,O0017137,P00069,3,9502.99,0,28508.97
OI00081420,O0017137,P00289,1,14642.99,10,13178.69
OI00081421,O0017137,P00196,4,1901.99,0,7607.96
OI00081422,O0017138,P00403,3,5260.99,0,15782.97
OI00081423,O0017138,P00486,1,16631.99,0,16631.99
OI00081424,O0017139,P00183,1,120.99,5,114.94
OI00081425,O0017140,P00205,4,3134.99,0,12539.96
OI00081426,O0017140,P00226,2,6011.99,0,12023.98
OI00081427,O0017140,P00072,3,9913.99,10,26767.77
OI00081428,O0017140,P00198,2,2175.99,15,3699.18
OI00081429,O0017141,P00387,3,3068.99,0,9206.97
OI00081430,O0017141,P00216,4,4641.99,5,17639.56
OI00081431,O0017142,P00380,1,2109.99,0,2109.99
OI00081432,O0017142,P00434,1,9507.99,5,9032.59
OI00081433,O0017142,P00241,2,8066.99,0,16133.98
OI00081434,O0017142,P00007,4,1008.99,0,4035.96
OI00081435,O0017142,P00488,4,16905.99,0,67623.96
OI00081436,O0017143,P00267,1,11628.99,0,11628.99
OI00081437,O0017143,P00270,1,12039.99,15,10233.99
OI00081438,O0017143,P00413,3,6630.99,0,19892.97
OI00081439,O0017143,P00188,3,805.99,0,2417.97
OI00081440,O0017143,P00370,3,739.99,0,2219.97
OI00081441,O0017144,P00496,2,18001.99,0,36003.98
OI00081442,O0017145,P00484,4,16357.99,0,65431.96
OI00081443,O0017145,P00406,3,5671.99,0,17015.97
OI00081444,O0017145,P00417,3,7178.99,10,19383.27
OI00081445,O0017145,P00032,2,4433.99,5,8424.58
OI00081446,O0017146,P00226,2,6011.99,0,12023.98
OI00081447,O0017146,P00391,3,3616.99,0,10850.97
OI00081448,O0017146,P00471,3,14576.99,0,43730.97
OI00081449,O0017146,P00256,4,10121.99,0,40487.96
OI00081450,O0017147,P00303,2,16560.99,5,31465.88
OI00081451,O0017147,P00367,1,328.99,0,328.99
OI00081452,O0017147,P00251,4,9436.99,5,35860.56
OI00081453,O0017147,P00435,3,9644.99,0,28934.97
OI00081454,O0017147,P00368,1,465.99,10,419.39
OI00081455,O0017148,P00164,2,22517.99,0,45035.98
OI00081456,O0017148,P00095,1,13064.99,0,13064.99
OI00081457,O0017149,P00047,1,6488.99,0,6488.99
OI00081458,O0017149,P00164,4,22517.99,0,90071.96
OI00081459,O0017149,P00243,4,8340.99,0,33363.96
OI00081460,O0017149,P00423,2,8000.99,0,16001.98
OI00081461,O0017150,P00058,4,7995.99,5,30384.76
OI00081462,O0017150,P00003,2,460.99,0,921.98
OI00081463,O0017150,P00310,3,17519.99,0,52559.97
OI00081464,O0017150,P00200,3,2449.99,0,7349.97
OI00081465,O0017150,P00287,1,14368.99,0,14368.99
OI00081466,O0017151,P00373,3,1150.99,0,3452.97
OI00081467,O0017151,P00078,4,10735.99,0,42943.96
OI00081468,O0017151,P00111,1,15256.99,0,15256.99
OI00081469,O0017151,P00021,1,2926.99,0,2926.99
OI00081470,O0017151,P00383,4,2520.99,5,9579.76
OI00081471,O0017152,P00499,3,18412.99,5,52477.02
OI00081472,O0017152,P00146,1,20051.99,15,17044.19
OI00081473,O0017152,P00442,1,10603.99,0,10603.99
OI00081474,O0017152,P00090,2,12379.99,0,24759.98
OI00081475,O0017152,P00055,1,7584.99,15,6447.24
OI00081476,O0017153,P00352,1,23273.99,5,22110.29
OI00081477,O0017153,P00199,4,2312.99,10,8326.76
OI00081478,O0017153,P00092,3,12653.99,0,37961.97
OI00081479,O0017153,P00028,4,3885.99,0,15543.96
OI00081480,O0017154,P00446,4,11151.99,0,44607.96
OI00081481,O0017154,P00481,4,15946.99,5,60598.56
OI00081482,O0017155,P00411,4,6356.99,0,25427.96
OI00081483,O0017156,P00320,4,18889.99,0,75559.96
OI00081484,O0017156,P00209,3,3682.99,5,10496.52
OI00081485,O0017156,P00138,3,18955.99,10,51181.17
OI00081486,O0017157,P00017,1,2378.99,0,2378.99
OI00081487,O0017158,P00212,4,4093.99,10,14738.36
OI00081488,O0017158,P00108,1,14845.99,0,14845.99
OI00081489,O0017158,P00050,1,6899.99,5,6554.99
OI00081490,O0017158,P00255,4,9984.99,0,39939.96
OI00081491,O0017158,P00480,4,15809.99,0,63239.96
OI00081492,O0017159,P00452,1,11973.99,15,10177.89
OI00081493,O0017159,P00419,2,7452.99,15,12670.08
OI00081494,O0017159,P00193,3,1490.99,0,4472.97
OI00081495,O0017160,P00158,2,21695.99,10,39052.78
OI00081496,O0017160,P00212,3,4093.99,0,12281.97
OI00081497,O0017161,P00456,2,12521.99,0,25043.98
OI00081498,O0017161,P00158,3,21695.99,0,65087.97
OI00081499,O0017161,P00006,1,871.99,0,871.99
OI00081500,O0017162,P00363,1,24780.99,0,24780.99
OI00081501,O0017163,P00189,4,942.99,0,3771.96
OI00081502,O0017164,P00161,1,22106.99,10,19896.29
OI00081503,O0017164,P00065,1,8954.99,0,8954.99
OI00081504,O0017164,P00202,2,2723.99,0,5447.98
OI00081505,O0017164,P00026,4,3611.99,0,14447.96
OI00081506,O0017165,P00176,1,24161.99,15,20537.69
OI00081507,O0017165,P00318,1,18615.99,0,18615.99
OI00081508,O0017165,P00237,3,7518.99,15,19173.42
OI00081509,O0017165,P00200,2,2449.99,15,4164.98
OI00081510,O0017165,P00272,1,12313.99,15,10466.89
OI00081511,O0017166,P00376,4,1561.99,10,5623.16
OI00081512,O0017166,P00234,2,7107.99,0,14215.98
OI00081513,O0017166,P00316,2,18341.99,15,31181.38
OI00081514,O0017166,P00160,2,21969.99,0,43939.98
OI00081515,O0017166,P00011,1,1556.99,0,1556.99
OI00081516,O0017167,P00445,2,11014.99,0,22029.98
OI00081517,O0017168,P00135,4,18544.99,0,74179.96
OI00081518,O0017168,P00311,2,17656.99,5,33548.28
OI00081519,O0017169,P00084,1,11557.99,0,11557.99
OI00081520,O0017169,P00335,1,20944.99,10,18850.49
OI00081521,O0017169,P00239,3,7792.99,0,23378.97
OI00081522,O0017169,P00359,1,24232.99,15,20598.04
OI00081523,O0017169,P00471,3,14576.99,15,37171.32
OI00081524,O0017170,P00330,3,20259.99,5,57740.97
OI00081525,O0017170,P00062,4,8543.99,0,34175.96
OI00081526,O0017170,P00235,2,7244.99,0,14489.98
OI00081527,O0017171,P00121,2,16626.99,0,33253.98
OI00081528,O0017171,P00023,1,3200.99,0,3200.99
OI00081529,O0017171,P00169,1,23202.99,15,19722.54
OI00081530,O0017171,P00031,1,4296.99,0,4296.99
OI00081531,O0017172,P00011,2,1556.99,10,2802.58
OI00081532,O0017172,P00049,3,6762.99,0,20288.97
OI00081533,O0017172,P00349,3,22862.99,5,65159.52
OI00081534,O0017172,P00108,4,14845.99,15,50476.37
OI00081535,O0017172,P00405,3,5534.99,0,16604.97
OI00081536,O0017173,P00106,1,14571.99,0,14571.99
OI00081537,O0017173,P00136,4,18681.99,5,70991.56
OI00081538,O0017173,P00189,3,942.99,15,2404.62
OI00081539,O0017173,P00095,1,13064.99,0,13064.99
OI00081540,O0017174,P00344,1,22177.99,0,22177.99
OI00081541,O0017174,P00109,3,14982.99,5,42701.52
OI00081542,O0017174,P00434,1,9507.99,0,9507.99
OI00081543,O0017175,P00217,4,4778.99,15,16248.57
OI00081544,O0017175,P00452,3,11973.99,10,32329.77
OI00081545,O0017175,P00017,1,2378.99,15,2022.14
OI00081546,O0017175,P00425,1,8274.99,15,7033.74
OI00081547,O0017175,P00409,3,6082.99,0,18248.97
OI00081548,O0017176,P00136,3,18681.99,5,53243.67
OI00081549,O0017177,P00311,3,17656.99,5,50322.42
OI00081550,O0017177,P00207,4,3408.99,10,12272.36
OI00081551,O0017177,P00398,2,4575.99,15,7779.18
OI00081552,O0017177,P00499,1,18412.99,0,18412.99
OI00081553,O0017177,P00291,2,14916.99,15,25358.88
OI00081554,O0017178,P00472,2,14713.99,15,25013.78
OI00081555,O0017178,P00440,3,10329.99,0,30989.97
OI00081556,O0017178,P00163,4,22380.99,0,89523.96
OI00081557,O0017178,P00224,2,5737.99,0,11475.98
OI00081558,O0017178,P00467,3,14028.99,0,42086.97
OI00081559,O0017179,P00075,2,10324.99,0,20649.98
OI00081560,O0017179,P00447,4,11288.99,0,45155.96
OI00081561,O0017179,P00030,2,4159.99,10,7487.98
OI00081562,O0017180,P00076,3,10461.99,10,28247.37
OI00081563,O0017180,P00449,1,11562.99,0,11562.99
OI00081564,O0017180,P00265,1,11354.99,10,10219.49
OI00081565,O0017180,P00160,2,21969.99,0,43939.98
OI00081566,O0017180,P00004,3,597.99,10,1614.57
OI00081567,O0017181,P00352,3,23273.99,15,59348.67
OI00081568,O0017181,P00237,4,7518.99,15,25564.57
OI00081569,O0017182,P00046,1,6351.99,0,6351.99
OI00081570,O0017182,P00048,1,6625.99,0,6625.99
OI00081571,O0017183,P00487,4,16768.99,0,67075.96
OI00081572,O0017183,P00104,4,14297.99,0,57191.96
OI00081573,O0017183,P00004,2,597.99,0,1195.98
OI00081574,O0017184,P00086,4,11831.99,0,47327.96
OI00081575,O0017184,P00462,2,13343.99,0,26687.98
OI00081576,O0017184,P00365,1,54.99,10,49.49
OI00081577,O0017185,P00398,2,4575.99,10,8236.78
OI00081578,O0017185,P00013,1,1830.99,10,1647.89
OI00081579,O0017185,P00056,1,7721.99,0,7721.99
OI00081580,O0017185,P00106,4,14571.99,0,58287.96
OI00081581,O0017186,P00495,1,17864.99,0,17864.99
OI00081582,O0017186,P00111,2,15256.99,15,25936.88
OI00081583,O0017186,P00109,4,14982.99,15,50942.17
OI00081584,O0017186,P00222,3,5463.99,10,14752.77
OI00081585,O0017187,P00492,1,17453.99,0,17453.99
OI00081586,O0017188,P00010,4,1419.99,0,5679.96
OI00081587,O0017188,P00119,2,16352.99,0,32705.98
OI00081588,O0017189,P00305,2,16834.99,0,33669.98
OI00081589,O0017189,P00076,1,10461.99,0,10461.99
OI00081590,O0017189,P00463,4,13480.99,0,53923.96
OI00081591,O0017189,P00097,4,13338.99,15,45352.57
OI00081592,O0017190,P00270,3,12039.99,10,32507.97
OI00081593,O0017190,P00317,2,18478.99,15,31414.28
OI00081594,O0017191,P00264,4,11217.99,0,44871.96
OI00081595,O0017191,P00437,2,9918.99,10,17854.18
OI00081596,O0017191,P00161,1,22106.99,0,22106.99
OI00081597,O0017192,P00090,3,12379.99,0,37139.97
OI00081598,O0017192,P00087,4,11968.99,0,47875.96
OI00081599,O0017193,P00380,1,2109.99,0,2109.99
OI00081600,O0017193,P00493,3,17590.99,0,52772.97
OI00081601,O0017193,P00331,1,20396.99,10,18357.29
OI00081602,O0017194,P00231,2,6696.99,0,13393.98
OI00081603,O0017194,P00101,1,13886.99,5,13192.64
OI00081604,O0017194,P00138,2,18955.99,0,37911.98
OI00081605,O0017194,P00345,3,22314.99,10,60250.47
OI00081606,O0017194,P00345,4,22314.99,0,89259.96
OI00081607,O0017195,P00089,1,12242.99,5,11630.84
OI00081608,O0017195,P00217,4,4778.99,5,18160.16
OI00081609,O0017195,P00146,2,20051.99,0,40103.98
OI00081610,O0017195,P00236,1,7381.99,0,7381.99
OI00081611,O0017196,P00396,1,4301.99,0,4301.99
OI00081612,O0017196,P00446,1,11151.99,0,11151.99
OI00081613,O0017197,P00358,3,24095.99,5,68673.57
OI00081614,O0017197,P00445,1,11014.99,0,11014.99
OI00081615,O0017197,P00292,2,15053.99,0,30107.98
OI00081616,O0017197,P00045,4,6214.99,5,23616.96
OI00081617,O0017198,P00191,4,1216.99,0,4867.96
OI00081618,O0017198,P00067,2,9228.99,0,18457.98
OI00081619,O0017198,P00139,2,19092.99,0,38185.98
OI00081620,O0017199,P00185,2,394.99,15,671.48
OI00081621,O0017199,P00310,2,17519.99,0,35039.98
OI00081622,O0017199,P00239,1,7792.99,10,7013.69
OI00081623,O0017200,P00372,2,1013.99,10,1825.18
OI00081624,O0017200,P00098,1,13475.99,0,13475.99
OI00081625,O0017201,P00433,4,9370.99,0,37483.96
OI00081626,O0017201,P00165,4,22654.99,0,90619.96
OI00081627,O0017201,P00476,3,15261.99,0,45785.97
OI00081628,O0017202,P00283,2,13820.99,0,27641.98
OI00081629,O0017203,P00132,2,18133.99,0,36267.98
OI00081630,O0017204,P00094,3,12927.99,0,38783.97
OI00081631,O0017204,P00266,3,11491.99,0,34475.97
OI00081632,O0017205,P00179,1,24572.99,5,23344.34
OI00081633,O0017205,P00273,3,12450.99,10,33617.67
OI00081634,O0017206,P00347,4,22588.99,0,90355.96
OI00081635,O0017206,P00192,2,1353.99,5,2572.58
OI00081636,O0017206,P00315,3,18204.99,15,46422.72
OI00081637,O0017206,P00410,3,6219.99,0,18659.97
OI00081638,O0017206,P00017,1,2378.99,0,2378.99
OI00081639,O0017207,P00483,2,16220.99,0,32441.98
OI00081640,O0017207,P00079,2,10872.99,0,21745.98
OI00081641,O0017208,P00044,1,6077.99,15,5166.29
OI00081642,O0017208,P00219,1,5052.99,0,5052.99
OI00081643,O0017209,P00010,4,1419.99,0,5679.96
OI00081644,O0017209,P00174,4,23887.99,15,81219.17
OI00081645,O0017209,P00063,2,8680.99,0,17361.98
OI00081646,O0017209,P00441,3,10466.99,0,31400.97
OI00081647,O0017209,P00451,2,11836.99,10,21306.58
OI00081648,O0017210,P00189,3,942.99,0,2828.97
OI00081649,O0017210,P00295,1,15464.99,0,15464.99
OI00081650,O0017210,P00082,3,11283.99,0,33851.97
OI00081651,O0017210,P00286,2,14231.99,5,27040.78
OI00081652,O0017210,P00042,2,5803.99,0,11607.98
OI00081653,O0017211,P00406,2,5671.99,15,9642.38
OI00081654,O0017212,P00041,3,5666.99,0,17000.97
OI00081655,O0017212,P00251,3,9436.99,0,28310.97
OI00081656,O0017212,P00270,3,12039.99,0,36119.97
OI00081657,O0017213,P00110,2,15119.99,0,30239.98
OI00081658,O0017213,P00352,2,23273.99,0,46547.98
OI00081659,O0017213,P00430,1,8959.99,0,8959.99
OI00081660,O0017214,P00299,4,16012.99,0,64051.96
OI00081661,O0017214,P00126,4,17311.99,10,62323.16
OI00081662,O0017214,P00277,3,12998.99,0,38996.97
OI00081663,O0017214,P00354,3,23547.99,10,63579.57
OI00081664,O0017215,P00205,2,3134.99,5,5956.48
OI00081665,O0017215,P00135,3,18544.99,0,55634.97
OI00081666,O0017215,P00367,1,328.99,0,328.99
OI00081667,O0017215,P00055,2,7584.99,0,15169.98
OI00081668,O0017216,P00083,3,11420.99,10,30836.67
OI00081669,O0017216,P00324,2,19437.99,0,38875.98
OI00081670,O0017217,P00274,1,12587.99,10,11329.19
OI00081671,O0017217,P00454,4,12247.99,0,48991.96
OI00081672,O0017217,P00484,3,16357.99,5,46620.27
OI00081673,O0017217,P00108,4,14845.99,5,56414.76
OI00081674,O0017218,P00454,3,12247.99,0,36743.97
OI00081675,O0017219,P00304,4,16697.99,10,60112.76
OI00081676,O0017219,P00398,1,4575.99,5,4347.19
OI00081677,O0017220,P00258,2,10395.99,10,18712.78
OI00081678,O0017220,P00008,4,1145.99,0,4583.96
OI00081679,O0017220,P00493,3,17590.99,0,52772.97
OI00081680,O0017220,P00415,4,6904.99,0,27619.96
OI00081681,O0017221,P00396,4,4301.99,0,17207.96
OI00081682,O0017221,P00122,3,16763.99,5,47777.37
OI00081683,O0017221,P00413,3,6630.99,0,19892.97
OI00081684,O0017221,P00026,2,3611.99,0,7223.98
OI00081685,O0017221,P00111,4,15256.99,10,54925.16
OI00081686,O0017222,P00219,4,5052.99,0,20211.96
OI00081687,O0017222,P00499,1,18412.99,15,15651.04
OI00081688,O0017222,P00308,3,17245.99,0,51737.97
OI00081689,O0017222,P00276,1,12861.99,0,12861.99
OI00081690,O0017223,P00420,4,7589.99,15,25805.97
OI00081691,O0017224,P00302,4,16423.99,15,55841.57
OI00081692,O0017224,P00316,2,18341.99,5,34849.78
OI00081693,O0017224,P00317,1,18478.99,0,18478.99
OI00081694,O0017224,P00174,3,23887.99,0,71663.97
OI00081695,O0017225,P00274,4,12587.99,0,50351.96
OI00081696,O0017225,P00020,4,2789.99,0,11159.96
OI00081697,O0017225,P00498,2,18275.99,10,32896.78
OI00081698,O0017226,P00439,3,10192.99,0,30578.97
OI00081699,O0017226,P00292,4,15053.99,0,60215.96
OI00081700,O0017227,P00168,3,23065.99,0,69197.97
OI00081701,O0017227,P00064,3,8817.99,5,25131.27
OI00081702,O0017227,P00291,3,14916.99,0,44750.97
OI00081703,O0017227,P00188,1,805.99,0,805.99
OI00081704,O0017228,P00484,1,16357.99,5,15540.09
OI00081705,O0017228,P00035,2,4844.99,5,9205.48
OI00081706,O0017229,P00157,1,21558.99,0,21558.99
OI00081707,O0017230,P00167,3,22928.99,5,65347.62
OI00081708,O0017231,P00335,4,20944.99,15,71212.97
OI00081709,O0017232,P00080,1,11009.99,10,9908.99
OI00081710,O0017232,P00351,4,23136.99,15,78665.77
OI00081711,O0017232,P00360,1,24369.99,10,21932.99
OI00081712,O0017232,P00075,3,10324.99,0,30974.97
OI00081713,O0017232,P00336,4,21081.99,5,80111.56
OI00081714,O0017233,P00473,2,14850.99,0,29701.98
OI00081715,O0017233,P00133,3,18270.99,5,52072.32
OI00081716,O0017233,P00293,1,15190.99,15,12912.34
OI00081717,O0017233,P00336,3,21081.99,0,63245.97
OI00081718,O0017233,P00264,2,11217.99,0,22435.98
OI00081719,O0017234,P00422,4,7863.99,5,29883.16
OI00081720,O0017234,P00119,3,16352.99,5,46606.02
OI00081721,O0017234,P00217,1,4778.99,15,4062.14
OI00081722,O0017234,P00473,3,14850.99,0,44552.97
OI00081723,O0017234,P00055,1,7584.99,0,7584.99
OI00081724,O0017235,P00406,2,5671.99,0,11343.98
OI00081725,O0017235,P00318,3,18615.99,5,53055.57
OI00081726,O0017235,P00077,4,10598.99,5,40276.16
OI00081727,O0017236,P00483,1,16220.99,0,16220.99
OI00081728,O0017237,P00276,1,12861.99,15,10932.69
OI00081729,O0017237,P00019,1,2652.99,5,2520.34
OI00081730,O0017238,P00222,4,5463.99,0,21855.96
OI00081731,O0017238,P00457,1,12658.99,0,12658.99
OI00081732,O0017238,P00290,3,14779.99,0,44339.97
OI00081733,O0017238,P00369,2,602.99,0,1205.98
OI00081734,O0017239,P00163,1,22380.99,15,19023.84
OI00081735,O0017239,P00363,1,24780.99,0,24780.99
OI00081736,O0017239,P00490,3,17179.99,0,51539.97
OI00081737,O0017240,P00269,3,11902.99,5,33923.52
OI00081738,O0017240,P00253,2,9710.99,0,19421.98
OI00081739,O0017240,P00011,4,1556.99,0,6227.96
OI00081740,O0017240,P00263,2,11080.99,5,21053.88
OI00081741,O0017241,P00461,3,13206.99,5,37639.92
OI00081742,O0017242,P00268,3,11765.99,0,35297.97
OI00081743,O0017242,P00045,1,6214.99,0,6214.99
OI00081744,O0017242,P00136,1,18681.99,0,18681.99
OI00081745,O0017242,P00255,3,9984.99,15,25461.72
OI00081746,O0017242,P00084,1,11557.99,5,10980.09
OI00081747,O0017243,P00239,4,7792.99,0,31171.96
OI00081748,O0017244,P00201,2,2586.99,10,4656.58
OI00081749,O0017244,P00443,4,10740.99,0,42963.96
OI00081750,O0017244,P00220,4,5189.99,5,19721.96
OI00081751,O0017245,P00415,2,6904.99,0,13809.98
OI00081752,O0017245,P00404,1,5397.99,0,5397.99
OI00081753,O0017245,P00329,2,20122.99,0,40245.98
OI00081754,O0017246,P00163,3,22380.99,0,67142.97
OI00081755,O0017246,P00379,1,1972.99,0,1972.99
OI00081756,O0017246,P00158,1,21695.99,15,18441.59
OI00081757,O0017247,P00240,3,7929.99,5,22600.47
OI00081758,O0017247,P00297,1,15738.99,0,15738.99
OI00081759,O0017247,P00270,4,12039.99,0,48159.96
OI00081760,O0017247,P00002,4,323.99,15,1101.57
OI00081761,O0017248,P00048,1,6625.99,0,6625.99
OI00081762,O0017249,P00321,3,19026.99,0,57080.97
OI00081763,O0017250,P00316,4,18341.99,10,66031.16
OI00081764,O0017250,P00091,1,12516.99,15,10639.44
OI00081765,O0017250,P00015,4,2104.99,0,8419.96
OI00081766,O0017251,P00069,1,9502.99,0,9502.99
OI00081767,O0017252,P00219,2,5052.99,5,9600.68
OI00081768,O0017252,P00167,2,22928.99,0,45857.98
OI00081769,O0017252,P00305,4,16834.99,0,67339.96
OI00081770,O0017252,P00163,1,22380.99,0,22380.99
OI00081771,O0017252,P00165,3,22654.99,0,67964.97
OI00081772,O0017253,P00236,3,7381.99,5,21038.67
OI00081773,O0017253,P00048,3,6625.99,0,19877.97
OI00081774,O0017254,P00087,2,11968.99,5,22741.08
OI00081775,O0017254,P00477,2,15398.99,0,30797.98
OI00081776,O0017254,P00324,2,19437.99,0,38875.98
OI00081777,O0017255,P00275,3,12724.99,0,38174.97
OI00081778,O0017255,P00363,1,24780.99,0,24780.99
OI00081779,O0017255,P00062,3,8543.99,5,24350.37
OI00081780,O0017255,P00320,1,18889.99,0,18889.99
OI00081781,O0017256,P00101,4,13886.99,5,52770.56
OI00081782,O0017257,P00350,3,22999.99,0,68999.97
OI00081783,O0017257,P00010,3,1419.99,15,3620.97
OI00081784,O0017257,P00053,2,7310.99,5,13890.88
OI00081785,O0017257,P00420,4,7589.99,0,30359.96
OI00081786,O0017258,P00363,2,24780.99,15,42127.68
OI00081787,O0017258,P00167,1,22928.99,0,22928.99
OI00081788,O0017258,P00142,3,19503.99,5,55586.37
OI00081789,O0017259,P00202,1,2723.99,0,2723.99
OI00081790,O0017259,P00363,3,24780.99,5,70625.82
OI00081791,O0017259,P00454,4,12247.99,15,41643.17
OI00081792,O0017259,P00257,4,10258.99,0,41035.96
OI00081793,O0017260,P00007,4,1008.99,0,4035.96
OI00081794,O0017260,P00092,1,12653.99,0,12653.99
OI00081795,O0017261,P00291,3,14916.99,0,44750.97
OI00081796,O0017262,P00214,4,4367.99,0,17471.96
OI00081797,O0017262,P00309,2,17382.99,0,34765.98
OI00081798,O0017262,P00366,4,191.99,10,691.16
OI00081799,O0017262,P00157,3,21558.99,0,64676.97
OI00081800,O0017263,P00030,4,4159.99,15,14143.97
OI00081801,O0017263,P00424,4,8137.99,5,30924.36
OI00081802,O0017263,P00184,2,257.99,0,515.98
OI00081803,O0017263,P00272,1,12313.99,0,12313.99
OI00081804,O0017263,P00043,2,5940.99,15,10099.68
OI00081805,O0017264,P00374,3,1287.99,5,3670.77
OI00081806,O0017264,P00169,2,23202.99,15,39445.08
OI00081807,O0017265,P00111,3,15256.99,15,38905.32
OI00081808,O0017266,P00476,3,15261.99,0,45785.97
OI00081809,O0017267,P00339,4,21492.99,0,85971.96
OI00081810,O0017267,P00130,1,17859.99,0,17859.99
OI00081811,O0017267,P00366,2,191.99,0,383.98
OI00081812,O0017267,P00044,1,6077.99,5,5774.09
OI00081813,O0017267,P00255,3,9984.99,5,28457.22
OI00081814,O0017268,P00295,1,15464.99,0,15464.99
OI00081815,O0017268,P00091,3,12516.99,0,37550.97
OI00081816,O0017269,P00031,2,4296.99,0,8593.98
OI00081817,O0017269,P00064,3,8817.99,5,25131.27
OI00081818,O0017269,P00336,3,21081.99,15,53759.07
OI00081819,O0017270,P00145,2,19914.99,15,33855.48
OI00081820,O0017270,P00332,3,20533.99,5,58521.87
OI00081821,O0017270,P00350,4,22999.99,0,91999.96
OI00081822,O0017271,P00182,2,24983.99,0,49967.98
OI00081823,O0017272,P00497,2,18138.99,10,32650.18
OI00081824,O0017272,P00072,3,9913.99,0,29741.97
OI00081825,O0017273,P00167,4,22928.99,5,87130.16
OI00081826,O0017273,P00012,3,1693.99,5,4827.87
OI00081827,O0017273,P00401,1,4986.99,0,4986.99
OI00081828,O0017273,P00469,2,14302.99,5,27175.68
OI00081829,O0017273,P00405,2,5534.99,0,11069.98
OI00081830,O0017274,P00311,4,17656.99,0,70627.96
OI00081831,O0017274,P00212,4,4093.99,15,13919.57
OI00081832,O0017274,P00135,3,18544.99,5,52853.22
OI00081833,O0017275,P00071,3,9776.99,0,29330.97
OI00081834,O0017276,P00187,4,668.99,15,2274.57
OI00081835,O0017276,P00325,2,19574.99,0,39149.98
OI00081836,O0017276,P00079,4,10872.99,15,36968.17
OI00081837,O0017276,P00009,2,1282.99,0,2565.98
OI00081838,O0017277,P00417,3,7178.99,0,21536.97
OI00081839,O0017277,P00300,1,16149.99,0,16149.99
OI00081840,O0017278,P00470,3,14439.99,0,43319.97
OI00081841,O0017278,P00234,2,7107.99,0,14215.98
OI00081842,O0017279,P00067,4,9228.99,0,36915.96
OI00081843,O0017279,P00401,2,4986.99,0,9973.98
OI00081844,O0017280,P00189,3,942.99,10,2546.07
OI00081845,O0017280,P00123,4,16900.99,0,67603.96
OI00081846,O0017280,P00065,2,8954.99,0,17909.98
OI00081847,O0017280,P00332,2,20533.99,15,34907.78
OI00081848,O0017281,P00435,3,9644.99,0,28934.97
OI00081849,O0017281,P00115,3,15804.99,15,40302.72
OI00081850,O0017282,P00303,3,16560.99,10,44714.67
OI00081851,O0017282,P00209,2,3682.99,5,6997.68
OI00081852,O0017282,P00230,3,6559.99,0,19679.97
OI00081853,O0017282,P00042,2,5803.99,0,11607.98
OI00081854,O0017283,P00170,2,23339.99,0,46679.98
OI00081855,O0017283,P00149,4,20462.99,15,69574.17
OI00081856,O0017284,P00304,3,16697.99,0,50093.97
OI00081857,O0017284,P00186,2,531.99,0,1063.98
OI00081858,O0017284,P00475,4,15124.99,0,60499.96
OI00081859,O0017284,P00028,2,3885.99,15,6606.18
OI00081860,O0017285,P00086,2,11831.99,0,23663.98
OI00081861,O0017285,P00093,4,12790.99,10,46047.56
OI00081862,O0017286,P00152,3,20873.99,0,62621.97
OI00081863,O0017287,P00292,4,15053.99,5,57205.16
OI00081864,O0017287,P00044,2,6077.99,0,12155.98
OI00081865,O0017288,P00346,4,22451.99,0,89807.96
OI00081866,O0017289,P00242,3,8203.99,5,23381.37
OI00081867,O0017289,P00008,4,1145.99,5,4354.76
OI00081868,O0017290,P00194,2,1627.99,15,2767.58
OI00081869,O0017291,P00233,4,6970.99,10,25095.56
OI00081870,O0017291,P00287,2,14368.99,0,28737.98
OI00081871,O0017292,P00397,4,4438.99,0,17755.96
OI00081872,O0017292,P00285,4,14094.99,0,56379.96
OI00081873,O0017293,P00076,1,10461.99,0,10461.99
OI00081874,O0017293,P00010,3,1419.99,0,4259.97
OI00081875,O0017293,P00004,1,597.99,10,538.19
OI00081876,O0017293,P00446,1,11151.99,5,10594.39
OI00081877,O0017294,P00342,4,21903.99,0,87615.96
OI00081878,O0017294,P00159,3,21832.99,0,65498.97
OI00081879,O0017294,P00056,1,7721.99,0,7721.99
OI00081880,O0017294,P00497,4,18138.99,0,72555.96
OI00081881,O0017295,P00472,4,14713.99,15,50027.57
OI00081882,O0017295,P00195,3,1764.99,10,4765.47
OI00081883,O0017295,P00121,2,16626.99,0,33253.98
OI00081884,O0017295,P00288,4,14505.99,10,52221.56
OI00081885,O0017296,P00056,4,7721.99,0,30887.96
OI00081886,O0017296,P00320,4,18889.99,10,68003.96
OI00081887,O0017296,P00284,2,13957.99,15,23728.58
OI00081888,O0017297,P00491,1,17316.99,0,17316.99
OI00081889,O0017297,P00348,2,22725.99,0,45451.98
OI00081890,O0017297,P00340,3,21629.99,10,58400.97
OI00081891,O0017298,P00119,1,16352.99,15,13900.04
OI00081892,O0017298,P00289,1,14642.99,0,14642.99
OI00081893,O0017298,P00302,1,16423.99,0,16423.99
OI00081894,O0017298,P00336,1,21081.99,0,21081.99
OI00081895,O0017298,P00400,3,4849.99,0,14549.97
OI00081896,O0017299,P00407,2,5808.99,5,11037.08
OI00081897,O0017299,P00377,3,1698.99,0,5096.97
OI00081898,O0017299,P00022,4,3063.99,15,10417.57
OI00081899,O0017300,P00007,4,1008.99,0,4035.96
OI00081900,O0017300,P00017,2,2378.99,10,4282.18
OI00081901,O0017300,P00132,2,18133.99,0,36267.98
OI00081902,O0017301,P00022,2,3063.99,10,5515.18
OI00081903,O0017302,P00256,1,10121.99,5,9615.89
OI00081904,O0017302,P00243,2,8340.99,10,15013.78
OI00081905,O0017303,P00177,3,24298.99,10,65607.27
OI00081906,O0017303,P00490,1,17179.99,10,15461.99
OI00081907,O0017303,P00169,1,23202.99,0,23202.99
OI00081908,O0017304,P00450,3,11699.99,0,35099.97
OI00081909,O0017304,P00155,4,21284.99,0,85139.96
OI00081910,O0017304,P00374,4,1287.99,0,5151.96
OI00081911,O0017304,P00218,4,4915.99,15,16714.37
OI00081912,O0017305,P00064,2,8817.99,0,17635.98
OI00081913,O0017306,P00251,4,9436.99,10,33973.16
OI00081914,O0017306,P00003,3,460.99,0,1382.97
OI00081915,O0017306,P00347,1,22588.99,0,22588.99
OI00081916,O0017307,P00063,2,8680.99,0,17361.98
OI00081917,O0017307,P00012,4,1693.99,0,6775.96
OI00081918,O0017307,P00097,3,13338.99,0,40016.97
OI00081919,O0017307,P00040,2,5529.99,0,11059.98
OI00081920,O0017308,P00208,3,3545.99,0,10637.97
OI00081921,O0017308,P00115,4,15804.99,15,53736.97
OI00081922,O0017309,P00100,3,13749.99,15,35062.47
OI00081923,O0017309,P00287,2,14368.99,0,28737.98
OI00081924,O0017309,P00456,4,12521.99,0,50087.96
OI00081925,O0017309,P00305,1,16834.99,10,15151.49
OI00081926,O0017309,P00466,4,13891.99,0,55567.96
OI00081927,O0017310,P00331,3,20396.99,10,55071.87
OI00081928,O0017310,P00033,1,4570.99,0,4570.99
OI00081929,O0017310,P00053,3,7310.99,15,18643.02
OI00081930,O0017310,P00115,4,15804.99,0,63219.96
OI00081931,O0017311,P00192,4,1353.99,15,4603.57
OI00081932,O0017311,P00393,4,3890.99,15,13229.37
OI00081933,O0017311,P00279,2,13272.99,15,22564.08
OI00081934,O0017311,P00252,3,9573.99,15,24413.67
OI00081935,O0017312,P00419,3,7452.99,0,22358.97
OI00081936,O0017312,P00095,4,13064.99,0,52259.96
OI00081937,O0017313,P00194,1,1627.99,0,1627.99
OI00081938,O0017313,P00222,2,5463.99,0,10927.98
OI00081939,O0017313,P00446,3,11151.99,10,30110.37
OI00081940,O0017313,P00246,3,8751.99,15,22317.57
OI00081941,O0017313,P00404,4,5397.99,0,21591.96
OI00081942,O0017314,P00039,2,5392.99,0,10785.98
OI00081943,O0017314,P00331,1,20396.99,0,20396.99
OI00081944,O0017314,P00086,3,11831.99,0,35495.97
OI00081945,O0017314,P00232,2,6833.99,0,13667.98
OI00081946,O0017314,P00391,1,3616.99,0,3616.99
OI00081947,O0017315,P00384,3,2657.99,0,7973.97
OI00081948,O0017315,P00316,1,18341.99,0,18341.99
OI00081949,O0017315,P00241,1,8066.99,0,8066.99
OI00081950,O0017315,P00253,1,9710.99,0,9710.99
OI00081951,O0017315,P00492,1,17453.99,0,17453.99
OI00081952,O0017316,P00123,1,16900.99,0,16900.99
OI00081953,O0017317,P00093,1,12790.99,5,12151.44
OI00081954,O0017317,P00183,2,120.99,0,241.98
OI00081955,O0017317,P00289,2,14642.99,0,29285.98
OI00081956,O0017317,P00195,4,1764.99,0,7059.96
OI00081957,O0017318,P00158,3,21695.99,0,65087.97
OI00081958,O0017318,P00186,4,531.99,0,2127.96
OI00081959,O0017318,P00461,2,13206.99,5,25093.28
OI00081960,O0017319,P00297,2,15738.99,5,29904.08
OI00081961,O0017319,P00378,3,1835.99,0,5507.97
OI00081962,O0017319,P00070,2,9639.99,10,17351.98
OI00081963,O0017320,P00304,1,16697.99,10,15028.19
OI00081964,O0017320,P00435,3,9644.99,10,26041.47
OI00081965,O0017320,P00329,4,20122.99,10,72442.76
OI00081966,O0017321,P00037,1,5118.99,0,5118.99
OI00081967,O0017321,P00042,2,5803.99,15,9866.78
OI00081968,O0017321,P00148,4,20325.99,0,81303.96
OI00081969,O0017322,P00461,3,13206.99,15,33677.82
OI00081970,O0017322,P00296,1,15601.99,15,13261.69
OI00081971,O0017323,P00354,1,23547.99,15,20015.79
OI00081972,O0017324,P00103,2,14160.99,15,24073.68
OI00081973,O0017325,P00275,3,12724.99,0,38174.97
OI00081974,O0017326,P00223,3,5600.99,0,16802.97
OI00081975,O0017326,P00295,1,15464.99,15,13145.24
OI00081976,O0017326,P00493,2,17590.99,0,35181.98
OI00081977,O0017326,P00046,2,6351.99,0,12703.98
OI00081978,O0017327,P00171,2,23476.99,0,46953.98
OI00081979,O0017328,P00119,1,16352.99,0,16352.99
OI00081980,O0017329,P00390,4,3479.99,5,13223.96
OI00081981,O0017330,P00396,1,4301.99,0,4301.99
OI00081982,O0017330,P00047,1,6488.99,0,6488.99
OI00081983,O0017330,P00341,3,21766.99,0,65300.97
OI00081984,O0017330,P00282,4,13683.99,10,49262.36
OI00081985,O0017330,P00406,4,5671.99,5,21553.56
OI00081986,O0017331,P00500,1,18549.99,0,18549.99
OI00081987,O0017331,P00330,3,20259.99,15,51662.97
OI00081988,O0017332,P00404,1,5397.99,0,5397.99
OI00081989,O0017332,P00359,1,24232.99,0,24232.99
OI00081990,O0017333,P00375,4,1424.99,0,5699.96
OI00081991,O0017333,P00011,4,1556.99,15,5293.77
OI00081992,O0017334,P00449,4,11562.99,0,46251.96
OI00081993,O0017335,P00318,4,18615.99,5,70740.76
OI00081994,O0017335,P00073,1,10050.99,0,10050.99
OI00081995,O0017336,P00173,1,23750.99,0,23750.99
OI00081996,O0017337,P00242,3,8203.99,15,20920.17
OI00081997,O0017337,P00354,1,23547.99,0,23547.99
OI00081998,O0017337,P00460,1,13069.99,0,13069.99
OI00081999,O0017337,P00038,1,5255.99,0,5255.99
OI00082000,O0017338,P00422,4,7863.99,0,31455.96
OI00082001,O0017339,P00310,3,17519.99,5,49931.97
OI00082002,O0017339,P00069,3,9502.99,0,28508.97
OI00082003,O0017339,P00144,4,19777.99,0,79111.96
OI00082004,O0017339,P00311,3,17656.99,5,50322.42
OI00082005,O0017340,P00380,1,2109.99,0,2109.99
OI00082006,O0017340,P00204,3,2997.99,0,8993.97
OI00082007,O0017340,P00190,2,1079.99,15,1835.98
OI00082008,O0017340,P00256,3,10121.99,0,30365.97
OI00082009,O0017341,P00179,3,24572.99,0,73718.97
OI00082010,O0017341,P00333,3,20670.99,0,62012.97
OI00082011,O0017341,P00415,4,6904.99,15,23476.97
OI00082012,O0017342,P00183,2,120.99,0,241.98
OI00082013,O0017343,P00247,3,8888.99,0,26666.97
OI00082014,O0017343,P00498,4,18275.99,0,73103.96
OI00082015,O0017343,P00192,2,1353.99,0,2707.98
OI00082016,O0017343,P00085,1,11694.99,0,11694.99
OI00082017,O0017344,P00490,1,17179.99,0,17179.99
OI00082018,O0017344,P00230,3,6559.99,0,19679.97
OI00082019,O0017345,P00200,2,2449.99,0,4899.98
OI00082020,O0017345,P00076,2,10461.99,10,18831.58
OI00082021,O0017345,P00307,3,17108.99,0,51326.97
OI00082022,O0017345,P00048,1,6625.99,15,5632.09
OI00082023,O0017345,P00272,2,12313.99,0,24627.98
OI00082024,O0017346,P00086,2,11831.99,0,23663.98
OI00082025,O0017346,P00373,2,1150.99,0,2301.98
OI00082026,O0017346,P00496,4,18001.99,10,64807.16
OI00082027,O0017346,P00377,2,1698.99,0,3397.98
OI00082028,O0017346,P00234,2,7107.99,0,14215.98
OI00082029,O0017347,P00433,3,9370.99,0,28112.97
OI00082030,O0017347,P00418,3,7315.99,0,21947.97
OI00082031,O0017347,P00288,1,14505.99,10,13055.39
OI00082032,O0017347,P00490,3,17179.99,15,43808.97
OI00082033,O0017347,P00475,2,15124.99,0,30249.98
OI00082034,O0017348,P00203,1,2860.99,10,2574.89
OI00082035,O0017348,P00431,3,9096.99,10,24561.87
OI00082036,O0017348,P00414,2,6767.99,0,13535.98
OI00082037,O0017348,P00142,1,19503.99,0,19503.99
OI00082038,O0017349,P00302,4,16423.99,0,65695.96
OI00082039,O0017349,P00143,4,19640.99,0,78563.96
OI00082040,O0017349,P00271,3,12176.99,0,36530.97
OI00082041,O0017350,P00127,3,17448.99,5,49729.62
OI00082042,O0017350,P00324,4,19437.99,15,66089.17
OI00082043,O0017350,P00107,2,14708.99,0,29417.98
OI00082044,O0017351,P00203,4,2860.99,10,10299.56
OI00082045,O0017351,P00415,4,6904.99,0,27619.96
OI00082046,O0017351,P00374,2,1287.99,0,2575.98
OI00082047,O0017351,P00267,3,11628.99,10,31398.27
OI00082048,O0017352,P00334,2,20807.99,5,39535.18
OI00082049,O0017352,P00157,4,21558.99,5,81924.16
OI00082050,O0017352,P00294,2,15327.99,0,30655.98
OI00082051,O0017352,P00091,4,12516.99,0,50067.96
OI00082052,O0017353,P00149,2,20462.99,15,34787.08
OI00082053,O0017353,P00227,3,6148.99,5,17524.62
OI00082054,O0017353,P00065,2,8954.99,0,17909.98
OI00082055,O0017353,P00255,4,9984.99,0,39939.96
OI00082056,O0017354,P00076,4,10461.99,10,37663.16
OI00082057,O0017354,P00133,1,18270.99,10,16443.89
OI00082058,O0017354,P00019,4,2652.99,0,10611.96
OI00082059,O0017354,P00256,4,10121.99,10,36439.16
OI00082060,O0017354,P00499,2,18412.99,5,34984.68
OI00082061,O0017355,P00267,3,11628.99,0,34886.97
OI00082062,O0017355,P00047,3,6488.99,0,19466.97
OI00082063,O0017355,P00490,1,17179.99,0,17179.99
OI00082064,O0017355,P00211,3,3956.99,15,10090.32
OI00082065,O0017355,P00312,4,17793.99,0,71175.96
OI00082066,O0017356,P00275,4,12724.99,0,50899.96
OI00082067,O0017356,P00273,4,12450.99,0,49803.96
OI00082068,O0017356,P00121,3,16626.99,5,47386.92
OI00082069,O0017357,P00172,4,23613.99,5,89733.16
OI00082070,O0017358,P00105,4,14434.99,5,54852.96
OI00082071,O0017358,P00259,4,10532.99,5,40025.36
OI00082072,O0017358,P00460,2,13069.99,15,22218.98
OI00082073,O0017359,P00148,4,20325.99,0,81303.96
OI00082074,O0017360,P00257,1,10258.99,0,10258.99
OI00082075,O0017361,P00342,1,21903.99,10,19713.59
OI00082076,O0017361,P00005,3,734.99,5,2094.72
OI00082077,O0017362,P00334,1,20807.99,0,20807.99
OI00082078,O0017362,P00445,1,11014.99,0,11014.99
OI00082079,O0017362,P00131,2,17996.99,0,35993.98
OI00082080,O0017362,P00254,2,9847.99,0,19695.98
OI00082081,O0017362,P00425,1,8274.99,5,7861.24
OI00082082,O0017363,P00008,4,1145.99,0,4583.96
OI00082083,O0017363,P00329,4,20122.99,15,68418.17
OI00082084,O0017363,P00019,3,2652.99,0,7958.97
OI00082085,O0017363,P00216,2,4641.99,15,7891.38
OI00082086,O0017363,P00306,1,16971.99,0,16971.99
OI00082087,O0017364,P00494,1,17727.99,0,17727.99
OI00082088,O0017364,P00487,3,16768.99,5,47791.62
OI00082089,O0017364,P00170,1,23339.99,5,22172.99
OI00082090,O0017364,P00392,1,3753.99,0,3753.99
OI00082091,O0017365,P00242,1,8203.99,0,8203.99
OI00082092,O0017365,P00180,2,24709.99,0,49419.98
OI00082093,O0017365,P00195,2,1764.99,0,3529.98
OI00082094,O0017365,P00293,2,15190.99,0,30381.98
OI00082095,O0017366,P00085,3,11694.99,0,35084.97
OI00082096,O0017367,P00310,3,17519.99,0,52559.97
OI00082097,O0017367,P00189,3,942.99,0,2828.97
OI00082098,O0017367,P00091,1,12516.99,0,12516.99
OI00082099,O0017368,P00161,4,22106.99,0,88427.96
OI00082100,O0017369,P00494,2,17727.99,15,30137.58
OI00082101,O0017369,P00484,4,16357.99,10,58888.76
OI00082102,O0017370,P00106,3,14571.99,0,43715.97
OI00082103,O0017370,P00157,2,21558.99,0,43117.98
OI00082104,O0017370,P00265,2,11354.99,0,22709.98
OI00082105,O0017370,P00368,3,465.99,15,1188.27
OI00082106,O0017370,P00275,4,12724.99,0,50899.96
OI00082107,O0017371,P00401,3,4986.99,0,14960.97
OI00082108,O0017371,P00147,2,20188.99,10,36340.18
OI00082109,O0017372,P00030,2,4159.99,0,8319.98
OI00082110,O0017372,P00497,2,18138.99,0,36277.98
OI00082111,O0017373,P00287,2,14368.99,10,25864.18
OI00082112,O0017373,P00050,4,6899.99,0,27599.96
OI00082113,O0017374,P00321,4,19026.99,0,76107.96
OI00082114,O0017374,P00253,4,9710.99,0,38843.96
OI00082115,O0017374,P00240,4,7929.99,0,31719.96
OI00082116,O0017374,P00053,3,7310.99,0,21932.97
OI00082117,O0017375,P00290,3,14779.99,5,42122.97
OI00082118,O0017375,P00094,3,12927.99,15,32966.37
OI00082119,O0017375,P00490,2,17179.99,0,34359.98
OI00082120,O0017375,P00500,3,18549.99,15,47302.47
OI00082121,O0017376,P00058,3,7995.99,0,23987.97
OI00082122,O0017376,P00214,4,4367.99,0,17471.96
OI00082123,O0017377,P00089,3,12242.99,10,33056.07
OI00082124,O0017377,P00355,4,23684.99,5,90002.96
OI00082125,O0017378,P00466,4,13891.99,5,52789.56
OI00082126,O0017378,P00305,3,16834.99,5,47979.72
OI00082127,O0017378,P00168,4,23065.99,15,78424.37
OI00082128,O0017379,P00204,4,2997.99,0,11991.96
OI00082129,O0017380,P00396,2,4301.99,0,8603.98
OI00082130,O0017380,P00341,1,21766.99,10,19590.29
OI00082131,O0017380,P00321,2,19026.99,0,38053.98
OI00082132,O0017380,P00251,3,9436.99,0,28310.97
OI00082133,O0017381,P00263,2,11080.99,10,19945.78
OI00082134,O0017382,P00266,2,11491.99,15,19536.38
OI00082135,O0017383,P00390,1,3479.99,0,3479.99
OI00082136,O0017383,P00085,2,11694.99,0,23389.98
OI00082137,O0017383,P00325,4,19574.99,10,70469.96
OI00082138,O0017383,P00151,2,20736.99,15,35252.88
OI00082139,O0017383,P00266,4,11491.99,5,43669.56
OI00082140,O0017384,P00472,3,14713.99,10,39727.77
OI00082141,O0017384,P00345,2,22314.99,10,40166.98
OI00082142,O0017385,P00378,2,1835.99,5,3488.38
OI00082143,O0017385,P00003,3,460.99,0,1382.97
OI00082144,O0017385,P00451,4,11836.99,10,42613.16
OI00082145,O0017386,P00256,4,10121.99,0,40487.96
OI00082146,O0017386,P00388,1,3205.99,5,3045.69
OI00082147,O0017387,P00346,1,22451.99,5,21329.39
OI00082148,O0017387,P00160,4,21969.99,15,74697.97
OI00082149,O0017387,P00071,4,9776.99,0,39107.96
OI00082150,O0017387,P00312,4,17793.99,0,71175.96
OI00082151,O0017388,P00347,1,22588.99,10,20330.09
OI00082152,O0017388,P00374,2,1287.99,10,2318.38
OI00082153,O0017388,P00462,3,13343.99,0,40031.97
OI00082154,O0017388,P00033,1,4570.99,10,4113.89
OI00082155,O0017389,P00493,1,17590.99,0,17590.99
OI00082156,O0017389,P00076,2,10461.99,15,17785.38
OI00082157,O0017390,P00132,3,18133.99,10,48961.77
OI00082158,O0017390,P00037,1,5118.99,15,4351.14
OI00082159,O0017390,P00030,1,4159.99,15,3535.99
OI00082160,O0017391,P00028,2,3885.99,0,7771.98
OI00082161,O0017392,P00037,4,5118.99,0,20475.96
OI00082162,O0017392,P00287,4,14368.99,0,57475.96
OI00082163,O0017392,P00459,2,12932.99,10,23279.38
OI00082164,O0017392,P00173,4,23750.99,0,95003.96
OI00082165,O0017393,P00092,1,12653.99,0,12653.99
OI00082166,O0017394,P00218,2,4915.99,0,9831.98
OI00082167,O0017394,P00327,4,19848.99,0,79395.96
OI00082168,O0017394,P00444,3,10877.99,0,32633.97
OI00082169,O0017395,P00354,3,23547.99,15,60047.37
OI00082170,O0017395,P00491,3,17316.99,10,46755.87
OI00082171,O0017395,P00261,4,10806.99,0,43227.96
OI00082172,O0017395,P00113,4,15530.99,0,62123.96
OI00082173,O0017395,P00496,4,18001.99,0,72007.96
OI00082174,O0017396,P00179,1,24572.99,15,20887.04
OI00082175,O0017396,P00469,2,14302.99,0,28605.98
OI00082176,O0017396,P00197,4,2038.99,0,8155.96
OI00082177,O0017397,P00395,2,4164.99,10,7496.98
OI00082178,O0017397,P00267,4,11628.99,0,46515.96
OI00082179,O0017397,P00321,2,19026.99,0,38053.98
OI00082180,O0017397,P00214,1,4367.99,0,4367.99
OI00082181,O0017398,P00235,4,7244.99,15,24632.97
OI00082182,O0017398,P00398,2,4575.99,0,9151.98
OI00082183,O0017398,P00169,1,23202.99,5,22042.84
OI00082184,O0017399,P00237,1,7518.99,0,7518.99
OI00082185,O0017399,P00141,1,19366.99,0,19366.99
OI00082186,O0017399,P00369,1,602.99,0,602.99
OI00082187,O0017400,P00098,1,13475.99,10,12128.39
OI00082188,O0017400,P00376,3,1561.99,0,4685.97
OI00082189,O0017400,P00149,2,20462.99,5,38879.68
OI00082190,O0017401,P00095,1,13064.99,10,11758.49
OI00082191,O0017401,P00234,2,7107.99,15,12083.58
OI00082192,O0017401,P00230,2,6559.99,0,13119.98
OI00082193,O0017401,P00467,1,14028.99,0,14028.99
OI00082194,O0017402,P00011,3,1556.99,0,4670.97
OI00082195,O0017403,P00294,3,15327.99,0,45983.97
OI00082196,O0017403,P00323,1,19300.99,5,18335.94
OI00082197,O0017403,P00036,1,4981.99,0,4981.99
OI00082198,O0017404,P00226,1,6011.99,15,5110.19
OI00082199,O0017404,P00151,1,20736.99,0,20736.99
OI00082200,O0017405,P00156,3,21421.99,0,64265.97
OI00082201,O0017406,P00498,2,18275.99,0,36551.98
OI00082202,O0017406,P00091,2,12516.99,10,22530.58
OI00082203,O0017406,P00069,4,9502.99,0,38011.96
OI00082204,O0017407,P00414,2,6767.99,15,11505.58
OI00082205,O0017408,P00424,4,8137.99,15,27669.17
OI00082206,O0017408,P00007,1,1008.99,15,857.64
OI00082207,O0017408,P00201,2,2586.99,5,4915.28
OI00082208,O0017408,P00371,4,876.99,10,3157.16
OI00082209,O0017408,P00274,1,12587.99,0,12587.99
OI00082210,O0017409,P00312,2,17793.99,0,35587.98
OI00082211,O0017409,P00240,4,7929.99,0,31719.96
OI00082212,O0017409,P00447,2,11288.99,0,22577.98
OI00082213,O0017409,P00015,3,2104.99,0,6314.97
OI00082214,O0017410,P00060,4,8269.99,10,29771.96
OI00082215,O0017410,P00038,1,5255.99,0,5255.99
OI00082216,O0017411,P00029,3,4022.99,0,12068.97
OI00082217,O0017411,P00111,4,15256.99,0,61027.96
OI00082218,O0017411,P00086,2,11831.99,10,21297.58
OI00082219,O0017411,P00040,4,5529.99,0,22119.96
OI00082220,O0017411,P00075,1,10324.99,10,9292.49
OI00082221,O0017412,P00040,1,5529.99,5,5253.49
OI00082222,O0017412,P00133,2,18270.99,0,36541.98
OI00082223,O0017412,P00439,4,10192.99,0,40771.96
OI00082224,O0017413,P00353,3,23410.99,0,70232.97
OI00082225,O0017413,P00193,4,1490.99,10,5367.56
OI00082226,O0017413,P00061,3,8406.99,0,25220.97
OI00082227,O0017413,P00228,2,6285.99,0,12571.98
OI00082228,O0017413,P00007,4,1008.99,0,4035.96
OI00082229,O0017414,P00270,4,12039.99,10,43343.96
OI00082230,O0017414,P00079,3,10872.99,10,29357.07
OI00082231,O0017414,P00386,2,2931.99,15,4984.38
OI00082232,O0017415,P00356,4,23821.99,0,95287.96
OI00082233,O0017415,P00294,2,15327.99,0,30655.98
OI00082234,O0017415,P00394,1,4027.99,5,3826.59
OI00082235,O0017415,P00492,1,17453.99,0,17453.99
OI00082236,O0017416,P00338,1,21355.99,0,21355.99
OI00082237,O0017416,P00324,4,19437.99,0,77751.96
OI00082238,O0017416,P00439,2,10192.99,15,17328.08
OI00082239,O0017417,P00204,1,2997.99,10,2698.19
OI00082240,O0017417,P00173,3,23750.99,0,71252.97
OI00082241,O0017417,P00254,2,9847.99,0,19695.98
OI00082242,O0017418,P00207,3,3408.99,10,9204.27
OI00082243,O0017418,P00011,3,1556.99,0,4670.97
OI00082244,O0017418,P00133,4,18270.99,15,62121.37
OI00082245,O0017419,P00459,4,12932.99,0,51731.96
OI00082246,O0017419,P00067,1,9228.99,0,9228.99
OI00082247,O0017420,P00219,1,5052.99,15,4295.04
OI00082248,O0017420,P00325,3,19574.99,15,49916.22
OI00082249,O0017420,P00454,1,12247.99,0,12247.99
OI00082250,O0017420,P00258,4,10395.99,5,39504.76
OI00082251,O0017420,P00089,2,12242.99,0,24485.98
OI00082252,O0017421,P00440,3,10329.99,5,29440.47
OI00082253,O0017421,P00307,1,17108.99,0,17108.99
OI00082254,O0017421,P00145,2,19914.99,10,35846.98
OI00082255,O0017421,P00266,3,11491.99,15,29304.57
OI00082256,O0017421,P00056,4,7721.99,5,29343.56
OI00082257,O0017422,P00298,4,15875.99,15,53978.37
OI00082258,O0017422,P00311,3,17656.99,0,52970.97
OI00082259,O0017422,P00183,3,120.99,15,308.52
OI00082260,O0017422,P00214,1,4367.99,10,3931.19
OI00082261,O0017422,P00256,3,10121.99,15,25811.07
OI00082262,O0017423,P00260,4,10669.99,0,42679.96
OI00082263,O0017423,P00358,1,24095.99,0,24095.99
OI00082264,O0017423,P00205,3,3134.99,0,9404.97
OI00082265,O0017423,P00300,1,16149.99,15,13727.49
OI00082266,O0017423,P00355,2,23684.99,5,45001.48
OI00082267,O0017424,P00032,3,4433.99,0,13301.97
OI00082268,O0017424,P00381,4,2246.99,0,8987.96
OI00082269,O0017424,P00059,2,8132.99,0,16265.98
OI00082270,O0017424,P00093,1,12790.99,5,12151.44
OI00082271,O0017425,P00026,2,3611.99,0,7223.98
OI00082272,O0017425,P00472,4,14713.99,0,58855.96
OI00082273,O0017425,P00483,3,16220.99,15,41363.52
OI00082274,O0017426,P00072,1,9913.99,0,9913.99
OI00082275,O0017426,P00193,2,1490.99,0,2981.98
OI00082276,O0017426,P00445,1,11014.99,10,9913.49
OI00082277,O0017426,P00113,2,15530.99,0,31061.98
OI00082278,O0017426,P00307,1,17108.99,0,17108.99
OI00082279,O0017427,P00274,2,12587.99,0,25175.98
OI00082280,O0017427,P00382,1,2383.99,5,2264.79
OI00082281,O0017427,P00031,4,4296.99,0,17187.96
OI00082282,O0017427,P00161,1,22106.99,0,22106.99
OI00082283,O0017428,P00020,2,2789.99,10,5021.98
OI00082284,O0017428,P00323,3,19300.99,15,49217.52
OI00082285,O0017428,P00304,4,16697.99,0,66791.96
OI00082286,O0017428,P00183,3,120.99,0,362.97
OI00082287,O0017429,P00321,1,19026.99,0,19026.99
OI00082288,O0017429,P00275,3,12724.99,10,34357.47
OI00082289,O0017429,P00331,3,20396.99,5,58131.42
OI00082290,O0017429,P00361,2,24506.99,0,49013.98
OI00082291,O0017430,P00480,3,15809.99,5,45058.47
OI00082292,O0017430,P00016,4,2241.99,15,7622.77
OI00082293,O0017430,P00018,3,2515.99,0,7547.97
OI00082294,O0017431,P00494,1,17727.99,5,16841.59
OI00082295,O0017431,P00346,4,22451.99,0,89807.96
OI00082296,O0017431,P00249,4,9162.99,0,36651.96
OI00082297,O0017432,P00126,4,17311.99,15,58860.77
OI00082298,O0017432,P00228,2,6285.99,10,11314.78
OI00082299,O0017432,P00123,4,16900.99,10,60843.56
OI00082300,O0017432,P00210,1,3819.99,10,3437.99
OI00082301,O0017432,P00344,3,22177.99,0,66533.97
OI00082302,O0017433,P00450,4,11699.99,0,46799.96
OI00082303,O0017433,P00315,2,18204.99,0,36409.98
OI00082304,O0017433,P00248,4,9025.99,0,36103.96
OI00082305,O0017434,P00404,3,5397.99,5,15384.27
OI00082306,O0017435,P00437,4,9918.99,15,33724.57
OI00082307,O0017435,P00081,1,11146.99,15,9474.94
OI00082308,O0017435,P00490,3,17179.99,15,43808.97
OI00082309,O0017435,P00188,2,805.99,0,1611.98
OI00082310,O0017435,P00319,2,18752.99,15,31880.08
OI00082311,O0017436,P00459,2,12932.99,0,25865.98
OI00082312,O0017436,P00075,2,10324.99,0,20649.98
OI00082313,O0017436,P00445,4,11014.99,0,44059.96
OI00082314,O0017436,P00098,1,13475.99,0,13475.99
OI00082315,O0017437,P00469,3,14302.99,0,42908.97
OI00082316,O0017437,P00294,1,15327.99,0,15327.99
OI00082317,O0017437,P00257,4,10258.99,0,41035.96
OI00082318,O0017437,P00115,2,15804.99,0,31609.98
OI00082319,O0017438,P00407,2,5808.99,0,11617.98
OI00082320,O0017438,P00223,3,5600.99,5,15962.82
OI00082321,O0017438,P00395,4,4164.99,0,16659.96
OI00082322,O0017438,P00208,4,3545.99,0,14183.96
OI00082323,O0017439,P00204,2,2997.99,15,5096.58
OI00082324,O0017439,P00273,4,12450.99,0,49803.96
OI00082325,O0017439,P00136,4,18681.99,5,70991.56
OI00082326,O0017439,P00444,3,10877.99,0,32633.97
OI00082327,O0017440,P00401,3,4986.99,10,13464.87
OI00082328,O0017440,P00213,4,4230.99,0,16923.96
OI00082329,O0017441,P00094,2,12927.99,0,25855.98
OI00082330,O0017441,P00348,2,22725.99,5,43179.38
OI00082331,O0017442,P00247,3,8888.99,10,24000.27
OI00082332,O0017442,P00067,4,9228.99,10,33224.36
OI00082333,O0017442,P00181,2,24846.99,0,49693.98
OI00082334,O0017442,P00446,2,11151.99,10,20073.58
OI00082335,O0017442,P00082,2,11283.99,10,20311.18
OI00082336,O0017443,P00274,1,12587.99,10,11329.19
OI00082337,O0017443,P00420,2,7589.99,5,14420.98
OI00082338,O0017443,P00104,1,14297.99,0,14297.99
OI00082339,O0017443,P00046,2,6351.99,10,11433.58
OI00082340,O0017443,P00216,1,4641.99,10,4177.79
OI00082341,O0017444,P00050,1,6899.99,10,6209.99
OI00082342,O0017445,P00297,4,15738.99,0,62955.96
OI00082343,O0017445,P00428,1,8685.99,0,8685.99
OI00082344,O0017445,P00227,1,6148.99,0,6148.99
OI00082345,O0017445,P00117,3,16078.99,0,48236.97
OI00082346,O0017445,P00241,2,8066.99,0,16133.98
OI00082347,O0017446,P00484,4,16357.99,15,55617.17
OI00082348,O0017447,P00234,4,7107.99,0,28431.96
OI00082349,O0017447,P00086,3,11831.99,0,35495.97
OI00082350,O0017447,P00215,3,4504.99,0,13514.97
OI00082351,O0017447,P00181,1,24846.99,0,24846.99
OI00082352,O0017448,P00411,4,6356.99,0,25427.96
OI00082353,O0017448,P00332,4,20533.99,15,69815.57
OI00082354,O0017448,P00167,2,22928.99,0,45857.98
OI00082355,O0017448,P00410,1,6219.99,5,5908.99
OI00082356,O0017448,P00019,1,2652.99,0,2652.99
OI00082357,O0017449,P00199,2,2312.99,10,4163.38
OI00082358,O0017449,P00202,2,2723.99,5,5175.58
OI00082359,O0017449,P00009,4,1282.99,0,5131.96
OI00082360,O0017450,P00282,4,13683.99,0,54735.96
OI00082361,O0017450,P00054,3,7447.99,15,18992.37
OI00082362,O0017450,P00475,3,15124.99,10,40837.47
OI00082363,O0017450,P00108,1,14845.99,0,14845.99
OI00082364,O0017450,P00116,4,15941.99,5,60579.56
OI00082365,O0017451,P00423,3,8000.99,15,20402.52
OI00082366,O0017451,P00182,3,24983.99,15,63709.17
OI00082367,O0017452,P00049,1,6762.99,0,6762.99
OI00082368,O0017453,P00074,2,10187.99,0,20375.98
OI00082369,O0017453,P00038,4,5255.99,10,18921.56
OI00082370,O0017453,P00347,4,22588.99,0,90355.96
OI00082371,O0017454,P00289,3,14642.99,0,43928.97
OI00082372,O0017454,P00142,3,19503.99,15,49735.17
OI00082373,O0017455,P00288,4,14505.99,10,52221.56
OI00082374,O0017455,P00206,3,3271.99,0,9815.97
OI00082375,O0017456,P00132,2,18133.99,10,32641.18
OI00082376,O0017456,P00442,3,10603.99,10,28630.77
OI00082377,O0017456,P00037,2,5118.99,15,8702.28
OI00082378,O0017456,P00190,3,1079.99,5,3077.97
OI00082379,O0017457,P00244,3,8477.99,10,22890.57
OI00082380,O0017457,P00168,1,23065.99,10,20759.39
OI00082381,O0017458,P00356,2,23821.99,5,45261.78
OI00082382,O0017458,P00360,4,24369.99,0,97479.96
OI00082383,O0017458,P00487,2,16768.99,15,28507.28
OI00082384,O0017458,P00172,2,23613.99,0,47227.98
OI00082385,O0017458,P00187,4,668.99,0,2675.96
OI00082386,O0017459,P00136,2,18681.99,0,37363.98
OI00082387,O0017459,P00026,3,3611.99,15,9210.57
OI00082388,O0017459,P00218,3,4915.99,15,12535.77
OI00082389,O0017459,P00308,1,17245.99,0,17245.99
OI00082390,O0017460,P00133,4,18270.99,10,65775.56
OI00082391,O0017461,P00356,2,23821.99,15,40497.38
OI00082392,O0017462,P00306,2,16971.99,0,33943.98
OI00082393,O0017462,P00031,4,4296.99,0,17187.96
OI00082394,O0017462,P00223,2,5600.99,0,11201.98
OI00082395,O0017463,P00224,2,5737.99,5,10902.18
OI00082396,O0017463,P00489,4,17042.99,0,68171.96
OI00082397,O0017463,P00277,4,12998.99,15,44196.57
OI00082398,O0017464,P00285,3,14094.99,0,42284.97
OI00082399,O0017465,P00281,4,13546.99,0,54187.96
OI00082400,O0017465,P00074,4,10187.99,0,40751.96
OI00082401,O0017465,P00141,1,19366.99,0,19366.99
OI00082402,O0017465,P00095,3,13064.99,0,39194.97
OI00082403,O0017466,P00156,2,21421.99,0,42843.98
OI00082404,O0017466,P00448,2,11425.99,0,22851.98
OI00082405,O0017466,P00433,3,9370.99,15,23896.02
OI00082406,O0017467,P00363,2,24780.99,5,47083.88
OI00082407,O0017467,P00169,1,23202.99,10,20882.69
OI00082408,O0017467,P00276,2,12861.99,15,21865.38
OI00082409,O0017468,P00156,4,21421.99,0,85687.96
OI00082410,O0017468,P00329,2,20122.99,0,40245.98
OI00082411,O0017468,P00378,2,1835.99,0,3671.98
OI00082412,O0017468,P00038,2,5255.99,10,9460.78
OI00082413,O0017468,P00056,3,7721.99,5,22007.67
OI00082414,O0017469,P00494,2,17727.99,0,35455.98
OI00082415,O0017469,P00035,4,4844.99,0,19379.96
OI00082416,O0017470,P00203,2,2860.99,5,5435.88
OI00082417,O0017470,P00110,4,15119.99,0,60479.96
OI00082418,O0017471,P00036,2,4981.99,5,9465.78
OI00082419,O0017471,P00249,3,9162.99,0,27488.97
OI00082420,O0017471,P00077,3,10598.99,0,31796.97
OI00082421,O0017471,P00449,1,11562.99,5,10984.84
OI00082422,O0017471,P00309,1,17382.99,0,17382.99
OI00082423,O0017472,P00390,3,3479.99,0,10439.97
OI00082424,O0017472,P00182,1,24983.99,0,24983.99
OI00082425,O0017472,P00126,3,17311.99,10,46742.37
OI00082426,O0017472,P00381,2,2246.99,0,4493.98
OI00082427,O0017472,P00383,1,2520.99,0,2520.99
OI00082428,O0017473,P00436,3,9781.99,0,29345.97
OI00082429,O0017474,P00031,1,4296.99,10,3867.29
OI00082430,O0017474,P00108,4,14845.99,10,53445.56
OI00082431,O0017475,P00209,2,3682.99,0,7365.98
OI00082432,O0017475,P00346,4,22451.99,0,89807.96
OI00082433,O0017476,P00462,4,13343.99,0,53375.96
OI00082434,O0017476,P00294,2,15327.99,15,26057.58
OI00082435,O0017476,P00357,1,23958.99,5,22761.04
OI00082436,O0017476,P00316,3,18341.99,0,55025.97
OI00082437,O0017477,P00132,1,18133.99,0,18133.99
OI00082438,O0017478,P00232,4,6833.99,5,25969.16
OI00082439,O0017479,P00322,3,19163.99,0,57491.97
OI00082440,O0017480,P00420,2,7589.99,15,12902.98
OI00082441,O0017480,P00449,1,11562.99,5,10984.84
OI00082442,O0017481,P00429,3,8822.99,0,26468.97
OI00082443,O0017481,P00106,2,14571.99,15,24772.38
OI00082444,O0017482,P00379,3,1972.99,5,5623.02
OI00082445,O0017482,P00310,4,17519.99,15,59567.97
OI00082446,O0017483,P00052,4,7173.99,0,28695.96
OI00082447,O0017483,P00201,1,2586.99,5,2457.64
OI00082448,O0017484,P00068,2,9365.99,10,16858.78
OI00082449,O0017484,P00367,1,328.99,0,328.99
OI00082450,O0017484,P00070,1,9639.99,10,8675.99
OI00082451,O0017484,P00382,1,2383.99,0,2383.99
OI00082452,O0017484,P00418,3,7315.99,10,19753.17
OI00082453,O0017485,P00070,2,9639.99,0,19279.98
OI00082454,O0017485,P00055,1,7584.99,0,7584.99
OI00082455,O0017486,P00456,1,12521.99,15,10643.69
OI00082456,O0017486,P00079,2,10872.99,5,20658.68
OI00082457,O0017486,P00169,4,23202.99,15,78890.17
OI00082458,O0017486,P00197,2,2038.99,0,4077.98
OI00082459,O0017487,P00001,3,186.99,0,560.97
OI00082460,O0017487,P00056,2,7721.99,10,13899.58
OI00082461,O0017487,P00155,1,21284.99,0,21284.99
OI00082462,O0017487,P00100,1,13749.99,0,13749.99
OI00082463,O0017487,P00108,3,14845.99,0,44537.97
OI00082464,O0017488,P00315,2,18204.99,0,36409.98
OI00082465,O0017488,P00145,3,19914.99,5,56757.72
OI00082466,O0017488,P00218,2,4915.99,0,9831.98
OI00082467,O0017489,P00100,1,13749.99,0,13749.99
OI00082468,O0017489,P00035,2,4844.99,5,9205.48
OI00082469,O0017489,P00224,1,5737.99,0,5737.99
OI00082470,O0017489,P00286,4,14231.99,0,56927.96
OI00082471,O0017490,P00327,4,19848.99,5,75426.16
OI00082472,O0017490,P00296,2,15601.99,10,28083.58
OI00082473,O0017490,P00442,3,10603.99,0,31811.97
OI00082474,O0017491,P00002,4,323.99,0,1295.96
OI00082475,O0017491,P00058,4,7995.99,15,27186.37
OI00082476,O0017491,P00499,1,18412.99,0,18412.99
OI00082477,O0017491,P00310,3,17519.99,0,52559.97
OI00082478,O0017491,P00275,1,12724.99,10,11452.49
OI00082479,O0017492,P00074,4,10187.99,10,36676.76
OI00082480,O0017493,P00065,1,8954.99,0,8954.99
OI00082481,O0017493,P00106,4,14571.99,0,58287.96
OI00082482,O0017494,P00406,1,5671.99,0,5671.99
OI00082483,O0017494,P00095,3,13064.99,15,33315.72
OI00082484,O0017494,P00177,4,24298.99,0,97195.96
OI00082485,O0017494,P00420,1,7589.99,10,6830.99
OI00082486,O0017495,P00206,2,3271.99,0,6543.98
OI00082487,O0017495,P00084,1,11557.99,5,10980.09
OI00082488,O0017496,P00138,3,18955.99,0,56867.97
OI00082489,O0017497,P00401,2,4986.99,10,8976.58
OI00082490,O0017498,P00048,2,6625.99,5,12589.38
OI00082491,O0017498,P00377,2,1698.99,0,3397.98
OI00082492,O0017498,P00259,4,10532.99,0,42131.96
OI00082493,O0017498,P00029,2,4022.99,0,8045.98
OI00082494,O0017498,P00304,1,16697.99,0,16697.99
OI00082495,O0017499,P00457,1,12658.99,0,12658.99
OI00082496,O0017499,P00266,2,11491.99,0,22983.98
OI00082497,O0017500,P00134,1,18407.99,15,15646.79
OI00082498,O0017500,P00161,4,22106.99,10,79585.16
OI00082499,O0017501,P00044,3,6077.99,0,18233.97
OI00082500,O0017501,P00153,1,21010.99,15,17859.34
OI00082501,O0017501,P00216,2,4641.99,0,9283.98
OI00082502,O0017501,P00099,3,13612.99,10,36755.07
OI00082503,O0017501,P00167,2,22928.99,15,38979.28
OI00082504,O0017502,P00499,2,18412.99,0,36825.98
OI00082505,O0017503,P00256,4,10121.99,15,34414.77
OI00082506,O0017503,P00199,4,2312.99,5,8789.36
OI00082507,O0017503,P00297,2,15738.99,0,31477.98
OI00082508,O0017503,P00215,2,4504.99,0,9009.98
OI00082509,O0017504,P00280,3,13409.99,0,40229.97
OI00082510,O0017505,P00037,1,5118.99,10,4607.09
OI00082511,O0017506,P00437,1,9918.99,0,9918.99
OI00082512,O0017506,P00158,1,21695.99,0,21695.99
OI00082513,O0017506,P00162,2,22243.99,0,44487.98
OI00082514,O0017506,P00193,2,1490.99,0,2981.98
OI00082515,O0017507,P00057,1,7858.99,0,7858.99
OI00082516,O0017507,P00477,3,15398.99,10,41577.27
OI00082517,O0017507,P00170,2,23339.99,15,39677.98
OI00082518,O0017507,P00105,4,14434.99,5,54852.96
OI00082519,O0017507,P00175,2,24024.99,0,48049.98
OI00082520,O0017508,P00286,2,14231.99,0,28463.98
OI00082521,O0017508,P00093,1,12790.99,10,11511.89
OI00082522,O0017508,P00243,4,8340.99,5,31695.76
OI00082523,O0017509,P00016,1,2241.99,5,2129.89
OI00082524,O0017509,P00397,3,4438.99,5,12651.12
OI00082525,O0017510,P00210,1,3819.99,15,3246.99
OI00082526,O0017510,P00499,2,18412.99,0,36825.98
OI00082527,O0017511,P00036,2,4981.99,5,9465.78
OI00082528,O0017511,P00299,3,16012.99,0,48038.97
OI00082529,O0017511,P00421,4,7726.99,0,30907.96
OI00082530,O0017512,P00376,2,1561.99,10,2811.58
OI00082531,O0017512,P00141,3,19366.99,5,55195.92
OI00082532,O0017512,P00466,3,13891.99,15,35424.57
OI00082533,O0017512,P00175,1,24024.99,0,24024.99
OI00082534,O0017513,P00018,2,2515.99,0,5031.98
OI00082535,O0017514,P00413,4,6630.99,0,26523.96
OI00082536,O0017515,P00488,3,16905.99,5,48182.07
OI00082537,O0017516,P00218,2,4915.99,0,9831.98
OI00082538,O0017517,P00003,2,460.99,15,783.68
OI00082539,O0017518,P00020,3,2789.99,0,8369.97
OI00082540,O0017518,P00132,2,18133.99,0,36267.98
OI00082541,O0017518,P00459,4,12932.99,0,51731.96
OI00082542,O0017518,P00141,4,19366.99,10,69721.16
OI00082543,O0017518,P00001,3,186.99,10,504.87
OI00082544,O0017519,P00183,3,120.99,0,362.97
OI00082545,O0017519,P00266,2,11491.99,0,22983.98
OI00082546,O0017519,P00043,2,5940.99,0,11881.98
OI00082547,O0017519,P00089,4,12242.99,15,41626.17
OI00082548,O0017520,P00163,2,22380.99,0,44761.98
OI00082549,O0017521,P00464,1,13617.99,0,13617.99
OI00082550,O0017522,P00005,3,734.99,0,2204.97
OI00082551,O0017522,P00396,3,4301.99,5,12260.67
OI00082552,O0017522,P00252,2,9573.99,10,17233.18
OI00082553,O0017522,P00264,2,11217.99,0,22435.98
OI00082554,O0017522,P00435,2,9644.99,10,17360.98
OI00082555,O0017523,P00308,2,17245.99,0,34491.98
OI00082556,O0017523,P00209,3,3682.99,0,11048.97
OI00082557,O0017524,P00109,2,14982.99,15,25471.08
OI00082558,O0017524,P00308,1,17245.99,0,17245.99
OI00082559,O0017525,P00096,2,13201.99,0,26403.98
OI00082560,O0017525,P00296,4,15601.99,0,62407.96
OI00082561,O0017526,P00134,4,18407.99,10,66268.76
OI00082562,O0017527,P00457,1,12658.99,0,12658.99
OI00082563,O0017527,P00171,2,23476.99,10,42258.58
OI00082564,O0017527,P00433,4,9370.99,15,31861.37
OI00082565,O0017527,P00404,2,5397.99,15,9176.58
OI00082566,O0017527,P00325,2,19574.99,10,35234.98
OI00082567,O0017528,P00016,1,2241.99,10,2017.79
OI00082568,O0017528,P00252,1,9573.99,0,9573.99
OI00082569,O0017528,P00093,1,12790.99,0,12790.99
OI00082570,O0017528,P00117,1,16078.99,0,16078.99
OI00082571,O0017528,P00400,2,4849.99,5,9214.98
OI00082572,O0017529,P00161,1,22106.99,0,22106.99
OI00082573,O0017529,P00485,1,16494.99,0,16494.99
OI00082574,O0017529,P00081,3,11146.99,10,30096.87
OI00082575,O0017530,P00005,2,734.99,0,1469.98
OI00082576,O0017530,P00442,2,10603.99,15,18026.78
OI00082577,O0017530,P00375,1,1424.99,0,1424.99
OI00082578,O0017530,P00296,4,15601.99,0,62407.96
OI00082579,O0017531,P00231,1,6696.99,10,6027.29
OI00082580,O0017531,P00315,3,18204.99,10,49153.47
OI00082581,O0017531,P00339,4,21492.99,0,85971.96
OI00082582,O0017531,P00145,1,19914.99,0,19914.99
OI00082583,O0017531,P00308,3,17245.99,5,49151.07
OI00082584,O0017532,P00425,2,8274.99,10,14894.98
OI00082585,O0017532,P00396,4,4301.99,10,15487.16
OI00082586,O0017533,P00084,4,11557.99,0,46231.96
OI00082587,O0017534,P00264,4,11217.99,0,44871.96
OI00082588,O0017534,P00454,1,12247.99,5,11635.59
OI00082589,O0017534,P00106,1,14571.99,0,14571.99
OI00082590,O0017534,P00437,1,9918.99,5,9423.04
OI00082591,O0017535,P00230,1,6559.99,15,5575.99
OI00082592,O0017535,P00156,4,21421.99,5,81403.56
OI00082593,O0017535,P00407,4,5808.99,0,23235.96
OI00082594,O0017535,P00035,4,4844.99,0,19379.96
OI00082595,O0017535,P00239,3,7792.99,15,19872.12
OI00082596,O0017536,P00426,3,8411.99,0,25235.97
OI00082597,O0017536,P00266,4,11491.99,0,45967.96
OI00082598,O0017537,P00184,4,257.99,0,1031.96
OI00082599,O0017538,P00467,3,14028.99,15,35773.92
OI00082600,O0017538,P00017,3,2378.99,0,7136.97
OI00082601,O0017538,P00170,1,23339.99,10,21005.99
OI00082602,O0017538,P00316,1,18341.99,10,16507.79
OI00082603,O0017538,P00097,1,13338.99,15,11338.14
OI00082604,O0017539,P00190,1,1079.99,15,917.99
OI00082605,O0017539,P00409,1,6082.99,0,6082.99
OI00082606,O0017539,P00176,1,24161.99,5,22953.89
OI00082607,O0017539,P00197,1,2038.99,0,2038.99
OI00082608,O0017540,P00363,3,24780.99,10,66908.67
OI00082609,O0017541,P00162,1,22243.99,0,22243.99
OI00082610,O0017541,P00086,3,11831.99,0,35495.97
OI00082611,O0017541,P00149,3,20462.99,0,61388.97
OI00082612,O0017541,P00001,3,186.99,0,560.97
OI00082613,O0017541,P00271,2,12176.99,0,24353.98
OI00082614,O0017542,P00492,4,17453.99,0,69815.96
OI00082615,O0017542,P00259,2,10532.99,0,21065.98
OI00082616,O0017542,P00365,1,54.99,15,46.74
OI00082617,O0017543,P00154,1,21147.99,0,21147.99
OI00082618,O0017544,P00332,3,20533.99,10,55441.77
OI00082619,O0017545,P00446,3,11151.99,0,33455.97
OI00082620,O0017546,P00386,1,2931.99,0,2931.99
OI00082621,O0017547,P00167,1,22928.99,0,22928.99
OI00082622,O0017548,P00429,3,8822.99,15,22498.62
OI00082623,O0017548,P00200,2,2449.99,0,4899.98
OI00082624,O0017548,P00384,3,2657.99,0,7973.97
OI00082625,O0017548,P00198,2,2175.99,5,4134.38
OI00082626,O0017549,P00066,1,9091.99,0,9091.99
OI00082627,O0017549,P00390,3,3479.99,10,9395.97
OI00082628,O0017549,P00440,3,10329.99,0,30989.97
OI00082629,O0017549,P00306,1,16971.99,5,16123.39
OI00082630,O0017549,P00369,3,602.99,5,1718.52
OI00082631,O0017550,P00263,2,11080.99,0,22161.98
OI00082632,O0017550,P00495,4,17864.99,0,71459.96
OI00082633,O0017551,P00293,3,15190.99,5,43294.32
OI00082634,O0017551,P00073,3,10050.99,0,30152.97
OI00082635,O0017552,P00207,1,3408.99,10,3068.09
OI00082636,O0017553,P00041,2,5666.99,0,11333.98
OI00082637,O0017553,P00185,2,394.99,0,789.98
OI00082638,O0017553,P00458,3,12795.99,15,32629.77
OI00082639,O0017553,P00183,3,120.99,0,362.97
OI00082640,O0017553,P00170,4,23339.99,0,93359.96
OI00082641,O0017554,P00326,3,19711.99,0,59135.97
OI00082642,O0017554,P00234,4,7107.99,5,27010.36
OI00082643,O0017554,P00177,4,24298.99,15,82616.57
OI00082644,O0017554,P00451,4,11836.99,5,44980.56
OI00082645,O0017554,P00019,4,2652.99,0,10611.96
OI00082646,O0017555,P00285,4,14094.99,0,56379.96
OI00082647,O0017555,P00034,4,4707.99,0,18831.96
OI00082648,O0017555,P00300,1,16149.99,0,16149.99
OI00082649,O0017556,P00203,1,2860.99,5,2717.94
OI00082650,O0017556,P00043,2,5940.99,15,10099.68
OI00082651,O0017556,P00346,2,22451.99,10,40413.58
OI00082652,O0017556,P00260,4,10669.99,0,42679.96
OI00082653,O0017557,P00003,1,460.99,10,414.89
OI00082654,O0017558,P00381,1,2246.99,10,2022.29
OI00082655,O0017558,P00419,1,7452.99,10,6707.69
OI00082656,O0017558,P00452,1,11973.99,0,11973.99
OI00082657,O0017559,P00280,1,13409.99,10,12068.99
OI00082658,O0017559,P00471,1,14576.99,0,14576.99
OI00082659,O0017559,P00437,1,9918.99,0,9918.99
OI00082660,O0017559,P00050,4,6899.99,0,27599.96
OI00082661,O0017560,P00316,1,18341.99,0,18341.99
OI00082662,O0017561,P00209,1,3682.99,0,3682.99
OI00082663,O0017561,P00326,3,19711.99,15,50265.57
OI00082664,O0017562,P00241,1,8066.99,0,8066.99
OI00082665,O0017562,P00319,1,18752.99,0,18752.99
OI00082666,O0017563,P00387,2,3068.99,0,6137.98
OI00082667,O0017563,P00409,2,6082.99,5,11557.68
OI00082668,O0017564,P00346,1,22451.99,10,20206.79
OI00082669,O0017564,P00203,1,2860.99,0,2860.99
OI00082670,O0017564,P00253,2,9710.99,5,18450.88
OI00082671,O0017564,P00256,4,10121.99,0,40487.96
OI00082672,O0017564,P00428,1,8685.99,0,8685.99
OI00082673,O0017565,P00198,2,2175.99,10,3916.78
OI00082674,O0017565,P00336,1,21081.99,0,21081.99
OI00082675,O0017565,P00330,4,20259.99,0,81039.96
OI00082676,O0017565,P00206,4,3271.99,0,13087.96
OI00082677,O0017566,P00316,1,18341.99,0,18341.99
OI00082678,O0017567,P00347,4,22588.99,0,90355.96
OI00082679,O0017568,P00274,4,12587.99,10,45316.76
OI00082680,O0017569,P00173,4,23750.99,10,85503.56
OI00082681,O0017570,P00314,3,18067.99,0,54203.97
OI00082682,O0017570,P00117,1,16078.99,0,16078.99
OI00082683,O0017570,P00432,4,9233.99,10,33242.36
OI00082684,O0017571,P00189,4,942.99,0,3771.96
OI00082685,O0017572,P00135,2,18544.99,15,31526.48
OI00082686,O0017572,P00475,2,15124.99,15,25712.48
OI00082687,O0017572,P00287,2,14368.99,0,28737.98
OI00082688,O0017573,P00498,3,18275.99,0,54827.97
OI00082689,O0017573,P00435,3,9644.99,0,28934.97
OI00082690,O0017573,P00280,3,13409.99,0,40229.97
OI00082691,O0017573,P00403,2,5260.99,0,10521.98
OI00082692,O0017573,P00264,4,11217.99,0,44871.96
OI00082693,O0017574,P00253,4,9710.99,0,38843.96
OI00082694,O0017575,P00442,2,10603.99,0,21207.98
OI00082695,O0017576,P00065,1,8954.99,15,7611.74
OI00082696,O0017576,P00144,2,19777.99,5,37578.18
OI00082697,O0017576,P00333,1,20670.99,5,19637.44
OI00082698,O0017576,P00446,1,11151.99,15,9479.19
OI00082699,O0017576,P00462,1,13343.99,10,12009.59
OI00082700,O0017577,P00184,4,257.99,15,877.17
OI00082701,O0017577,P00343,1,22040.99,15,18734.84
OI00082702,O0017578,P00050,2,6899.99,0,13799.98
OI00082703,O0017578,P00116,3,15941.99,0,47825.97
OI00082704,O0017578,P00021,2,2926.99,0,5853.98
OI00082705,O0017578,P00270,2,12039.99,15,20467.98
OI00082706,O0017578,P00481,2,15946.99,15,27109.88
OI00082707,O0017579,P00166,2,22791.99,0,45583.98
OI00082708,O0017579,P00310,3,17519.99,0,52559.97
OI00082709,O0017580,P00251,3,9436.99,0,28310.97
OI00082710,O0017580,P00062,2,8543.99,0,17087.98
OI00082711,O0017580,P00396,3,4301.99,0,12905.97
OI00082712,O0017580,P00365,2,54.99,0,109.98
OI00082713,O0017580,P00236,4,7381.99,10,26575.16
OI00082714,O0017581,P00106,1,14571.99,5,13843.39
OI00082715,O0017581,P00013,3,1830.99,5,5218.32
OI00082716,O0017581,P00188,2,805.99,0,1611.98
OI00082717,O0017581,P00476,3,15261.99,10,41207.37
OI00082718,O0017582,P00047,1,6488.99,10,5840.09
OI00082719,O0017582,P00483,4,16220.99,0,64883.96
OI00082720,O0017582,P00083,4,11420.99,15,38831.37
OI00082721,O0017582,P00141,1,19366.99,0,19366.99
OI00082722,O0017582,P00203,1,2860.99,0,2860.99
OI00082723,O0017583,P00305,2,16834.99,0,33669.98
OI00082724,O0017583,P00443,4,10740.99,0,42963.96
OI00082725,O0017583,P00068,4,9365.99,0,37463.96
OI00082726,O0017583,P00386,4,2931.99,0,11727.96
OI00082727,O0017583,P00051,3,7036.99,0,21110.97
OI00082728,O0017584,P00499,4,18412.99,0,73651.96
OI00082729,O0017584,P00439,3,10192.99,0,30578.97
OI00082730,O0017585,P00266,2,11491.99,0,22983.98
OI00082731,O0017585,P00443,3,10740.99,0,32222.97
OI00082732,O0017586,P00083,2,11420.99,0,22841.98
OI00082733,O0017586,P00077,2,10598.99,0,21197.98
OI00082734,O0017586,P00424,3,8137.99,0,24413.97
OI00082735,O0017587,P00493,1,17590.99,0,17590.99
OI00082736,O0017587,P00293,1,15190.99,0,15190.99
OI00082737,O0017587,P00314,2,18067.99,5,34329.18
OI00082738,O0017588,P00438,1,10055.99,5,9553.19
OI00082739,O0017588,P00377,3,1698.99,0,5096.97
OI00082740,O0017588,P00257,3,10258.99,0,30776.97
OI00082741,O0017588,P00433,4,9370.99,10,33735.56
OI00082742,O0017588,P00241,4,8066.99,0,32267.96
OI00082743,O0017589,P00191,4,1216.99,0,4867.96
OI00082744,O0017589,P00082,2,11283.99,10,20311.18
OI00082745,O0017589,P00361,3,24506.99,15,62492.82
OI00082746,O0017589,P00392,1,3753.99,0,3753.99
OI00082747,O0017589,P00338,1,21355.99,5,20288.19
OI00082748,O0017590,P00381,1,2246.99,0,2246.99
OI00082749,O0017590,P00443,4,10740.99,5,40815.76
OI00082750,O0017590,P00376,2,1561.99,15,2655.38
OI00082751,O0017590,P00275,4,12724.99,0,50899.96
OI00082752,O0017591,P00136,1,18681.99,0,18681.99
OI00082753,O0017591,P00110,3,15119.99,10,40823.97
OI00082754,O0017591,P00438,1,10055.99,0,10055.99
OI00082755,O0017592,P00055,4,7584.99,0,30339.96
OI00082756,O0017592,P00388,3,3205.99,0,9617.97
OI00082757,O0017593,P00104,1,14297.99,0,14297.99
OI00082758,O0017593,P00343,4,22040.99,10,79347.56
OI00082759,O0017594,P00450,1,11699.99,0,11699.99
OI00082760,O0017594,P00192,1,1353.99,0,1353.99
OI00082761,O0017595,P00341,2,21766.99,10,39180.58
OI00082762,O0017595,P00029,4,4022.99,15,13678.17
OI00082763,O0017596,P00125,3,17174.99,0,51524.97
OI00082764,O0017596,P00077,4,10598.99,10,38156.36
OI00082765,O0017597,P00126,3,17311.99,0,51935.97
OI00082766,O0017597,P00039,4,5392.99,0,21571.96
OI00082767,O0017597,P00487,1,16768.99,0,16768.99
OI00082768,O0017598,P00149,1,20462.99,0,20462.99
OI00082769,O0017598,P00476,1,15261.99,0,15261.99
OI00082770,O0017598,P00190,2,1079.99,5,2051.98
OI00082771,O0017598,P00493,1,17590.99,0,17590.99
OI00082772,O0017599,P00326,1,19711.99,5,18726.39
OI00082773,O0017599,P00408,3,5945.99,0,17837.97
OI00082774,O0017599,P00392,4,3753.99,10,13514.36
OI00082775,O0017600,P00024,4,3337.99,0,13351.96
OI00082776,O0017601,P00313,1,17930.99,0,17930.99
OI00082777,O0017601,P00342,4,21903.99,0,87615.96
OI00082778,O0017601,P00360,3,24369.99,0,73109.97
OI00082779,O0017601,P00197,4,2038.99,0,8155.96
OI00082780,O0017602,P00051,3,7036.99,0,21110.97
OI00082781,O0017602,P00090,1,12379.99,15,10522.99
OI00082782,O0017602,P00449,4,11562.99,0,46251.96
OI00082783,O0017602,P00108,3,14845.99,10,40084.17
OI00082784,O0017602,P00235,1,7244.99,5,6882.74
OI00082785,O0017603,P00473,3,14850.99,0,44552.97
OI00082786,O0017603,P00028,4,3885.99,0,15543.96
OI00082787,O0017603,P00090,3,12379.99,0,37139.97
OI00082788,O0017603,P00072,3,9913.99,5,28254.87
OI00082789,O0017604,P00456,2,12521.99,5,23791.78
OI00082790,O0017604,P00478,2,15535.99,0,31071.98
OI00082791,O0017604,P00418,3,7315.99,10,19753.17
OI00082792,O0017604,P00098,4,13475.99,0,53903.96
OI00082793,O0017604,P00190,2,1079.99,0,2159.98
OI00082794,O0017605,P00385,1,2794.99,0,2794.99
OI00082795,O0017605,P00141,2,19366.99,15,32923.88
OI00082796,O0017606,P00369,4,602.99,0,2411.96
OI00082797,O0017606,P00490,1,17179.99,10,15461.99
OI00082798,O0017606,P00242,4,8203.99,15,27893.57
OI00082799,O0017606,P00096,3,13201.99,10,35645.37
OI00082800,O0017606,P00441,4,10466.99,0,41867.96
OI00082801,O0017607,P00089,4,12242.99,0,48971.96
OI00082802,O0017607,P00115,4,15804.99,15,53736.97
OI00082803,O0017607,P00218,3,4915.99,10,13273.17
OI00082804,O0017607,P00497,4,18138.99,15,61672.57
OI00082805,O0017608,P00148,4,20325.99,15,69108.37
OI00082806,O0017608,P00383,4,2520.99,0,10083.96
OI00082807,O0017608,P00080,2,11009.99,0,22019.98
OI00082808,O0017608,P00115,1,15804.99,5,15014.74
OI00082809,O0017608,P00433,4,9370.99,0,37483.96
OI00082810,O0017609,P00447,2,11288.99,15,19191.28
OI00082811,O0017610,P00139,2,19092.99,5,36276.68
OI00082812,O0017610,P00374,4,1287.99,5,4894.36
OI00082813,O0017610,P00438,2,10055.99,0,20111.98
OI00082814,O0017610,P00362,1,24643.99,0,24643.99
OI00082815,O0017611,P00371,2,876.99,0,1753.98
OI00082816,O0017612,P00218,3,4915.99,0,14747.97
OI00082817,O0017613,P00081,4,11146.99,0,44587.96
OI00082818,O0017614,P00241,4,8066.99,5,30654.56
OI00082819,O0017614,P00214,1,4367.99,0,4367.99
OI00082820,O0017614,P00130,4,17859.99,0,71439.96
OI00082821,O0017615,P00483,4,16220.99,0,64883.96
OI00082822,O0017616,P00440,4,10329.99,0,41319.96
OI00082823,O0017616,P00158,4,21695.99,10,78105.56
OI00082824,O0017616,P00171,3,23476.99,0,70430.97
OI00082825,O0017616,P00156,4,21421.99,5,81403.56
OI00082826,O0017616,P00071,1,9776.99,0,9776.99
OI00082827,O0017617,P00028,1,3885.99,0,3885.99
OI00082828,O0017618,P00463,2,13480.99,0,26961.98
OI00082829,O0017618,P00077,3,10598.99,10,28617.27
OI00082830,O0017618,P00176,2,24161.99,0,48323.98
OI00082831,O0017618,P00006,4,871.99,0,3487.96
OI00082832,O0017618,P00453,1,12110.99,0,12110.99
OI00082833,O0017619,P00030,1,4159.99,15,3535.99
OI00082834,O0017619,P00187,4,668.99,0,2675.96
OI00082835,O0017620,P00436,3,9781.99,0,29345.97
OI00082836,O0017620,P00107,3,14708.99,0,44126.97
OI00082837,O0017620,P00301,1,16286.99,0,16286.99
OI00082838,O0017620,P00017,4,2378.99,15,8088.57
OI00082839,O0017621,P00266,4,11491.99,0,45967.96
OI00082840,O0017622,P00174,4,23887.99,0,95551.96
OI00082841,O0017622,P00258,4,10395.99,0,41583.96
OI00082842,O0017623,P00351,4,23136.99,0,92547.96
OI00082843,O0017624,P00490,3,17179.99,0,51539.97
OI00082844,O0017624,P00273,3,12450.99,0,37352.97
OI00082845,O0017625,P00254,2,9847.99,0,19695.98
OI00082846,O0017625,P00058,4,7995.99,15,27186.37
OI00082847,O0017626,P00266,3,11491.99,0,34475.97
OI00082848,O0017627,P00145,4,19914.99,0,79659.96
OI00082849,O0017627,P00367,3,328.99,0,986.97
OI00082850,O0017627,P00028,3,3885.99,15,9909.27
OI00082851,O0017628,P00041,3,5666.99,10,15300.87
OI00082852,O0017629,P00299,1,16012.99,0,16012.99
OI00082853,O0017629,P00326,3,19711.99,0,59135.97
OI00082854,O0017629,P00334,4,20807.99,0,83231.96
OI00082855,O0017629,P00163,2,22380.99,10,40285.78
OI00082856,O0017629,P00205,3,3134.99,10,8464.47
OI00082857,O0017630,P00387,1,3068.99,0,3068.99
OI00082858,O0017630,P00350,2,22999.99,0,45999.98
OI00082859,O0017630,P00116,1,15941.99,0,15941.99
OI00082860,O0017630,P00270,4,12039.99,5,45751.96
OI00082861,O0017631,P00193,3,1490.99,0,4472.97
OI00082862,O0017631,P00442,3,10603.99,0,31811.97
OI00082863,O0017631,P00157,2,21558.99,0,43117.98
OI00082864,O0017632,P00074,2,10187.99,0,20375.98
OI00082865,O0017632,P00352,3,23273.99,5,66330.87
OI00082866,O0017633,P00432,3,9233.99,15,23546.67
OI00082867,O0017633,P00312,4,17793.99,0,71175.96
OI00082868,O0017633,P00358,3,24095.99,0,72287.97
OI00082869,O0017633,P00048,2,6625.99,5,12589.38
OI00082870,O0017634,P00293,4,15190.99,0,60763.96
OI00082871,O0017634,P00068,2,9365.99,0,18731.98
OI00082872,O0017634,P00023,1,3200.99,0,3200.99
OI00082873,O0017635,P00370,2,739.99,10,1331.98
OI00082874,O0017635,P00368,3,465.99,5,1328.07
OI00082875,O0017636,P00406,4,5671.99,5,21553.56
OI00082876,O0017637,P00024,4,3337.99,0,13351.96
OI00082877,O0017637,P00497,3,18138.99,5,51696.12
OI00082878,O0017637,P00439,3,10192.99,5,29050.02
OI00082879,O0017637,P00212,3,4093.99,15,10439.67
OI00082880,O0017637,P00156,2,21421.99,5,40701.78
OI00082881,O0017638,P00441,2,10466.99,10,18840.58
OI00082882,O0017638,P00293,2,15190.99,10,27343.78
OI00082883,O0017639,P00497,3,18138.99,0,54416.97
OI00082884,O0017640,P00026,2,3611.99,0,7223.98
OI00082885,O0017640,P00431,4,9096.99,10,32749.16
OI00082886,O0017641,P00242,2,8203.99,10,14767.18
OI00082887,O0017642,P00143,1,19640.99,0,19640.99
OI00082888,O0017642,P00256,4,10121.99,0,40487.96
OI00082889,O0017643,P00107,4,14708.99,10,52952.36
OI00082890,O0017644,P00213,1,4230.99,0,4230.99
OI00082891,O0017645,P00164,2,22517.99,0,45035.98
OI00082892,O0017645,P00092,2,12653.99,0,25307.98
OI00082893,O0017645,P00471,4,14576.99,0,58307.96
OI00082894,O0017645,P00380,3,2109.99,0,6329.97
OI00082895,O0017646,P00476,4,15261.99,0,61047.96
OI00082896,O0017646,P00273,3,12450.99,0,37352.97
OI00082897,O0017647,P00243,3,8340.99,0,25022.97
OI00082898,O0017647,P00043,1,5940.99,0,5940.99
OI00082899,O0017647,P00115,2,15804.99,0,31609.98
OI00082900,O0017647,P00422,4,7863.99,0,31455.96
OI00082901,O0017648,P00454,3,12247.99,0,36743.97
OI00082902,O0017648,P00441,3,10466.99,5,29830.92
OI00082903,O0017648,P00156,4,21421.99,0,85687.96
OI00082904,O0017649,P00008,1,1145.99,0,1145.99
OI00082905,O0017649,P00194,2,1627.99,0,3255.98
OI00082906,O0017649,P00150,1,20599.99,0,20599.99
OI00082907,O0017649,P00262,2,10943.99,0,21887.98
OI00082908,O0017650,P00416,1,7041.99,0,7041.99
OI00082909,O0017650,P00500,1,18549.99,5,17622.49
OI00082910,O0017651,P00309,4,17382.99,5,66055.36
OI00082911,O0017651,P00130,2,17859.99,0,35719.98
OI00082912,O0017651,P00191,2,1216.99,10,2190.58
OI00082913,O0017652,P00450,3,11699.99,15,29834.97
OI00082914,O0017653,P00068,2,9365.99,15,15922.18
OI00082915,O0017654,P00443,4,10740.99,0,42963.96
OI00082916,O0017654,P00470,1,14439.99,0,14439.99
OI00082917,O0017654,P00275,2,12724.99,0,25449.98
OI00082918,O0017655,P00326,3,19711.99,0,59135.97
OI00082919,O0017655,P00450,2,11699.99,0,23399.98
OI00082920,O0017655,P00382,4,2383.99,0,9535.96
OI00082921,O0017656,P00236,4,7381.99,15,25098.77
OI00082922,O0017656,P00498,2,18275.99,5,34724.38
OI00082923,O0017656,P00451,1,11836.99,0,11836.99
OI00082924,O0017656,P00099,2,13612.99,0,27225.98
OI00082925,O0017657,P00332,2,20533.99,0,41067.98
OI00082926,O0017658,P00377,2,1698.99,0,3397.98
OI00082927,O0017658,P00220,3,5189.99,5,14791.47
OI00082928,O0017658,P00064,4,8817.99,5,33508.36
OI00082929,O0017658,P00150,4,20599.99,0,82399.96
OI00082930,O0017658,P00414,1,6767.99,0,6767.99
OI00082931,O0017659,P00403,3,5260.99,15,13415.52
OI00082932,O0017659,P00259,4,10532.99,15,35812.17
OI00082933,O0017660,P00214,1,4367.99,5,4149.59
OI00082934,O0017660,P00041,2,5666.99,10,10200.58
OI00082935,O0017660,P00393,2,3890.99,5,7392.88
OI00082936,O0017661,P00326,1,19711.99,0,19711.99
OI00082937,O0017661,P00320,2,18889.99,0,37779.98
OI00082938,O0017661,P00242,1,8203.99,5,7793.79
OI00082939,O0017661,P00434,4,9507.99,0,38031.96
OI00082940,O0017662,P00191,1,1216.99,5,1156.14
OI00082941,O0017662,P00175,4,24024.99,15,81684.97
OI00082942,O0017662,P00203,1,2860.99,15,2431.84
OI00082943,O0017663,P00054,4,7447.99,0,29791.96
OI00082944,O0017663,P00213,3,4230.99,0,12692.97
OI00082945,O0017663,P00387,4,3068.99,0,12275.96
OI00082946,O0017663,P00399,4,4712.99,15,16024.17
OI00082947,O0017663,P00166,1,22791.99,10,20512.79
OI00082948,O0017664,P00376,2,1561.99,0,3123.98
OI00082949,O0017664,P00103,4,14160.99,0,56643.96
OI00082950,O0017664,P00058,2,7995.99,0,15991.98
OI00082951,O0017664,P00496,3,18001.99,0,54005.97
OI00082952,O0017665,P00367,1,328.99,15,279.64
OI00082953,O0017666,P00041,2,5666.99,15,9633.88
OI00082954,O0017666,P00077,3,10598.99,15,27027.42
OI00082955,O0017666,P00297,1,15738.99,0,15738.99
OI00082956,O0017667,P00359,3,24232.99,0,72698.97
OI00082957,O0017667,P00486,3,16631.99,10,44906.37
OI00082958,O0017667,P00226,4,6011.99,15,20440.77
OI00082959,O0017668,P00065,4,8954.99,0,35819.96
OI00082960,O0017668,P00068,3,9365.99,15,23883.27
OI00082961,O0017668,P00053,3,7310.99,0,21932.97
OI00082962,O0017668,P00327,3,19848.99,15,50614.92
OI00082963,O0017668,P00090,2,12379.99,0,24759.98
OI00082964,O0017669,P00323,3,19300.99,0,57902.97
OI00082965,O0017669,P00216,4,4641.99,0,18567.96
OI00082966,O0017669,P00333,2,20670.99,15,35140.68
OI00082967,O0017669,P00460,3,13069.99,0,39209.97
OI00082968,O0017670,P00236,2,7381.99,0,14763.98
OI00082969,O0017671,P00317,1,18478.99,0,18478.99
OI00082970,O0017671,P00384,3,2657.99,15,6777.87
OI00082971,O0017672,P00255,2,9984.99,0,19969.98
OI00082972,O0017672,P00423,2,8000.99,0,16001.98
OI00082973,O0017672,P00149,2,20462.99,0,40925.98
OI00082974,O0017672,P00277,4,12998.99,15,44196.57
OI00082975,O0017673,P00218,3,4915.99,0,14747.97
OI00082976,O0017673,P00225,3,5874.99,5,16743.72
OI00082977,O0017673,P00337,2,21218.99,0,42437.98
OI00082978,O0017674,P00472,4,14713.99,15,50027.57
OI00082979,O0017674,P00227,2,6148.99,15,10453.28
OI00082980,O0017674,P00158,3,21695.99,0,65087.97
OI00082981,O0017674,P00466,4,13891.99,0,55567.96
OI00082982,O0017674,P00460,3,13069.99,0,39209.97
OI00082983,O0017675,P00433,3,9370.99,10,25301.67
OI00082984,O0017675,P00336,3,21081.99,0,63245.97
OI00082985,O0017675,P00013,2,1830.99,0,3661.98
OI00082986,O0017675,P00123,4,16900.99,15,57463.37
OI00082987,O0017675,P00423,4,8000.99,0,32003.96
OI00082988,O0017676,P00121,2,16626.99,0,33253.98
OI00082989,O0017676,P00492,2,17453.99,15,29671.78
OI00082990,O0017676,P00134,2,18407.99,0,36815.98
OI00082991,O0017676,P00413,4,6630.99,0,26523.96
OI00082992,O0017677,P00080,4,11009.99,0,44039.96
OI00082993,O0017677,P00204,3,2997.99,15,7644.87
OI00082994,O0017677,P00392,1,3753.99,10,3378.59
OI00082995,O0017677,P00387,2,3068.99,0,6137.98
OI00082996,O0017678,P00462,4,13343.99,5,50707.16
OI00082997,O0017679,P00262,3,10943.99,10,29548.77
OI00082998,O0017679,P00209,1,3682.99,5,3498.84
OI00082999,O0017679,P00016,4,2241.99,0,8967.96
OI00083000,O0017679,P00450,3,11699.99,5,33344.97
OI00083001,O0017679,P00162,4,22243.99,0,88975.96
OI00083002,O0017680,P00483,4,16220.99,0,64883.96
OI00083003,O0017680,P00052,3,7173.99,0,21521.97
OI00083004,O0017681,P00001,1,186.99,0,186.99
OI00083005,O0017681,P00358,1,24095.99,5,22891.19
OI00083006,O0017681,P00361,3,24506.99,10,66168.87
OI00083007,O0017681,P00342,3,21903.99,15,55855.17
OI00083008,O0017681,P00360,3,24369.99,0,73109.97
OI00083009,O0017682,P00363,2,24780.99,0,49561.98
OI00083010,O0017682,P00090,4,12379.99,0,49519.96
OI00083011,O0017682,P00144,2,19777.99,0,39555.98
OI00083012,O0017682,P00413,3,6630.99,0,19892.97
OI00083013,O0017682,P00365,1,54.99,0,54.99
OI00083014,O0017683,P00272,2,12313.99,0,24627.98
OI00083015,O0017684,P00135,4,18544.99,0,74179.96
OI00083016,O0017684,P00400,4,4849.99,0,19399.96
OI00083017,O0017684,P00255,1,9984.99,0,9984.99
OI00083018,O0017684,P00367,2,328.99,0,657.98
OI00083019,O0017684,P00155,4,21284.99,15,72368.97
OI00083020,O0017685,P00408,1,5945.99,0,5945.99
OI00083021,O0017685,P00271,3,12176.99,0,36530.97
OI00083022,O0017685,P00481,1,15946.99,15,13554.94
OI00083023,O0017686,P00417,4,7178.99,10,25844.36
OI00083024,O0017686,P00260,2,10669.99,10,19205.98
OI00083025,O0017687,P00436,1,9781.99,15,8314.69
OI00083026,O0017688,P00050,2,6899.99,15,11729.98
OI00083027,O0017688,P00278,2,13135.99,0,26271.98
OI00083028,O0017688,P00172,3,23613.99,0,70841.97
OI00083029,O0017688,P00458,3,12795.99,10,34549.17
OI00083030,O0017689,P00275,1,12724.99,0,12724.99
OI00083031,O0017689,P00073,1,10050.99,0,10050.99
OI00083032,O0017690,P00323,1,19300.99,0,19300.99
OI00083033,O0017690,P00179,1,24572.99,10,22115.69
OI00083034,O0017690,P00381,1,2246.99,15,1909.94
OI00083035,O0017691,P00488,1,16905.99,15,14370.09
OI00083036,O0017691,P00303,3,16560.99,0,49682.97
OI00083037,O0017691,P00253,1,9710.99,0,9710.99
OI00083038,O0017691,P00183,4,120.99,15,411.37
OI00083039,O0017692,P00162,3,22243.99,5,63395.37
OI00083040,O0017692,P00204,4,2997.99,0,11991.96
OI00083041,O0017693,P00342,4,21903.99,10,78854.36
OI00083042,O0017693,P00302,2,16423.99,0,32847.98
OI00083043,O0017693,P00298,4,15875.99,0,63503.96
OI00083044,O0017693,P00442,1,10603.99,0,10603.99
OI00083045,O0017694,P00489,4,17042.99,5,64763.36
OI00083046,O0017694,P00299,4,16012.99,15,54444.17
OI00083047,O0017694,P00249,3,9162.99,0,27488.97
OI00083048,O0017695,P00230,1,6559.99,5,6231.99
OI00083049,O0017696,P00317,2,18478.99,5,35110.08
OI00083050,O0017697,P00160,4,21969.99,0,87879.96
OI00083051,O0017698,P00479,2,15672.99,15,26644.08
OI00083052,O0017699,P00086,1,11831.99,0,11831.99
OI00083053,O0017699,P00394,4,4027.99,5,15306.36
OI00083054,O0017699,P00330,2,20259.99,0,40519.98
OI00083055,O0017700,P00380,4,2109.99,5,8017.96
OI00083056,O0017700,P00239,1,7792.99,10,7013.69
OI00083057,O0017700,P00141,3,19366.99,10,52290.87
OI00083058,O0017700,P00328,2,19985.99,5,37973.38
OI00083059,O0017701,P00014,2,1967.99,0,3935.98
OI00083060,O0017702,P00114,2,15667.99,10,28202.38
OI00083061,O0017702,P00342,4,21903.99,0,87615.96
OI00083062,O0017702,P00247,1,8888.99,5,8444.54
OI00083063,O0017702,P00005,1,734.99,5,698.24
OI00083064,O0017702,P00165,3,22654.99,15,57770.22
OI00083065,O0017703,P00139,2,19092.99,15,32458.08
OI00083066,O0017703,P00295,3,15464.99,10,41755.47
OI00083067,O0017704,P00072,4,9913.99,0,39655.96
OI00083068,O0017704,P00355,4,23684.99,0,94739.96
OI00083069,O0017704,P00494,3,17727.99,10,47865.57
OI00083070,O0017704,P00302,4,16423.99,0,65695.96
OI00083071,O0017705,P00428,4,8685.99,0,34743.96
OI00083072,O0017705,P00395,1,4164.99,0,4164.99
OI00083073,O0017706,P00274,1,12587.99,0,12587.99
OI00083074,O0017707,P00210,4,3819.99,15,12987.97
OI00083075,O0017707,P00106,1,14571.99,10,13114.79
OI00083076,O0017707,P00065,1,8954.99,0,8954.99
OI00083077,O0017707,P00101,3,13886.99,0,41660.97
OI00083078,O0017707,P00200,2,2449.99,0,4899.98
OI00083079,O0017708,P00176,4,24161.99,0,96647.96
OI00083080,O0017708,P00474,3,14987.99,0,44963.97
OI00083081,O0017709,P00136,3,18681.99,5,53243.67
OI00083082,O0017709,P00361,3,24506.99,0,73520.97
OI00083083,O0017709,P00031,1,4296.99,0,4296.99
OI00083084,O0017709,P00053,1,7310.99,0,7310.99
OI00083085,O0017710,P00425,1,8274.99,10,7447.49
OI00083086,O0017710,P00426,1,8411.99,0,8411.99
OI00083087,O0017710,P00390,3,3479.99,5,9917.97
OI00083088,O0017710,P00405,1,5534.99,5,5258.24
OI00083089,O0017711,P00053,2,7310.99,0,14621.98
OI00083090,O0017711,P00278,2,13135.99,5,24958.38
OI00083091,O0017711,P00346,3,22451.99,0,67355.97
OI00083092,O0017711,P00221,4,5326.99,10,19177.16
OI00083093,O0017712,P00413,2,6630.99,0,13261.98
OI00083094,O0017712,P00382,4,2383.99,0,9535.96
OI00083095,O0017713,P00193,4,1490.99,15,5069.37
OI00083096,O0017714,P00253,2,9710.99,10,17479.78
OI00083097,O0017714,P00111,1,15256.99,0,15256.99
OI00083098,O0017714,P00447,4,11288.99,0,45155.96
OI00083099,O0017715,P00195,1,1764.99,0,1764.99
OI00083100,O0017715,P00386,2,2931.99,15,4984.38
OI00083101,O0017716,P00314,4,18067.99,10,65044.76
OI00083102,O0017716,P00332,1,20533.99,0,20533.99
OI00083103,O0017716,P00033,3,4570.99,0,13712.97
OI00083104,O0017717,P00086,4,11831.99,5,44961.56
OI00083105,O0017717,P00346,1,22451.99,0,22451.99
OI00083106,O0017717,P00349,2,22862.99,0,45725.98
OI00083107,O0017717,P00205,1,3134.99,0,3134.99
OI00083108,O0017718,P00401,4,4986.99,0,19947.96
OI00083109,O0017718,P00420,3,7589.99,0,22769.97
OI00083110,O0017718,P00495,3,17864.99,15,45555.72
OI00083111,O0017718,P00434,2,9507.99,10,17114.38
OI00083112,O0017719,P00224,3,5737.99,0,17213.97
OI00083113,O0017719,P00399,4,4712.99,0,18851.96
OI00083114,O0017719,P00425,2,8274.99,0,16549.98
OI00083115,O0017719,P00233,4,6970.99,15,23701.37
OI00083116,O0017720,P00094,1,12927.99,15,10988.79
OI00083117,O0017720,P00441,2,10466.99,0,20933.98
OI00083118,O0017721,P00079,4,10872.99,15,36968.17
OI00083119,O0017722,P00200,1,2449.99,10,2204.99
OI00083120,O0017722,P00349,1,22862.99,5,21719.84
OI00083121,O0017723,P00068,1,9365.99,0,9365.99
OI00083122,O0017723,P00455,1,12384.99,0,12384.99
OI00083123,O0017723,P00020,3,2789.99,0,8369.97
OI00083124,O0017724,P00167,3,22928.99,15,58468.92
OI00083125,O0017725,P00078,4,10735.99,0,42943.96
OI00083126,O0017725,P00104,2,14297.99,0,28595.98
OI00083127,O0017726,P00303,1,16560.99,0,16560.99
OI00083128,O0017726,P00251,4,9436.99,0,37747.96
OI00083129,O0017727,P00457,4,12658.99,0,50635.96
OI00083130,O0017727,P00455,2,12384.99,0,24769.98
OI00083131,O0017727,P00262,4,10943.99,0,43775.96
OI00083132,O0017727,P00258,3,10395.99,15,26509.77
OI00083133,O0017728,P00412,4,6493.99,10,23378.36
OI00083134,O0017728,P00082,1,11283.99,0,11283.99
OI00083135,O0017728,P00086,4,11831.99,10,42595.16
OI00083136,O0017728,P00280,2,13409.99,0,26819.98
OI00083137,O0017728,P00370,2,739.99,15,1257.98
OI00083138,O0017729,P00321,1,19026.99,0,19026.99
OI00083139,O0017729,P00440,3,10329.99,0,30989.97
OI00083140,O0017729,P00317,3,18478.99,0,55436.97
OI00083141,O0017730,P00120,3,16489.99,0,49469.97
OI00083142,O0017730,P00256,4,10121.99,10,36439.16
OI00083143,O0017731,P00161,4,22106.99,15,75163.77
OI00083144,O0017731,P00038,4,5255.99,0,21023.96
OI00083145,O0017731,P00022,2,3063.99,0,6127.98
OI00083146,O0017731,P00166,1,22791.99,0,22791.99
OI00083147,O0017731,P00305,2,16834.99,0,33669.98
OI00083148,O0017732,P00125,3,17174.99,0,51524.97
OI00083149,O0017732,P00177,3,24298.99,0,72896.97
OI00083150,O0017732,P00382,1,2383.99,10,2145.59
OI00083151,O0017732,P00425,2,8274.99,0,16549.98
OI00083152,O0017732,P00167,4,22928.99,0,91715.96
OI00083153,O0017733,P00343,4,22040.99,15,74939.37
OI00083154,O0017733,P00322,2,19163.99,15,32578.78
OI00083155,O0017734,P00339,4,21492.99,0,85971.96
OI00083156,O0017735,P00116,3,15941.99,0,47825.97
OI00083157,O0017735,P00086,2,11831.99,5,22480.78
OI00083158,O0017736,P00110,3,15119.99,0,45359.97
OI00083159,O0017736,P00107,1,14708.99,10,13238.09
OI00083160,O0017736,P00154,2,21147.99,0,42295.98
OI00083161,O0017736,P00029,1,4022.99,5,3821.84
OI00083162,O0017737,P00086,2,11831.99,0,23663.98
OI00083163,O0017738,P00073,4,10050.99,15,34173.37
OI00083164,O0017738,P00146,2,20051.99,5,38098.78
OI00083165,O0017738,P00210,2,3819.99,15,6493.98
OI00083166,O0017738,P00448,4,11425.99,0,45703.96
OI00083167,O0017739,P00219,2,5052.99,10,9095.38
OI00083168,O0017739,P00065,3,8954.99,0,26864.97
OI00083169,O0017739,P00460,3,13069.99,0,39209.97
OI00083170,O0017739,P00106,2,14571.99,0,29143.98
OI00083171,O0017739,P00371,1,876.99,5,833.14
OI00083172,O0017740,P00014,2,1967.99,5,3739.18
OI00083173,O0017740,P00342,3,21903.99,15,55855.17
OI00083174,O0017741,P00033,3,4570.99,5,13027.32
OI00083175,O0017741,P00426,2,8411.99,0,16823.98
OI00083176,O0017741,P00152,2,20873.99,10,37573.18
OI00083177,O0017742,P00227,1,6148.99,0,6148.99
OI00083178,O0017742,P00272,4,12313.99,0,49255.96
OI00083179,O0017743,P00304,1,16697.99,10,15028.19
OI00083180,O0017743,P00245,2,8614.99,5,16368.48
OI00083181,O0017743,P00250,4,9299.99,0,37199.96
OI00083182,O0017743,P00429,4,8822.99,0,35291.96
OI00083183,O0017743,P00319,2,18752.99,0,37505.98
OI00083184,O0017744,P00217,1,4778.99,15,4062.14
OI00083185,O0017744,P00077,1,10598.99,15,9009.14
OI00083186,O0017744,P00260,2,10669.99,0,21339.98
OI00083187,O0017744,P00372,2,1013.99,0,2027.98
OI00083188,O0017745,P00108,4,14845.99,0,59383.96
OI00083189,O0017745,P00174,1,23887.99,15,20304.79
OI00083190,O0017745,P00304,2,16697.99,15,28386.58
OI00083191,O0017746,P00311,1,17656.99,0,17656.99
OI00083192,O0017746,P00042,3,5803.99,10,15670.77
OI00083193,O0017746,P00244,3,8477.99,0,25433.97
OI00083194,O0017746,P00393,3,3890.99,0,11672.97
OI00083195,O0017747,P00065,1,8954.99,15,7611.74
OI00083196,O0017747,P00087,4,11968.99,15,40694.57
OI00083197,O0017747,P00177,2,24298.99,10,43738.18
OI00083198,O0017747,P00255,2,9984.99,15,16974.48
OI00083199,O0017748,P00369,3,602.99,0,1808.97
OI00083200,O0017748,P00007,4,1008.99,0,4035.96
OI00083201,O0017748,P00413,4,6630.99,0,26523.96
OI00083202,O0017748,P00064,4,8817.99,0,35271.96
OI00083203,O0017749,P00298,1,15875.99,10,14288.39
OI00083204,O0017750,P00294,1,15327.99,0,15327.99
OI00083205,O0017750,P00436,3,9781.99,15,24944.07
OI00083206,O0017750,P00159,3,21832.99,0,65498.97
OI00083207,O0017750,P00180,3,24709.99,10,66716.97
OI00083208,O0017751,P00334,1,20807.99,0,20807.99
OI00083209,O0017752,P00180,4,24709.99,10,88955.96
OI00083210,O0017752,P00111,1,15256.99,0,15256.99
OI00083211,O0017752,P00063,3,8680.99,0,26042.97
OI00083212,O0017752,P00088,2,12105.99,5,23001.38
OI00083213,O0017752,P00456,4,12521.99,0,50087.96
OI00083214,O0017753,P00469,1,14302.99,0,14302.99
OI00083215,O0017753,P00337,3,21218.99,5,60474.12
OI00083216,O0017754,P00229,2,6422.99,0,12845.98
OI00083217,O0017755,P00221,1,5326.99,0,5326.99
OI00083218,O0017755,P00166,3,22791.99,15,58119.57
OI00083219,O0017756,P00349,3,22862.99,5,65159.52
OI00083220,O0017757,P00329,1,20122.99,0,20122.99
OI00083221,O0017757,P00078,4,10735.99,0,42943.96
OI00083222,O0017757,P00413,4,6630.99,10,23871.56
OI00083223,O0017757,P00318,3,18615.99,0,55847.97
OI00083224,O0017758,P00035,2,4844.99,0,9689.98
OI00083225,O0017758,P00257,3,10258.99,0,30776.97
OI00083226,O0017758,P00295,3,15464.99,0,46394.97
OI00083227,O0017758,P00132,1,18133.99,0,18133.99
OI00083228,O0017759,P00492,4,17453.99,0,69815.96
OI00083229,O0017759,P00330,1,20259.99,10,18233.99
OI00083230,O0017760,P00266,2,11491.99,0,22983.98
OI00083231,O0017760,P00356,3,23821.99,5,67892.67
OI00083232,O0017760,P00295,4,15464.99,15,52580.97
OI00083233,O0017760,P00098,4,13475.99,10,48513.56
OI00083234,O0017760,P00396,4,4301.99,0,17207.96
OI00083235,O0017761,P00429,3,8822.99,0,26468.97
OI00083236,O0017761,P00212,1,4093.99,0,4093.99
OI00083237,O0017761,P00469,4,14302.99,0,57211.96
OI00083238,O0017761,P00232,2,6833.99,0,13667.98
OI00083239,O0017761,P00325,1,19574.99,10,17617.49
OI00083240,O0017762,P00455,2,12384.99,0,24769.98
OI00083241,O0017762,P00094,3,12927.99,15,32966.37
OI00083242,O0017762,P00109,1,14982.99,0,14982.99
OI00083243,O0017762,P00335,3,20944.99,15,53409.72
OI00083244,O0017762,P00406,3,5671.99,0,17015.97
OI00083245,O0017763,P00221,1,5326.99,10,4794.29
OI00083246,O0017763,P00014,4,1967.99,10,7084.76
OI00083247,O0017763,P00109,4,14982.99,0,59931.96
OI00083248,O0017763,P00279,2,13272.99,15,22564.08
OI00083249,O0017764,P00377,3,1698.99,5,4842.12
OI00083250,O0017764,P00119,4,16352.99,15,55600.17
OI00083251,O0017764,P00309,4,17382.99,15,59102.17
OI00083252,O0017764,P00179,2,24572.99,15,41774.08
OI00083253,O0017765,P00274,4,12587.99,0,50351.96
OI00083254,O0017765,P00197,2,2038.99,0,4077.98
OI00083255,O0017765,P00158,4,21695.99,5,82444.76
OI00083256,O0017765,P00056,3,7721.99,0,23165.97
OI00083257,O0017765,P00434,1,9507.99,10,8557.19
OI00083258,O0017766,P00229,4,6422.99,0,25691.96
OI00083259,O0017766,P00071,1,9776.99,0,9776.99
OI00083260,O0017766,P00147,4,20188.99,0,80755.96
OI00083261,O0017766,P00053,4,7310.99,5,27781.76
OI00083262,O0017766,P00194,1,1627.99,15,1383.79
OI00083263,O0017767,P00003,1,460.99,15,391.84
OI00083264,O0017768,P00107,3,14708.99,5,41920.62
OI00083265,O0017769,P00162,3,22243.99,0,66731.97
OI00083266,O0017769,P00161,4,22106.99,0,88427.96
OI00083267,O0017770,P00302,1,16423.99,0,16423.99
OI00083268,O0017771,P00451,3,11836.99,15,30184.32
OI00083269,O0017771,P00409,1,6082.99,0,6082.99
OI00083270,O0017771,P00487,3,16768.99,15,42760.92
OI00083271,O0017771,P00037,3,5118.99,5,14589.12
OI00083272,O0017771,P00073,3,10050.99,0,30152.97
OI00083273,O0017772,P00446,2,11151.99,5,21188.78
OI00083274,O0017772,P00284,4,13957.99,0,55831.96
OI00083275,O0017773,P00074,3,10187.99,0,30563.97
OI00083276,O0017774,P00192,3,1353.99,0,4061.97
OI00083277,O0017774,P00361,1,24506.99,0,24506.99
OI00083278,O0017775,P00119,1,16352.99,10,14717.69
OI00083279,O0017775,P00310,2,17519.99,0,35039.98
OI00083280,O0017775,P00430,2,8959.99,0,17919.98
OI00083281,O0017775,P00450,3,11699.99,0,35099.97
OI00083282,O0017776,P00362,1,24643.99,5,23411.79
OI00083283,O0017776,P00396,4,4301.99,10,15487.16
OI00083284,O0017776,P00004,4,597.99,10,2152.76
OI00083285,O0017776,P00415,4,6904.99,0,27619.96
OI00083286,O0017777,P00161,2,22106.99,0,44213.98
OI00083287,O0017777,P00469,4,14302.99,10,51490.76
OI00083288,O0017777,P00225,4,5874.99,0,23499.96
OI00083289,O0017778,P00405,4,5534.99,0,22139.96
OI00083290,O0017779,P00375,1,1424.99,0,1424.99
OI00083291,O0017779,P00361,1,24506.99,15,20830.94
OI00083292,O0017780,P00400,4,4849.99,10,17459.96
OI00083293,O0017780,P00094,2,12927.99,0,25855.98
OI00083294,O0017780,P00281,1,13546.99,5,12869.64
OI00083295,O0017780,P00054,1,7447.99,0,7447.99
OI00083296,O0017780,P00035,3,4844.99,15,12354.72
OI00083297,O0017781,P00314,4,18067.99,15,61431.17
OI00083298,O0017781,P00332,1,20533.99,0,20533.99
OI00083299,O0017781,P00313,2,17930.99,0,35861.98
OI00083300,O0017781,P00053,1,7310.99,0,7310.99
OI00083301,O0017782,P00351,2,23136.99,15,39332.88
OI00083302,O0017782,P00217,1,4778.99,15,4062.14
OI00083303,O0017782,P00214,4,4367.99,0,17471.96
OI00083304,O0017782,P00456,3,12521.99,0,37565.97
OI00083305,O0017782,P00105,4,14434.99,0,57739.96
OI00083306,O0017783,P00234,3,7107.99,0,21323.97
OI00083307,O0017783,P00268,3,11765.99,0,35297.97
OI00083308,O0017783,P00320,2,18889.99,0,37779.98
OI00083309,O0017783,P00064,2,8817.99,0,17635.98
OI00083310,O0017783,P00272,3,12313.99,0,36941.97
OI00083311,O0017784,P00474,2,14987.99,5,28477.18
OI00083312,O0017784,P00399,3,4712.99,0,14138.97
OI00083313,O0017784,P00167,2,22928.99,10,41272.18
OI00083314,O0017784,P00013,2,1830.99,5,3478.88
OI00083315,O0017784,P00046,4,6351.99,0,25407.96
OI00083316,O0017785,P00301,3,16286.99,10,43974.87
OI00083317,O0017786,P00412,1,6493.99,5,6169.29
OI00083318,O0017786,P00172,2,23613.99,5,44866.58
OI00083319,O0017786,P00194,3,1627.99,10,4395.57
OI00083320,O0017786,P00380,3,2109.99,10,5696.97
OI00083321,O0017786,P00221,4,5326.99,15,18111.77
OI00083322,O0017787,P00411,3,6356.99,0,19070.97
OI00083323,O0017787,P00238,1,7655.99,0,7655.99
OI00083324,O0017787,P00494,2,17727.99,0,35455.98
OI00083325,O0017788,P00399,1,4712.99,0,4712.99
OI00083326,O0017789,P00198,4,2175.99,0,8703.96
OI00083327,O0017789,P00419,3,7452.99,15,19005.12
OI00083328,O0017789,P00126,4,17311.99,0,69247.96
OI00083329,O0017789,P00456,3,12521.99,15,31931.07
OI00083330,O0017789,P00100,3,13749.99,15,35062.47
OI00083331,O0017790,P00089,2,12242.99,0,24485.98
OI00083332,O0017790,P00215,4,4504.99,0,18019.96
OI00083333,O0017791,P00276,1,12861.99,0,12861.99
OI00083334,O0017791,P00301,1,16286.99,0,16286.99
OI00083335,O0017791,P00375,1,1424.99,10,1282.49
OI00083336,O0017791,P00063,4,8680.99,0,34723.96
OI00083337,O0017792,P00205,4,3134.99,0,12539.96
OI00083338,O0017792,P00047,1,6488.99,0,6488.99
OI00083339,O0017792,P00178,1,24435.99,0,24435.99
OI00083340,O0017792,P00273,4,12450.99,10,44823.56
OI00083341,O0017792,P00126,2,17311.99,0,34623.98
OI00083342,O0017793,P00091,1,12516.99,15,10639.44
OI00083343,O0017793,P00058,1,7995.99,0,7995.99
OI00083344,O0017793,P00492,1,17453.99,0,17453.99
OI00083345,O0017793,P00283,4,13820.99,0,55283.96
OI00083346,O0017794,P00019,1,2652.99,0,2652.99
OI00083347,O0017794,P00396,3,4301.99,0,12905.97
OI00083348,O0017794,P00357,4,23958.99,0,95835.96
OI00083349,O0017794,P00137,4,18818.99,0,75275.96
OI00083350,O0017794,P00205,1,3134.99,0,3134.99
OI00083351,O0017795,P00230,2,6559.99,5,12463.98
OI00083352,O0017795,P00442,1,10603.99,0,10603.99
OI00083353,O0017795,P00309,4,17382.99,15,59102.17
OI00083354,O0017795,P00158,3,21695.99,0,65087.97
OI00083355,O0017795,P00476,4,15261.99,5,57995.56
OI00083356,O0017796,P00477,1,15398.99,10,13859.09
OI00083357,O0017797,P00254,3,9847.99,0,29543.97
OI00083358,O0017798,P00082,3,11283.99,0,33851.97
OI00083359,O0017799,P00423,2,8000.99,10,14401.78
OI00083360,O0017799,P00494,4,17727.99,10,63820.76
OI00083361,O0017799,P00367,2,328.99,5,625.08
OI00083362,O0017799,P00316,3,18341.99,0,55025.97
OI00083363,O0017800,P00246,4,8751.99,0,35007.96
OI00083364,O0017800,P00241,1,8066.99,0,8066.99
OI00083365,O0017800,P00278,3,13135.99,15,33496.77
OI00083366,O0017800,P00358,3,24095.99,10,65059.17
OI00083367,O0017801,P00087,4,11968.99,10,43088.36
OI00083368,O0017801,P00116,3,15941.99,0,47825.97
OI00083369,O0017801,P00496,1,18001.99,0,18001.99
OI00083370,O0017801,P00078,1,10735.99,10,9662.39
OI00083371,O0017801,P00075,1,10324.99,15,8776.24
OI00083372,O0017802,P00328,1,19985.99,0,19985.99
OI00083373,O0017802,P00493,3,17590.99,5,50134.32
OI00083374,O0017802,P00371,2,876.99,0,1753.98
OI00083375,O0017803,P00181,2,24846.99,0,49693.98
OI00083376,O0017803,P00067,2,9228.99,0,18457.98
OI00083377,O0017804,P00390,4,3479.99,10,12527.96
OI00083378,O0017804,P00007,1,1008.99,15,857.64
OI00083379,O0017805,P00174,4,23887.99,10,85996.76
OI00083380,O0017805,P00491,1,17316.99,0,17316.99
OI00083381,O0017805,P00263,2,11080.99,0,22161.98
OI00083382,O0017805,P00011,1,1556.99,0,1556.99
OI00083383,O0017805,P00387,2,3068.99,0,6137.98
OI00083384,O0017806,P00385,4,2794.99,0,11179.96
OI00083385,O0017806,P00328,2,19985.99,0,39971.98
OI00083386,O0017806,P00248,1,9025.99,0,9025.99
OI00083387,O0017806,P00110,1,15119.99,0,15119.99
OI00083388,O0017806,P00080,1,11009.99,0,11009.99
OI00083389,O0017807,P00034,4,4707.99,5,17890.36
OI00083390,O0017807,P00393,4,3890.99,15,13229.37
OI00083391,O0017807,P00399,3,4712.99,10,12725.07
OI00083392,O0017807,P00073,3,10050.99,15,25630.02
OI00083393,O0017807,P00190,3,1079.99,15,2753.97
OI00083394,O0017808,P00293,1,15190.99,0,15190.99
OI00083395,O0017809,P00236,1,7381.99,0,7381.99
OI00083396,O0017809,P00180,1,24709.99,10,22238.99
OI00083397,O0017809,P00256,3,10121.99,10,27329.37
OI00083398,O0017809,P00072,2,9913.99,5,18836.58
OI00083399,O0017810,P00158,4,21695.99,0,86783.96
OI00083400,O0017810,P00149,3,20462.99,0,61388.97
OI00083401,O0017810,P00466,1,13891.99,0,13891.99
OI00083402,O0017810,P00087,2,11968.99,15,20347.28
OI00083403,O0017811,P00093,3,12790.99,5,36454.32
OI00083404,O0017811,P00022,1,3063.99,0,3063.99
OI00083405,O0017811,P00244,1,8477.99,0,8477.99
OI00083406,O0017811,P00238,4,7655.99,0,30623.96
OI00083407,O0017812,P00350,1,22999.99,0,22999.99
OI00083408,O0017812,P00285,2,14094.99,0,28189.98
OI00083409,O0017812,P00364,2,24917.99,0,49835.98
OI00083410,O0017812,P00483,2,16220.99,10,29197.78
OI00083411,O0017812,P00386,3,2931.99,0,8795.97
OI00083412,O0017813,P00155,4,21284.99,0,85139.96
OI00083413,O0017813,P00434,1,9507.99,0,9507.99
OI00083414,O0017813,P00231,2,6696.99,15,11384.88
OI00083415,O0017814,P00300,1,16149.99,15,13727.49
OI00083416,O0017814,P00282,2,13683.99,0,27367.98
OI00083417,O0017814,P00404,3,5397.99,0,16193.97
OI00083418,O0017815,P00339,2,21492.99,0,42985.98
OI00083419,O0017815,P00018,4,2515.99,0,10063.96
OI00083420,O0017816,P00076,1,10461.99,10,9415.79
OI00083421,O0017816,P00477,3,15398.99,5,43887.12
OI00083422,O0017816,P00011,2,1556.99,0,3113.98
OI00083423,O0017816,P00266,3,11491.99,0,34475.97
OI00083424,O0017817,P00407,2,5808.99,0,11617.98
OI00083425,O0017817,P00455,1,12384.99,15,10527.24
OI00083426,O0017817,P00100,3,13749.99,0,41249.97
OI00083427,O0017817,P00319,2,18752.99,0,37505.98
OI00083428,O0017818,P00479,4,15672.99,0,62691.96
OI00083429,O0017819,P00061,2,8406.99,0,16813.98
OI00083430,O0017819,P00055,1,7584.99,0,7584.99
OI00083431,O0017819,P00102,4,14023.99,10,50486.36
OI00083432,O0017820,P00088,2,12105.99,0,24211.98
OI00083433,O0017820,P00070,3,9639.99,0,28919.97
OI00083434,O0017820,P00116,3,15941.99,10,43043.37
OI00083435,O0017821,P00453,4,12110.99,0,48443.96
OI00083436,O0017821,P00216,2,4641.99,0,9283.98
OI00083437,O0017821,P00247,3,8888.99,0,26666.97
OI00083438,O0017821,P00464,3,13617.99,0,40853.97
OI00083439,O0017822,P00063,3,8680.99,15,22136.52
OI00083440,O0017822,P00077,4,10598.99,0,42395.96
OI00083441,O0017823,P00056,1,7721.99,15,6563.69
OI00083442,O0017823,P00257,2,10258.99,0,20517.98
OI00083443,O0017823,P00178,3,24435.99,0,73307.97
OI00083444,O0017824,P00355,1,23684.99,15,20132.24
OI00083445,O0017824,P00300,3,16149.99,15,41182.47
OI00083446,O0017825,P00236,3,7381.99,0,22145.97
OI00083447,O0017825,P00187,1,668.99,5,635.54
OI00083448,O0017826,P00450,2,11699.99,10,21059.98
OI00083449,O0017826,P00138,4,18955.99,5,72032.76
OI00083450,O0017826,P00063,2,8680.99,10,15625.78
OI00083451,O0017827,P00001,3,186.99,5,532.92
OI00083452,O0017827,P00159,2,21832.99,0,43665.98
OI00083453,O0017828,P00424,2,8137.99,0,16275.98
OI00083454,O0017828,P00434,4,9507.99,0,38031.96
OI00083455,O0017828,P00327,3,19848.99,0,59546.97
OI00083456,O0017829,P00010,1,1419.99,0,1419.99
OI00083457,O0017830,P00282,3,13683.99,0,41051.97
OI00083458,O0017831,P00277,4,12998.99,5,49396.16
OI00083459,O0017831,P00125,4,17174.99,10,61829.96
OI00083460,O0017831,P00121,3,16626.99,0,49880.97
OI00083461,O0017831,P00153,2,21010.99,0,42021.98
OI00083462,O0017831,P00139,2,19092.99,15,32458.08
OI00083463,O0017832,P00162,3,22243.99,0,66731.97
OI00083464,O0017832,P00131,3,17996.99,5,51291.42
OI00083465,O0017832,P00217,2,4778.99,0,9557.98
OI00083466,O0017832,P00056,3,7721.99,0,23165.97
OI00083467,O0017833,P00220,4,5189.99,15,17645.97
OI00083468,O0017833,P00093,1,12790.99,0,12790.99
OI00083469,O0017834,P00198,3,2175.99,0,6527.97
OI00083470,O0017834,P00187,4,668.99,5,2542.16
OI00083471,O0017834,P00026,1,3611.99,15,3070.19
OI00083472,O0017834,P00271,3,12176.99,0,36530.97
OI00083473,O0017835,P00204,2,2997.99,0,5995.98
OI00083474,O0017835,P00410,1,6219.99,0,6219.99
OI00083475,O0017836,P00269,4,11902.99,0,47611.96
OI00083476,O0017837,P00270,4,12039.99,10,43343.96
OI00083477,O0017838,P00317,4,18478.99,10,66524.36
OI00083478,O0017838,P00469,1,14302.99,0,14302.99
OI00083479,O0017839,P00047,1,6488.99,0,6488.99
OI00083480,O0017839,P00282,2,13683.99,0,27367.98
OI00083481,O0017840,P00243,4,8340.99,15,28359.37
OI00083482,O0017840,P00346,3,22451.99,0,67355.97
OI00083483,O0017840,P00417,2,7178.99,5,13640.08
OI00083484,O0017840,P00234,4,7107.99,5,27010.36
OI00083485,O0017841,P00033,3,4570.99,10,12341.67
OI00083486,O0017841,P00095,1,13064.99,15,11105.24
OI00083487,O0017841,P00322,4,19163.99,0,76655.96
OI00083488,O0017842,P00360,2,24369.99,5,46302.98
OI00083489,O0017842,P00363,1,24780.99,0,24780.99
OI00083490,O0017843,P00300,3,16149.99,10,43604.97
OI00083491,O0017843,P00373,4,1150.99,5,4373.76
OI00083492,O0017843,P00187,4,668.99,5,2542.16
OI00083493,O0017844,P00399,4,4712.99,0,18851.96
OI00083494,O0017845,P00282,3,13683.99,5,38999.37
OI00083495,O0017846,P00358,1,24095.99,0,24095.99
OI00083496,O0017846,P00002,2,323.99,15,550.78
OI00083497,O0017846,P00100,4,13749.99,0,54999.96
OI00083498,O0017847,P00075,2,10324.99,5,19617.48
OI00083499,O0017847,P00417,1,7178.99,5,6820.04
OI00083500,O0017847,P00443,4,10740.99,10,38667.56
OI00083501,O0017847,P00093,3,12790.99,0,38372.97
OI00083502,O0017847,P00009,2,1282.99,15,2181.08
OI00083503,O0017848,P00355,4,23684.99,10,85265.96
OI00083504,O0017849,P00459,1,12932.99,0,12932.99
OI00083505,O0017850,P00309,2,17382.99,5,33027.68
OI00083506,O0017850,P00423,1,8000.99,0,8000.99
OI00083507,O0017851,P00468,1,14165.99,0,14165.99
OI00083508,O0017851,P00038,2,5255.99,15,8935.18
OI00083509,O0017852,P00093,1,12790.99,0,12790.99
OI00083510,O0017853,P00251,2,9436.99,0,18873.98
OI00083511,O0017854,P00101,3,13886.99,10,37494.87
OI00083512,O0017854,P00387,3,3068.99,10,8286.27
OI00083513,O0017854,P00250,3,9299.99,15,23714.97
OI00083514,O0017854,P00496,3,18001.99,0,54005.97
OI00083515,O0017855,P00287,1,14368.99,10,12932.09
OI00083516,O0017855,P00134,4,18407.99,0,73631.96
OI00083517,O0017855,P00377,4,1698.99,0,6795.96
OI00083518,O0017855,P00320,1,18889.99,0,18889.99
OI00083519,O0017855,P00052,4,7173.99,0,28695.96
OI00083520,O0017856,P00073,1,10050.99,5,9548.44
OI00083521,O0017856,P00302,3,16423.99,0,49271.97
OI00083522,O0017857,P00051,2,7036.99,15,11962.88
OI00083523,O0017858,P00243,4,8340.99,0,33363.96
OI00083524,O0017858,P00125,3,17174.99,0,51524.97
OI00083525,O0017859,P00053,2,7310.99,0,14621.98
OI00083526,O0017859,P00167,3,22928.99,10,61908.27
OI00083527,O0017859,P00286,1,14231.99,0,14231.99
OI00083528,O0017860,P00147,1,20188.99,0,20188.99
OI00083529,O0017860,P00423,3,8000.99,0,24002.97
OI00083530,O0017860,P00500,2,18549.99,0,37099.98
OI00083531,O0017860,P00062,3,8543.99,0,25631.97
OI00083532,O0017861,P00212,1,4093.99,0,4093.99
OI00083533,O0017861,P00131,3,17996.99,0,53990.97
OI00083534,O0017861,P00407,4,5808.99,0,23235.96
OI00083535,O0017861,P00237,3,7518.99,5,21429.12
OI00083536,O0017861,P00092,1,12653.99,0,12653.99
OI00083537,O0017862,P00060,2,8269.99,0,16539.98
OI00083538,O0017862,P00283,3,13820.99,15,35243.52
OI00083539,O0017862,P00353,3,23410.99,0,70232.97
OI00083540,O0017862,P00469,1,14302.99,15,12157.54
OI00083541,O0017862,P00360,1,24369.99,0,24369.99
OI00083542,O0017863,P00073,3,10050.99,0,30152.97
OI00083543,O0017863,P00437,3,9918.99,0,29756.97
OI00083544,O0017863,P00272,3,12313.99,10,33247.77
OI00083545,O0017864,P00247,4,8888.99,0,35555.96
OI00083546,O0017864,P00043,2,5940.99,0,11881.98
OI00083547,O0017864,P00094,4,12927.99,0,51711.96
OI00083548,O0017865,P00411,2,6356.99,0,12713.98
OI00083549,O0017865,P00494,1,17727.99,10,15955.19
OI00083550,O0017865,P00347,1,22588.99,5,21459.54
OI00083551,O0017865,P00147,2,20188.99,10,36340.18
OI00083552,O0017865,P00147,3,20188.99,5,57538.62
OI00083553,O0017866,P00158,3,21695.99,0,65087.97
OI00083554,O0017866,P00432,1,9233.99,0,9233.99
OI00083555,O0017866,P00114,1,15667.99,15,13317.79
OI00083556,O0017866,P00131,3,17996.99,0,53990.97
OI00083557,O0017866,P00042,2,5803.99,10,10447.18
OI00083558,O0017867,P00282,1,13683.99,0,13683.99
OI00083559,O0017867,P00013,2,1830.99,0,3661.98
OI00083560,O0017867,P00452,3,11973.99,0,35921.97
OI00083561,O0017868,P00399,2,4712.99,0,9425.98
OI00083562,O0017868,P00133,2,18270.99,0,36541.98
OI00083563,O0017868,P00330,1,20259.99,5,19246.99
OI00083564,O0017869,P00317,4,18478.99,0,73915.96
OI00083565,O0017870,P00390,4,3479.99,0,13919.96
OI00083566,O0017870,P00096,4,13201.99,0,52807.96
OI00083567,O0017871,P00193,2,1490.99,0,2981.98
OI00083568,O0017871,P00280,4,13409.99,5,50957.96
OI00083569,O0017872,P00406,3,5671.99,10,15314.37
OI00083570,O0017872,P00281,2,13546.99,0,27093.98
OI00083571,O0017873,P00224,1,5737.99,0,5737.99
OI00083572,O0017873,P00468,1,14165.99,10,12749.39
OI00083573,O0017873,P00437,2,9918.99,15,16862.28
OI00083574,O0017873,P00458,2,12795.99,5,24312.38
OI00083575,O0017874,P00016,1,2241.99,0,2241.99
OI00083576,O0017874,P00241,4,8066.99,0,32267.96
OI00083577,O0017874,P00062,3,8543.99,5,24350.37
OI00083578,O0017874,P00402,1,5123.99,0,5123.99
OI00083579,O0017875,P00227,3,6148.99,10,16602.27
OI00083580,O0017875,P00021,1,2926.99,0,2926.99
OI00083581,O0017875,P00411,1,6356.99,0,6356.99
OI00083582,O0017876,P00267,4,11628.99,5,44190.16
OI00083583,O0017877,P00090,4,12379.99,0,49519.96
OI00083584,O0017877,P00120,4,16489.99,0,65959.96
OI00083585,O0017877,P00257,4,10258.99,0,41035.96
OI00083586,O0017877,P00082,4,11283.99,0,45135.96
OI00083587,O0017877,P00446,2,11151.99,0,22303.98
OI00083588,O0017878,P00399,4,4712.99,10,16966.76
OI00083589,O0017878,P00219,2,5052.99,0,10105.98
OI00083590,O0017879,P00362,3,24643.99,15,62842.17
OI00083591,O0017879,P00083,4,11420.99,0,45683.96
OI00083592,O0017879,P00419,2,7452.99,0,14905.98
OI00083593,O0017879,P00084,1,11557.99,10,10402.19
OI00083594,O0017879,P00378,4,1835.99,15,6242.37
OI00083595,O0017880,P00130,2,17859.99,10,32147.98
OI00083596,O0017880,P00325,3,19574.99,0,58724.97
OI00083597,O0017880,P00338,1,21355.99,0,21355.99
OI00083598,O0017880,P00166,4,22791.99,0,91167.96
OI00083599,O0017880,P00268,2,11765.99,0,23531.98
OI00083600,O0017881,P00486,4,16631.99,0,66527.96
OI00083601,O0017882,P00279,4,13272.99,15,45128.17
OI00083602,O0017882,P00413,1,6630.99,0,6630.99
OI00083603,O0017882,P00011,3,1556.99,0,4670.97
OI00083604,O0017882,P00164,3,22517.99,0,67553.97
OI00083605,O0017883,P00416,4,7041.99,0,28167.96
OI00083606,O0017883,P00078,4,10735.99,0,42943.96
OI00083607,O0017883,P00288,1,14505.99,15,12330.09
OI00083608,O0017883,P00035,3,4844.99,15,12354.72
OI00083609,O0017883,P00100,1,13749.99,5,13062.49
OI00083610,O0017884,P00498,4,18275.99,0,73103.96
OI00083611,O0017884,P00054,3,7447.99,0,22343.97
OI00083612,O0017884,P00243,1,8340.99,0,8340.99
OI00083613,O0017885,P00230,4,6559.99,10,23615.96
OI00083614,O0017885,P00424,2,8137.99,0,16275.98
OI00083615,O0017885,P00317,2,18478.99,0,36957.98
OI00083616,O0017885,P00382,1,2383.99,15,2026.39
OI00083617,O0017885,P00177,1,24298.99,10,21869.09
OI00083618,O0017886,P00052,2,7173.99,0,14347.98
OI00083619,O0017886,P00027,1,3748.99,15,3186.64
OI00083620,O0017886,P00343,1,22040.99,0,22040.99
OI00083621,O0017886,P00234,3,7107.99,15,18125.37
OI00083622,O0017886,P00376,2,1561.99,5,2967.78
OI00083623,O0017887,P00222,2,5463.99,0,10927.98
OI00083624,O0017887,P00163,4,22380.99,10,80571.56
OI00083625,O0017887,P00445,4,11014.99,5,41856.96
OI00083626,O0017888,P00153,4,21010.99,0,84043.96
OI00083627,O0017888,P00435,2,9644.99,0,19289.98
OI00083628,O0017888,P00449,2,11562.99,0,23125.98
OI00083629,O0017888,P00024,4,3337.99,10,12016.76
OI00083630,O0017888,P00156,2,21421.99,0,42843.98
OI00083631,O0017889,P00366,2,191.99,5,364.78
OI00083632,O0017889,P00079,2,10872.99,0,21745.98
OI00083633,O0017890,P00433,1,9370.99,10,8433.89
OI00083634,O0017890,P00301,3,16286.99,0,48860.97
OI00083635,O0017890,P00212,3,4093.99,0,12281.97
OI00083636,O0017890,P00051,1,7036.99,0,7036.99
OI00083637,O0017890,P00144,3,19777.99,15,50433.87
OI00083638,O0017891,P00189,4,942.99,0,3771.96
OI00083639,O0017891,P00035,3,4844.99,10,13081.47
OI00083640,O0017891,P00487,4,16768.99,0,67075.96
OI00083641,O0017891,P00182,4,24983.99,0,99935.96
OI00083642,O0017892,P00135,4,18544.99,0,74179.96
OI00083643,O0017893,P00266,1,11491.99,0,11491.99
OI00083644,O0017893,P00015,1,2104.99,15,1789.24
OI00083645,O0017894,P00185,3,394.99,5,1125.72
OI00083646,O0017894,P00395,2,4164.99,0,8329.98
OI00083647,O0017894,P00220,4,5189.99,0,20759.96
OI00083648,O0017894,P00012,2,1693.99,0,3387.98
OI00083649,O0017895,P00106,1,14571.99,5,13843.39
OI00083650,O0017895,P00374,2,1287.99,0,2575.98
OI00083651,O0017895,P00184,4,257.99,15,877.17
OI00083652,O0017896,P00032,1,4433.99,0,4433.99
OI00083653,O0017896,P00274,4,12587.99,10,45316.76
OI00083654,O0017896,P00448,2,11425.99,0,22851.98
OI00083655,O0017896,P00184,2,257.99,15,438.58
OI00083656,O0017897,P00167,1,22928.99,0,22928.99
OI00083657,O0017897,P00020,3,2789.99,15,7114.47
OI00083658,O0017898,P00362,3,24643.99,0,73931.97
OI00083659,O0017898,P00450,3,11699.99,0,35099.97
OI00083660,O0017898,P00336,2,21081.99,0,42163.98
OI00083661,O0017898,P00357,3,23958.99,15,61095.42
OI00083662,O0017898,P00277,2,12998.99,0,25997.98
OI00083663,O0017899,P00370,4,739.99,15,2515.97
OI00083664,O0017899,P00186,2,531.99,15,904.38
OI00083665,O0017899,P00086,1,11831.99,5,11240.39
OI00083666,O0017899,P00189,3,942.99,0,2828.97
OI00083667,O0017900,P00228,4,6285.99,0,25143.96
OI00083668,O0017900,P00470,4,14439.99,15,49095.97
OI00083669,O0017900,P00133,4,18270.99,15,62121.37
OI00083670,O0017900,P00362,3,24643.99,0,73931.97
OI00083671,O0017900,P00124,1,17037.99,15,14482.29
OI00083672,O0017901,P00052,2,7173.99,5,13630.58
OI00083673,O0017901,P00009,4,1282.99,0,5131.96
OI00083674,O0017902,P00470,1,14439.99,5,13717.99
OI00083675,O0017902,P00361,3,24506.99,10,66168.87
OI00083676,O0017902,P00340,2,21629.99,0,43259.98
OI00083677,O0017903,P00470,2,14439.99,0,28879.98
OI00083678,O0017903,P00356,3,23821.99,5,67892.67
OI00083679,O0017903,P00098,4,13475.99,5,51208.76
OI00083680,O0017904,P00025,4,3474.99,0,13899.96
OI00083681,O0017904,P00389,3,3342.99,0,10028.97
OI00083682,O0017905,P00308,1,17245.99,0,17245.99
OI00083683,O0017905,P00078,2,10735.99,5,20398.38
OI00083684,O0017906,P00203,1,2860.99,5,2717.94
OI00083685,O0017906,P00269,1,11902.99,5,11307.84
OI00083686,O0017906,P00095,2,13064.99,0,26129.98
OI00083687,O0017907,P00402,4,5123.99,0,20495.96
OI00083688,O0017907,P00335,3,20944.99,5,59693.22
OI00083689,O0017907,P00356,4,23821.99,15,80994.77
OI00083690,O0017907,P00487,3,16768.99,0,50306.97
OI00083691,O0017907,P00316,1,18341.99,0,18341.99
OI00083692,O0017908,P00096,3,13201.99,10,35645.37
OI00083693,O0017909,P00462,4,13343.99,0,53375.96
OI00083694,O0017909,P00396,2,4301.99,5,8173.78
OI00083695,O0017909,P00066,2,9091.99,0,18183.98
OI00083696,O0017909,P00057,4,7858.99,15,26720.57
OI00083697,O0017909,P00167,3,22928.99,15,58468.92
OI00083698,O0017910,P00422,3,7863.99,15,20053.17
OI00083699,O0017910,P00456,3,12521.99,0,37565.97
OI00083700,O0017910,P00015,2,2104.99,0,4209.98
OI00083701,O0017910,P00151,2,20736.99,5,39400.28
OI00083702,O0017910,P00218,1,4915.99,0,4915.99
OI00083703,O0017911,P00277,4,12998.99,10,46796.36
OI00083704,O0017912,P00353,1,23410.99,0,23410.99
OI00083705,O0017912,P00215,1,4504.99,0,4504.99
OI00083706,O0017913,P00129,1,17722.99,0,17722.99
OI00083707,O0017913,P00042,1,5803.99,10,5223.59
OI00083708,O0017913,P00084,1,11557.99,0,11557.99
OI00083709,O0017913,P00311,1,17656.99,0,17656.99
OI00083710,O0017914,P00419,3,7452.99,0,22358.97
OI00083711,O0017915,P00421,2,7726.99,0,15453.98
OI00083712,O0017916,P00193,1,1490.99,5,1416.44
OI00083713,O0017916,P00119,2,16352.99,5,31070.68
OI00083714,O0017917,P00443,1,10740.99,5,10203.94
OI00083715,O0017917,P00364,4,24917.99,0,99671.96
OI00083716,O0017918,P00057,3,7858.99,5,22398.12
OI00083717,O0017918,P00211,2,3956.99,5,7518.28
OI00083718,O0017919,P00069,1,9502.99,0,9502.99
OI00083719,O0017919,P00074,2,10187.99,10,18338.38
OI00083720,O0017919,P00056,4,7721.99,0,30887.96
OI00083721,O0017919,P00344,2,22177.99,0,44355.98
OI00083722,O0017920,P00041,3,5666.99,0,17000.97
OI00083723,O0017920,P00399,1,4712.99,0,4712.99
OI00083724,O0017921,P00130,2,17859.99,0,35719.98
OI00083725,O0017921,P00085,2,11694.99,0,23389.98
OI00083726,O0017922,P00445,4,11014.99,0,44059.96
OI00083727,O0017922,P00214,2,4367.99,0,8735.98
OI00083728,O0017922,P00226,2,6011.99,5,11422.78
OI00083729,O0017923,P00326,1,19711.99,15,16755.19
OI00083730,O0017923,P00089,3,12242.99,0,36728.97
OI00083731,O0017924,P00045,2,6214.99,0,12429.98
OI00083732,O0017925,P00441,1,10466.99,5,9943.64
OI00083733,O0017925,P00496,2,18001.99,5,34203.78
OI00083734,O0017925,P00427,2,8548.99,0,17097.98
OI00083735,O0017925,P00107,1,14708.99,0,14708.99
OI00083736,O0017926,P00125,2,17174.99,0,34349.98
OI00083737,O0017926,P00104,1,14297.99,0,14297.99
OI00083738,O0017926,P00119,2,16352.99,0,32705.98
OI00083739,O0017926,P00277,1,12998.99,0,12998.99
OI00083740,O0017927,P00254,3,9847.99,5,28066.77
OI00083741,O0017927,P00472,4,14713.99,0,58855.96
OI00083742,O0017927,P00177,4,24298.99,10,87476.36
OI00083743,O0017927,P00462,1,13343.99,0,13343.99
OI00083744,O0017927,P00030,4,4159.99,0,16639.96
OI00083745,O0017928,P00215,1,4504.99,5,4279.74
OI00083746,O0017928,P00488,4,16905.99,0,67623.96
OI00083747,O0017928,P00073,2,10050.99,5,19096.88
OI00083748,O0017928,P00402,2,5123.99,5,9735.58
OI00083749,O0017928,P00316,3,18341.99,0,55025.97
OI00083750,O0017929,P00116,2,15941.99,15,27101.38
OI00083751,O0017929,P00079,2,10872.99,0,21745.98
OI00083752,O0017929,P00423,4,8000.99,0,32003.96
OI00083753,O0017929,P00212,4,4093.99,10,14738.36
OI00083754,O0017930,P00146,2,20051.99,0,40103.98
OI00083755,O0017930,P00156,2,21421.99,0,42843.98
OI00083756,O0017931,P00180,1,24709.99,0,24709.99
OI00083757,O0017931,P00228,2,6285.99,0,12571.98
OI00083758,O0017931,P00258,1,10395.99,0,10395.99
OI00083759,O0017931,P00048,2,6625.99,0,13251.98
OI00083760,O0017932,P00391,3,3616.99,0,10850.97
OI00083761,O0017933,P00257,2,10258.99,0,20517.98
OI00083762,O0017934,P00206,2,3271.99,0,6543.98
OI00083763,O0017934,P00322,1,19163.99,10,17247.59
OI00083764,O0017935,P00452,1,11973.99,0,11973.99
OI00083765,O0017935,P00005,1,734.99,0,734.99
OI00083766,O0017935,P00108,1,14845.99,0,14845.99
OI00083767,O0017935,P00112,3,15393.99,0,46181.97
OI00083768,O0017935,P00470,2,14439.99,0,28879.98
OI00083769,O0017936,P00145,1,19914.99,0,19914.99
OI00083770,O0017937,P00038,1,5255.99,0,5255.99
OI00083771,O0017937,P00315,2,18204.99,0,36409.98
OI00083772,O0017938,P00250,2,9299.99,15,15809.98
OI00083773,O0017938,P00116,1,15941.99,0,15941.99
OI00083774,O0017938,P00222,2,5463.99,0,10927.98
OI00083775,O0017938,P00043,2,5940.99,0,11881.98
OI00083776,O0017939,P00147,3,20188.99,0,60566.97
OI00083777,O0017939,P00082,4,11283.99,10,40622.36
OI00083778,O0017939,P00186,3,531.99,0,1595.97
OI00083779,O0017939,P00216,2,4641.99,0,9283.98
OI00083780,O0017940,P00043,1,5940.99,5,5643.94
OI00083781,O0017940,P00327,2,19848.99,15,33743.28
OI00083782,O0017940,P00443,4,10740.99,0,42963.96
OI00083783,O0017940,P00011,1,1556.99,10,1401.29
OI00083784,O0017941,P00222,4,5463.99,0,21855.96
OI00083785,O0017941,P00268,1,11765.99,0,11765.99
OI00083786,O0017941,P00355,1,23684.99,5,22500.74
OI00083787,O0017941,P00433,2,9370.99,5,17804.88
OI00083788,O0017941,P00002,2,323.99,0,647.98
OI00083789,O0017942,P00384,3,2657.99,0,7973.97
OI00083790,O0017943,P00014,1,1967.99,0,1967.99
OI00083791,O0017943,P00453,1,12110.99,15,10294.34
OI00083792,O0017943,P00474,2,14987.99,5,28477.18
OI00083793,O0017944,P00043,1,5940.99,0,5940.99
OI00083794,O0017944,P00474,1,14987.99,0,14987.99
OI00083795,O0017945,P00481,1,15946.99,10,14352.29
OI00083796,O0017945,P00131,2,17996.99,0,35993.98
OI00083797,O0017945,P00473,4,14850.99,5,56433.76
OI00083798,O0017945,P00010,4,1419.99,0,5679.96
OI00083799,O0017945,P00117,3,16078.99,10,43413.27
OI00083800,O0017946,P00392,4,3753.99,0,15015.96
OI00083801,O0017946,P00274,1,12587.99,0,12587.99
OI00083802,O0017946,P00103,2,14160.99,0,28321.98
OI00083803,O0017946,P00018,1,2515.99,10,2264.39
OI00083804,O0017946,P00349,3,22862.99,0,68588.97
OI00083805,O0017947,P00383,2,2520.99,0,5041.98
OI00083806,O0017947,P00044,3,6077.99,0,18233.97
OI00083807,O0017947,P00449,4,11562.99,0,46251.96
OI00083808,O0017947,P00172,2,23613.99,5,44866.58
OI00083809,O0017948,P00446,4,11151.99,0,44607.96
OI00083810,O0017949,P00291,4,14916.99,0,59667.96
OI00083811,O0017949,P00481,2,15946.99,0,31893.98
OI00083812,O0017950,P00046,4,6351.99,10,22867.16
OI00083813,O0017950,P00454,2,12247.99,10,22046.38
OI00083814,O0017950,P00402,3,5123.99,10,13834.77
OI00083815,O0017951,P00184,3,257.99,10,696.57
OI00083816,O0017952,P00417,2,7178.99,0,14357.98
OI00083817,O0017952,P00439,1,10192.99,15,8664.04
OI00083818,O0017952,P00417,4,7178.99,0,28715.96
OI00083819,O0017952,P00472,1,14713.99,5,13978.29
OI00083820,O0017952,P00046,2,6351.99,5,12068.78
OI00083821,O0017953,P00425,3,8274.99,10,22342.47
OI00083822,O0017953,P00023,1,3200.99,5,3040.94
OI00083823,O0017953,P00348,1,22725.99,0,22725.99
OI00083824,O0017953,P00439,3,10192.99,0,30578.97
OI00083825,O0017953,P00396,4,4301.99,0,17207.96
OI00083826,O0017954,P00387,4,3068.99,0,12275.96
OI00083827,O0017954,P00259,2,10532.99,0,21065.98
OI00083828,O0017954,P00285,3,14094.99,0,42284.97
OI00083829,O0017954,P00282,2,13683.99,0,27367.98
OI00083830,O0017954,P00264,1,11217.99,0,11217.99
OI00083831,O0017955,P00025,2,3474.99,0,6949.98
OI00083832,O0017955,P00435,1,9644.99,0,9644.99
OI00083833,O0017955,P00382,4,2383.99,0,9535.96
OI00083834,O0017955,P00318,4,18615.99,0,74463.96
OI00083835,O0017956,P00251,2,9436.99,0,18873.98
OI00083836,O0017956,P00008,3,1145.99,0,3437.97
OI00083837,O0017956,P00260,4,10669.99,0,42679.96
OI00083838,O0017956,P00308,3,17245.99,0,51737.97
OI00083839,O0017957,P00081,2,11146.99,15,18949.88
OI00083840,O0017957,P00040,3,5529.99,0,16589.97
OI00083841,O0017957,P00430,3,8959.99,5,25535.97
OI00083842,O0017958,P00382,3,2383.99,5,6794.37
OI00083843,O0017958,P00315,4,18204.99,0,72819.96
OI00083844,O0017958,P00453,1,12110.99,0,12110.99
OI00083845,O0017958,P00174,4,23887.99,0,95551.96
OI00083846,O0017958,P00301,1,16286.99,10,14658.29
OI00083847,O0017959,P00353,2,23410.99,10,42139.78
OI00083848,O0017959,P00269,3,11902.99,0,35708.97
OI00083849,O0017960,P00478,4,15535.99,0,62143.96
OI00083850,O0017960,P00152,4,20873.99,10,75146.36
OI00083851,O0017961,P00338,1,21355.99,0,21355.99
OI00083852,O0017961,P00210,4,3819.99,10,13751.96
OI00083853,O0017961,P00066,2,9091.99,0,18183.98
OI00083854,O0017961,P00310,2,17519.99,10,31535.98
OI00083855,O0017962,P00073,1,10050.99,0,10050.99
OI00083856,O0017962,P00449,3,11562.99,0,34688.97
OI00083857,O0017963,P00463,1,13480.99,0,13480.99
OI00083858,O0017963,P00233,2,6970.99,0,13941.98
OI00083859,O0017964,P00116,2,15941.99,0,31883.98
OI00083860,O0017965,P00050,1,6899.99,0,6899.99
OI00083861,O0017965,P00364,4,24917.99,10,89704.76
OI00083862,O0017965,P00149,2,20462.99,10,36833.38
OI00083863,O0017965,P00155,4,21284.99,10,76625.96
OI00083864,O0017966,P00342,4,21903.99,0,87615.96
OI00083865,O0017967,P00225,4,5874.99,0,23499.96
OI00083866,O0017967,P00029,1,4022.99,0,4022.99
OI00083867,O0017967,P00405,3,5534.99,10,14944.47
OI00083868,O0017967,P00333,1,20670.99,0,20670.99
OI00083869,O0017967,P00319,3,18752.99,0,56258.97
OI00083870,O0017968,P00400,1,4849.99,0,4849.99
OI00083871,O0017968,P00042,4,5803.99,10,20894.36
OI00083872,O0017968,P00439,4,10192.99,0,40771.96
OI00083873,O0017969,P00238,3,7655.99,0,22967.97
OI00083874,O0017969,P00429,2,8822.99,15,14999.08
OI00083875,O0017970,P00224,2,5737.99,10,10328.38
OI00083876,O0017970,P00009,1,1282.99,0,1282.99
OI00083877,O0017970,P00281,4,13546.99,15,46059.77
OI00083878,O0017970,P00034,2,4707.99,0,9415.98
OI00083879,O0017971,P00010,1,1419.99,0,1419.99
OI00083880,O0017971,P00178,4,24435.99,15,83082.37
OI00083881,O0017971,P00269,2,11902.99,0,23805.98
OI00083882,O0017972,P00094,4,12927.99,15,43955.17
OI00083883,O0017972,P00391,3,3616.99,0,10850.97
OI00083884,O0017972,P00399,3,4712.99,0,14138.97
OI00083885,O0017972,P00078,3,10735.99,0,32207.97
OI00083886,O0017972,P00341,1,21766.99,10,19590.29
OI00083887,O0017973,P00261,2,10806.99,10,19452.58
OI00083888,O0017973,P00043,1,5940.99,0,5940.99
OI00083889,O0017973,P00303,1,16560.99,0,16560.99
OI00083890,O0017973,P00212,1,4093.99,0,4093.99
OI00083891,O0017974,P00389,2,3342.99,0,6685.98
OI00083892,O0017974,P00125,2,17174.99,10,30914.98
OI00083893,O0017974,P00426,1,8411.99,0,8411.99
OI00083894,O0017974,P00162,1,22243.99,15,18907.39
OI00083895,O0017975,P00064,4,8817.99,0,35271.96
OI00083896,O0017975,P00213,3,4230.99,0,12692.97
OI00083897,O0017975,P00230,4,6559.99,0,26239.96
OI00083898,O0017975,P00269,2,11902.99,0,23805.98
OI00083899,O0017976,P00227,1,6148.99,0,6148.99
OI00083900,O0017976,P00184,3,257.99,15,657.87
OI00083901,O0017976,P00445,3,11014.99,15,28088.22
OI00083902,O0017977,P00030,3,4159.99,0,12479.97
OI00083903,O0017977,P00020,4,2789.99,15,9485.97
OI00083904,O0017977,P00399,4,4712.99,0,18851.96
OI00083905,O0017978,P00134,2,18407.99,0,36815.98
OI00083906,O0017978,P00192,2,1353.99,10,2437.18
OI00083907,O0017978,P00445,1,11014.99,0,11014.99
OI00083908,O0017979,P00359,4,24232.99,0,96931.96
OI00083909,O0017979,P00259,2,10532.99,0,21065.98
OI00083910,O0017980,P00213,2,4230.99,5,8038.88
OI00083911,O0017980,P00094,4,12927.99,0,51711.96
OI00083912,O0017981,P00233,1,6970.99,5,6622.44
OI00083913,O0017981,P00202,4,2723.99,10,9806.36
OI00083914,O0017981,P00131,1,17996.99,15,15297.44
OI00083915,O0017981,P00387,4,3068.99,0,12275.96
OI00083916,O0017981,P00099,3,13612.99,15,34713.12
OI00083917,O0017982,P00107,3,14708.99,0,44126.97
OI00083918,O0017982,P00147,3,20188.99,0,60566.97
OI00083919,O0017982,P00308,4,17245.99,0,68983.96
OI00083920,O0017982,P00210,1,3819.99,0,3819.99
OI00083921,O0017983,P00403,3,5260.99,0,15782.97
OI00083922,O0017983,P00435,4,9644.99,0,38579.96
OI00083923,O0017983,P00499,1,18412.99,10,16571.69
OI00083924,O0017984,P00156,2,21421.99,15,36417.38
OI00083925,O0017984,P00337,1,21218.99,0,21218.99
OI00083926,O0017984,P00178,3,24435.99,15,62311.77
OI00083927,O0017985,P00088,2,12105.99,15,20580.18
OI00083928,O0017985,P00109,3,14982.99,0,44948.97
OI00083929,O0017985,P00109,2,14982.99,10,26969.38
OI00083930,O0017985,P00051,2,7036.99,15,11962.88
OI00083931,O0017985,P00200,2,2449.99,15,4164.98
OI00083932,O0017986,P00486,1,16631.99,15,14137.19
OI00083933,O0017986,P00114,3,15667.99,5,44653.77
OI00083934,O0017986,P00474,2,14987.99,5,28477.18
OI00083935,O0017987,P00087,2,11968.99,0,23937.98
OI00083936,O0017987,P00055,1,7584.99,10,6826.49
OI00083937,O0017988,P00198,3,2175.99,5,6201.57
OI00083938,O0017988,P00095,1,13064.99,5,12411.74
OI00083939,O0017989,P00500,4,18549.99,5,70489.96
OI00083940,O0017989,P00426,1,8411.99,0,8411.99
OI00083941,O0017990,P00057,2,7858.99,5,14932.08
OI00083942,O0017991,P00156,4,21421.99,0,85687.96
OI00083943,O0017991,P00441,1,10466.99,15,8896.94
OI00083944,O0017991,P00021,1,2926.99,5,2780.64
OI00083945,O0017992,P00288,3,14505.99,0,43517.97
OI00083946,O0017993,P00151,1,20736.99,15,17626.44
OI00083947,O0017993,P00351,1,23136.99,10,20823.29
OI00083948,O0017993,P00163,2,22380.99,0,44761.98
OI00083949,O0017993,P00274,2,12587.99,0,25175.98
OI00083950,O0017993,P00205,2,3134.99,10,5642.98
OI00083951,O0017994,P00210,4,3819.99,10,13751.96
OI00083952,O0017994,P00469,2,14302.99,15,24315.08
OI00083953,O0017994,P00417,3,7178.99,0,21536.97
OI00083954,O0017994,P00075,1,10324.99,10,9292.49
OI00083955,O0017994,P00477,4,15398.99,0,61595.96
OI00083956,O0017995,P00211,3,3956.99,0,11870.97
OI00083957,O0017996,P00222,1,5463.99,0,5463.99
OI00083958,O0017996,P00416,4,7041.99,10,25351.16
OI00083959,O0017996,P00500,2,18549.99,10,33389.98
OI00083960,O0017997,P00437,2,9918.99,0,19837.98
OI00083961,O0017997,P00205,3,3134.99,10,8464.47
OI00083962,O0017997,P00214,4,4367.99,15,14851.17
OI00083963,O0017997,P00289,4,14642.99,5,55643.36
OI00083964,O0017998,P00266,1,11491.99,10,10342.79
OI00083965,O0017999,P00099,1,13612.99,10,12251.69
OI00083966,O0017999,P00492,1,17453.99,10,15708.59
OI00083967,O0017999,P00217,1,4778.99,0,4778.99
OI00083968,O0018000,P00463,4,13480.99,15,45835.37
OI00083969,O0018000,P00303,1,16560.99,0,16560.99
OI00083970,O0018000,P00340,1,21629.99,0,21629.99
OI00083971,O0018000,P00405,4,5534.99,0,22139.96
