order_id,customer_id,store_id,order_timestamp,sales_channel,order_status,total_amount,updated_at
O0015001,C888888,S024,2026-07-13T02:49:00,WEB,COMPLETED,116152.09,2026-07-13T02:49:00
O0015002,C000065,S004,2026-07-12T22:03:00,WEB,COMPLETED,-1.00,2026-07-12T22:03:00
O0015003,C002359,S019,2026-07-10T13:25:00,MOBILE,COMPLETED,14177.85,2026-07-10T13:25:00
O0015004,C004098,S021,2026-07-12T12:16:00,WEB,COMPLETED,42192.96,2026-07-12T12:16:00
O0015005,C003457,S013,2026-07-11T11:37:00,STORE,COMPLETED,112897.93,2026-07-11T11:37:00
O0015006,C000006,S006,2026-07-11T04:40:00,WEB,COMPLETED,79642.40,2026-07-11T04:40:00
O0015007,C002665,S004,2026-07-09T04:51:00,MOBILE,COMPLETED,209433.86,2026-07-09T04:51:00
O0015008,C004657,S020,2026-07-12T07:37:00,WEB,COMPLETED,62695.99,2026-07-12T07:37:00
O0015009,C000658,S009,2026-07-09T07:07:00,STORE,COMPLETED,84611.11,2026-07-09T07:07:00
O0015010,C000019,S005,2026-07-09T10:30:00,STORE,COMPLETED,138184.93,2026-07-09T10:30:00
O0015011,C002193,S008,2026-07-10T09:25:00,STORE,COMPLETED,103870.93,2026-07-10T09:25:00
O0015012,C000375,S016,2026-07-13T08:32:00,STORE,COMPLETED,69238.62,2026-07-13T08:32:00
O0015013,C003426,S007,2026-07-13T05:10:00,STORE,COMPLETED,26057.97,2026-07-13T05:10:00
O0015014,C004363,S020,2026-07-10T01:16:00,STORE,COMPLETED,77934.14,2026-07-10T01:16:00
O0015015,C000891,S022,2026-07-12T13:41:00,WEB,COMPLETED,35082.13,2026-07-12T13:41:00
O0015016,C001355,S014,2026-07-09T17:43:00,STORE,COMPLETED,98446.93,2026-07-09T17:43:00
O0015017,C005034,S003,2026-07-08T22:00:00,WEB,COMPLETED,143660.32,2026-07-08T22:00:00
O0015018,C000136,S003,2026-07-10T21:44:00,WEB,COMPLETED,86607.78,2026-07-10T21:44:00
O0015019,C001765,S014,2026-07-14T06:28:00,STORE,COMPLETED,51341.37,2026-07-14T06:28:00
O0015020,C002127,S018,2026-07-11T23:27:00,STORE,COMPLETED,95662.08,2026-07-11T23:27:00
O0015021,C004729,S014,2026-07-08T15:35:00,MOBILE,COMPLETED,31388.85,2026-07-08T15:35:00
O0015022,C001513,S025,2026-07-10T01:06:00,MOBILE,COMPLETED,56391.05,2026-07-10T01:06:00
O0015023,C002277,S004,2026-07-11T15:08:00,WEB,COMPLETED,45519.10,2026-07-11T15:08:00
O0015024,C002520,S018,2026-07-11T04:04:00,MOBILE,COMPLETED,133962.65,2026-07-11T04:04:00
O0015025,C002694,S020,2026-07-14T04:31:00,MOBILE,COMPLETED,60977.23,2026-07-14T04:31:00
O0015026,C004216,S011,2026-07-14T06:36:00,STORE,COMPLETED,109616.24,2026-07-14T06:36:00
O0015027,C003959,S004,2026-07-14T02:54:00,MOBILE,COMPLETED,44948.97,2026-07-14T02:54:00
O0015028,C000658,S010,2026-07-10T11:02:00,STORE,COMPLETED,126346.84,2026-07-10T11:02:00
O0015029,C005221,S011,2026-07-11T16:05:00,WEB,COMPLETED,145338.69,2026-07-11T16:05:00
O0015030,C004698,S020,2026-07-10T21:07:00,WEB,COMPLETED,68142.46,2026-07-10T21:07:00
O0015031,C004148,S023,2026-07-10T22:28:00,WEB,COMPLETED,75163.52,2026-07-10T22:28:00
O0015032,C000121,S022,2026-07-11T22:52:00,MOBILE,COMPLETED,190249.09,2026-07-11T22:52:00
O0015033,C001809,S011,2026-07-10T20:58:00,MOBILE,COMPLETED,51584.54,2026-07-10T20:58:00
O0015034,C002005,S019,2026-07-10T01:29:00,MOBILE,COMPLETED,181293.45,2026-07-10T01:29:00
O0015035,C000009,S006,2026-07-10T10:15:00,WEB,COMPLETED,41014.17,2026-07-10T10:15:00
O0015036,C002857,S019,2026-07-14T02:44:00,STORE,COMPLETED,120547.94,2026-07-14T02:44:00
O0015037,C003370,S017,2026-07-09T18:16:00,STORE,COMPLETED,41752.86,2026-07-09T18:16:00
O0015038,C003159,S013,2026-07-10T08:57:00,MOBILE,COMPLETED,102669.79,2026-07-10T08:57:00
O0015039,C003832,S022,2026-07-12T19:54:00,MOBILE,COMPLETED,131787.80,2026-07-12T19:54:00
O0015040,C001765,S002,2026-07-08T15:53:00,MOBILE,COMPLETED,77951.35,2026-07-08T15:53:00
O0015041,C004962,S010,2026-07-10T20:55:00,MOBILE,COMPLETED,131654.47,2026-07-10T20:55:00
O0015042,C004713,S006,2026-07-13T17:25:00,MOBILE,COMPLETED,51831.94,2026-07-13T17:25:00
O0015043,C000253,S024,2026-07-11T20:19:00,WEB,COMPLETED,23502.36,2026-07-11T20:19:00
O0015044,C001871,S001,2026-07-11T06:56:00,WEB,COMPLETED,150025.70,2026-07-11T06:56:00
O0015045,C000503,S012,2026-07-10T18:53:00,STORE,COMPLETED,74026.95,2026-07-10T18:53:00
O0015046,C000323,S009,2026-07-12T05:45:00,MOBILE,COMPLETED,117635.82,2026-07-12T05:45:00
O0015047,C004718,S016,2026-07-12T15:52:00,STORE,COMPLETED,48291.96,2026-07-12T15:52:00
O0015048,C000136,S012,2026-07-13T16:02:00,STORE,COMPLETED,63121.36,2026-07-13T16:02:00
O0015049,C004576,S011,2026-07-08T17:56:00,WEB,COMPLETED,38853.12,2026-07-08T17:56:00
O0015050,C001414,S018,2026-07-10T00:14:00,MOBILE,COMPLETED,136891.97,2026-07-10T00:14:00
O0015051,C004573,S024,2026-07-10T12:18:00,STORE,COMPLETED,134200.13,2026-07-10T12:18:00
O0015052,C000180,S013,2026-07-11T02:03:00,WEB,COMPLETED,25042.68,2026-07-11T02:03:00
O0015053,C003014,S021,2026-07-12T11:11:00,WEB,COMPLETED,42142.97,2026-07-12T11:11:00
O0015054,C003855,S019,2026-07-10T14:17:00,MOBILE,COMPLETED,43699.87,2026-07-10T14:17:00
O0015055,C001740,S011,2026-07-10T20:46:00,WEB,COMPLETED,33242.97,2026-07-10T20:46:00
O0015056,C003920,S023,2026-07-12T21:31:00,STORE,COMPLETED,46607.97,2026-07-12T21:31:00
O0015057,C002034,S009,2026-07-09T01:48:00,WEB,COMPLETED,4620.98,2026-07-09T01:48:00
O0015058,C001001,S023,2026-07-10T08:49:00,WEB,COMPLETED,24952.51,2026-07-10T08:49:00
O0015059,C001311,S013,2026-07-13T03:52:00,STORE,COMPLETED,61635.95,2026-07-13T03:52:00
O0015060,C000743,S010,2026-07-13T10:59:00,MOBILE,COMPLETED,63815.93,2026-07-13T10:59:00
O0015061,C001666,S006,2026-07-08T23:30:00,MOBILE,COMPLETED,88340.83,2026-07-08T23:30:00
O0015062,C004913,S024,2026-07-10T03:05:00,STORE,COMPLETED,70473.94,2026-07-10T03:05:00
O0015063,C004731,S004,2026-07-10T14:24:00,WEB,COMPLETED,74088.14,2026-07-10T14:24:00
O0015064,C004589,S018,2026-07-10T13:33:00,MOBILE,COMPLETED,38900.35,2026-07-10T13:33:00
O0015065,C001138,S012,2026-07-11T14:56:00,WEB,COMPLETED,151201.57,2026-07-11T14:56:00
O0015066,C003078,S013,2026-07-12T09:56:00,MOBILE,COMPLETED,87902.93,2026-07-12T09:56:00
O0015067,C005073,S015,2026-07-12T01:11:00,WEB,COMPLETED,67226.56,2026-07-12T01:11:00
O0015068,C003557,S023,2026-07-14T06:19:00,WEB,COMPLETED,131382.30,2026-07-14T06:19:00
O0015069,C000672,S022,2026-07-11T05:59:00,STORE,COMPLETED,36119.97,2026-07-11T05:59:00
O0015070,C000888,S006,2026-07-11T09:47:00,WEB,COMPLETED,74571.62,2026-07-11T09:47:00
O0015071,C001137,S017,2026-07-11T05:45:00,MOBILE,COMPLETED,97130.92,2026-07-11T05:45:00
O0015072,C003284,S010,2026-07-11T14:04:00,STORE,COMPLETED,177957.04,2026-07-11T14:04:00
O0015073,C000810,S017,2026-07-11T06:35:00,WEB,COMPLETED,18549.99,2026-07-11T06:35:00
O0015074,C004789,S015,2026-07-10T14:31:00,STORE,COMPLETED,74991.97,2026-07-10T14:31:00
O0015075,C002333,S023,2026-07-11T10:48:00,WEB,COMPLETED,55783.93,2026-07-11T10:48:00
O0015076,C002562,S006,2026-07-13T18:25:00,WEB,COMPLETED,37549.96,2026-07-13T18:25:00
O0015077,C003618,S011,2026-07-11T05:52:00,WEB,COMPLETED,110069.91,2026-07-11T05:52:00
O0015078,C002147,S025,2026-07-09T16:07:00,WEB,COMPLETED,110695.41,2026-07-09T16:07:00
O0015079,C005066,S021,2026-07-11T16:16:00,WEB,COMPLETED,23917.18,2026-07-11T16:16:00
O0015080,C001881,S006,2026-07-12T04:34:00,STORE,COMPLETED,74251.73,2026-07-12T04:34:00
O0015081,C004262,S021,2026-07-11T21:58:00,WEB,COMPLETED,113861.63,2026-07-11T21:58:00
O0015082,C001414,S021,2026-07-10T22:13:00,WEB,COMPLETED,135587.44,2026-07-10T22:13:00
O0015083,C000219,S019,2026-07-12T04:59:00,MOBILE,COMPLETED,68373.91,2026-07-12T04:59:00
O0015084,C000131,S017,2026-07-11T23:21:00,STORE,COMPLETED,83683.71,2026-07-11T23:21:00
O0015085,C002371,S021,2026-07-08T20:56:00,MOBILE,COMPLETED,134040.50,2026-07-08T20:56:00
O0015086,C001043,S021,2026-07-12T05:34:00,STORE,COMPLETED,131503.97,2026-07-12T05:34:00
O0015087,C000887,S005,2026-07-10T21:04:00,WEB,COMPLETED,1315.96,2026-07-10T21:04:00
O0015088,C004947,S023,2026-07-12T03:04:00,MOBILE,COMPLETED,20777.93,2026-07-12T03:04:00
O0015089,C003683,S020,2026-07-08T12:40:00,STORE,COMPLETED,46873.76,2026-07-08T12:40:00
O0015090,C001307,S012,2026-07-09T18:37:00,WEB,COMPLETED,2198.94,2026-07-09T18:37:00
O0015091,C000656,S025,2026-07-09T08:49:00,STORE,COMPLETED,8055.98,2026-07-09T08:49:00
O0015092,C000079,S011,2026-07-13T09:51:00,WEB,COMPLETED,16838.96,2026-07-13T09:51:00
O0015093,C001574,S010,2026-07-08T18:29:00,WEB,COMPLETED,59729.62,2026-07-08T18:29:00
O0015094,C001574,S025,2026-07-09T16:28:00,MOBILE,COMPLETED,5104.79,2026-07-09T16:28:00
O0015095,C002724,S001,2026-07-13T21:03:00,WEB,COMPLETED,101245.91,2026-07-13T21:03:00
O0015096,C001182,S016,2026-07-12T12:13:00,MOBILE,COMPLETED,112648.41,2026-07-12T12:13:00
O0015097,C001789,S008,2026-07-11T07:11:00,WEB,COMPLETED,185632.27,2026-07-11T07:11:00
O0015098,C005071,S018,2026-07-10T06:42:00,WEB,COMPLETED,86107.56,2026-07-10T06:42:00
O0015099,C000091,S022,2026-07-11T14:18:00,MOBILE,COMPLETED,44999.82,2026-07-11T14:18:00
O0015100,C003801,S007,2026-07-12T01:17:00,STORE,COMPLETED,35729.98,2026-07-12T01:17:00
O0015101,C003839,S024,2026-07-08T09:26:00,WEB,COMPLETED,10877.99,2026-07-08T09:26:00
O0015102,C000219,S011,2026-07-10T14:29:00,MOBILE,COMPLETED,74229.47,2026-07-10T14:29:00
O0015103,C001642,S011,2026-07-09T16:47:00,STORE,COMPLETED,103767.91,2026-07-09T16:47:00
O0015104,C001280,S022,2026-07-12T12:21:00,MOBILE,COMPLETED,28979.96,2026-07-12T12:21:00
O0015105,C004328,S002,2026-07-11T16:57:00,MOBILE,COMPLETED,27920.78,2026-07-11T16:57:00
O0015106,C004805,S022,2026-07-10T05:40:00,WEB,COMPLETED,21421.99,2026-07-10T05:40:00
O0015107,C000276,S021,2026-07-09T10:24:00,WEB,COMPLETED,152188.07,2026-07-09T10:24:00
O0015108,C000971,S022,2026-07-10T06:34:00,WEB,COMPLETED,105975.54,2026-07-10T06:34:00
O0015109,C004288,S016,2026-07-12T04:20:00,WEB,COMPLETED,172473.04,2026-07-12T04:20:00
O0015110,C003973,S015,2026-07-12T20:25:00,STORE,COMPLETED,61982.55,2026-07-12T20:25:00
O0015111,C001818,S020,2026-07-10T09:57:00,WEB,COMPLETED,22851.98,2026-07-10T09:57:00
O0015112,C003115,S017,2026-07-13T06:07:00,STORE,COMPLETED,120734.34,2026-07-13T06:07:00
O0015113,C000583,S016,2026-07-13T21:33:00,WEB,COMPLETED,117719.35,2026-07-13T21:33:00
O0015114,C000045,S004,2026-07-09T10:02:00,WEB,COMPLETED,124245.24,2026-07-09T10:02:00
O0015115,C003004,S016,2026-07-11T19:12:00,WEB,COMPLETED,164338.20,2026-07-11T19:12:00
O0015116,C004146,S001,2026-07-12T16:20:00,MOBILE,COMPLETED,211597.55,2026-07-12T16:20:00
O0015117,C001575,S004,2026-07-12T18:49:00,STORE,COMPLETED,53938.76,2026-07-12T18:49:00
O0015118,C002982,S007,2026-07-09T23:45:00,MOBILE,COMPLETED,73193.91,2026-07-09T23:45:00
O0015119,C000460,S020,2026-07-10T12:16:00,MOBILE,COMPLETED,52704.37,2026-07-10T12:16:00
O0015120,C000552,S020,2026-07-08T17:22:00,MOBILE,COMPLETED,124102.89,2026-07-08T17:22:00
O0015121,C003158,S012,2026-07-08T10:17:00,WEB,COMPLETED,27165.98,2026-07-08T10:17:00
O0015122,C000454,S019,2026-07-08T21:07:00,STORE,COMPLETED,56982.95,2026-07-08T21:07:00
O0015123,C002002,S013,2026-07-10T06:29:00,WEB,COMPLETED,26623.94,2026-07-10T06:29:00
O0015124,C001000,S010,2026-07-13T07:39:00,WEB,COMPLETED,62423.97,2026-07-13T07:39:00
O0015125,C001883,S004,2026-07-13T19:56:00,STORE,COMPLETED,90893.52,2026-07-13T19:56:00
O0015126,C004955,S020,2026-07-08T12:27:00,STORE,COMPLETED,23992.13,2026-07-08T12:27:00
O0015127,C003091,S020,2026-07-09T15:08:00,WEB,COMPLETED,154666.66,2026-07-09T15:08:00
O0015128,C001529,S020,2026-07-12T11:50:00,MOBILE,COMPLETED,21017.67,2026-07-12T11:50:00
O0015129,C002388,S008,2026-07-10T09:24:00,STORE,COMPLETED,72022.41,2026-07-10T09:24:00
O0015130,C003822,S009,2026-07-10T12:15:00,MOBILE,COMPLETED,51588.73,2026-07-10T12:15:00
O0015131,C002881,S010,2026-07-12T19:35:00,MOBILE,COMPLETED,186227.86,2026-07-12T19:35:00
O0015132,C002655,S024,2026-07-13T06:09:00,WEB,COMPLETED,145950.68,2026-07-13T06:09:00
O0015133,C002798,S010,2026-07-10T07:37:00,STORE,COMPLETED,152988.81,2026-07-10T07:37:00
O0015134,C003215,S024,2026-07-10T09:47:00,MOBILE,COMPLETED,126485.46,2026-07-10T09:47:00
O0015135,C000726,S009,2026-07-12T08:21:00,STORE,COMPLETED,51711.96,2026-07-12T08:21:00
O0015136,C001275,S005,2026-07-11T13:05:00,STORE,COMPLETED,79658.85,2026-07-11T13:05:00
O0015137,C004242,S020,2026-07-09T21:21:00,MOBILE,COMPLETED,137537.89,2026-07-09T21:21:00
O0015138,C003034,S003,2026-07-08T08:20:00,WEB,COMPLETED,115702.72,2026-07-08T08:20:00
O0015139,C001178,S001,2026-07-12T19:43:00,STORE,COMPLETED,50748.70,2026-07-12T19:43:00
O0015140,C004842,S019,2026-07-12T16:20:00,WEB,COMPLETED,60917.27,2026-07-12T16:20:00
O0015141,C000403,S022,2026-07-10T06:16:00,STORE,COMPLETED,45053.91,2026-07-10T06:16:00
O0015142,C003373,S012,2026-07-09T05:27:00,WEB,COMPLETED,46087.93,2026-07-09T05:27:00
O0015143,C001672,S001,2026-07-14T07:10:00,MOBILE,COMPLETED,29483.92,2026-07-14T07:10:00
O0015144,C002778,S019,2026-07-10T04:38:00,STORE,COMPLETED,127616.75,2026-07-10T04:38:00
O0015145,C000875,S010,2026-07-12T06:47:00,STORE,COMPLETED,51283.93,2026-07-12T06:47:00
O0015146,C002130,S014,2026-07-13T22:00:00,STORE,COMPLETED,104660.75,2026-07-13T22:00:00
O0015147,C005015,S025,2026-07-12T21:31:00,WEB,COMPLETED,117428.39,2026-07-12T21:31:00
O0015148,C000705,S014,2026-07-08T13:38:00,STORE,COMPLETED,144803.87,2026-07-08T13:38:00
O0015149,C003808,S004,2026-07-09T05:10:00,MOBILE,COMPLETED,128040.07,2026-07-09T05:10:00
O0015150,C005048,S018,2026-07-11T13:51:00,MOBILE,COMPLETED,56241.87,2026-07-11T13:51:00
O0015151,C002833,S015,2026-07-13T08:00:00,STORE,COMPLETED,173589.06,2026-07-13T08:00:00
O0015152,C001583,S008,2026-07-11T17:29:00,MOBILE,COMPLETED,158756.29,2026-07-11T17:29:00
O0015153,C001945,S025,2026-07-11T15:29:00,MOBILE,COMPLETED,106019.51,2026-07-11T15:29:00
O0015154,C004523,S010,2026-07-13T08:53:00,MOBILE,COMPLETED,131612.21,2026-07-13T08:53:00
O0015155,C005141,S013,2026-07-09T08:27:00,MOBILE,COMPLETED,130473.16,2026-07-09T08:27:00
O0015156,C003022,S005,2026-07-11T16:42:00,MOBILE,COMPLETED,19967.11,2026-07-11T16:42:00
O0015157,C003918,S009,2026-07-14T05:09:00,STORE,COMPLETED,73537.26,2026-07-14T05:09:00
O0015158,C004623,S023,2026-07-13T20:48:00,MOBILE,COMPLETED,75314.96,2026-07-13T20:48:00
O0015159,C001493,S007,2026-07-14T05:47:00,STORE,COMPLETED,45956.73,2026-07-14T05:47:00
O0015160,C003446,S016,2026-07-13T14:49:00,MOBILE,COMPLETED,114279.78,2026-07-13T14:49:00
O0015161,C001966,S001,2026-07-13T09:29:00,STORE,COMPLETED,52933.95,2026-07-13T09:29:00
O0015162,C003380,S023,2026-07-10T19:00:00,MOBILE,COMPLETED,131839.48,2026-07-10T19:00:00
O0015163,C003643,S003,2026-07-12T01:15:00,MOBILE,COMPLETED,50837.61,2026-07-12T01:15:00
O0015164,C004490,S011,2026-07-14T04:03:00,WEB,COMPLETED,104386.61,2026-07-14T04:03:00
O0015165,C003423,S004,2026-07-11T03:37:00,MOBILE,COMPLETED,96357.12,2026-07-11T03:37:00
O0015166,C003578,S018,2026-07-12T17:31:00,STORE,COMPLETED,121865.72,2026-07-12T17:31:00
O0015167,C002060,S022,2026-07-09T08:36:00,STORE,COMPLETED,95498.58,2026-07-09T08:36:00
O0015168,C002064,S011,2026-07-09T21:48:00,WEB,COMPLETED,16213.18,2026-07-09T21:48:00
O0015169,C004727,S019,2026-07-12T17:55:00,MOBILE,COMPLETED,109128.88,2026-07-12T17:55:00
O0015170,C004242,S001,2026-07-12T04:20:00,MOBILE,COMPLETED,164935.27,2026-07-12T04:20:00
O0015171,C000732,S005,2026-07-13T00:07:00,STORE,COMPLETED,190784.84,2026-07-13T00:07:00
O0015172,C001030,S007,2026-07-11T12:01:00,WEB,COMPLETED,44552.97,2026-07-11T12:01:00
O0015173,C001797,S025,2026-07-13T01:01:00,MOBILE,COMPLETED,3314.69,2026-07-13T01:01:00
O0015174,C000720,S012,2026-07-11T23:17:00,STORE,COMPLETED,38597.92,2026-07-11T23:17:00
O0015175,C004958,S009,2026-07-11T05:03:00,WEB,COMPLETED,232050.43,2026-07-11T05:03:00
O0015176,C002399,S011,2026-07-10T16:20:00,STORE,COMPLETED,160993.42,2026-07-10T16:20:00
O0015177,C004606,S004,2026-07-13T13:17:00,MOBILE,COMPLETED,50483.75,2026-07-13T13:17:00
O0015178,C002503,S022,2026-07-09T06:02:00,STORE,COMPLETED,160658.08,2026-07-09T06:02:00
O0015179,C002307,S023,2026-07-13T11:45:00,WEB,COMPLETED,146231.99,2026-07-13T11:45:00
O0015180,C001633,S019,2026-07-13T05:08:00,WEB,COMPLETED,56020.40,2026-07-13T05:08:00
O0015181,C000194,S013,2026-07-09T15:02:00,MOBILE,COMPLETED,93608.91,2026-07-09T15:02:00
O0015182,C002816,S010,2026-07-08T16:38:00,MOBILE,COMPLETED,19621.94,2026-07-08T16:38:00
O0015183,C001596,S004,2026-07-10T17:22:00,MOBILE,COMPLETED,82451.81,2026-07-10T17:22:00
O0015184,C003404,S014,2026-07-10T09:39:00,MOBILE,COMPLETED,74803.46,2026-07-10T09:39:00
O0015185,C001848,S009,2026-07-08T12:30:00,STORE,COMPLETED,111004.69,2026-07-08T12:30:00
O0015186,C002123,S006,2026-07-12T05:19:00,MOBILE,COMPLETED,34120.78,2026-07-12T05:19:00
O0015187,C000358,S011,2026-07-13T01:49:00,WEB,COMPLETED,17160.64,2026-07-13T01:49:00
O0015188,C000876,S014,2026-07-08T23:50:00,MOBILE,COMPLETED,47794.71,2026-07-08T23:50:00
O0015189,C000101,S022,2026-07-12T06:04:00,WEB,COMPLETED,183219.49,2026-07-12T06:04:00
O0015190,C004702,S021,2026-07-14T04:55:00,STORE,COMPLETED,9716.38,2026-07-14T04:55:00
O0015191,C002870,S011,2026-07-09T03:27:00,MOBILE,COMPLETED,140780.94,2026-07-09T03:27:00
O0015192,C004401,S020,2026-07-13T01:47:00,WEB,COMPLETED,132267.90,2026-07-13T01:47:00
O0015193,C002661,S018,2026-07-10T00:32:00,WEB,COMPLETED,41199.98,2026-07-10T00:32:00
O0015194,C000367,S010,2026-07-11T15:21:00,WEB,COMPLETED,87552.93,2026-07-11T15:21:00
O0015195,C003081,S010,2026-07-08T17:08:00,MOBILE,COMPLETED,68385.95,2026-07-08T17:08:00
O0015196,C000150,S007,2026-07-11T15:03:00,WEB,COMPLETED,24002.97,2026-07-11T15:03:00
O0015197,C003043,S002,2026-07-09T02:05:00,STORE,COMPLETED,93205.94,2026-07-09T02:05:00
O0015198,C000781,S025,2026-07-11T08:13:00,STORE,COMPLETED,64056.32,2026-07-11T08:13:00
O0015199,C003264,S019,2026-07-09T13:35:00,STORE,COMPLETED,60932.64,2026-07-09T13:35:00
O0015200,C003635,S018,2026-07-10T14:43:00,STORE,COMPLETED,42202.91,2026-07-10T14:43:00
O0015201,C000375,S016,2026-07-09T00:07:00,WEB,COMPLETED,76704.94,2026-07-09T00:07:00
O0015202,C001915,S018,2026-07-11T14:32:00,WEB,COMPLETED,224188.33,2026-07-11T14:32:00
O0015203,C002461,S007,2026-07-12T04:30:00,WEB,COMPLETED,150961.75,2026-07-12T04:30:00
O0015204,C001244,S017,2026-07-10T08:36:00,MOBILE,COMPLETED,102785.94,2026-07-10T08:36:00
O0015205,C004608,S022,2026-07-12T05:14:00,STORE,COMPLETED,19015.98,2026-07-12T05:14:00
O0015206,C002197,S012,2026-07-12T19:36:00,STORE,COMPLETED,44422.51,2026-07-12T19:36:00
O0015207,C003055,S016,2026-07-09T19:51:00,STORE,COMPLETED,26677.98,2026-07-09T19:51:00
O0015208,C002940,S016,2026-07-14T01:05:00,WEB,COMPLETED,79820.98,2026-07-14T01:05:00
O0015209,C000169,S006,2026-07-11T08:43:00,WEB,COMPLETED,44143.93,2026-07-11T08:43:00
O0015210,C001123,S012,2026-07-11T08:15:00,MOBILE,COMPLETED,268174.33,2026-07-11T08:15:00
O0015211,C001430,S022,2026-07-14T03:20:00,STORE,COMPLETED,59808.16,2026-07-14T03:20:00
O0015212,C000776,S008,2026-07-12T05:21:00,STORE,COMPLETED,32034.56,2026-07-12T05:21:00
O0015213,C000421,S014,2026-07-08T10:35:00,MOBILE,COMPLETED,126036.42,2026-07-08T10:35:00
O0015214,C000846,S019,2026-07-13T14:28:00,MOBILE,COMPLETED,156492.72,2026-07-13T14:28:00
O0015215,C000394,S005,2026-07-08T08:12:00,WEB,COMPLETED,5780.69,2026-07-08T08:12:00
O0015216,C002794,S003,2026-07-13T20:09:00,MOBILE,COMPLETED,109761.93,2026-07-13T20:09:00
O0015217,C000918,S024,2026-07-09T04:27:00,WEB,COMPLETED,84799.82,2026-07-09T04:27:00
O0015218,C003246,S012,2026-07-10T02:03:00,MOBILE,COMPLETED,129704.95,2026-07-10T02:03:00
O0015219,C000926,S021,2026-07-11T20:04:00,WEB,COMPLETED,218656.38,2026-07-11T20:04:00
O0015220,C001754,S005,2026-07-10T14:48:00,MOBILE,COMPLETED,112480.92,2026-07-10T14:48:00
O0015221,C004133,S003,2026-07-12T10:42:00,STORE,COMPLETED,24941.91,2026-07-12T10:42:00
O0015222,C000031,S009,2026-07-08T22:40:00,STORE,COMPLETED,21218.99,2026-07-08T22:40:00
O0015223,C004662,S004,2026-07-09T23:23:00,WEB,COMPLETED,121340.10,2026-07-09T23:23:00
O0015224,C001240,S010,2026-07-11T11:36:00,STORE,COMPLETED,89762.90,2026-07-11T11:36:00
O0015225,C001631,S019,2026-07-13T05:33:00,WEB,COMPLETED,108834.27,2026-07-13T05:33:00
O0015226,C005204,S004,2026-07-10T16:57:00,WEB,COMPLETED,35484.34,2026-07-10T16:57:00
O0015227,C004799,S003,2026-07-13T07:25:00,STORE,COMPLETED,14747.97,2026-07-13T07:25:00
O0015228,C001067,S017,2026-07-12T11:29:00,WEB,COMPLETED,86981.90,2026-07-12T11:29:00
O0015229,C002928,S015,2026-07-08T10:03:00,STORE,COMPLETED,51731.96,2026-07-08T10:03:00
O0015230,C003777,S005,2026-07-10T21:20:00,MOBILE,COMPLETED,125387.06,2026-07-10T21:20:00
O0015231,C001532,S008,2026-07-11T22:32:00,STORE,COMPLETED,36456.64,2026-07-11T22:32:00
O0015232,C003176,S013,2026-07-13T08:49:00,WEB,COMPLETED,72476.92,2026-07-13T08:49:00
O0015233,C005078,S002,2026-07-11T05:56:00,STORE,COMPLETED,73334.16,2026-07-11T05:56:00
O0015234,C003204,S025,2026-07-08T21:34:00,MOBILE,COMPLETED,63348.35,2026-07-08T21:34:00
O0015235,C000064,S010,2026-07-08T10:49:00,STORE,COMPLETED,66852.96,2026-07-08T10:49:00
O0015236,C004854,S023,2026-07-12T15:46:00,STORE,COMPLETED,29833.98,2026-07-12T15:46:00
O0015237,C004037,S004,2026-07-09T17:47:00,STORE,COMPLETED,96867.92,2026-07-09T17:47:00
O0015238,C000102,S003,2026-07-12T07:02:00,WEB,COMPLETED,58023.96,2026-07-12T07:02:00
O0015239,C000181,S021,2026-07-12T14:10:00,STORE,COMPLETED,65465.94,2026-07-12T14:10:00
O0015240,C003084,S020,2026-07-08T18:30:00,STORE,COMPLETED,37835.04,2026-07-08T18:30:00
O0015241,C000022,S016,2026-07-11T04:16:00,WEB,COMPLETED,184643.85,2026-07-11T04:16:00
O0015242,C005105,S023,2026-07-11T09:49:00,MOBILE,COMPLETED,31971.27,2026-07-11T09:49:00
O0015243,C001645,S019,2026-07-14T06:13:00,MOBILE,COMPLETED,100540.75,2026-07-14T06:13:00
O0015244,C002506,S013,2026-07-10T04:24:00,MOBILE,COMPLETED,52758.37,2026-07-10T04:24:00
O0015245,C003761,S019,2026-07-09T17:58:00,STORE,COMPLETED,32429.40,2026-07-09T17:58:00
O0015246,C001934,S024,2026-07-13T17:17:00,WEB,COMPLETED,49807.51,2026-07-13T17:17:00
O0015247,C000924,S019,2026-07-10T15:02:00,STORE,COMPLETED,58053.68,2026-07-10T15:02:00
O0015248,C001627,S001,2026-07-08T08:41:00,MOBILE,COMPLETED,55283.96,2026-07-08T08:41:00
O0015249,C003265,S008,2026-07-13T13:40:00,STORE,COMPLETED,121483.66,2026-07-13T13:40:00
O0015250,C003802,S023,2026-07-10T10:46:00,MOBILE,COMPLETED,124033.21,2026-07-10T10:46:00
O0015251,C001099,S013,2026-07-08T20:36:00,WEB,COMPLETED,44164.94,2026-07-08T20:36:00
O0015252,C003587,S016,2026-07-09T06:49:00,STORE,COMPLETED,62671.96,2026-07-09T06:49:00
O0015253,C003483,S012,2026-07-13T23:04:00,STORE,COMPLETED,202462.72,2026-07-13T23:04:00
O0015254,C001923,S011,2026-07-08T12:15:00,STORE,COMPLETED,96115.06,2026-07-08T12:15:00
O0015255,C000003,S003,2026-07-11T02:09:00,STORE,COMPLETED,42988.21,2026-07-11T02:09:00
O0015256,C003674,S019,2026-07-11T14:30:00,STORE,COMPLETED,85509.95,2026-07-11T14:30:00
O0015257,C001030,S016,2026-07-13T12:10:00,MOBILE,COMPLETED,90149.93,2026-07-13T12:10:00
O0015258,C002011,S006,2026-07-12T19:04:00,MOBILE,COMPLETED,170098.49,2026-07-12T19:04:00
O0015259,C002833,S022,2026-07-11T02:57:00,STORE,COMPLETED,169741.81,2026-07-11T02:57:00
O0015260,C004187,S012,2026-07-08T20:18:00,MOBILE,COMPLETED,19420.37,2026-07-08T20:18:00
O0015261,C001729,S023,2026-07-10T02:31:00,MOBILE,COMPLETED,77161.11,2026-07-10T02:31:00
O0015262,C000806,S015,2026-07-12T09:01:00,WEB,COMPLETED,23523.18,2026-07-12T09:01:00
O0015263,C003988,S015,2026-07-13T05:26:00,WEB,COMPLETED,87594.39,2026-07-13T05:26:00
O0015264,C002422,S006,2026-07-13T03:35:00,MOBILE,COMPLETED,24032.65,2026-07-13T03:35:00
O0015265,C000332,S014,2026-07-11T19:42:00,MOBILE,COMPLETED,39953.37,2026-07-11T19:42:00
O0015266,C001241,S002,2026-07-14T01:20:00,WEB,COMPLETED,44341.12,2026-07-14T01:20:00
O0015267,C000553,S009,2026-07-09T11:55:00,MOBILE,COMPLETED,64562.65,2026-07-09T11:55:00
O0015268,C003897,S024,2026-07-13T00:27:00,STORE,COMPLETED,40796.76,2026-07-13T00:27:00
O0015269,C000580,S010,2026-07-13T07:10:00,STORE,COMPLETED,117639.19,2026-07-13T07:10:00
O0015270,C001939,S016,2026-07-10T07:06:00,WEB,COMPLETED,79498.65,2026-07-10T07:06:00
O0015271,C004317,S013,2026-07-13T10:09:00,MOBILE,COMPLETED,127510.54,2026-07-13T10:09:00
O0015272,C003262,S018,2026-07-12T14:47:00,MOBILE,COMPLETED,69267.96,2026-07-12T14:47:00
O0015273,C004115,S016,2026-07-14T01:36:00,WEB,COMPLETED,82662.95,2026-07-14T01:36:00
O0015274,C001329,S007,2026-07-08T16:44:00,MOBILE,COMPLETED,26781.27,2026-07-08T16:44:00
O0015275,C003938,S014,2026-07-11T04:39:00,MOBILE,COMPLETED,129797.41,2026-07-11T04:39:00
O0015276,C001269,S017,2026-07-11T03:02:00,WEB,COMPLETED,177321.74,2026-07-11T03:02:00
O0015277,C004120,S002,2026-07-09T16:54:00,STORE,COMPLETED,105071.91,2026-07-09T16:54:00
O0015278,C001516,S007,2026-07-08T18:28:00,STORE,COMPLETED,100076.80,2026-07-08T18:28:00
O0015279,C003776,S024,2026-07-08T18:57:00,MOBILE,COMPLETED,79937.73,2026-07-08T18:57:00
O0015280,C005041,S012,2026-07-09T00:43:00,STORE,COMPLETED,112855.35,2026-07-09T00:43:00
O0015281,C001949,S025,2026-07-11T01:13:00,WEB,COMPLETED,161329.76,2026-07-11T01:13:00
O0015282,C001719,S010,2026-07-11T20:34:00,STORE,COMPLETED,55200.74,2026-07-11T20:34:00
O0015283,C004460,S014,2026-07-12T03:42:00,STORE,COMPLETED,6737.38,2026-07-12T03:42:00
O0015284,C000437,S011,2026-07-08T23:25:00,WEB,COMPLETED,79317.47,2026-07-08T23:25:00
O0015285,C001812,S005,2026-07-12T15:03:00,WEB,COMPLETED,53485.57,2026-07-12T15:03:00
O0015286,C001638,S024,2026-07-11T04:46:00,WEB,COMPLETED,283709.00,2026-07-11T04:46:00
O0015287,C003093,S008,2026-07-10T09:33:00,WEB,COMPLETED,111105.27,2026-07-10T09:33:00
O0015288,C003014,S019,2026-07-12T00:26:00,WEB,COMPLETED,166121.98,2026-07-12T00:26:00
O0015289,C000911,S016,2026-07-09T03:22:00,STORE,COMPLETED,111431.47,2026-07-09T03:22:00
O0015290,C002750,S002,2026-07-09T23:44:00,WEB,COMPLETED,20389.77,2026-07-09T23:44:00
O0015291,C002329,S010,2026-07-11T17:11:00,MOBILE,COMPLETED,67809.05,2026-07-11T17:11:00
O0015292,C002551,S024,2026-07-12T18:40:00,MOBILE,COMPLETED,121189.13,2026-07-12T18:40:00
O0015293,C002715,S013,2026-07-11T11:25:00,MOBILE,COMPLETED,71621.91,2026-07-11T11:25:00
O0015294,C002446,S012,2026-07-11T20:54:00,MOBILE,COMPLETED,110829.57,2026-07-11T20:54:00
O0015295,C003095,S007,2026-07-13T03:27:00,MOBILE,COMPLETED,39187.47,2026-07-13T03:27:00
O0015296,C002211,S006,2026-07-11T02:49:00,MOBILE,COMPLETED,156701.27,2026-07-11T02:49:00
O0015297,C004311,S022,2026-07-12T05:40:00,MOBILE,COMPLETED,107983.34,2026-07-12T05:40:00
O0015298,C003932,S003,2026-07-09T14:07:00,WEB,COMPLETED,19005.12,2026-07-09T14:07:00
O0015299,C004436,S003,2026-07-10T15:46:00,STORE,COMPLETED,7008.55,2026-07-10T15:46:00
O0015300,C005004,S008,2026-07-09T11:01:00,WEB,COMPLETED,120142.73,2026-07-09T11:01:00
O0015301,C000992,S023,2026-07-12T23:20:00,MOBILE,COMPLETED,90510.43,2026-07-12T23:20:00
O0015302,C004530,S025,2026-07-12T11:38:00,WEB,COMPLETED,99550.63,2026-07-12T11:38:00
O0015303,C005082,S023,2026-07-11T09:49:00,MOBILE,COMPLETED,39815.93,2026-07-11T09:49:00
O0015304,C005103,S002,2026-07-10T03:54:00,STORE,COMPLETED,129211.80,2026-07-10T03:54:00
O0015305,C000839,S023,2026-07-13T17:45:00,WEB,COMPLETED,12527.33,2026-07-13T17:45:00
O0015306,C002421,S006,2026-07-11T16:38:00,WEB,COMPLETED,62143.96,2026-07-11T16:38:00
O0015307,C004822,S007,2026-07-09T06:58:00,MOBILE,COMPLETED,146841.91,2026-07-09T06:58:00
O0015308,C003471,S017,2026-07-12T05:23:00,WEB,COMPLETED,18283.96,2026-07-12T05:23:00
O0015309,C001617,S012,2026-07-09T20:23:00,WEB,COMPLETED,115266.22,2026-07-09T20:23:00
O0015310,C004462,S012,2026-07-11T14:50:00,MOBILE,COMPLETED,151538.29,2026-07-11T14:50:00
O0015311,C003847,S025,2026-07-10T10:58:00,WEB,COMPLETED,39195.32,2026-07-10T10:58:00
O0015312,C004328,S020,2026-07-09T23:43:00,STORE,COMPLETED,94736.92,2026-07-09T23:43:00
O0015313,C004177,S014,2026-07-13T01:06:00,STORE,COMPLETED,45517.98,2026-07-13T01:06:00
O0015314,C002968,S004,2026-07-11T16:59:00,STORE,COMPLETED,52520.32,2026-07-11T16:59:00
O0015315,C003786,S020,2026-07-10T01:02:00,STORE,COMPLETED,198868.88,2026-07-10T01:02:00
O0015316,C003378,S015,2026-07-10T23:31:00,WEB,COMPLETED,24200.97,2026-07-10T23:31:00
O0015317,C003071,S007,2026-07-10T23:29:00,MOBILE,COMPLETED,54773.35,2026-07-10T23:29:00
O0015318,C003418,S014,2026-07-13T00:25:00,MOBILE,COMPLETED,79671.90,2026-07-13T00:25:00
O0015319,C003005,S009,2026-07-12T23:38:00,STORE,COMPLETED,91803.92,2026-07-12T23:38:00
O0015320,C000767,S015,2026-07-11T00:18:00,MOBILE,COMPLETED,69557.94,2026-07-11T00:18:00
O0015321,C004975,S006,2026-07-12T21:39:00,MOBILE,COMPLETED,216744.43,2026-07-12T21:39:00
O0015322,C004733,S022,2026-07-12T13:00:00,WEB,COMPLETED,46176.54,2026-07-12T13:00:00
O0015323,C002999,S015,2026-07-10T17:50:00,WEB,COMPLETED,62918.73,2026-07-10T17:50:00
O0015324,C000535,S019,2026-07-10T17:21:00,MOBILE,COMPLETED,77581.14,2026-07-10T17:21:00
O0015325,C000504,S005,2026-07-12T14:47:00,WEB,COMPLETED,58608.53,2026-07-12T14:47:00
O0015326,C001318,S021,2026-07-09T14:36:00,WEB,COMPLETED,133409.02,2026-07-09T14:36:00
O0015327,C004761,S005,2026-07-10T17:19:00,WEB,COMPLETED,152847.60,2026-07-10T17:19:00
O0015328,C002033,S016,2026-07-10T21:20:00,STORE,COMPLETED,132813.03,2026-07-10T21:20:00
O0015329,C001002,S018,2026-07-13T07:41:00,STORE,COMPLETED,58902.91,2026-07-13T07:41:00
O0015330,C004613,S015,2026-07-10T10:25:00,MOBILE,COMPLETED,131905.08,2026-07-10T10:25:00
O0015331,C002684,S002,2026-07-13T18:41:00,MOBILE,COMPLETED,101870.17,2026-07-13T18:41:00
O0015332,C000052,S006,2026-07-08T11:20:00,STORE,COMPLETED,58083.95,2026-07-08T11:20:00
O0015333,C001462,S020,2026-07-11T22:17:00,MOBILE,COMPLETED,66306.16,2026-07-11T22:17:00
O0015334,C004048,S025,2026-07-09T22:10:00,WEB,COMPLETED,41551.37,2026-07-09T22:10:00
O0015335,C000618,S016,2026-07-14T07:46:00,WEB,COMPLETED,69822.44,2026-07-14T07:46:00
O0015336,C001601,S007,2026-07-09T13:53:00,MOBILE,COMPLETED,41510.74,2026-07-09T13:53:00
O0015337,C003474,S015,2026-07-09T21:56:00,STORE,COMPLETED,81255.31,2026-07-09T21:56:00
O0015338,C000263,S022,2026-07-09T20:26:00,MOBILE,COMPLETED,67967.75,2026-07-09T20:26:00
O0015339,C003906,S012,2026-07-13T10:09:00,MOBILE,COMPLETED,224513.88,2026-07-13T10:09:00
O0015340,C003904,S019,2026-07-09T04:08:00,STORE,COMPLETED,14609.77,2026-07-09T04:08:00
O0015341,C000373,S004,2026-07-12T16:33:00,WEB,COMPLETED,36943.92,2026-07-12T16:33:00
O0015342,C000442,S020,2026-07-09T04:38:00,STORE,COMPLETED,81312.20,2026-07-09T04:38:00
O0015343,C001152,S004,2026-07-10T20:40:00,MOBILE,COMPLETED,10835.97,2026-07-10T20:40:00
O0015344,C001934,S014,2026-07-08T16:42:00,MOBILE,COMPLETED,47194.84,2026-07-08T16:42:00
O0015345,C004642,S010,2026-07-10T08:52:00,STORE,COMPLETED,57251.05,2026-07-10T08:52:00
O0015346,C000096,S013,2026-07-09T13:36:00,WEB,COMPLETED,187780.17,2026-07-09T13:36:00
O0015347,C003762,S010,2026-07-13T03:34:00,WEB,COMPLETED,169760.69,2026-07-13T03:34:00
O0015348,C003257,S014,2026-07-13T23:47:00,MOBILE,COMPLETED,49893.20,2026-07-13T23:47:00
O0015349,C004791,S014,2026-07-08T16:05:00,MOBILE,COMPLETED,49967.98,2026-07-08T16:05:00
O0015350,C000675,S022,2026-07-14T06:59:00,STORE,COMPLETED,161492.49,2026-07-14T06:59:00
O0015351,C000854,S010,2026-07-10T00:37:00,MOBILE,COMPLETED,23800.98,2026-07-10T00:37:00
O0015352,C001380,S004,2026-07-09T05:33:00,MOBILE,COMPLETED,189142.29,2026-07-09T05:33:00
O0015353,C000312,S005,2026-07-12T15:45:00,STORE,COMPLETED,18388.74,2026-07-12T15:45:00
O0015354,C003269,S022,2026-07-11T04:49:00,STORE,COMPLETED,89715.14,2026-07-11T04:49:00
O0015355,C004168,S020,2026-07-12T07:11:00,WEB,COMPLETED,83560.95,2026-07-12T07:11:00
O0015356,C005137,S010,2026-07-11T01:33:00,WEB,COMPLETED,22394.91,2026-07-11T01:33:00
O0015357,C004802,S020,2026-07-14T02:05:00,STORE,COMPLETED,199154.80,2026-07-14T02:05:00
O0015358,C001289,S011,2026-07-11T17:27:00,MOBILE,COMPLETED,64869.99,2026-07-11T17:27:00
O0015359,C002203,S013,2026-07-12T20:41:00,MOBILE,COMPLETED,89455.34,2026-07-12T20:41:00
O0015360,C001541,S001,2026-07-10T04:47:00,STORE,COMPLETED,32902.28,2026-07-10T04:47:00
O0015361,C003337,S003,2026-07-10T07:00:00,MOBILE,COMPLETED,27808.58,2026-07-10T07:00:00
O0015362,C002863,S006,2026-07-11T00:17:00,WEB,COMPLETED,18788.72,2026-07-11T00:17:00
O0015363,C003602,S006,2026-07-13T06:13:00,WEB,COMPLETED,69892.76,2026-07-13T06:13:00
O0015364,C004428,S009,2026-07-08T11:10:00,STORE,COMPLETED,20084.96,2026-07-08T11:10:00
O0015365,C002689,S021,2026-07-09T23:14:00,MOBILE,COMPLETED,57086.06,2026-07-09T23:14:00
O0015366,C002197,S024,2026-07-10T20:10:00,WEB,COMPLETED,36743.97,2026-07-10T20:10:00
O0015367,C000794,S010,2026-07-09T02:40:00,WEB,COMPLETED,140363.93,2026-07-09T02:40:00
O0015368,C003753,S006,2026-07-08T11:11:00,STORE,COMPLETED,58084.32,2026-07-08T11:11:00
O0015369,C004074,S003,2026-07-12T17:46:00,STORE,COMPLETED,33253.98,2026-07-12T17:46:00
O0015370,C003215,S005,2026-07-12T10:09:00,WEB,COMPLETED,53900.96,2026-07-12T10:09:00
O0015371,C003395,S015,2026-07-11T05:40:00,STORE,COMPLETED,190882.35,2026-07-11T05:40:00
O0015372,C002272,S005,2026-07-09T00:39:00,STORE,COMPLETED,200856.57,2026-07-09T00:39:00
O0015373,C002557,S008,2026-07-12T21:24:00,MOBILE,COMPLETED,110065.47,2026-07-12T21:24:00
O0015374,C004672,S012,2026-07-11T07:41:00,STORE,COMPLETED,74129.97,2026-07-11T07:41:00
O0015375,C003826,S005,2026-07-13T18:54:00,STORE,COMPLETED,161118.32,2026-07-13T18:54:00
O0015376,C003026,S017,2026-07-12T19:46:00,WEB,COMPLETED,130456.64,2026-07-12T19:46:00
O0015377,C003934,S001,2026-07-09T12:54:00,WEB,COMPLETED,10063.96,2026-07-09T12:54:00
O0015378,C000836,S011,2026-07-08T19:25:00,STORE,COMPLETED,13612.99,2026-07-08T19:25:00
O0015379,C000453,S010,2026-07-08T09:12:00,MOBILE,COMPLETED,38031.96,2026-07-08T09:12:00
O0015380,C003050,S011,2026-07-09T01:18:00,WEB,COMPLETED,30887.96,2026-07-09T01:18:00
O0015381,C004533,S006,2026-07-09T11:18:00,MOBILE,COMPLETED,107400.69,2026-07-09T11:18:00
O0015382,C000585,S010,2026-07-13T01:26:00,WEB,COMPLETED,41592.55,2026-07-13T01:26:00
O0015383,C001769,S016,2026-07-10T14:27:00,WEB,COMPLETED,56954.36,2026-07-10T14:27:00
O0015384,C000309,S017,2026-07-11T05:22:00,MOBILE,COMPLETED,62498.13,2026-07-11T05:22:00
O0015385,C002103,S001,2026-07-12T14:31:00,WEB,COMPLETED,87864.92,2026-07-12T14:31:00
O0015386,C004434,S002,2026-07-08T15:18:00,WEB,COMPLETED,171297.04,2026-07-08T15:18:00
O0015387,C004256,S003,2026-07-14T07:29:00,STORE,COMPLETED,111307.12,2026-07-14T07:29:00
O0015388,C004289,S001,2026-07-12T22:13:00,STORE,COMPLETED,52148.97,2026-07-12T22:13:00
O0015389,C002635,S016,2026-07-11T13:56:00,MOBILE,COMPLETED,96203.93,2026-07-11T13:56:00
O0015390,C003545,S008,2026-07-11T09:56:00,WEB,COMPLETED,109053.32,2026-07-11T09:56:00
O0015391,C002927,S009,2026-07-10T12:15:00,MOBILE,COMPLETED,18065.37,2026-07-10T12:15:00
O0015392,C002269,S020,2026-07-11T10:46:00,WEB,COMPLETED,31983.96,2026-07-11T10:46:00
O0015393,C003410,S001,2026-07-11T11:20:00,STORE,COMPLETED,20665.17,2026-07-11T11:20:00
O0015394,C003133,S008,2026-07-10T20:57:00,WEB,COMPLETED,73711.56,2026-07-10T20:57:00
O0015395,C001770,S012,2026-07-11T16:09:00,WEB,COMPLETED,66721.32,2026-07-11T16:09:00
O0015396,C001560,S004,2026-07-13T01:54:00,STORE,COMPLETED,17919.69,2026-07-13T01:54:00
O0015397,C003888,S015,2026-07-13T07:20:00,WEB,COMPLETED,99595.60,2026-07-13T07:20:00
O0015398,C001269,S024,2026-07-13T12:40:00,MOBILE,COMPLETED,8793.22,2026-07-13T12:40:00
O0015399,C005137,S024,2026-07-09T04:50:00,MOBILE,COMPLETED,39407.97,2026-07-09T04:50:00
O0015400,C000311,S023,2026-07-10T10:03:00,MOBILE,COMPLETED,171712.51,2026-07-10T10:03:00
O0015401,C002317,S008,2026-07-09T16:23:00,STORE,COMPLETED,105982.88,2026-07-09T16:23:00
O0015402,C003911,S020,2026-07-14T07:27:00,STORE,COMPLETED,19711.99,2026-07-14T07:27:00
O0015403,C004014,S024,2026-07-12T00:46:00,MOBILE,COMPLETED,27270.24,2026-07-12T00:46:00
O0015404,C001183,S010,2026-07-12T11:12:00,WEB,COMPLETED,177249.90,2026-07-12T11:12:00
O0015405,C003983,S009,2026-07-10T16:12:00,MOBILE,COMPLETED,58968.32,2026-07-10T16:12:00
O0015406,C002971,S009,2026-07-12T12:35:00,STORE,COMPLETED,27343.78,2026-07-12T12:35:00
O0015407,C001083,S017,2026-07-11T21:56:00,MOBILE,COMPLETED,107460.43,2026-07-11T21:56:00
O0015408,C003119,S019,2026-07-10T15:04:00,WEB,COMPLETED,30918.41,2026-07-10T15:04:00
O0015409,C000855,S017,2026-07-12T12:24:00,MOBILE,COMPLETED,83247.63,2026-07-12T12:24:00
O0015410,C002055,S012,2026-07-09T09:03:00,MOBILE,COMPLETED,66714.95,2026-07-09T09:03:00
O0015411,C003046,S016,2026-07-09T22:16:00,MOBILE,COMPLETED,64635.13,2026-07-09T22:16:00
O0015412,C003054,S002,2026-07-08T19:40:00,WEB,COMPLETED,117969.90,2026-07-08T19:40:00
O0015413,C000077,S022,2026-07-13T23:32:00,WEB,COMPLETED,82536.72,2026-07-13T23:32:00
O0015414,C004942,S018,2026-07-09T20:05:00,MOBILE,COMPLETED,78562.88,2026-07-09T20:05:00
O0015415,C003972,S013,2026-07-14T05:47:00,MOBILE,COMPLETED,98419.91,2026-07-14T05:47:00
O0015416,C001369,S021,2026-07-09T21:17:00,MOBILE,COMPLETED,122616.07,2026-07-09T21:17:00
O0015417,C003084,S020,2026-07-10T05:02:00,STORE,COMPLETED,73432.01,2026-07-10T05:02:00
O0015418,C000893,S016,2026-07-11T08:18:00,WEB,COMPLETED,102823.64,2026-07-11T08:18:00
O0015419,C004352,S006,2026-07-10T00:17:00,MOBILE,COMPLETED,138449.70,2026-07-10T00:17:00
O0015420,C000597,S010,2026-07-13T08:02:00,MOBILE,COMPLETED,12890.97,2026-07-13T08:02:00
O0015421,C002209,S016,2026-07-13T00:44:00,STORE,COMPLETED,67895.16,2026-07-13T00:44:00
O0015422,C004562,S003,2026-07-12T22:24:00,STORE,COMPLETED,3802.02,2026-07-12T22:24:00
O0015423,C000304,S004,2026-07-12T06:41:00,MOBILE,COMPLETED,35445.98,2026-07-12T06:41:00
O0015424,C001879,S022,2026-07-13T10:20:00,STORE,COMPLETED,41589.92,2026-07-13T10:20:00
O0015425,C002492,S001,2026-07-10T20:51:00,WEB,COMPLETED,54533.73,2026-07-10T20:51:00
O0015426,C000292,S006,2026-07-11T22:55:00,MOBILE,COMPLETED,218702.87,2026-07-11T22:55:00
O0015427,C000667,S019,2026-07-12T05:14:00,MOBILE,COMPLETED,236796.65,2026-07-12T05:14:00
O0015428,C002836,S023,2026-07-09T08:55:00,WEB,COMPLETED,94713.95,2026-07-09T08:55:00
O0015429,C003001,S008,2026-07-09T01:50:00,STORE,COMPLETED,84225.11,2026-07-09T01:50:00
O0015430,C002624,S004,2026-07-11T16:59:00,MOBILE,COMPLETED,121967.23,2026-07-11T16:59:00
O0015431,C000176,S003,2026-07-13T00:41:00,STORE,COMPLETED,158369.08,2026-07-13T00:41:00
O0015432,C000586,S023,2026-07-14T03:07:00,WEB,COMPLETED,9644.99,2026-07-14T03:07:00
O0015433,C000111,S022,2026-07-09T21:38:00,MOBILE,COMPLETED,73094.71,2026-07-09T21:38:00
O0015434,C001936,S008,2026-07-12T23:29:00,STORE,COMPLETED,61282.63,2026-07-12T23:29:00
O0015435,C005183,S012,2026-07-11T17:53:00,WEB,COMPLETED,55734.95,2026-07-11T17:53:00
O0015436,C005016,S019,2026-07-13T01:33:00,MOBILE,COMPLETED,133596.79,2026-07-13T01:33:00
O0015437,C002891,S002,2026-07-09T15:07:00,STORE,COMPLETED,45843.93,2026-07-09T15:07:00
O0015438,C002146,S013,2026-07-12T03:01:00,WEB,COMPLETED,12890.97,2026-07-12T03:01:00
O0015439,C003510,S003,2026-07-09T18:40:00,MOBILE,COMPLETED,171492.05,2026-07-09T18:40:00
O0015440,C005117,S020,2026-07-09T05:24:00,WEB,COMPLETED,137139.71,2026-07-09T05:24:00
O0015441,C003853,S020,2026-07-12T16:41:00,WEB,COMPLETED,137114.59,2026-07-12T16:41:00
O0015442,C000605,S025,2026-07-13T21:00:00,WEB,COMPLETED,255670.85,2026-07-13T21:00:00
O0015443,C000743,S005,2026-07-08T14:40:00,MOBILE,COMPLETED,148741.52,2026-07-08T14:40:00
O0015444,C000231,S018,2026-07-10T20:36:00,WEB,COMPLETED,28463.98,2026-07-10T20:36:00
O0015445,C003334,S015,2026-07-12T14:27:00,MOBILE,COMPLETED,62071.57,2026-07-12T14:27:00
O0015446,C003482,S003,2026-07-10T03:07:00,MOBILE,COMPLETED,71582.77,2026-07-10T03:07:00
O0015447,C003296,S004,2026-07-10T01:25:00,WEB,COMPLETED,148261.24,2026-07-10T01:25:00
O0015448,C000627,S004,2026-07-12T08:50:00,STORE,COMPLETED,120497.48,2026-07-12T08:50:00
O0015449,C001229,S015,2026-07-13T08:59:00,STORE,COMPLETED,72608.11,2026-07-13T08:59:00
O0015450,C002932,S015,2026-07-13T08:17:00,MOBILE,COMPLETED,38129.76,2026-07-13T08:17:00
O0015451,C004215,S014,2026-07-12T04:22:00,MOBILE,COMPLETED,99592.07,2026-07-12T04:22:00
O0015452,C000036,S015,2026-07-12T02:44:00,WEB,COMPLETED,68304.25,2026-07-12T02:44:00
O0015453,C000446,S009,2026-07-12T08:45:00,STORE,COMPLETED,145603.36,2026-07-12T08:45:00
O0015454,C002219,S009,2026-07-13T00:51:00,STORE,COMPLETED,21613.98,2026-07-13T00:51:00
O0015455,C002225,S003,2026-07-09T13:40:00,STORE,COMPLETED,170723.06,2026-07-09T13:40:00
O0015456,C001131,S006,2026-07-11T12:58:00,MOBILE,COMPLETED,132622.32,2026-07-11T12:58:00
O0015457,C003022,S002,2026-07-13T01:45:00,WEB,COMPLETED,84327.96,2026-07-13T01:45:00
O0015458,C004888,S002,2026-07-11T01:17:00,STORE,COMPLETED,37483.96,2026-07-11T01:17:00
O0015459,C001465,S004,2026-07-13T12:24:00,WEB,COMPLETED,62852.84,2026-07-13T12:24:00
O0015460,C001457,S015,2026-07-09T17:21:00,WEB,COMPLETED,55955.90,2026-07-09T17:21:00
O0015461,C003602,S023,2026-07-08T13:39:00,STORE,COMPLETED,175460.29,2026-07-08T13:39:00
O0015462,C002972,S021,2026-07-14T05:20:00,MOBILE,COMPLETED,24298.99,2026-07-14T05:20:00
O0015463,C001302,S019,2026-07-13T17:48:00,STORE,COMPLETED,90304.13,2026-07-13T17:48:00
O0015464,C001104,S009,2026-07-12T21:00:00,MOBILE,COMPLETED,107116.55,2026-07-12T21:00:00
O0015465,C000336,S018,2026-07-08T14:04:00,WEB,COMPLETED,141196.31,2026-07-08T14:04:00
O0015466,C004803,S018,2026-07-09T15:45:00,WEB,COMPLETED,146055.68,2026-07-09T15:45:00
O0015467,C001869,S021,2026-07-08T19:02:00,WEB,COMPLETED,95663.29,2026-07-08T19:02:00
O0015468,C005232,S002,2026-07-09T14:28:00,WEB,COMPLETED,119894.74,2026-07-09T14:28:00
O0015469,C001031,S024,2026-07-13T05:17:00,STORE,COMPLETED,87958.36,2026-07-13T05:17:00
O0015470,C001405,S019,2026-07-09T14:27:00,STORE,COMPLETED,47877.22,2026-07-09T14:27:00
O0015471,C001387,S008,2026-07-09T03:36:00,MOBILE,COMPLETED,83104.51,2026-07-09T03:36:00
O0015472,C004225,S009,2026-07-13T07:00:00,MOBILE,COMPLETED,47148.13,2026-07-13T07:00:00
O0015473,C002561,S023,2026-07-08T11:23:00,MOBILE,COMPLETED,114830.19,2026-07-08T11:23:00
O0015474,C002544,S018,2026-07-12T12:17:00,STORE,COMPLETED,91626.33,2026-07-12T12:17:00
O0015475,C000492,S014,2026-07-08T20:23:00,STORE,COMPLETED,294324.25,2026-07-08T20:23:00
O0015476,C004388,S002,2026-07-08T18:14:00,STORE,COMPLETED,55976.85,2026-07-08T18:14:00
O0015477,C000065,S011,2026-07-08T17:24:00,WEB,COMPLETED,138120.93,2026-07-08T17:24:00
O0015478,C004457,S018,2026-07-11T20:26:00,WEB,COMPLETED,210468.57,2026-07-11T20:26:00
O0015479,C000066,S007,2026-07-11T07:07:00,STORE,COMPLETED,74700.94,2026-07-11T07:07:00
O0015480,C003615,S025,2026-07-10T00:35:00,MOBILE,COMPLETED,161209.52,2026-07-10T00:35:00
O0015481,C001917,S024,2026-07-09T02:07:00,WEB,COMPLETED,100088.48,2026-07-09T02:07:00
O0015482,C000986,S020,2026-07-13T23:05:00,WEB,COMPLETED,11459.97,2026-07-13T23:05:00
O0015483,C002870,S010,2026-07-09T16:07:00,MOBILE,COMPLETED,152844.49,2026-07-09T16:07:00
O0015484,C001988,S002,2026-07-11T22:58:00,WEB,COMPLETED,131178.08,2026-07-11T22:58:00
O0015485,C002902,S002,2026-07-10T16:57:00,WEB,COMPLETED,99294.94,2026-07-10T16:57:00
O0015486,C000798,S025,2026-07-14T07:52:00,STORE,COMPLETED,142664.27,2026-07-14T07:52:00
O0015487,C004088,S014,2026-07-12T19:10:00,MOBILE,COMPLETED,97545.87,2026-07-12T19:10:00
O0015488,C001862,S003,2026-07-11T20:08:00,STORE,COMPLETED,12616.97,2026-07-11T20:08:00
O0015489,C005056,S011,2026-07-11T07:29:00,WEB,COMPLETED,180943.70,2026-07-11T07:29:00
O0015490,C000308,S008,2026-07-09T19:52:00,WEB,COMPLETED,168731.90,2026-07-09T19:52:00
O0015491,C004051,S011,2026-07-11T00:45:00,WEB,COMPLETED,65147.96,2026-07-11T00:45:00
O0015492,C003355,S020,2026-07-11T09:06:00,STORE,COMPLETED,80856.16,2026-07-11T09:06:00
O0015493,C000713,S024,2026-07-10T04:42:00,WEB,COMPLETED,44627.14,2026-07-10T04:42:00
O0015494,C002167,S004,2026-07-13T05:07:00,WEB,COMPLETED,24796.16,2026-07-13T05:07:00
O0015495,C002011,S008,2026-07-13T19:06:00,MOBILE,COMPLETED,22412.37,2026-07-13T19:06:00
O0015496,C003027,S007,2026-07-11T16:52:00,MOBILE,COMPLETED,15371.97,2026-07-11T16:52:00
O0015497,C004801,S023,2026-07-12T04:35:00,WEB,COMPLETED,54343.21,2026-07-12T04:35:00
O0015498,C005228,S011,2026-07-10T16:40:00,MOBILE,COMPLETED,104744.30,2026-07-10T16:40:00
O0015499,C002489,S016,2026-07-10T22:10:00,STORE,COMPLETED,12539.96,2026-07-10T22:10:00
O0015500,C000555,S002,2026-07-12T06:27:00,STORE,COMPLETED,56874.18,2026-07-12T06:27:00
O0015501,C000852,S003,2026-07-10T00:26:00,MOBILE,COMPLETED,124603.12,2026-07-10T00:26:00
O0015502,C004097,S003,2026-07-13T16:44:00,WEB,COMPLETED,70860.82,2026-07-13T16:44:00
O0015503,C005222,S014,2026-07-08T12:52:00,MOBILE,COMPLETED,133604.28,2026-07-08T12:52:00
O0015504,C000177,S001,2026-07-13T22:53:00,MOBILE,COMPLETED,7771.98,2026-07-13T22:53:00
O0015505,C003841,S002,2026-07-11T13:11:00,WEB,COMPLETED,54566.94,2026-07-11T13:11:00
O0015506,C004424,S002,2026-07-09T09:58:00,STORE,COMPLETED,115229.97,2026-07-09T09:58:00
O0015507,C002227,S020,2026-07-13T02:07:00,MOBILE,COMPLETED,93478.16,2026-07-13T02:07:00
O0015508,C000636,S024,2026-07-14T03:48:00,STORE,COMPLETED,239772.47,2026-07-14T03:48:00
O0015509,C000694,S024,2026-07-14T02:53:00,STORE,COMPLETED,70841.97,2026-07-14T02:53:00
O0015510,C002666,S009,2026-07-09T11:52:00,STORE,COMPLETED,134556.88,2026-07-09T11:52:00
O0015511,C003311,S018,2026-07-10T13:03:00,MOBILE,COMPLETED,78308.92,2026-07-10T13:03:00
O0015512,C000830,S024,2026-07-09T11:16:00,WEB,COMPLETED,21082.36,2026-07-09T11:16:00
O0015513,C003907,S005,2026-07-11T06:57:00,STORE,COMPLETED,39504.76,2026-07-11T06:57:00
O0015514,C001934,S024,2026-07-08T12:17:00,STORE,COMPLETED,71417.33,2026-07-08T12:17:00
O0015515,C005079,S007,2026-07-09T23:24:00,MOBILE,COMPLETED,130017.31,2026-07-09T23:24:00
O0015516,C000913,S016,2026-07-11T18:20:00,WEB,COMPLETED,91347.15,2026-07-11T18:20:00
O0015517,C004858,S006,2026-07-11T13:29:00,WEB,COMPLETED,225450.87,2026-07-11T13:29:00
O0015518,C002666,S012,2026-07-10T00:48:00,MOBILE,COMPLETED,4575.99,2026-07-10T00:48:00
O0015519,C000137,S001,2026-07-09T17:15:00,MOBILE,COMPLETED,54101.84,2026-07-09T17:15:00
O0015520,C005212,S012,2026-07-08T08:10:00,WEB,COMPLETED,98852.11,2026-07-08T08:10:00
O0015521,C000241,S012,2026-07-11T18:51:00,MOBILE,COMPLETED,48662.97,2026-07-11T18:51:00
O0015522,C002025,S021,2026-07-10T20:21:00,WEB,COMPLETED,17822.97,2026-07-10T20:21:00
O0015523,C001874,S001,2026-07-09T01:19:00,STORE,COMPLETED,124514.46,2026-07-09T01:19:00
O0015524,C000409,S023,2026-07-10T03:49:00,MOBILE,COMPLETED,64286.04,2026-07-10T03:49:00
O0015525,C000367,S024,2026-07-09T10:28:00,MOBILE,COMPLETED,27689.75,2026-07-09T10:28:00
O0015526,C002300,S017,2026-07-12T23:23:00,MOBILE,COMPLETED,15053.99,2026-07-12T23:23:00
O0015527,C003571,S022,2026-07-09T18:46:00,MOBILE,COMPLETED,18026.78,2026-07-09T18:46:00
O0015528,C000625,S019,2026-07-09T22:11:00,MOBILE,COMPLETED,9395.97,2026-07-09T22:11:00
O0015529,C001301,S002,2026-07-10T20:46:00,STORE,COMPLETED,51275.76,2026-07-10T20:46:00
O0015530,C004864,S013,2026-07-13T09:27:00,MOBILE,COMPLETED,91798.92,2026-07-13T09:27:00
O0015531,C003711,S013,2026-07-13T10:03:00,MOBILE,COMPLETED,138197.39,2026-07-13T10:03:00
O0015532,C000095,S022,2026-07-13T04:53:00,MOBILE,COMPLETED,54912.48,2026-07-13T04:53:00
O0015533,C000057,S023,2026-07-12T17:42:00,WEB,COMPLETED,191861.43,2026-07-12T17:42:00
O0015534,C001857,S013,2026-07-11T02:14:00,WEB,COMPLETED,89091.83,2026-07-11T02:14:00
O0015535,C004390,S002,2026-07-13T16:07:00,MOBILE,COMPLETED,114854.70,2026-07-13T16:07:00
O0015536,C003221,S007,2026-07-11T21:16:00,MOBILE,COMPLETED,49046.95,2026-07-11T21:16:00
O0015537,C004276,S012,2026-07-09T15:06:00,MOBILE,COMPLETED,36941.97,2026-07-09T15:06:00
O0015538,C001388,S019,2026-07-08T13:38:00,STORE,COMPLETED,118690.70,2026-07-08T13:38:00
O0015539,C001963,S006,2026-07-13T00:32:00,WEB,COMPLETED,126930.21,2026-07-13T00:32:00
O0015540,C003606,S019,2026-07-11T13:08:00,STORE,COMPLETED,59951.96,2026-07-11T13:08:00
O0015541,C000611,S019,2026-07-09T03:36:00,MOBILE,COMPLETED,62040.73,2026-07-09T03:36:00
O0015542,C003622,S024,2026-07-14T03:36:00,WEB,COMPLETED,148462.68,2026-07-14T03:36:00
O0015543,C001945,S006,2026-07-09T08:42:00,WEB,COMPLETED,70790.73,2026-07-09T08:42:00
O0015544,C001141,S002,2026-07-08T16:20:00,MOBILE,COMPLETED,128815.27,2026-07-08T16:20:00
O0015545,C002202,S009,2026-07-14T03:43:00,WEB,COMPLETED,59218.23,2026-07-14T03:43:00
O0015546,C000269,S023,2026-07-12T08:15:00,MOBILE,COMPLETED,123098.30,2026-07-12T08:15:00
O0015547,C001458,S012,2026-07-14T00:33:00,MOBILE,COMPLETED,170075.22,2026-07-14T00:33:00
O0015548,C000740,S011,2026-07-09T21:35:00,WEB,COMPLETED,163320.51,2026-07-09T21:35:00
O0015549,C001575,S024,2026-07-13T21:54:00,STORE,COMPLETED,80345.91,2026-07-13T21:54:00
O0015550,C003409,S024,2026-07-11T14:37:00,STORE,COMPLETED,150135.50,2026-07-11T14:37:00
O0015551,C002948,S018,2026-07-12T08:33:00,WEB,COMPLETED,144069.06,2026-07-12T08:33:00
O0015552,C001084,S003,2026-07-11T21:09:00,MOBILE,COMPLETED,5123.34,2026-07-11T21:09:00
O0015553,C004967,S016,2026-07-11T12:23:00,MOBILE,COMPLETED,40678.26,2026-07-11T12:23:00
O0015554,C003688,S004,2026-07-11T00:55:00,MOBILE,COMPLETED,61738.26,2026-07-11T00:55:00
O0015555,C004217,S008,2026-07-10T21:09:00,STORE,COMPLETED,210265.05,2026-07-10T21:09:00
O0015556,C002018,S023,2026-07-13T00:15:00,MOBILE,COMPLETED,62940.38,2026-07-13T00:15:00
O0015557,C004123,S023,2026-07-09T13:44:00,STORE,COMPLETED,70140.96,2026-07-09T13:44:00
O0015558,C003774,S005,2026-07-10T22:49:00,STORE,COMPLETED,97183.94,2026-07-10T22:49:00
O0015559,C004224,S022,2026-07-12T16:48:00,STORE,COMPLETED,5671.99,2026-07-12T16:48:00
O0015560,C005212,S025,2026-07-09T14:28:00,WEB,COMPLETED,85717.52,2026-07-09T14:28:00
O0015561,C001612,S006,2026-07-13T08:39:00,MOBILE,COMPLETED,183243.09,2026-07-13T08:39:00
O0015562,C002249,S001,2026-07-13T02:20:00,STORE,COMPLETED,27226.93,2026-07-13T02:20:00
O0015563,C002741,S025,2026-07-10T16:06:00,STORE,COMPLETED,96405.32,2026-07-10T16:06:00
O0015564,C003453,S025,2026-07-13T23:13:00,WEB,COMPLETED,68104.65,2026-07-13T23:13:00
O0015565,C003497,S017,2026-07-09T03:49:00,MOBILE,COMPLETED,80396.33,2026-07-09T03:49:00
O0015566,C002848,S016,2026-07-09T02:34:00,MOBILE,COMPLETED,75527.78,2026-07-09T02:34:00
O0015567,C004466,S023,2026-07-13T05:12:00,MOBILE,COMPLETED,228195.57,2026-07-13T05:12:00
O0015568,C004214,S006,2026-07-11T15:31:00,STORE,COMPLETED,180338.41,2026-07-11T15:31:00
O0015569,C003686,S009,2026-07-09T12:45:00,WEB,COMPLETED,126472.29,2026-07-09T12:45:00
O0015570,C000697,S005,2026-07-12T02:19:00,WEB,COMPLETED,25022.97,2026-07-12T02:19:00
O0015571,C004437,S020,2026-07-08T13:39:00,WEB,COMPLETED,55796.87,2026-07-08T13:39:00
O0015572,C001901,S014,2026-07-12T08:42:00,STORE,COMPLETED,128483.01,2026-07-12T08:42:00
O0015573,C000491,S019,2026-07-11T23:29:00,STORE,COMPLETED,18567.96,2026-07-11T23:29:00
O0015574,C000756,S002,2026-07-09T13:19:00,STORE,COMPLETED,12587.99,2026-07-09T13:19:00
O0015575,C001141,S019,2026-07-13T07:52:00,STORE,COMPLETED,69421.06,2026-07-13T07:52:00
O0015576,C002463,S012,2026-07-11T15:38:00,STORE,COMPLETED,33510.38,2026-07-11T15:38:00
O0015577,C000012,S013,2026-07-10T18:16:00,WEB,COMPLETED,55404.95,2026-07-10T18:16:00
O0015578,C000233,S014,2026-07-13T04:29:00,WEB,COMPLETED,13535.98,2026-07-13T04:29:00
O0015579,C000274,S013,2026-07-14T06:34:00,STORE,COMPLETED,189378.87,2026-07-14T06:34:00
O0015580,C004164,S015,2026-07-09T09:50:00,MOBILE,COMPLETED,199434.25,2026-07-09T09:50:00
O0015581,C000279,S010,2026-07-10T19:17:00,STORE,COMPLETED,107704.27,2026-07-10T19:17:00
O0015582,C003565,S018,2026-07-09T01:45:00,STORE,COMPLETED,51170.71,2026-07-09T01:45:00
O0015583,C000315,S021,2026-07-12T03:43:00,MOBILE,COMPLETED,24799.95,2026-07-12T03:43:00
O0015584,C004048,S014,2026-07-10T20:32:00,STORE,COMPLETED,163549.85,2026-07-10T20:32:00
O0015585,C002492,S001,2026-07-09T20:56:00,STORE,COMPLETED,128255.59,2026-07-09T20:56:00
O0015586,C002690,S007,2026-07-09T11:46:00,MOBILE,COMPLETED,124024.86,2026-07-09T11:46:00
O0015587,C004113,S018,2026-07-09T16:32:00,WEB,COMPLETED,119029.90,2026-07-09T16:32:00
O0015588,C002390,S007,2026-07-08T08:50:00,MOBILE,COMPLETED,98584.54,2026-07-08T08:50:00
O0015589,C003110,S003,2026-07-13T12:46:00,MOBILE,COMPLETED,194506.47,2026-07-13T12:46:00
O0015590,C003989,S005,2026-07-09T15:36:00,MOBILE,COMPLETED,24002.97,2026-07-09T15:36:00
O0015591,C004856,S015,2026-07-11T16:38:00,MOBILE,COMPLETED,26169.78,2026-07-11T16:38:00
O0015592,C000674,S006,2026-07-11T16:32:00,STORE,COMPLETED,15275.04,2026-07-11T16:32:00
O0015593,C003834,S014,2026-07-09T07:18:00,MOBILE,COMPLETED,47628.37,2026-07-09T07:18:00
O0015594,C000755,S007,2026-07-10T06:03:00,STORE,COMPLETED,122168.90,2026-07-10T06:03:00
O0015595,C004771,S001,2026-07-13T02:22:00,MOBILE,COMPLETED,10063.96,2026-07-13T02:22:00
O0015596,C000598,S005,2026-07-13T02:39:00,MOBILE,COMPLETED,115188.61,2026-07-13T02:39:00
O0015597,C004258,S007,2026-07-10T06:10:00,WEB,COMPLETED,33262.18,2026-07-10T06:10:00
O0015598,C003293,S011,2026-07-10T23:55:00,WEB,COMPLETED,3965.32,2026-07-10T23:55:00
O0015599,C000780,S020,2026-07-09T03:19:00,MOBILE,COMPLETED,65174.95,2026-07-09T03:19:00
O0015600,C004581,S021,2026-07-09T21:13:00,STORE,COMPLETED,32064.08,2026-07-09T21:13:00
O0015601,C000448,S010,2026-07-12T10:17:00,WEB,COMPLETED,43091.36,2026-07-12T10:17:00
O0015602,C001117,S023,2026-07-09T18:57:00,MOBILE,COMPLETED,149921.91,2026-07-09T18:57:00
O0015603,C001323,S005,2026-07-12T04:44:00,MOBILE,COMPLETED,18193.98,2026-07-12T04:44:00
O0015604,C000805,S025,2026-07-13T07:43:00,STORE,COMPLETED,38804.15,2026-07-13T07:43:00
O0015605,C000749,S007,2026-07-11T11:02:00,STORE,COMPLETED,105855.47,2026-07-11T11:02:00
O0015606,C000078,S002,2026-07-12T08:59:00,STORE,COMPLETED,42859.53,2026-07-12T08:59:00
O0015607,C000683,S010,2026-07-11T08:20:00,MOBILE,COMPLETED,56867.97,2026-07-11T08:20:00
O0015608,C003835,S009,2026-07-11T15:16:00,WEB,COMPLETED,38006.34,2026-07-11T15:16:00
O0015609,C001274,S005,2026-07-11T12:34:00,WEB,COMPLETED,95607.60,2026-07-11T12:34:00
O0015610,C001121,S018,2026-07-11T15:36:00,WEB,COMPLETED,103253.89,2026-07-11T15:36:00
O0015611,C004429,S011,2026-07-13T00:34:00,WEB,COMPLETED,94122.22,2026-07-13T00:34:00
O0015612,C003147,S011,2026-07-13T15:37:00,STORE,COMPLETED,186894.83,2026-07-13T15:37:00
O0015613,C000956,S016,2026-07-11T21:56:00,MOBILE,COMPLETED,34951.02,2026-07-11T21:56:00
O0015614,C005012,S024,2026-07-08T17:53:00,MOBILE,COMPLETED,60126.73,2026-07-08T17:53:00
O0015615,C004064,S019,2026-07-11T02:57:00,MOBILE,COMPLETED,18963.96,2026-07-11T02:57:00
O0015616,C002691,S019,2026-07-12T16:49:00,MOBILE,COMPLETED,192220.27,2026-07-12T16:49:00
O0015617,C000666,S009,2026-07-14T06:54:00,WEB,COMPLETED,101824.79,2026-07-14T06:54:00
O0015618,C001987,S001,2026-07-09T17:03:00,MOBILE,COMPLETED,99336.79,2026-07-09T17:03:00
O0015619,C000406,S001,2026-07-10T06:53:00,STORE,COMPLETED,63787.96,2026-07-10T06:53:00
O0015620,C005218,S018,2026-07-09T15:43:00,MOBILE,COMPLETED,92448.93,2026-07-09T15:43:00
O0015621,C004875,S012,2026-07-11T13:07:00,WEB,COMPLETED,137840.94,2026-07-11T13:07:00
O0015622,C000040,S002,2026-07-09T08:42:00,STORE,COMPLETED,170058.59,2026-07-09T08:42:00
O0015623,C001158,S007,2026-07-13T09:01:00,MOBILE,COMPLETED,12817.16,2026-07-13T09:01:00
O0015624,C003436,S003,2026-07-11T04:04:00,MOBILE,COMPLETED,85907.92,2026-07-11T04:04:00
O0015625,C001099,S013,2026-07-13T03:17:00,MOBILE,COMPLETED,86750.52,2026-07-13T03:17:00
O0015626,C000587,S009,2026-07-12T01:23:00,WEB,COMPLETED,74199.96,2026-07-12T01:23:00
O0015627,C000002,S005,2026-07-12T12:14:00,WEB,COMPLETED,221898.02,2026-07-12T12:14:00
O0015628,C003951,S008,2026-07-12T02:43:00,STORE,COMPLETED,158147.16,2026-07-12T02:43:00
O0015629,C000406,S011,2026-07-12T12:36:00,MOBILE,COMPLETED,55448.54,2026-07-12T12:36:00
O0015630,C002251,S011,2026-07-10T02:18:00,WEB,COMPLETED,111053.15,2026-07-10T02:18:00
O0015631,C004940,S002,2026-07-12T01:50:00,WEB,COMPLETED,164331.65,2026-07-12T01:50:00
O0015632,C004698,S016,2026-07-11T20:16:00,MOBILE,COMPLETED,84791.35,2026-07-11T20:16:00
O0015633,C000317,S002,2026-07-09T16:47:00,MOBILE,COMPLETED,94552.04,2026-07-09T16:47:00
O0015634,C000398,S021,2026-07-09T08:39:00,STORE,COMPLETED,119004.68,2026-07-09T08:39:00
O0015635,C000709,S008,2026-07-12T12:26:00,STORE,COMPLETED,14357.98,2026-07-12T12:26:00
O0015636,C000777,S018,2026-07-11T17:19:00,MOBILE,COMPLETED,86744.26,2026-07-11T17:19:00
O0015637,C001362,S022,2026-07-10T04:52:00,MOBILE,COMPLETED,54989.06,2026-07-10T04:52:00
O0015638,C002732,S010,2026-07-09T07:46:00,WEB,COMPLETED,5268.58,2026-07-09T07:46:00
O0015639,C001353,S012,2026-07-11T19:40:00,MOBILE,COMPLETED,130344.23,2026-07-11T19:40:00
O0015640,C003109,S020,2026-07-13T21:03:00,WEB,COMPLETED,139779.29,2026-07-13T21:03:00
O0015641,C004568,S011,2026-07-09T10:13:00,WEB,COMPLETED,94494.75,2026-07-09T10:13:00
O0015642,C000664,S014,2026-07-08T23:24:00,STORE,COMPLETED,59422.56,2026-07-08T23:24:00
O0015643,C000243,S001,2026-07-13T23:02:00,WEB,COMPLETED,35410.06,2026-07-13T23:02:00
O0015644,C003223,S006,2026-07-12T18:01:00,WEB,COMPLETED,6622.44,2026-07-12T18:01:00
O0015645,C001093,S003,2026-07-10T10:51:00,WEB,COMPLETED,83481.92,2026-07-10T10:51:00
O0015646,C004637,S001,2026-07-13T03:10:00,STORE,COMPLETED,200582.31,2026-07-13T03:10:00
O0015647,C003806,S014,2026-07-11T19:49:00,WEB,COMPLETED,12272.36,2026-07-11T19:49:00
O0015648,C004290,S018,2026-07-10T00:07:00,WEB,COMPLETED,149257.92,2026-07-10T00:07:00
O0015649,C000238,S003,2026-07-08T13:11:00,STORE,COMPLETED,20220.74,2026-07-08T13:11:00
O0015650,C003600,S010,2026-07-13T17:03:00,WEB,COMPLETED,19268.97,2026-07-13T17:03:00
O0015651,C001917,S012,2026-07-13T10:59:00,WEB,COMPLETED,27972.56,2026-07-13T10:59:00
O0015652,C003056,S011,2026-07-10T07:14:00,STORE,COMPLETED,40274.02,2026-07-10T07:14:00
O0015653,C003986,S020,2026-07-09T15:57:00,MOBILE,COMPLETED,98829.73,2026-07-09T15:57:00
O0015654,C001963,S023,2026-07-11T18:30:00,WEB,COMPLETED,205845.08,2026-07-11T18:30:00
O0015655,C000227,S006,2026-07-12T03:18:00,STORE,COMPLETED,38937.26,2026-07-12T03:18:00
O0015656,C003465,S009,2026-07-08T19:07:00,MOBILE,COMPLETED,44963.97,2026-07-08T19:07:00
O0015657,C002551,S019,2026-07-08T14:37:00,WEB,COMPLETED,76025.51,2026-07-08T14:37:00
O0015658,C003389,S021,2026-07-12T19:17:00,MOBILE,COMPLETED,150557.88,2026-07-12T19:17:00
O0015659,C002944,S025,2026-07-12T18:49:00,WEB,COMPLETED,159644.27,2026-07-12T18:49:00
O0015660,C004563,S001,2026-07-09T00:43:00,STORE,COMPLETED,72257.91,2026-07-09T00:43:00
O0015661,C001507,S010,2026-07-10T12:30:00,STORE,COMPLETED,12851.99,2026-07-10T12:30:00
O0015662,C000624,S013,2026-07-10T21:03:00,STORE,COMPLETED,207915.96,2026-07-10T21:03:00
O0015663,C002045,S014,2026-07-10T02:33:00,STORE,COMPLETED,98795.92,2026-07-10T02:33:00
O0015664,C002363,S019,2026-07-08T16:53:00,WEB,COMPLETED,44059.96,2026-07-08T16:53:00
O0015665,C000135,S021,2026-07-11T21:22:00,WEB,COMPLETED,129598.72,2026-07-11T21:22:00
O0015666,C003358,S020,2026-07-11T00:56:00,MOBILE,COMPLETED,55913.16,2026-07-11T00:56:00
O0015667,C000405,S001,2026-07-11T14:43:00,WEB,COMPLETED,24759.98,2026-07-11T14:43:00
O0015668,C000138,S022,2026-07-09T03:08:00,WEB,COMPLETED,101677.51,2026-07-09T03:08:00
O0015669,C001148,S025,2026-07-10T10:47:00,WEB,COMPLETED,173961.64,2026-07-10T10:47:00
O0015670,C003338,S005,2026-07-13T11:50:00,MOBILE,COMPLETED,107415.70,2026-07-13T11:50:00
O0015671,C002165,S001,2026-07-12T16:59:00,STORE,COMPLETED,24518.66,2026-07-12T16:59:00
O0015672,C005116,S021,2026-07-11T10:18:00,WEB,COMPLETED,65448.80,2026-07-11T10:18:00
O0015673,C003505,S014,2026-07-13T14:05:00,MOBILE,COMPLETED,166683.59,2026-07-13T14:05:00
O0015674,C001386,S021,2026-07-12T19:51:00,WEB,COMPLETED,26951.98,2026-07-12T19:51:00
O0015675,C001868,S012,2026-07-09T06:44:00,WEB,COMPLETED,149375.00,2026-07-09T06:44:00
O0015676,C000571,S006,2026-07-13T05:06:00,MOBILE,COMPLETED,123304.21,2026-07-13T05:06:00
O0015677,C003717,S014,2026-07-09T12:01:00,STORE,COMPLETED,908.09,2026-07-09T12:01:00
O0015678,C000399,S019,2026-07-12T15:44:00,MOBILE,COMPLETED,135179.69,2026-07-12T15:44:00
O0015679,C002766,S001,2026-07-10T05:52:00,STORE,COMPLETED,115297.70,2026-07-10T05:52:00
O0015680,C000410,S020,2026-07-09T09:57:00,WEB,COMPLETED,107145.89,2026-07-09T09:57:00
O0015681,C003264,S009,2026-07-13T21:29:00,MOBILE,COMPLETED,97502.15,2026-07-13T21:29:00
O0015682,C004923,S007,2026-07-12T18:10:00,STORE,COMPLETED,101014.08,2026-07-12T18:10:00
O0015683,C002413,S022,2026-07-13T15:49:00,WEB,COMPLETED,71987.96,2026-07-13T15:49:00
O0015684,C003776,S012,2026-07-12T15:36:00,WEB,COMPLETED,56872.97,2026-07-12T15:36:00
O0015685,C002528,S009,2026-07-11T20:01:00,MOBILE,COMPLETED,31944.56,2026-07-11T20:01:00
O0015686,C000185,S020,2026-07-11T14:52:00,WEB,COMPLETED,75140.69,2026-07-11T14:52:00
O0015687,C003394,S012,2026-07-11T20:58:00,MOBILE,COMPLETED,62468.96,2026-07-11T20:58:00
O0015688,C003810,S013,2026-07-10T20:50:00,MOBILE,COMPLETED,45448.92,2026-07-10T20:50:00
O0015689,C002170,S003,2026-07-13T20:17:00,STORE,COMPLETED,71615.94,2026-07-13T20:17:00
O0015690,C000782,S003,2026-07-10T07:04:00,WEB,COMPLETED,59864.01,2026-07-10T07:04:00
O0015691,C003433,S006,2026-07-11T11:57:00,WEB,COMPLETED,97349.72,2026-07-11T11:57:00
O0015692,C000133,S001,2026-07-08T12:03:00,STORE,COMPLETED,38250.97,2026-07-08T12:03:00
O0015693,C003637,S008,2026-07-12T19:12:00,MOBILE,COMPLETED,143170.89,2026-07-12T19:12:00
O0015694,C001740,S005,2026-07-08T10:09:00,WEB,COMPLETED,100277.31,2026-07-08T10:09:00
O0015695,C004850,S023,2026-07-12T22:06:00,STORE,COMPLETED,161700.58,2026-07-12T22:06:00
O0015696,C002701,S015,2026-07-08T21:57:00,STORE,COMPLETED,49726.30,2026-07-08T21:57:00
O0015697,C002452,S024,2026-07-14T04:51:00,WEB,COMPLETED,32442.89,2026-07-14T04:51:00
O0015698,C000375,S010,2026-07-11T21:21:00,STORE,COMPLETED,165586.69,2026-07-11T21:21:00
O0015699,C003525,S025,2026-07-10T11:14:00,WEB,COMPLETED,9726.08,2026-07-10T11:14:00
O0015700,C000855,S003,2026-07-09T18:26:00,STORE,COMPLETED,51447.96,2026-07-09T18:26:00
O0015701,C003527,S006,2026-07-13T12:02:00,WEB,COMPLETED,31768.17,2026-07-13T12:02:00
O0015702,C002564,S004,2026-07-10T19:44:00,STORE,COMPLETED,12355.17,2026-07-10T19:44:00
O0015703,C000631,S003,2026-07-09T19:00:00,MOBILE,COMPLETED,122801.42,2026-07-09T19:00:00
O0015704,C002026,S014,2026-07-13T23:20:00,MOBILE,COMPLETED,82096.62,2026-07-13T23:20:00
O0015705,C001466,S003,2026-07-08T19:42:00,MOBILE,COMPLETED,85325.86,2026-07-08T19:42:00
O0015706,C000444,S003,2026-07-12T19:01:00,MOBILE,COMPLETED,76475.73,2026-07-12T19:01:00
O0015707,C003180,S011,2026-07-12T20:30:00,WEB,COMPLETED,169547.68,2026-07-12T20:30:00
O0015708,C004932,S002,2026-07-11T23:33:00,STORE,COMPLETED,84691.94,2026-07-11T23:33:00
O0015709,C001889,S013,2026-07-11T07:33:00,WEB,COMPLETED,123496.67,2026-07-11T07:33:00
O0015710,C000637,S013,2026-07-13T08:47:00,STORE,COMPLETED,90244.14,2026-07-13T08:47:00
O0015711,C001153,S011,2026-07-08T17:12:00,STORE,COMPLETED,55149.93,2026-07-08T17:12:00
O0015712,C002203,S005,2026-07-09T13:37:00,MOBILE,COMPLETED,131728.89,2026-07-09T13:37:00
O0015713,C003774,S023,2026-07-08T12:56:00,STORE,COMPLETED,37578.18,2026-07-08T12:56:00
O0015714,C001596,S003,2026-07-09T06:58:00,STORE,COMPLETED,43316.93,2026-07-09T06:58:00
O0015715,C004005,S022,2026-07-10T15:12:00,MOBILE,COMPLETED,106177.62,2026-07-10T15:12:00
O0015716,C004854,S019,2026-07-10T20:38:00,STORE,COMPLETED,41320.86,2026-07-10T20:38:00
O0015717,C002422,S014,2026-07-10T21:26:00,MOBILE,COMPLETED,129518.08,2026-07-10T21:26:00
O0015718,C000179,S006,2026-07-11T00:29:00,MOBILE,COMPLETED,120568.82,2026-07-11T00:29:00
O0015719,C002101,S012,2026-07-10T15:00:00,WEB,COMPLETED,77444.16,2026-07-10T15:00:00
O0015720,C004866,S005,2026-07-11T22:41:00,WEB,COMPLETED,113661.01,2026-07-11T22:41:00
O0015721,C003604,S001,2026-07-11T13:32:00,MOBILE,COMPLETED,55806.96,2026-07-11T13:32:00
O0015722,C001035,S017,2026-07-09T06:40:00,MOBILE,COMPLETED,15760.47,2026-07-09T06:40:00
O0015723,C004593,S020,2026-07-10T18:42:00,MOBILE,COMPLETED,55025.97,2026-07-10T18:42:00
O0015724,C002361,S013,2026-07-13T22:22:00,MOBILE,COMPLETED,48647.97,2026-07-13T22:22:00
O0015725,C002381,S005,2026-07-11T06:55:00,STORE,COMPLETED,78150.96,2026-07-11T06:55:00
O0015726,C002936,S010,2026-07-10T21:42:00,WEB,COMPLETED,165813.19,2026-07-10T21:42:00
O0015727,C003283,S007,2026-07-14T03:53:00,WEB,COMPLETED,120534.21,2026-07-14T03:53:00
O0015728,C003361,S006,2026-07-09T13:48:00,MOBILE,COMPLETED,200973.47,2026-07-09T13:48:00
O0015729,C002194,S001,2026-07-13T23:59:00,WEB,COMPLETED,141890.93,2026-07-13T23:59:00
O0015730,C002154,S007,2026-07-11T05:55:00,MOBILE,COMPLETED,40769.36,2026-07-11T05:55:00
O0015731,C000755,S021,2026-07-09T11:02:00,WEB,COMPLETED,34924.82,2026-07-09T11:02:00
O0015732,C005119,S006,2026-07-12T18:22:00,WEB,COMPLETED,213537.67,2026-07-12T18:22:00
O0015733,C004668,S015,2026-07-09T14:51:00,STORE,COMPLETED,40414.27,2026-07-09T14:51:00
O0015734,C002567,S020,2026-07-10T13:25:00,STORE,COMPLETED,15827.96,2026-07-10T13:25:00
O0015735,C003166,S011,2026-07-12T11:20:00,WEB,COMPLETED,119133.88,2026-07-12T11:20:00
O0015736,C002371,S012,2026-07-12T10:41:00,MOBILE,COMPLETED,63867.10,2026-07-12T10:41:00
O0015737,C000097,S014,2026-07-13T03:58:00,STORE,COMPLETED,96808.09,2026-07-13T03:58:00
O0015738,C004686,S002,2026-07-13T23:01:00,STORE,COMPLETED,78237.56,2026-07-13T23:01:00
O0015739,C004319,S001,2026-07-12T23:39:00,STORE,COMPLETED,164434.15,2026-07-12T23:39:00
O0015740,C000815,S012,2026-07-08T12:38:00,WEB,COMPLETED,96114.68,2026-07-08T12:38:00
O0015741,C004165,S024,2026-07-13T09:16:00,MOBILE,COMPLETED,83337.72,2026-07-13T09:16:00
O0015742,C002270,S019,2026-07-13T19:24:00,STORE,COMPLETED,151760.39,2026-07-13T19:24:00
O0015743,C001498,S008,2026-07-14T03:38:00,WEB,COMPLETED,146060.14,2026-07-14T03:38:00
O0015744,C004529,S015,2026-07-09T22:43:00,STORE,COMPLETED,60467.94,2026-07-09T22:43:00
O0015745,C002058,S017,2026-07-08T15:45:00,WEB,COMPLETED,165671.07,2026-07-08T15:45:00
O0015746,C000107,S017,2026-07-12T07:00:00,WEB,COMPLETED,71007.29,2026-07-12T07:00:00
O0015747,C001308,S008,2026-07-10T16:45:00,MOBILE,COMPLETED,73052.36,2026-07-10T16:45:00
O0015748,C001890,S021,2026-07-08T14:53:00,STORE,COMPLETED,140020.01,2026-07-08T14:53:00
O0015749,C001332,S005,2026-07-14T04:26:00,STORE,COMPLETED,160498.68,2026-07-14T04:26:00
O0015750,C000687,S013,2026-07-09T08:13:00,STORE,COMPLETED,84203.93,2026-07-09T08:13:00
O0015751,C000515,S020,2026-07-10T04:11:00,STORE,COMPLETED,54166.95,2026-07-10T04:11:00
O0015752,C004316,S008,2026-07-12T22:31:00,WEB,COMPLETED,22895.74,2026-07-12T22:31:00
O0015753,C004486,S007,2026-07-08T16:54:00,MOBILE,COMPLETED,70824.55,2026-07-08T16:54:00
O0015754,C004939,S016,2026-07-09T06:35:00,MOBILE,COMPLETED,27701.97,2026-07-09T06:35:00
O0015755,C000674,S002,2026-07-13T16:18:00,WEB,COMPLETED,98665.94,2026-07-13T16:18:00
O0015756,C004814,S016,2026-07-10T00:11:00,STORE,COMPLETED,99504.90,2026-07-10T00:11:00
O0015757,C003581,S025,2026-07-08T11:09:00,WEB,COMPLETED,189991.96,2026-07-08T11:09:00
O0015758,C004684,S017,2026-07-08T18:39:00,MOBILE,COMPLETED,8499.76,2026-07-08T18:39:00
O0015759,C005152,S024,2026-07-13T16:47:00,MOBILE,COMPLETED,94315.22,2026-07-13T16:47:00
O0015760,C005131,S004,2026-07-13T10:44:00,WEB,COMPLETED,10081.36,2026-07-13T10:44:00
O0015761,C002164,S009,2026-07-14T03:54:00,MOBILE,COMPLETED,73535.33,2026-07-14T03:54:00
O0015762,C003254,S014,2026-07-09T11:10:00,WEB,COMPLETED,122768.98,2026-07-09T11:10:00
O0015763,C000640,S014,2026-07-08T23:14:00,WEB,COMPLETED,54757.59,2026-07-08T23:14:00
O0015764,C004154,S002,2026-07-14T04:21:00,STORE,COMPLETED,54969.45,2026-07-14T04:21:00
O0015765,C004050,S009,2026-07-11T02:09:00,WEB,COMPLETED,118373.50,2026-07-11T02:09:00
O0015766,C005137,S024,2026-07-09T20:36:00,WEB,COMPLETED,16391.97,2026-07-09T20:36:00
O0015767,C000002,S019,2026-07-10T14:19:00,WEB,COMPLETED,103632.69,2026-07-10T14:19:00
O0015768,C004922,S005,2026-07-14T07:50:00,WEB,COMPLETED,27367.98,2026-07-14T07:50:00
O0015769,C004206,S003,2026-07-14T06:52:00,STORE,COMPLETED,126714.66,2026-07-14T06:52:00
O0015770,C000320,S019,2026-07-10T21:55:00,STORE,COMPLETED,163205.71,2026-07-10T21:55:00
O0015771,C004290,S003,2026-07-09T14:15:00,WEB,COMPLETED,30787.98,2026-07-09T14:15:00
O0015772,C000993,S004,2026-07-08T20:44:00,STORE,COMPLETED,139917.53,2026-07-08T20:44:00
O0015773,C000550,S006,2026-07-11T13:48:00,STORE,COMPLETED,28478.12,2026-07-11T13:48:00
O0015774,C002321,S023,2026-07-13T06:01:00,STORE,COMPLETED,128042.51,2026-07-13T06:01:00
O0015775,C004170,S025,2026-07-09T11:01:00,WEB,COMPLETED,120401.73,2026-07-09T11:01:00
O0015776,C002001,S025,2026-07-13T14:05:00,MOBILE,COMPLETED,31743.72,2026-07-13T14:05:00
O0015777,C004147,S024,2026-07-11T13:24:00,MOBILE,COMPLETED,56607.03,2026-07-11T13:24:00
O0015778,C003065,S015,2026-07-08T14:07:00,STORE,COMPLETED,165961.04,2026-07-08T14:07:00
O0015779,C001316,S015,2026-07-08T10:31:00,WEB,COMPLETED,44810.96,2026-07-08T10:31:00
O0015780,C001290,S001,2026-07-10T17:33:00,STORE,COMPLETED,16375.96,2026-07-10T17:33:00
O0015781,C004119,S002,2026-07-09T21:37:00,WEB,COMPLETED,19043.37,2026-07-09T21:37:00
O0015782,C001847,S019,2026-07-10T19:31:00,STORE,COMPLETED,11217.99,2026-07-10T19:31:00
O0015783,C001409,S023,2026-07-09T02:17:00,STORE,COMPLETED,146990.00,2026-07-09T02:17:00
O0015784,C004067,S010,2026-07-14T04:43:00,WEB,COMPLETED,63273.94,2026-07-14T04:43:00
O0015785,C000336,S004,2026-07-13T07:16:00,MOBILE,COMPLETED,36317.97,2026-07-13T07:16:00
O0015786,C003928,S025,2026-07-13T21:21:00,WEB,COMPLETED,48072.93,2026-07-13T21:21:00
O0015787,C004870,S021,2026-07-11T20:03:00,MOBILE,COMPLETED,91989.96,2026-07-11T20:03:00
O0015788,C003303,S025,2026-07-10T07:21:00,WEB,COMPLETED,34395.92,2026-07-10T07:21:00
O0015789,C004610,S006,2026-07-12T09:14:00,STORE,COMPLETED,19848.99,2026-07-12T09:14:00
O0015790,C003341,S016,2026-07-09T16:01:00,WEB,COMPLETED,13583.82,2026-07-09T16:01:00
O0015791,C004412,S025,2026-07-13T19:05:00,MOBILE,COMPLETED,170676.27,2026-07-13T19:05:00
O0015792,C004006,S025,2026-07-09T20:57:00,MOBILE,COMPLETED,41304.46,2026-07-09T20:57:00
O0015793,C000728,S015,2026-07-12T09:33:00,MOBILE,COMPLETED,69048.95,2026-07-12T09:33:00
O0015794,C002974,S016,2026-07-13T15:26:00,STORE,COMPLETED,187067.88,2026-07-13T15:26:00
O0015795,C004741,S015,2026-07-11T13:03:00,WEB,COMPLETED,126010.75,2026-07-11T13:03:00
O0015796,C004161,S001,2026-07-10T18:53:00,MOBILE,COMPLETED,69121.90,2026-07-10T18:53:00
O0015797,C000286,S014,2026-07-09T07:27:00,WEB,COMPLETED,247231.85,2026-07-09T07:27:00
O0015798,C002315,S015,2026-07-12T04:11:00,WEB,COMPLETED,128392.53,2026-07-12T04:11:00
O0015799,C002114,S013,2026-07-08T14:10:00,WEB,COMPLETED,58121.72,2026-07-08T14:10:00
O0015800,C001613,S009,2026-07-11T16:08:00,WEB,COMPLETED,79279.36,2026-07-11T16:08:00
O0015801,C003730,S018,2026-07-09T04:36:00,STORE,COMPLETED,3408.99,2026-07-09T04:36:00
O0015802,C003080,S021,2026-07-10T00:34:00,STORE,COMPLETED,12845.98,2026-07-10T00:34:00
O0015803,C000764,S010,2026-07-13T09:46:00,WEB,COMPLETED,37857.27,2026-07-13T09:46:00
O0015804,C003171,S019,2026-07-11T02:18:00,WEB,COMPLETED,47052.95,2026-07-11T02:18:00
O0015805,C002804,S014,2026-07-11T20:16:00,WEB,COMPLETED,40055.78,2026-07-11T20:16:00
O0015806,C003798,S018,2026-07-14T00:59:00,STORE,COMPLETED,131838.61,2026-07-14T00:59:00
O0015807,C004459,S014,2026-07-10T02:56:00,STORE,COMPLETED,37637.98,2026-07-10T02:56:00
O0015808,C001334,S011,2026-07-09T17:27:00,WEB,COMPLETED,89807.96,2026-07-09T17:27:00
O0015809,C000361,S014,2026-07-11T07:15:00,STORE,COMPLETED,88671.10,2026-07-11T07:15:00
O0015810,C003927,S011,2026-07-12T06:09:00,MOBILE,COMPLETED,57585.94,2026-07-12T06:09:00
O0015811,C001669,S017,2026-07-09T05:38:00,WEB,COMPLETED,60550.96,2026-07-09T05:38:00
O0015812,C000882,S009,2026-07-11T07:56:00,WEB,COMPLETED,93647.48,2026-07-11T07:56:00
O0015813,C005106,S005,2026-07-12T11:18:00,STORE,COMPLETED,50707.43,2026-07-12T11:18:00
O0015814,C001055,S018,2026-07-13T12:24:00,MOBILE,COMPLETED,88154.41,2026-07-13T12:24:00
O0015815,C003176,S022,2026-07-13T19:57:00,STORE,COMPLETED,26998.26,2026-07-13T19:57:00
O0015816,C003124,S011,2026-07-11T22:31:00,MOBILE,COMPLETED,73744.91,2026-07-11T22:31:00
O0015817,C003645,S009,2026-07-13T21:02:00,STORE,COMPLETED,83084.42,2026-07-13T21:02:00
O0015818,C002545,S004,2026-07-11T10:28:00,STORE,COMPLETED,106278.09,2026-07-11T10:28:00
O0015819,C003080,S005,2026-07-12T06:14:00,WEB,COMPLETED,23238.76,2026-07-12T06:14:00
O0015820,C001166,S023,2026-07-09T05:00:00,WEB,COMPLETED,49302.15,2026-07-09T05:00:00
O0015821,C004927,S006,2026-07-13T23:01:00,STORE,COMPLETED,52339.57,2026-07-13T23:01:00
O0015822,C004505,S002,2026-07-10T05:12:00,STORE,COMPLETED,71813.51,2026-07-10T05:12:00
O0015823,C001375,S003,2026-07-09T12:50:00,STORE,COMPLETED,81521.78,2026-07-09T12:50:00
O0015824,C003661,S021,2026-07-09T01:06:00,WEB,COMPLETED,82051.92,2026-07-09T01:06:00
O0015825,C001245,S012,2026-07-11T11:27:00,WEB,COMPLETED,15724.38,2026-07-11T11:27:00
O0015826,C002350,S008,2026-07-13T18:40:00,MOBILE,COMPLETED,212440.49,2026-07-13T18:40:00
O0015827,C002215,S020,2026-07-10T21:55:00,WEB,COMPLETED,6148.99,2026-07-10T21:55:00
O0015828,C002608,S022,2026-07-13T05:20:00,STORE,COMPLETED,11037.08,2026-07-13T05:20:00
O0015829,C003472,S002,2026-07-12T00:54:00,MOBILE,COMPLETED,116343.21,2026-07-12T00:54:00
O0015830,C004527,S013,2026-07-12T17:44:00,STORE,COMPLETED,65051.31,2026-07-12T17:44:00
O0015831,C000329,S021,2026-07-13T08:56:00,MOBILE,COMPLETED,192272.36,2026-07-13T08:56:00
O0015832,C004944,S019,2026-07-13T15:10:00,WEB,COMPLETED,107991.94,2026-07-13T15:10:00
O0015833,C000178,S004,2026-07-13T00:15:00,STORE,COMPLETED,32755.97,2026-07-13T00:15:00
O0015834,C001243,S022,2026-07-14T00:35:00,STORE,COMPLETED,59359.88,2026-07-14T00:35:00
O0015835,C002391,S015,2026-07-08T09:00:00,MOBILE,COMPLETED,64725.73,2026-07-08T09:00:00
O0015836,C002456,S025,2026-07-12T07:34:00,MOBILE,COMPLETED,33079.96,2026-07-12T07:34:00
O0015837,C001616,S019,2026-07-13T10:07:00,STORE,COMPLETED,126502.72,2026-07-13T10:07:00
O0015838,C002448,S017,2026-07-14T01:42:00,STORE,COMPLETED,101154.66,2026-07-14T01:42:00
O0015839,C001250,S023,2026-07-12T12:10:00,WEB,COMPLETED,81979.50,2026-07-12T12:10:00
O0015840,C003300,S005,2026-07-09T02:02:00,WEB,COMPLETED,82495.41,2026-07-09T02:02:00
O0015841,C004147,S010,2026-07-13T19:11:00,WEB,COMPLETED,173432.48,2026-07-13T19:11:00
O0015842,C003368,S008,2026-07-13T20:58:00,WEB,COMPLETED,96918.59,2026-07-13T20:58:00
O0015843,C003855,S018,2026-07-10T20:30:00,MOBILE,COMPLETED,107703.87,2026-07-10T20:30:00
O0015844,C000631,S014,2026-07-14T01:59:00,WEB,COMPLETED,138377.19,2026-07-14T01:59:00
O0015845,C003857,S022,2026-07-08T17:23:00,MOBILE,COMPLETED,72896.97,2026-07-08T17:23:00
O0015846,C004461,S013,2026-07-11T21:47:00,MOBILE,COMPLETED,2926.99,2026-07-11T21:47:00
O0015847,C002437,S018,2026-07-08T11:36:00,STORE,COMPLETED,88837.95,2026-07-08T11:36:00
O0015848,C005056,S009,2026-07-12T20:46:00,WEB,COMPLETED,168693.29,2026-07-12T20:46:00
O0015849,C004445,S019,2026-07-13T04:45:00,STORE,COMPLETED,47327.96,2026-07-13T04:45:00
O0015850,C001738,S014,2026-07-13T02:20:00,MOBILE,COMPLETED,74107.59,2026-07-13T02:20:00
O0015851,C000103,S014,2026-07-10T07:56:00,STORE,COMPLETED,146476.07,2026-07-10T07:56:00
O0015852,C003791,S016,2026-07-09T22:20:00,WEB,COMPLETED,107443.94,2026-07-09T22:20:00
O0015853,C003836,S014,2026-07-09T19:44:00,WEB,COMPLETED,139085.37,2026-07-09T19:44:00
O0015854,C004249,S023,2026-07-13T00:11:00,MOBILE,COMPLETED,112983.38,2026-07-13T00:11:00
O0015855,C002187,S017,2026-07-12T04:43:00,MOBILE,COMPLETED,66700.94,2026-07-12T04:43:00
O0015856,C003005,S023,2026-07-11T04:25:00,MOBILE,COMPLETED,211992.97,2026-07-11T04:25:00
O0015857,C001389,S021,2026-07-14T02:27:00,WEB,COMPLETED,89776.40,2026-07-14T02:27:00
O0015858,C001619,S019,2026-07-10T03:13:00,MOBILE,COMPLETED,137190.91,2026-07-10T03:13:00
O0015859,C000106,S019,2026-07-12T05:24:00,STORE,COMPLETED,103693.19,2026-07-12T05:24:00
O0015860,C002107,S007,2026-07-12T07:09:00,STORE,COMPLETED,186670.88,2026-07-12T07:09:00
O0015861,C003592,S004,2026-07-09T12:29:00,MOBILE,COMPLETED,108830.21,2026-07-09T12:29:00
O0015862,C005047,S007,2026-07-09T23:09:00,MOBILE,COMPLETED,65347.92,2026-07-09T23:09:00
O0015863,C003597,S013,2026-07-10T07:00:00,MOBILE,COMPLETED,32666.06,2026-07-10T07:00:00
O0015864,C001882,S021,2026-07-13T21:46:00,WEB,COMPLETED,163279.89,2026-07-13T21:46:00
O0015865,C001806,S011,2026-07-13T04:49:00,WEB,COMPLETED,90891.92,2026-07-13T04:49:00
O0015866,C003274,S002,2026-07-08T20:58:00,WEB,COMPLETED,78944.12,2026-07-08T20:58:00
O0015867,C004111,S007,2026-07-10T16:53:00,STORE,COMPLETED,75921.92,2026-07-10T16:53:00
O0015868,C001843,S017,2026-07-14T06:47:00,WEB,COMPLETED,28165.88,2026-07-14T06:47:00
O0015869,C000412,S011,2026-07-08T09:45:00,MOBILE,COMPLETED,86347.02,2026-07-08T09:45:00
O0015870,C004432,S006,2026-07-14T04:04:00,STORE,COMPLETED,31195.56,2026-07-14T04:04:00
O0015871,C003768,S006,2026-07-12T15:21:00,MOBILE,COMPLETED,189241.86,2026-07-12T15:21:00
O0015872,C002499,S015,2026-07-14T06:56:00,WEB,COMPLETED,1611.98,2026-07-14T06:56:00
O0015873,C001043,S002,2026-07-13T11:35:00,MOBILE,COMPLETED,56722.17,2026-07-13T11:35:00
O0015874,C002743,S020,2026-07-10T03:35:00,STORE,COMPLETED,980.36,2026-07-10T03:35:00
O0015875,C000775,S013,2026-07-14T02:55:00,MOBILE,COMPLETED,154288.23,2026-07-14T02:55:00
O0015876,C002343,S020,2026-07-10T09:52:00,MOBILE,COMPLETED,14642.99,2026-07-10T09:52:00
O0015877,C002416,S009,2026-07-10T00:00:00,WEB,COMPLETED,93359.96,2026-07-10T00:00:00
O0015878,C004248,S011,2026-07-10T04:37:00,WEB,COMPLETED,194335.82,2026-07-10T04:37:00
O0015879,C002532,S015,2026-07-08T09:44:00,MOBILE,COMPLETED,19586.27,2026-07-08T09:44:00
O0015880,C004665,S017,2026-07-12T21:58:00,MOBILE,COMPLETED,120652.72,2026-07-12T21:58:00
O0015881,C003291,S023,2026-07-12T19:57:00,STORE,COMPLETED,57245.74,2026-07-12T19:57:00
O0015882,C002145,S010,2026-07-10T18:49:00,STORE,COMPLETED,94387.53,2026-07-10T18:49:00
O0015883,C003513,S010,2026-07-13T21:01:00,MOBILE,COMPLETED,38640.96,2026-07-13T21:01:00
O0015884,C002994,S024,2026-07-11T10:05:00,WEB,COMPLETED,47917.98,2026-07-11T10:05:00
O0015885,C001149,S012,2026-07-09T05:21:00,STORE,COMPLETED,45572.97,2026-07-09T05:21:00
O0015886,C005044,S025,2026-07-11T00:50:00,WEB,COMPLETED,92582.27,2026-07-11T00:50:00
O0015887,C002815,S023,2026-07-09T17:24:00,MOBILE,COMPLETED,4707.99,2026-07-09T17:24:00
O0015888,C004813,S022,2026-07-11T22:26:00,STORE,COMPLETED,130318.37,2026-07-11T22:26:00
O0015889,C002460,S008,2026-07-14T00:57:00,MOBILE,COMPLETED,49287.98,2026-07-14T00:57:00
O0015890,C000230,S013,2026-07-08T16:42:00,STORE,COMPLETED,66488.91,2026-07-08T16:42:00
O0015891,C001114,S016,2026-07-14T04:20:00,STORE,COMPLETED,36599.44,2026-07-14T04:20:00
O0015892,C004342,S007,2026-07-13T05:55:00,MOBILE,COMPLETED,89719.94,2026-07-13T05:55:00
O0015893,C002731,S008,2026-07-12T11:39:00,STORE,COMPLETED,81945.93,2026-07-12T11:39:00
O0015894,C000278,S001,2026-07-12T01:54:00,MOBILE,COMPLETED,21799.78,2026-07-12T01:54:00
O0015895,C000587,S023,2026-07-09T22:59:00,STORE,COMPLETED,174832.22,2026-07-09T22:59:00
O0015896,C002467,S012,2026-07-09T13:47:00,STORE,COMPLETED,9013.39,2026-07-09T13:47:00
O0015897,C000001,S007,2026-07-10T21:56:00,MOBILE,COMPLETED,55415.96,2026-07-10T21:56:00
O0015898,C002182,S025,2026-07-12T07:35:00,MOBILE,COMPLETED,47357.33,2026-07-12T07:35:00
O0015899,C004761,S004,2026-07-13T15:20:00,MOBILE,COMPLETED,95239.11,2026-07-13T15:20:00
O0015900,C004790,S019,2026-07-12T20:31:00,STORE,COMPLETED,49073.97,2026-07-12T20:31:00
O0015901,C005200,S022,2026-07-11T10:19:00,MOBILE,COMPLETED,49437.95,2026-07-11T10:19:00
O0015902,C002656,S025,2026-07-11T01:43:00,STORE,COMPLETED,47877.06,2026-07-11T01:43:00
O0015903,C000063,S009,2026-07-10T12:21:00,STORE,COMPLETED,5513.79,2026-07-10T12:21:00
O0015904,C004038,S007,2026-07-11T15:53:00,WEB,COMPLETED,78245.92,2026-07-11T15:53:00
O0015905,C002783,S011,2026-07-08T15:12:00,MOBILE,COMPLETED,28695.58,2026-07-08T15:12:00
O0015906,C004909,S014,2026-07-09T17:01:00,STORE,COMPLETED,68715.92,2026-07-09T17:01:00
O0015907,C002857,S025,2026-07-08T21:46:00,STORE,COMPLETED,131096.50,2026-07-08T21:46:00
O0015908,C003764,S010,2026-07-14T05:25:00,MOBILE,COMPLETED,31415.39,2026-07-14T05:25:00
O0015909,C001700,S024,2026-07-13T06:59:00,WEB,COMPLETED,126119.40,2026-07-13T06:59:00
O0015910,C002045,S002,2026-07-08T22:30:00,WEB,COMPLETED,56422.76,2026-07-08T22:30:00
O0015911,C003145,S003,2026-07-13T18:14:00,WEB,COMPLETED,24849.77,2026-07-13T18:14:00
O0015912,C000003,S012,2026-07-08T23:02:00,WEB,COMPLETED,125299.88,2026-07-08T23:02:00
O0015913,C002706,S013,2026-07-12T12:49:00,MOBILE,COMPLETED,56647.95,2026-07-12T12:49:00
O0015914,C001761,S021,2026-07-12T17:25:00,WEB,COMPLETED,16443.89,2026-07-12T17:25:00
O0015915,C005203,S003,2026-07-10T13:40:00,WEB,COMPLETED,109976.03,2026-07-10T13:40:00
O0015916,C004469,S015,2026-07-11T15:50:00,MOBILE,COMPLETED,27367.98,2026-07-11T15:50:00
O0015917,C004705,S003,2026-07-12T01:36:00,STORE,COMPLETED,78756.38,2026-07-12T01:36:00
O0015918,C000192,S005,2026-07-13T04:05:00,MOBILE,COMPLETED,52133.95,2026-07-13T04:05:00
O0015919,C000240,S001,2026-07-11T12:13:00,STORE,COMPLETED,86479.14,2026-07-11T12:13:00
O0015920,C003897,S016,2026-07-08T08:22:00,MOBILE,COMPLETED,69252.12,2026-07-08T08:22:00
O0015921,C004576,S019,2026-07-09T19:18:00,WEB,COMPLETED,51339.62,2026-07-09T19:18:00
O0015922,C001787,S014,2026-07-11T14:43:00,WEB,COMPLETED,34897.98,2026-07-11T14:43:00
O0015923,C000870,S017,2026-07-13T21:10:00,MOBILE,COMPLETED,40041.21,2026-07-13T21:10:00
O0015924,C004613,S020,2026-07-13T00:43:00,WEB,COMPLETED,4035.96,2026-07-13T00:43:00
O0015925,C002209,S024,2026-07-12T11:24:00,MOBILE,COMPLETED,159046.19,2026-07-12T11:24:00
O0015926,C002682,S002,2026-07-12T16:52:00,MOBILE,COMPLETED,159459.99,2026-07-12T16:52:00
O0015927,C000381,S003,2026-07-10T13:41:00,STORE,COMPLETED,141895.35,2026-07-10T13:41:00
O0015928,C003364,S007,2026-07-12T09:56:00,WEB,COMPLETED,213850.47,2026-07-12T09:56:00
O0015929,C003785,S002,2026-07-13T18:31:00,WEB,COMPLETED,85167.93,2026-07-13T18:31:00
O0015930,C002339,S021,2026-07-08T12:31:00,MOBILE,COMPLETED,232670.56,2026-07-08T12:31:00
O0015931,C002406,S020,2026-07-13T14:06:00,WEB,COMPLETED,43524.55,2026-07-13T14:06:00
O0015932,C001139,S017,2026-07-12T21:38:00,MOBILE,COMPLETED,125102.89,2026-07-12T21:38:00
O0015933,C001988,S013,2026-07-13T03:03:00,STORE,COMPLETED,86777.66,2026-07-13T03:03:00
O0015934,C002780,S023,2026-07-09T08:28:00,STORE,COMPLETED,149673.88,2026-07-09T08:28:00
O0015935,C000817,S019,2026-07-11T18:10:00,WEB,COMPLETED,81946.71,2026-07-11T18:10:00
O0015936,C001278,S009,2026-07-08T21:31:00,WEB,COMPLETED,117997.89,2026-07-08T21:31:00
O0015937,C004781,S023,2026-07-12T13:15:00,MOBILE,COMPLETED,739.99,2026-07-12T13:15:00
O0015938,C004066,S005,2026-07-12T00:14:00,STORE,COMPLETED,58636.37,2026-07-12T00:14:00
O0015939,C004915,S024,2026-07-09T02:52:00,WEB,COMPLETED,113468.04,2026-07-09T02:52:00
O0015940,C002357,S001,2026-07-10T09:48:00,STORE,COMPLETED,164446.01,2026-07-10T09:48:00
O0015941,C004340,S014,2026-07-08T18:12:00,MOBILE,COMPLETED,7464.84,2026-07-08T18:12:00
O0015942,C004419,S010,2026-07-12T00:22:00,STORE,COMPLETED,62365.75,2026-07-12T00:22:00
O0015943,C000886,S018,2026-07-09T18:39:00,WEB,COMPLETED,113919.14,2026-07-09T18:39:00
O0015944,C004446,S020,2026-07-13T18:04:00,MOBILE,COMPLETED,156430.40,2026-07-13T18:04:00
O0015945,C005147,S015,2026-07-09T14:03:00,WEB,COMPLETED,65402.74,2026-07-09T14:03:00
O0015946,C004895,S024,2026-07-14T03:41:00,MOBILE,COMPLETED,79722.32,2026-07-14T03:41:00
O0015947,C003964,S018,2026-07-09T03:15:00,MOBILE,COMPLETED,129200.56,2026-07-09T03:15:00
O0015948,C001057,S005,2026-07-13T00:04:00,WEB,COMPLETED,35171.98,2026-07-13T00:04:00
O0015949,C000916,S010,2026-07-11T13:23:00,STORE,COMPLETED,29261.63,2026-07-11T13:23:00
O0015950,C003863,S004,2026-07-08T09:18:00,MOBILE,COMPLETED,148195.90,2026-07-08T09:18:00
O0015951,C001033,S018,2026-07-10T06:38:00,WEB,COMPLETED,107601.67,2026-07-10T06:38:00
O0015952,C005092,S013,2026-07-11T15:50:00,WEB,COMPLETED,6437.16,2026-07-11T15:50:00
O0015953,C003780,S010,2026-07-12T19:08:00,STORE,COMPLETED,93438.60,2026-07-12T19:08:00
O0015954,C004503,S017,2026-07-08T21:39:00,MOBILE,COMPLETED,53158.30,2026-07-08T21:39:00
O0015955,C003372,S005,2026-07-12T08:43:00,WEB,COMPLETED,56993.96,2026-07-12T08:43:00
O0015956,C001243,S010,2026-07-09T10:45:00,WEB,COMPLETED,25894.13,2026-07-09T10:45:00
O0015957,C003264,S016,2026-07-09T23:05:00,WEB,COMPLETED,22490.28,2026-07-09T23:05:00
O0015958,C002584,S024,2026-07-10T04:00:00,MOBILE,COMPLETED,85807.74,2026-07-10T04:00:00
O0015959,C004460,S014,2026-07-08T19:36:00,STORE,COMPLETED,67703.10,2026-07-08T19:36:00
O0015960,C001148,S019,2026-07-11T02:33:00,WEB,COMPLETED,12790.99,2026-07-11T02:33:00
O0015961,C001694,S005,2026-07-12T05:34:00,WEB,COMPLETED,46777.36,2026-07-12T05:34:00
O0015962,C004870,S020,2026-07-13T08:23:00,WEB,COMPLETED,157670.52,2026-07-13T08:23:00
O0015963,C004172,S019,2026-07-10T15:36:00,MOBILE,COMPLETED,84798.00,2026-07-10T15:36:00
O0015964,C002440,S004,2026-07-09T07:13:00,WEB,COMPLETED,193663.52,2026-07-09T07:13:00
O0015965,C004894,S020,2026-07-13T11:05:00,WEB,COMPLETED,18219.91,2026-07-13T11:05:00
O0015966,C001406,S003,2026-07-09T05:10:00,STORE,COMPLETED,134982.90,2026-07-09T05:10:00
O0015967,C003160,S014,2026-07-08T11:51:00,WEB,COMPLETED,78190.76,2026-07-08T11:51:00
O0015968,C003810,S003,2026-07-09T22:34:00,STORE,COMPLETED,77451.95,2026-07-09T22:34:00
O0015969,C000483,S020,2026-07-12T14:24:00,WEB,COMPLETED,131536.91,2026-07-12T14:24:00
O0015970,C002101,S001,2026-07-09T13:54:00,STORE,COMPLETED,88453.52,2026-07-09T13:54:00
O0015971,C001238,S021,2026-07-10T06:03:00,MOBILE,COMPLETED,56775.74,2026-07-10T06:03:00
O0015972,C005182,S021,2026-07-09T19:31:00,STORE,COMPLETED,95893.14,2026-07-09T19:31:00
O0015973,C001759,S018,2026-07-12T22:59:00,STORE,COMPLETED,58143.35,2026-07-12T22:59:00
O0015974,C002423,S017,2026-07-08T17:23:00,MOBILE,COMPLETED,106738.94,2026-07-08T17:23:00
O0015975,C003370,S011,2026-07-12T02:41:00,STORE,COMPLETED,164168.90,2026-07-12T02:41:00
O0015976,C004367,S007,2026-07-14T07:40:00,WEB,COMPLETED,105183.72,2026-07-14T07:40:00
O0015977,C001028,S022,2026-07-12T01:41:00,STORE,COMPLETED,39504.34,2026-07-12T01:41:00
O0015978,C000823,S007,2026-07-11T02:09:00,MOBILE,COMPLETED,228734.57,2026-07-11T02:09:00
O0015979,C002781,S018,2026-07-11T00:55:00,STORE,COMPLETED,112089.45,2026-07-11T00:55:00
O0015980,C003326,S016,2026-07-14T03:07:00,STORE,COMPLETED,35621.96,2026-07-14T03:07:00
O0015981,C000632,S007,2026-07-12T21:06:00,WEB,COMPLETED,138522.88,2026-07-12T21:06:00
O0015982,C001557,S023,2026-07-10T18:17:00,MOBILE,COMPLETED,81803.30,2026-07-10T18:17:00
O0015983,C001523,S004,2026-07-11T20:18:00,STORE,COMPLETED,71796.00,2026-07-11T20:18:00
O0015984,C001060,S013,2026-07-12T17:13:00,MOBILE,COMPLETED,41114.17,2026-07-12T17:13:00
O0015985,C004202,S010,2026-07-13T14:26:00,MOBILE,COMPLETED,108221.90,2026-07-13T14:26:00
O0015986,C001585,S002,2026-07-08T20:26:00,MOBILE,COMPLETED,90635.60,2026-07-08T20:26:00
O0015987,C000783,S024,2026-07-13T09:10:00,MOBILE,COMPLETED,4238.94,2026-07-13T09:10:00
O0015988,C000385,S019,2026-07-13T08:51:00,STORE,COMPLETED,144353.42,2026-07-13T08:51:00
O0015989,C004362,S017,2026-07-13T14:14:00,WEB,COMPLETED,51963.46,2026-07-13T14:14:00
O0015990,C001524,S011,2026-07-11T08:10:00,STORE,COMPLETED,13725.56,2026-07-11T08:10:00
O0015991,C000754,S020,2026-07-11T22:47:00,MOBILE,COMPLETED,106405.90,2026-07-11T22:47:00
O0015992,C000589,S010,2026-07-10T05:17:00,STORE,COMPLETED,167843.92,2026-07-10T05:17:00
O0015993,C004940,S009,2026-07-12T09:09:00,WEB,COMPLETED,21838.17,2026-07-12T09:09:00
O0015994,C001049,S001,2026-07-11T12:11:00,MOBILE,COMPLETED,80729.75,2026-07-11T12:11:00
O0015995,C002773,S003,2026-07-11T22:12:00,STORE,COMPLETED,69454.47,2026-07-11T22:12:00
O0015996,C005041,S020,2026-07-13T10:00:00,MOBILE,COMPLETED,76102.82,2026-07-13T10:00:00
O0015997,C004999,S024,2026-07-11T17:10:00,WEB,COMPLETED,144276.21,2026-07-11T17:10:00
O0015998,C000623,S009,2026-07-09T12:56:00,WEB,COMPLETED,35692.96,2026-07-09T12:56:00
O0015999,C005030,S018,2026-07-09T03:09:00,STORE,COMPLETED,28750.95,2026-07-09T03:09:00
O0016000,C002903,S021,2026-07-13T23:43:00,MOBILE,COMPLETED,13787.11,2026-07-13T23:43:00
O0016001,C004033,S013,2026-07-13T20:17:00,WEB,COMPLETED,54174.49,2026-07-13T20:17:00
O0016002,C000567,S008,2026-07-12T08:49:00,MOBILE,COMPLETED,81128.53,2026-07-12T08:49:00
O0016003,C002867,S017,2026-07-10T00:45:00,MOBILE,COMPLETED,140453.44,2026-07-10T00:45:00
O0016004,C004361,S024,2026-07-10T07:21:00,STORE,COMPLETED,57950.05,2026-07-10T07:21:00
O0016005,C003453,S018,2026-07-08T18:07:00,STORE,COMPLETED,116506.12,2026-07-08T18:07:00
O0016006,C004901,S016,2026-07-12T06:58:00,MOBILE,COMPLETED,17227.29,2026-07-12T06:58:00
O0016007,C002304,S001,2026-07-11T05:49:00,STORE,COMPLETED,43170.02,2026-07-11T05:49:00
O0016008,C004978,S023,2026-07-11T00:32:00,MOBILE,COMPLETED,30506.46,2026-07-11T00:32:00
O0016009,C002520,S025,2026-07-11T16:05:00,MOBILE,COMPLETED,161417.61,2026-07-11T16:05:00
O0016010,C001334,S001,2026-07-10T18:01:00,STORE,COMPLETED,71493.85,2026-07-10T18:01:00
O0016011,C001595,S019,2026-07-09T05:30:00,MOBILE,COMPLETED,154708.10,2026-07-09T05:30:00
O0016012,C003181,S014,2026-07-09T08:10:00,STORE,COMPLETED,6488.99,2026-07-09T08:10:00
O0016013,C003135,S021,2026-07-08T22:22:00,STORE,COMPLETED,102555.23,2026-07-08T22:22:00
O0016014,C004890,S005,2026-07-09T15:00:00,MOBILE,COMPLETED,41000.41,2026-07-09T15:00:00
O0016015,C005220,S005,2026-07-13T21:07:00,WEB,COMPLETED,152174.62,2026-07-13T21:07:00
O0016016,C002090,S006,2026-07-09T19:06:00,MOBILE,COMPLETED,77889.05,2026-07-09T19:06:00
O0016017,C001874,S013,2026-07-08T22:20:00,STORE,COMPLETED,52095.94,2026-07-08T22:20:00
O0016018,C002067,S021,2026-07-11T12:10:00,WEB,COMPLETED,114269.06,2026-07-11T12:10:00
O0016019,C002238,S015,2026-07-11T01:49:00,MOBILE,COMPLETED,66993.51,2026-07-11T01:49:00
O0016020,C003482,S021,2026-07-10T21:41:00,STORE,COMPLETED,140486.51,2026-07-10T21:41:00
O0016021,C003857,S007,2026-07-08T22:18:00,MOBILE,COMPLETED,169765.90,2026-07-08T22:18:00
O0016022,C002864,S012,2026-07-11T10:50:00,STORE,COMPLETED,88067.13,2026-07-11T10:50:00
O0016023,C000237,S015,2026-07-08T12:52:00,MOBILE,COMPLETED,49809.55,2026-07-08T12:52:00
O0016024,C004665,S002,2026-07-12T05:26:00,WEB,COMPLETED,40470.17,2026-07-12T05:26:00
O0016025,C000904,S013,2026-07-09T14:45:00,STORE,COMPLETED,101768.72,2026-07-09T14:45:00
O0016026,C002066,S010,2026-07-10T16:26:00,WEB,COMPLETED,78047.80,2026-07-10T16:26:00
O0016027,C001294,S009,2026-07-13T23:12:00,STORE,COMPLETED,1031.96,2026-07-13T23:12:00
O0016028,C002721,S013,2026-07-11T03:06:00,STORE,COMPLETED,120084.79,2026-07-11T03:06:00
O0016029,C004195,S011,2026-07-11T07:31:00,STORE,COMPLETED,96504.95,2026-07-11T07:31:00
O0016030,C002023,S024,2026-07-12T04:22:00,WEB,COMPLETED,106380.71,2026-07-12T04:22:00
O0016031,C004416,S018,2026-07-12T10:05:00,MOBILE,COMPLETED,66909.91,2026-07-12T10:05:00
O0016032,C002544,S017,2026-07-08T10:36:00,WEB,COMPLETED,205692.82,2026-07-08T10:36:00
O0016033,C000493,S006,2026-07-11T13:02:00,STORE,COMPLETED,21481.98,2026-07-11T13:02:00
O0016034,C004079,S010,2026-07-11T17:55:00,WEB,COMPLETED,106675.82,2026-07-11T17:55:00
O0016035,C003818,S004,2026-07-09T22:50:00,WEB,COMPLETED,40405.95,2026-07-09T22:50:00
O0016036,C003919,S025,2026-07-13T14:41:00,MOBILE,COMPLETED,154052.32,2026-07-13T14:41:00
O0016037,C000312,S001,2026-07-08T19:07:00,MOBILE,COMPLETED,33653.97,2026-07-08T19:07:00
O0016038,C003010,S014,2026-07-11T20:58:00,MOBILE,COMPLETED,179458.12,2026-07-11T20:58:00
O0016039,C002304,S016,2026-07-13T12:40:00,MOBILE,COMPLETED,77249.52,2026-07-13T12:40:00
O0016040,C001509,S009,2026-07-12T19:50:00,WEB,COMPLETED,98358.69,2026-07-12T19:50:00
O0016041,C002398,S003,2026-07-08T21:42:00,STORE,COMPLETED,83779.96,2026-07-08T21:42:00
O0016042,C005015,S006,2026-07-11T05:55:00,WEB,COMPLETED,64226.93,2026-07-11T05:55:00
O0016043,C003334,S002,2026-07-09T20:17:00,WEB,COMPLETED,66969.39,2026-07-09T20:17:00
O0016044,C003047,S021,2026-07-11T13:51:00,WEB,COMPLETED,20475.96,2026-07-11T13:51:00
O0016045,C001225,S003,2026-07-10T21:07:00,WEB,COMPLETED,124193.88,2026-07-10T21:07:00
O0016046,C001752,S002,2026-07-11T11:36:00,MOBILE,COMPLETED,180156.27,2026-07-11T11:36:00
O0016047,C002593,S009,2026-07-09T21:58:00,STORE,COMPLETED,78201.78,2026-07-09T21:58:00
O0016048,C003887,S011,2026-07-09T03:08:00,STORE,COMPLETED,156087.10,2026-07-09T03:08:00
O0016049,C000819,S007,2026-07-10T01:43:00,WEB,COMPLETED,52906.93,2026-07-10T01:43:00
O0016050,C002394,S011,2026-07-13T16:14:00,MOBILE,COMPLETED,65916.63,2026-07-13T16:14:00
O0016051,C003416,S005,2026-07-12T19:18:00,STORE,COMPLETED,164070.22,2026-07-12T19:18:00
O0016052,C000450,S017,2026-07-11T13:01:00,MOBILE,COMPLETED,23215.96,2026-07-11T13:01:00
O0016053,C003716,S016,2026-07-10T21:18:00,MOBILE,COMPLETED,4472.97,2026-07-10T21:18:00
O0016054,C000674,S009,2026-07-08T21:00:00,MOBILE,COMPLETED,43849.93,2026-07-08T21:00:00
O0016055,C003059,S003,2026-07-09T09:24:00,MOBILE,COMPLETED,210564.03,2026-07-09T09:24:00
O0016056,C000462,S002,2026-07-08T13:25:00,STORE,COMPLETED,14347.98,2026-07-08T13:25:00
O0016057,C001636,S022,2026-07-11T05:22:00,STORE,COMPLETED,76908.95,2026-07-11T05:22:00
O0016058,C004942,S010,2026-07-10T19:06:00,MOBILE,COMPLETED,48427.33,2026-07-10T19:06:00
O0016059,C000859,S002,2026-07-08T12:32:00,WEB,COMPLETED,28297.91,2026-07-08T12:32:00
O0016060,C003982,S011,2026-07-11T18:37:00,STORE,COMPLETED,116223.03,2026-07-11T18:37:00
O0016061,C004931,S008,2026-07-10T00:15:00,MOBILE,COMPLETED,19140.88,2026-07-10T00:15:00
O0016062,C002935,S002,2026-07-08T14:34:00,STORE,COMPLETED,74160.61,2026-07-08T14:34:00
O0016063,C003178,S019,2026-07-10T06:43:00,MOBILE,COMPLETED,290229.02,2026-07-10T06:43:00
O0016064,C003369,S017,2026-07-13T09:23:00,STORE,COMPLETED,78797.40,2026-07-13T09:23:00
O0016065,C000367,S009,2026-07-13T19:39:00,STORE,COMPLETED,62855.99,2026-07-13T19:39:00
O0016066,C004076,S011,2026-07-11T15:07:00,STORE,COMPLETED,107025.13,2026-07-11T15:07:00
O0016067,C000490,S016,2026-07-11T16:47:00,MOBILE,COMPLETED,66265.32,2026-07-11T16:47:00
O0016068,C003818,S019,2026-07-11T07:57:00,MOBILE,COMPLETED,134196.00,2026-07-11T07:57:00
O0016069,C004769,S017,2026-07-14T02:12:00,STORE,COMPLETED,39498.97,2026-07-14T02:12:00
O0016070,C000262,S017,2026-07-13T04:29:00,STORE,COMPLETED,69695.75,2026-07-13T04:29:00
O0016071,C003568,S011,2026-07-13T10:28:00,MOBILE,COMPLETED,13368.98,2026-07-13T10:28:00
O0016072,C000017,S014,2026-07-10T18:13:00,WEB,COMPLETED,137784.89,2026-07-10T18:13:00
O0016073,C004664,S013,2026-07-11T22:48:00,STORE,COMPLETED,75491.92,2026-07-11T22:48:00
O0016074,C002766,S021,2026-07-11T18:26:00,WEB,COMPLETED,58888.76,2026-07-11T18:26:00
O0016075,C002986,S014,2026-07-12T21:49:00,STORE,COMPLETED,69586.95,2026-07-12T21:49:00
O0016076,C002082,S007,2026-07-09T00:22:00,MOBILE,COMPLETED,7233.98,2026-07-09T00:22:00
O0016077,C001931,S015,2026-07-09T05:51:00,WEB,COMPLETED,33864.56,2026-07-09T05:51:00
O0016078,C002758,S001,2026-07-13T03:39:00,WEB,COMPLETED,1184.97,2026-07-13T03:39:00
O0016079,C002497,S010,2026-07-08T22:28:00,MOBILE,COMPLETED,70929.54,2026-07-08T22:28:00
O0016080,C002424,S017,2026-07-12T06:05:00,STORE,COMPLETED,83059.90,2026-07-12T06:05:00
O0016081,C000723,S025,2026-07-12T18:07:00,STORE,COMPLETED,101643.75,2026-07-12T18:07:00
O0016082,C004373,S009,2026-07-09T21:14:00,WEB,COMPLETED,69306.76,2026-07-09T21:14:00
O0016083,C000788,S003,2026-07-09T05:01:00,MOBILE,COMPLETED,9365.99,2026-07-09T05:01:00
O0016084,C000016,S025,2026-07-12T05:00:00,WEB,COMPLETED,85814.97,2026-07-12T05:00:00
O0016085,C002778,S015,2026-07-09T18:12:00,WEB,COMPLETED,25220.97,2026-07-09T18:12:00
O0016086,C004372,S003,2026-07-08T17:42:00,MOBILE,COMPLETED,71512.14,2026-07-08T17:42:00
O0016087,C000582,S011,2026-07-11T13:23:00,MOBILE,COMPLETED,136709.94,2026-07-11T13:23:00
O0016088,C002363,S007,2026-07-08T08:30:00,STORE,COMPLETED,155625.81,2026-07-08T08:30:00
O0016089,C003882,S005,2026-07-08T12:58:00,MOBILE,COMPLETED,56660.36,2026-07-08T12:58:00
O0016090,C001218,S013,2026-07-08T15:18:00,MOBILE,COMPLETED,2630.97,2026-07-08T15:18:00
O0016091,C002825,S008,2026-07-10T06:44:00,STORE,COMPLETED,51260.97,2026-07-10T06:44:00
O0016092,C001508,S020,2026-07-08T23:59:00,STORE,COMPLETED,24917.99,2026-07-08T23:59:00
O0016093,C002005,S006,2026-07-13T03:10:00,WEB,COMPLETED,187808.81,2026-07-13T03:10:00
O0016094,C005207,S020,2026-07-09T15:06:00,STORE,COMPLETED,218169.76,2026-07-09T15:06:00
O0016095,C001883,S013,2026-07-08T08:15:00,WEB,COMPLETED,47482.17,2026-07-08T08:15:00
O0016096,C002797,S008,2026-07-09T07:35:00,STORE,COMPLETED,66016.70,2026-07-09T07:35:00
O0016097,C000178,S009,2026-07-14T08:00:00,WEB,COMPLETED,35346.50,2026-07-14T08:00:00
O0016098,C001467,S024,2026-07-10T23:24:00,STORE,COMPLETED,74699.37,2026-07-10T23:24:00
O0016099,C001624,S009,2026-07-12T08:24:00,WEB,COMPLETED,116511.18,2026-07-12T08:24:00
O0016100,C001714,S016,2026-07-12T05:13:00,STORE,COMPLETED,99135.25,2026-07-12T05:13:00
O0016101,C000635,S017,2026-07-13T12:05:00,WEB,COMPLETED,142534.86,2026-07-13T12:05:00
O0016102,C001175,S001,2026-07-09T05:45:00,STORE,COMPLETED,90663.97,2026-07-09T05:45:00
O0016103,C002616,S013,2026-07-13T06:25:00,STORE,COMPLETED,56863.92,2026-07-13T06:25:00
O0016104,C001529,S001,2026-07-13T07:13:00,WEB,COMPLETED,29243.96,2026-07-13T07:13:00
O0016105,C001217,S013,2026-07-13T11:31:00,MOBILE,COMPLETED,166193.87,2026-07-13T11:31:00
O0016106,C004629,S024,2026-07-11T06:52:00,STORE,COMPLETED,51390.51,2026-07-11T06:52:00
O0016107,C000258,S019,2026-07-11T15:29:00,MOBILE,COMPLETED,75044.71,2026-07-11T15:29:00
O0016108,C001994,S001,2026-07-09T08:20:00,WEB,COMPLETED,135012.59,2026-07-09T08:20:00
O0016109,C002001,S008,2026-07-08T11:35:00,STORE,COMPLETED,117551.90,2026-07-08T11:35:00
O0016110,C002115,S018,2026-07-08T09:34:00,WEB,COMPLETED,69918.15,2026-07-08T09:34:00
O0016111,C004155,S002,2026-07-14T00:58:00,MOBILE,COMPLETED,69383.54,2026-07-14T00:58:00
O0016112,C002714,S018,2026-07-12T08:10:00,WEB,COMPLETED,59588.77,2026-07-12T08:10:00
O0016113,C002799,S001,2026-07-12T08:44:00,STORE,COMPLETED,104217.62,2026-07-12T08:44:00
O0016114,C004967,S013,2026-07-13T14:52:00,MOBILE,COMPLETED,106031.92,2026-07-13T14:52:00
O0016115,C005152,S014,2026-07-08T14:53:00,STORE,COMPLETED,2534.68,2026-07-08T14:53:00
O0016116,C002619,S014,2026-07-12T07:49:00,WEB,COMPLETED,27225.98,2026-07-12T07:49:00
O0016117,C000926,S002,2026-07-10T05:20:00,WEB,COMPLETED,20173.26,2026-07-10T05:20:00
O0016118,C003048,S008,2026-07-13T03:06:00,MOBILE,COMPLETED,109060.08,2026-07-13T03:06:00
O0016119,C001228,S008,2026-07-13T18:34:00,STORE,COMPLETED,214841.43,2026-07-13T18:34:00
O0016120,C002852,S004,2026-07-12T14:46:00,MOBILE,COMPLETED,124464.16,2026-07-12T14:46:00
O0016121,C000738,S010,2026-07-13T06:40:00,WEB,COMPLETED,47850.33,2026-07-13T06:40:00
O0016122,C002139,S003,2026-07-08T15:44:00,STORE,COMPLETED,50093.97,2026-07-08T15:44:00
O0016123,C002282,S025,2026-07-14T02:09:00,WEB,COMPLETED,153846.24,2026-07-14T02:09:00
O0016124,C000253,S004,2026-07-10T22:20:00,WEB,COMPLETED,9557.98,2026-07-10T22:20:00
O0016125,C003979,S004,2026-07-09T02:48:00,WEB,COMPLETED,48416.93,2026-07-09T02:48:00
O0016126,C001496,S006,2026-07-13T11:56:00,WEB,COMPLETED,123593.85,2026-07-13T11:56:00
O0016127,C000204,S010,2026-07-09T12:14:00,WEB,COMPLETED,36053.57,2026-07-09T12:14:00
O0016128,C001425,S025,2026-07-08T08:47:00,WEB,COMPLETED,69657.20,2026-07-08T08:47:00
O0016129,C000221,S001,2026-07-12T07:24:00,STORE,COMPLETED,40878.94,2026-07-12T07:24:00
O0016130,C004149,S008,2026-07-13T10:21:00,MOBILE,COMPLETED,175929.59,2026-07-13T10:21:00
O0016131,C004878,S006,2026-07-11T04:22:00,MOBILE,COMPLETED,90152.11,2026-07-11T04:22:00
O0016132,C005021,S014,2026-07-13T23:10:00,MOBILE,COMPLETED,44487.98,2026-07-13T23:10:00
O0016133,C001227,S006,2026-07-08T18:58:00,MOBILE,COMPLETED,89075.94,2026-07-08T18:58:00
O0016134,C001770,S020,2026-07-13T10:28:00,WEB,COMPLETED,11591.05,2026-07-13T10:28:00
O0016135,C001641,S024,2026-07-08T08:00:00,STORE,COMPLETED,147280.90,2026-07-08T08:00:00
O0016136,C003372,S016,2026-07-14T07:55:00,STORE,COMPLETED,419.39,2026-07-14T07:55:00
O0016137,C002353,S018,2026-07-08T10:20:00,MOBILE,COMPLETED,88886.93,2026-07-08T10:20:00
O0016138,C001452,S012,2026-07-08T10:27:00,WEB,COMPLETED,69138.20,2026-07-08T10:27:00
O0016139,C003053,S008,2026-07-13T13:02:00,WEB,COMPLETED,8959.99,2026-07-13T13:02:00
O0016140,C003721,S021,2026-07-11T14:40:00,WEB,COMPLETED,80619.34,2026-07-11T14:40:00
O0016141,C003712,S025,2026-07-11T06:28:00,STORE,COMPLETED,101958.13,2026-07-11T06:28:00
O0016142,C000401,S012,2026-07-11T10:02:00,MOBILE,COMPLETED,54851.66,2026-07-11T10:02:00
O0016143,C002419,S023,2026-07-13T18:33:00,STORE,COMPLETED,92402.36,2026-07-13T18:33:00
O0016144,C000975,S015,2026-07-09T14:53:00,STORE,COMPLETED,91816.61,2026-07-09T14:53:00
O0016145,C004287,S003,2026-07-13T04:36:00,MOBILE,COMPLETED,43248.83,2026-07-13T04:36:00
O0016146,C002266,S010,2026-07-09T03:08:00,MOBILE,COMPLETED,16162.96,2026-07-09T03:08:00
O0016147,C005104,S018,2026-07-08T22:38:00,WEB,COMPLETED,103821.42,2026-07-08T22:38:00
O0016148,C005179,S017,2026-07-14T01:34:00,MOBILE,COMPLETED,210857.66,2026-07-14T01:34:00
O0016149,C001383,S023,2026-07-11T07:51:00,WEB,COMPLETED,97376.85,2026-07-11T07:51:00
O0016150,C003871,S005,2026-07-13T16:02:00,STORE,COMPLETED,25847.16,2026-07-13T16:02:00
O0016151,C002532,S021,2026-07-09T16:03:00,MOBILE,COMPLETED,120475.13,2026-07-09T16:03:00
O0016152,C000546,S010,2026-07-08T13:33:00,MOBILE,COMPLETED,23151.49,2026-07-08T13:33:00
O0016153,C004257,S016,2026-07-12T03:33:00,WEB,COMPLETED,16108.18,2026-07-12T03:33:00
O0016154,C002803,S017,2026-07-13T13:38:00,STORE,COMPLETED,165347.49,2026-07-13T13:38:00
O0016155,C001057,S005,2026-07-12T06:12:00,WEB,COMPLETED,155261.44,2026-07-12T06:12:00
O0016156,C004164,S012,2026-07-12T06:18:00,MOBILE,COMPLETED,79874.17,2026-07-12T06:18:00
O0016157,C002665,S002,2026-07-12T05:05:00,STORE,COMPLETED,116554.34,2026-07-12T05:05:00
O0016158,C002204,S019,2026-07-08T13:00:00,WEB,COMPLETED,158224.30,2026-07-08T13:00:00
O0016159,C003297,S020,2026-07-12T22:47:00,STORE,COMPLETED,20517.98,2026-07-12T22:47:00
O0016160,C005147,S015,2026-07-13T05:16:00,WEB,COMPLETED,10061.96,2026-07-13T05:16:00
O0016161,C002211,S022,2026-07-13T18:05:00,WEB,COMPLETED,139060.16,2026-07-13T18:05:00
O0016162,C000688,S006,2026-07-11T20:23:00,MOBILE,COMPLETED,75368.50,2026-07-11T20:23:00
O0016163,C000096,S006,2026-07-14T00:00:00,STORE,COMPLETED,8055.98,2026-07-14T00:00:00
O0016164,C004339,S007,2026-07-14T04:35:00,WEB,COMPLETED,19769.28,2026-07-14T04:35:00
O0016165,C002671,S008,2026-07-10T03:58:00,STORE,COMPLETED,70723.88,2026-07-10T03:58:00
O0016166,C003932,S017,2026-07-13T00:18:00,STORE,COMPLETED,30447.48,2026-07-13T00:18:00
O0016167,C003876,S018,2026-07-09T20:09:00,MOBILE,COMPLETED,110306.20,2026-07-09T20:09:00
O0016168,C002505,S005,2026-07-12T20:45:00,STORE,COMPLETED,129160.46,2026-07-12T20:45:00
O0016169,C001032,S011,2026-07-09T13:09:00,WEB,COMPLETED,58694.34,2026-07-09T13:09:00
O0016170,C000799,S020,2026-07-13T04:50:00,MOBILE,COMPLETED,4874.36,2026-07-13T04:50:00
O0016171,C003806,S021,2026-07-14T05:01:00,STORE,COMPLETED,38153.48,2026-07-14T05:01:00
O0016172,C000082,S005,2026-07-12T23:40:00,MOBILE,COMPLETED,63676.75,2026-07-12T23:40:00
O0016173,C004929,S016,2026-07-14T07:03:00,WEB,COMPLETED,81300.53,2026-07-14T07:03:00
O0016174,C005118,S024,2026-07-10T11:06:00,MOBILE,COMPLETED,83621.38,2026-07-10T11:06:00
O0016175,C002819,S007,2026-07-08T10:57:00,STORE,COMPLETED,19631.94,2026-07-08T10:57:00
O0016176,C001027,S025,2026-07-11T19:24:00,WEB,COMPLETED,127474.17,2026-07-11T19:24:00
O0016177,C002688,S015,2026-07-09T10:38:00,WEB,COMPLETED,16933.65,2026-07-09T10:38:00
O0016178,C004108,S005,2026-07-09T13:59:00,STORE,COMPLETED,107453.99,2026-07-09T13:59:00
O0016179,C004147,S025,2026-07-09T13:05:00,MOBILE,COMPLETED,132280.74,2026-07-09T13:05:00
O0016180,C001598,S020,2026-07-12T09:12:00,STORE,COMPLETED,146156.91,2026-07-12T09:12:00
O0016181,C004596,S011,2026-07-08T20:18:00,STORE,COMPLETED,95690.73,2026-07-08T20:18:00
O0016182,C001005,S023,2026-07-14T04:41:00,WEB,COMPLETED,16900.99,2026-07-14T04:41:00
O0016183,C004222,S015,2026-07-09T12:31:00,WEB,COMPLETED,173961.90,2026-07-09T12:31:00
O0016184,C002847,S025,2026-07-10T19:42:00,STORE,COMPLETED,23819.50,2026-07-10T19:42:00
O0016185,C003711,S021,2026-07-08T17:43:00,STORE,COMPLETED,149705.67,2026-07-08T17:43:00
O0016186,C005250,S022,2026-07-11T01:38:00,STORE,COMPLETED,70039.97,2026-07-11T01:38:00
O0016187,C003832,S025,2026-07-12T05:14:00,MOBILE,COMPLETED,93579.49,2026-07-12T05:14:00
O0016188,C005199,S004,2026-07-11T04:31:00,WEB,COMPLETED,145729.33,2026-07-11T04:31:00
O0016189,C004038,S010,2026-07-13T07:20:00,MOBILE,COMPLETED,119479.88,2026-07-13T07:20:00
O0016190,C000377,S006,2026-07-10T06:26:00,STORE,COMPLETED,19536.38,2026-07-10T06:26:00
O0016191,C001686,S009,2026-07-11T10:46:00,MOBILE,COMPLETED,70281.37,2026-07-11T10:46:00
O0016192,C001359,S022,2026-07-13T13:05:00,WEB,COMPLETED,61935.97,2026-07-13T13:05:00
O0016193,C002143,S023,2026-07-11T15:39:00,STORE,COMPLETED,14264.66,2026-07-11T15:39:00
O0016194,C003958,S021,2026-07-11T17:59:00,STORE,COMPLETED,81238.77,2026-07-11T17:59:00
O0016195,C001589,S001,2026-07-14T05:24:00,WEB,COMPLETED,11080.99,2026-07-14T05:24:00
O0016196,C000201,S025,2026-07-13T16:43:00,STORE,COMPLETED,12479.19,2026-07-13T16:43:00
O0016197,C001225,S005,2026-07-11T09:31:00,WEB,COMPLETED,98125.99,2026-07-11T09:31:00
O0016198,C004576,S020,2026-07-13T10:13:00,STORE,COMPLETED,25930.20,2026-07-13T10:13:00
O0016199,C004781,S023,2026-07-08T22:00:00,MOBILE,COMPLETED,114468.61,2026-07-08T22:00:00
O0016200,C003450,S014,2026-07-12T02:30:00,STORE,COMPLETED,2189.58,2026-07-12T02:30:00
O0016201,C000645,S022,2026-07-10T19:28:00,MOBILE,COMPLETED,209582.34,2026-07-10T19:28:00
O0016202,C003542,S010,2026-07-08T11:44:00,WEB,COMPLETED,24435.99,2026-07-08T11:44:00
O0016203,C000448,S025,2026-07-12T16:56:00,MOBILE,COMPLETED,193538.62,2026-07-12T16:56:00
O0016204,C001262,S005,2026-07-14T04:26:00,WEB,COMPLETED,49914.95,2026-07-14T04:26:00
O0016205,C003812,S014,2026-07-09T18:09:00,WEB,COMPLETED,97660.94,2026-07-09T18:09:00
O0016206,C001806,S022,2026-07-12T04:52:00,STORE,COMPLETED,79757.92,2026-07-12T04:52:00
O0016207,C001475,S009,2026-07-11T09:55:00,STORE,COMPLETED,15941.99,2026-07-11T09:55:00
O0016208,C002240,S011,2026-07-10T20:41:00,WEB,COMPLETED,102293.32,2026-07-10T20:41:00
O0016209,C003764,S003,2026-07-10T11:59:00,STORE,COMPLETED,93365.91,2026-07-10T11:59:00
O0016210,C004403,S005,2026-07-12T19:06:00,WEB,COMPLETED,46250.75,2026-07-12T19:06:00
O0016211,C003402,S003,2026-07-13T08:41:00,MOBILE,COMPLETED,111694.10,2026-07-13T08:41:00
O0016212,C001636,S011,2026-07-12T00:55:00,WEB,COMPLETED,178776.77,2026-07-12T00:55:00
O0016213,C004523,S019,2026-07-12T19:34:00,WEB,COMPLETED,26890.98,2026-07-12T19:34:00
O0016214,C001683,S002,2026-07-12T03:36:00,MOBILE,COMPLETED,41010.34,2026-07-12T03:36:00
O0016215,C001256,S009,2026-07-08T12:53:00,STORE,COMPLETED,77438.33,2026-07-08T12:53:00
O0016216,C001579,S025,2026-07-14T05:58:00,STORE,COMPLETED,194609.48,2026-07-14T05:58:00
O0016217,C000621,S023,2026-07-11T00:50:00,STORE,COMPLETED,49073.97,2026-07-11T00:50:00
O0016218,C003118,S008,2026-07-09T01:51:00,STORE,COMPLETED,68925.93,2026-07-09T01:51:00
O0016219,C003580,S023,2026-07-09T00:54:00,WEB,COMPLETED,33018.96,2026-07-09T00:54:00
O0016220,C003742,S010,2026-07-11T07:30:00,WEB,COMPLETED,112591.43,2026-07-11T07:30:00
O0016221,C001562,S012,2026-07-08T18:29:00,WEB,COMPLETED,123537.86,2026-07-08T18:29:00
O0016222,C001128,S021,2026-07-10T04:11:00,MOBILE,COMPLETED,82343.64,2026-07-10T04:11:00
O0016223,C004405,S016,2026-07-08T12:53:00,STORE,COMPLETED,17722.99,2026-07-08T12:53:00
O0016224,C001160,S016,2026-07-09T00:46:00,WEB,COMPLETED,26505.92,2026-07-09T00:46:00
O0016225,C001286,S013,2026-07-09T07:34:00,MOBILE,COMPLETED,110254.78,2026-07-09T07:34:00
O0016226,C000746,S002,2026-07-08T20:42:00,STORE,COMPLETED,87761.63,2026-07-08T20:42:00
O0016227,C005184,S011,2026-07-12T03:12:00,MOBILE,COMPLETED,138061.12,2026-07-12T03:12:00
O0016228,C000969,S011,2026-07-11T17:05:00,WEB,COMPLETED,31666.18,2026-07-11T17:05:00
O0016229,C004031,S003,2026-07-13T22:13:00,MOBILE,COMPLETED,73006.43,2026-07-13T22:13:00
O0016230,C001169,S005,2026-07-09T17:42:00,MOBILE,COMPLETED,98659.93,2026-07-09T17:42:00
O0016231,C004096,S006,2026-07-10T19:16:00,MOBILE,COMPLETED,17411.97,2026-07-10T19:16:00
O0016232,C003783,S019,2026-07-10T00:40:00,STORE,COMPLETED,154995.91,2026-07-10T00:40:00
O0016233,C000991,S004,2026-07-09T02:38:00,WEB,COMPLETED,70257.87,2026-07-09T02:38:00
O0016234,C000637,S001,2026-07-13T08:55:00,STORE,COMPLETED,103061.65,2026-07-13T08:55:00
O0016235,C002028,S002,2026-07-10T23:31:00,MOBILE,COMPLETED,51842.95,2026-07-10T23:31:00
O0016236,C003134,S019,2026-07-11T18:17:00,MOBILE,COMPLETED,73910.04,2026-07-11T18:17:00
O0016237,C000482,S015,2026-07-11T04:09:00,WEB,COMPLETED,131813.87,2026-07-11T04:09:00
O0016238,C000950,S019,2026-07-13T07:08:00,WEB,COMPLETED,30580.53,2026-07-13T07:08:00
O0016239,C001409,S021,2026-07-10T04:18:00,MOBILE,COMPLETED,37779.98,2026-07-10T04:18:00
O0016240,C000193,S024,2026-07-09T22:29:00,WEB,COMPLETED,31702.94,2026-07-09T22:29:00
O0016241,C004833,S025,2026-07-13T12:50:00,MOBILE,COMPLETED,88983.02,2026-07-13T12:50:00
O0016242,C002103,S023,2026-07-11T15:47:00,STORE,COMPLETED,162925.84,2026-07-11T15:47:00
O0016243,C004334,S006,2026-07-09T06:59:00,MOBILE,COMPLETED,123228.01,2026-07-09T06:59:00
O0016244,C003610,S004,2026-07-09T21:56:00,STORE,COMPLETED,13434.24,2026-07-09T21:56:00
O0016245,C000708,S007,2026-07-09T05:11:00,STORE,COMPLETED,96719.71,2026-07-09T05:11:00
O0016246,C001979,S017,2026-07-09T12:56:00,STORE,COMPLETED,72858.84,2026-07-09T12:56:00
O0016247,C003727,S001,2026-07-12T13:53:00,STORE,COMPLETED,64222.29,2026-07-12T13:53:00
O0016248,C005214,S005,2026-07-11T02:52:00,STORE,COMPLETED,187756.88,2026-07-11T02:52:00
O0016249,C000221,S009,2026-07-10T07:47:00,MOBILE,COMPLETED,120069.81,2026-07-10T07:47:00
O0016250,C004116,S013,2026-07-10T08:29:00,MOBILE,COMPLETED,111534.55,2026-07-10T08:29:00
O0016251,C002953,S004,2026-07-12T13:11:00,MOBILE,COMPLETED,154899.09,2026-07-12T13:11:00
O0016252,C005128,S013,2026-07-08T18:21:00,WEB,COMPLETED,31400.97,2026-07-08T18:21:00
O0016253,C001018,S017,2026-07-09T15:01:00,MOBILE,COMPLETED,58154.50,2026-07-09T15:01:00
O0016254,C003182,S013,2026-07-11T23:07:00,WEB,COMPLETED,126239.00,2026-07-11T23:07:00
O0016255,C002708,S010,2026-07-11T07:20:00,MOBILE,COMPLETED,1857.52,2026-07-11T07:20:00
O0016256,C005096,S016,2026-07-14T05:29:00,MOBILE,COMPLETED,29178.87,2026-07-14T05:29:00
O0016257,C005246,S013,2026-07-13T03:58:00,STORE,COMPLETED,129875.07,2026-07-13T03:58:00
O0016258,C004484,S021,2026-07-09T07:49:00,WEB,COMPLETED,53193.04,2026-07-09T07:49:00
O0016259,C001871,S013,2026-07-11T18:07:00,WEB,COMPLETED,11615.37,2026-07-11T18:07:00
O0016260,C004306,S003,2026-07-11T18:03:00,MOBILE,COMPLETED,129764.88,2026-07-11T18:03:00
O0016261,C001878,S021,2026-07-09T13:23:00,MOBILE,COMPLETED,290481.60,2026-07-09T13:23:00
O0016262,C004211,S002,2026-07-10T20:20:00,WEB,COMPLETED,26959.47,2026-07-10T20:20:00
O0016263,C001981,S012,2026-07-10T19:54:00,STORE,COMPLETED,64009.88,2026-07-10T19:54:00
O0016264,C000990,S019,2026-07-12T12:06:00,MOBILE,COMPLETED,55519.19,2026-07-12T12:06:00
O0016265,C003593,S010,2026-07-14T04:31:00,MOBILE,COMPLETED,12724.99,2026-07-14T04:31:00
O0016266,C001910,S013,2026-07-10T22:40:00,MOBILE,COMPLETED,130144.74,2026-07-10T22:40:00
O0016267,C004571,S022,2026-07-09T14:25:00,STORE,COMPLETED,29915.39,2026-07-09T14:25:00
O0016268,C003771,S009,2026-07-12T05:16:00,MOBILE,COMPLETED,62201.92,2026-07-12T05:16:00
O0016269,C004549,S010,2026-07-11T01:08:00,MOBILE,COMPLETED,13535.98,2026-07-11T01:08:00
O0016270,C003921,S013,2026-07-11T00:15:00,STORE,COMPLETED,115533.90,2026-07-11T00:15:00
O0016271,C004579,S013,2026-07-12T10:07:00,WEB,COMPLETED,146402.50,2026-07-12T10:07:00
O0016272,C004740,S002,2026-07-13T17:27:00,MOBILE,COMPLETED,82620.60,2026-07-13T17:27:00
O0016273,C003962,S023,2026-07-11T17:04:00,WEB,COMPLETED,105427.70,2026-07-11T17:04:00
O0016274,C001860,S020,2026-07-12T19:41:00,MOBILE,COMPLETED,78917.69,2026-07-12T19:41:00
O0016275,C000362,S011,2026-07-09T21:12:00,WEB,COMPLETED,32394.58,2026-07-09T21:12:00
O0016276,C005043,S019,2026-07-10T16:05:00,MOBILE,COMPLETED,93359.96,2026-07-10T16:05:00
O0016277,C005002,S020,2026-07-09T07:39:00,MOBILE,COMPLETED,132734.91,2026-07-09T07:39:00
O0016278,C005104,S017,2026-07-12T03:06:00,MOBILE,COMPLETED,192643.89,2026-07-12T03:06:00
O0016279,C000744,S015,2026-07-08T20:47:00,WEB,COMPLETED,108025.10,2026-07-08T20:47:00
O0016280,C000033,S002,2026-07-09T23:49:00,STORE,COMPLETED,155593.90,2026-07-09T23:49:00
O0016281,C000573,S020,2026-07-10T06:36:00,STORE,COMPLETED,31976.36,2026-07-10T06:36:00
O0016282,C003247,S008,2026-07-10T23:57:00,MOBILE,COMPLETED,146049.84,2026-07-10T23:57:00
O0016283,C004255,S014,2026-07-12T00:05:00,STORE,COMPLETED,15937.94,2026-07-12T00:05:00
O0016284,C001774,S006,2026-07-09T23:21:00,STORE,COMPLETED,113124.44,2026-07-09T23:21:00
O0016285,C002927,S003,2026-07-12T23:02:00,WEB,COMPLETED,93632.75,2026-07-12T23:02:00
O0016286,C001813,S006,2026-07-10T05:03:00,WEB,COMPLETED,50620.96,2026-07-10T05:03:00
O0016287,C003779,S018,2026-07-12T00:19:00,MOBILE,COMPLETED,101731.62,2026-07-12T00:19:00
O0016288,C000469,S020,2026-07-09T00:01:00,WEB,COMPLETED,111399.92,2026-07-09T00:01:00
O0016289,C002827,S013,2026-07-12T20:52:00,WEB,COMPLETED,14757.68,2026-07-12T20:52:00
O0016290,C004672,S018,2026-07-11T04:02:00,STORE,COMPLETED,45633.97,2026-07-11T04:02:00
O0016291,C001168,S013,2026-07-10T14:12:00,WEB,COMPLETED,64599.96,2026-07-10T14:12:00
O0016292,C002832,S021,2026-07-10T16:48:00,MOBILE,COMPLETED,18659.97,2026-07-10T16:48:00
O0016293,C002495,S021,2026-07-11T22:26:00,WEB,COMPLETED,9557.98,2026-07-11T22:26:00
O0016294,C004736,S005,2026-07-13T17:47:00,WEB,COMPLETED,108422.17,2026-07-13T17:47:00
O0016295,C003953,S008,2026-07-12T08:37:00,WEB,COMPLETED,57556.94,2026-07-12T08:37:00
O0016296,C002101,S012,2026-07-10T00:28:00,STORE,COMPLETED,96075.72,2026-07-10T00:28:00
O0016297,C004146,S011,2026-07-10T05:14:00,MOBILE,COMPLETED,43517.86,2026-07-10T05:14:00
O0016298,C003174,S006,2026-07-11T06:54:00,MOBILE,COMPLETED,98254.44,2026-07-11T06:54:00
O0016299,C004401,S019,2026-07-14T04:52:00,MOBILE,COMPLETED,137802.43,2026-07-14T04:52:00
O0016300,C000268,S015,2026-07-11T06:16:00,MOBILE,COMPLETED,175744.10,2026-07-11T06:16:00
O0016301,C002713,S009,2026-07-12T23:31:00,WEB,COMPLETED,31811.97,2026-07-12T23:31:00
O0016302,C003521,S009,2026-07-11T21:16:00,STORE,COMPLETED,135308.92,2026-07-11T21:16:00
O0016303,C000844,S004,2026-07-10T05:46:00,WEB,COMPLETED,52190.45,2026-07-10T05:46:00
O0016304,C004151,S018,2026-07-12T12:13:00,WEB,COMPLETED,35921.97,2026-07-12T12:13:00
O0016305,C003902,S022,2026-07-11T20:32:00,MOBILE,COMPLETED,104197.23,2026-07-11T20:32:00
O0016306,C000402,S009,2026-07-13T09:59:00,STORE,COMPLETED,40409.36,2026-07-13T09:59:00
O0016307,C001356,S013,2026-07-12T22:40:00,STORE,COMPLETED,98239.76,2026-07-12T22:40:00
O0016308,C001643,S007,2026-07-13T07:10:00,STORE,COMPLETED,45074.74,2026-07-13T07:10:00
O0016309,C004805,S010,2026-07-14T00:01:00,STORE,COMPLETED,25943.94,2026-07-14T00:01:00
O0016310,C004398,S014,2026-07-13T14:45:00,WEB,COMPLETED,166159.07,2026-07-13T14:45:00
O0016311,C000104,S017,2026-07-10T05:58:00,MOBILE,COMPLETED,82981.94,2026-07-10T05:58:00
O0016312,C001410,S014,2026-07-12T20:12:00,WEB,COMPLETED,95561.56,2026-07-12T20:12:00
O0016313,C000055,S006,2026-07-08T11:00:00,MOBILE,COMPLETED,88604.19,2026-07-08T11:00:00
O0016314,C000508,S025,2026-07-10T13:00:00,MOBILE,COMPLETED,200277.07,2026-07-10T13:00:00
O0016315,C002131,S007,2026-07-10T14:48:00,WEB,COMPLETED,88951.10,2026-07-10T14:48:00
O0016316,C003991,S022,2026-07-13T07:59:00,STORE,COMPLETED,203851.88,2026-07-13T07:59:00
O0016317,C001055,S019,2026-07-11T20:25:00,WEB,COMPLETED,15122.67,2026-07-11T20:25:00
O0016318,C002266,S003,2026-07-09T16:02:00,STORE,COMPLETED,137314.93,2026-07-09T16:02:00
O0016319,C002210,S016,2026-07-12T05:11:00,WEB,COMPLETED,2272.36,2026-07-12T05:11:00
O0016320,C005018,S017,2026-07-08T12:44:00,STORE,COMPLETED,29142.14,2026-07-08T12:44:00
O0016321,C000232,S022,2026-07-09T21:33:00,WEB,COMPLETED,51482.46,2026-07-09T21:33:00
O0016322,C003626,S016,2026-07-10T07:58:00,STORE,COMPLETED,111773.56,2026-07-10T07:58:00
O0016323,C002688,S024,2026-07-08T15:49:00,STORE,COMPLETED,71175.96,2026-07-08T15:49:00
O0016324,C000241,S011,2026-07-11T03:17:00,MOBILE,COMPLETED,183760.99,2026-07-11T03:17:00
O0016325,C002537,S001,2026-07-09T05:33:00,STORE,COMPLETED,31819.94,2026-07-09T05:33:00
O0016326,C000781,S002,2026-07-09T09:59:00,STORE,COMPLETED,17371.98,2026-07-09T09:59:00
O0016327,C004596,S021,2026-07-10T14:26:00,WEB,COMPLETED,84711.36,2026-07-10T14:26:00
O0016328,C003234,S023,2026-07-10T08:38:00,MOBILE,COMPLETED,184651.98,2026-07-10T08:38:00
O0016329,C000452,S005,2026-07-11T02:39:00,STORE,COMPLETED,16165.17,2026-07-11T02:39:00
O0016330,C003828,S012,2026-07-11T21:41:00,MOBILE,COMPLETED,19415.68,2026-07-11T21:41:00
O0016331,C003617,S011,2026-07-13T10:28:00,MOBILE,COMPLETED,83080.03,2026-07-13T10:28:00
O0016332,C003286,S001,2026-07-09T16:54:00,WEB,COMPLETED,120500.13,2026-07-09T16:54:00
O0016333,C001450,S014,2026-07-11T16:34:00,STORE,COMPLETED,115251.93,2026-07-11T16:34:00
O0016334,C001349,S019,2026-07-12T02:02:00,STORE,COMPLETED,51444.06,2026-07-12T02:02:00
O0016335,C001392,S003,2026-07-12T08:18:00,MOBILE,COMPLETED,17060.39,2026-07-12T08:18:00
O0016336,C001706,S021,2026-07-09T15:33:00,MOBILE,COMPLETED,73478.13,2026-07-09T15:33:00
O0016337,C001728,S021,2026-07-09T01:53:00,WEB,COMPLETED,57042.36,2026-07-09T01:53:00
O0016338,C001841,S016,2026-07-11T19:09:00,STORE,COMPLETED,25997.98,2026-07-11T19:09:00
O0016339,C003487,S014,2026-07-13T12:37:00,STORE,COMPLETED,266714.25,2026-07-13T12:37:00
O0016340,C003102,S022,2026-07-11T02:32:00,WEB,COMPLETED,122571.79,2026-07-11T02:32:00
O0016341,C004186,S015,2026-07-10T20:42:00,STORE,COMPLETED,81176.96,2026-07-10T20:42:00
O0016342,C003774,S012,2026-07-11T09:47:00,MOBILE,COMPLETED,101176.74,2026-07-11T09:47:00
O0016343,C003987,S011,2026-07-11T01:55:00,WEB,COMPLETED,123126.43,2026-07-11T01:55:00
O0016344,C003624,S006,2026-07-10T15:52:00,STORE,COMPLETED,230106.55,2026-07-10T15:52:00
O0016345,C002668,S004,2026-07-11T00:04:00,WEB,COMPLETED,15179.98,2026-07-11T00:04:00
O0016346,C002943,S006,2026-07-11T20:31:00,MOBILE,COMPLETED,58193.93,2026-07-11T20:31:00
O0016347,C004972,S016,2026-07-12T08:11:00,STORE,COMPLETED,70127.33,2026-07-12T08:11:00
O0016348,C002346,S021,2026-07-10T00:21:00,WEB,COMPLETED,54048.99,2026-07-10T00:21:00
O0016349,C000268,S020,2026-07-12T21:46:00,MOBILE,COMPLETED,3885.99,2026-07-12T21:46:00
O0016350,C001651,S011,2026-07-11T23:23:00,STORE,COMPLETED,108580.27,2026-07-11T23:23:00
O0016351,C003448,S016,2026-07-13T07:38:00,WEB,COMPLETED,14831.94,2026-07-13T07:38:00
O0016352,C003171,S024,2026-07-10T14:49:00,MOBILE,COMPLETED,9866.78,2026-07-10T14:49:00
O0016353,C002883,S009,2026-07-11T12:56:00,MOBILE,COMPLETED,30401.88,2026-07-11T12:56:00
O0016354,C003292,S011,2026-07-10T08:13:00,MOBILE,COMPLETED,103765.95,2026-07-10T08:13:00
O0016355,C002084,S011,2026-07-09T04:22:00,STORE,COMPLETED,162191.86,2026-07-09T04:22:00
O0016356,C004617,S024,2026-07-13T07:02:00,WEB,COMPLETED,22293.98,2026-07-13T07:02:00
O0016357,C005230,S001,2026-07-09T02:58:00,WEB,COMPLETED,72273.35,2026-07-09T02:58:00
O0016358,C000126,S004,2026-07-09T07:55:00,MOBILE,COMPLETED,139580.37,2026-07-09T07:55:00
O0016359,C004708,S004,2026-07-11T14:51:00,STORE,COMPLETED,221855.72,2026-07-11T14:51:00
O0016360,C001852,S004,2026-07-11T18:36:00,MOBILE,COMPLETED,4055.96,2026-07-11T18:36:00
O0016361,C001082,S003,2026-07-12T15:43:00,WEB,COMPLETED,32564.07,2026-07-12T15:43:00
O0016362,C002464,S009,2026-07-13T15:20:00,STORE,COMPLETED,113707.68,2026-07-13T15:20:00
O0016363,C005198,S024,2026-07-09T01:37:00,MOBILE,COMPLETED,35092.03,2026-07-09T01:37:00
O0016364,C004173,S008,2026-07-10T16:28:00,MOBILE,COMPLETED,76625.96,2026-07-10T16:28:00
O0016365,C002098,S022,2026-07-09T15:48:00,STORE,COMPLETED,30370.99,2026-07-09T15:48:00
O0016366,C004621,S003,2026-07-10T11:53:00,STORE,COMPLETED,94977.12,2026-07-10T11:53:00
O0016367,C003250,S006,2026-07-09T22:54:00,WEB,COMPLETED,210220.64,2026-07-09T22:54:00
O0016368,C001413,S014,2026-07-14T03:24:00,MOBILE,COMPLETED,196633.47,2026-07-14T03:24:00
O0016369,C004039,S017,2026-07-09T15:13:00,STORE,COMPLETED,112453.90,2026-07-09T15:13:00
O0016370,C003649,S006,2026-07-14T03:59:00,STORE,COMPLETED,11114.99,2026-07-14T03:59:00
O0016371,C000374,S022,2026-07-10T07:52:00,WEB,COMPLETED,36184.48,2026-07-10T07:52:00
O0016372,C004195,S002,2026-07-13T15:37:00,WEB,COMPLETED,47930.51,2026-07-13T15:37:00
O0016373,C001550,S021,2026-07-09T11:29:00,MOBILE,COMPLETED,77450.84,2026-07-09T11:29:00
O0016374,C000302,S002,2026-07-13T06:11:00,STORE,COMPLETED,90302.18,2026-07-13T06:11:00
O0016375,C000527,S016,2026-07-08T17:04:00,MOBILE,COMPLETED,76776.13,2026-07-08T17:04:00
O0016376,C003045,S006,2026-07-10T20:26:00,STORE,COMPLETED,76003.83,2026-07-10T20:26:00
O0016377,C002671,S011,2026-07-10T11:56:00,STORE,COMPLETED,114274.89,2026-07-10T11:56:00
O0016378,C001488,S002,2026-07-13T07:18:00,STORE,COMPLETED,105217.47,2026-07-13T07:18:00
O0016379,C002509,S005,2026-07-08T13:57:00,WEB,COMPLETED,185314.89,2026-07-08T13:57:00
O0016380,C003575,S016,2026-07-11T09:09:00,STORE,COMPLETED,101610.49,2026-07-11T09:09:00
O0016381,C000585,S005,2026-07-09T13:19:00,MOBILE,COMPLETED,100131.75,2026-07-09T13:19:00
O0016382,C004503,S001,2026-07-13T08:04:00,MOBILE,COMPLETED,139322.66,2026-07-13T08:04:00
O0016383,C002762,S014,2026-07-12T23:39:00,MOBILE,COMPLETED,59889.35,2026-07-12T23:39:00
O0016384,C000934,S019,2026-07-13T04:13:00,STORE,COMPLETED,17311.99,2026-07-13T04:13:00
O0016385,C000692,S009,2026-07-08T12:06:00,MOBILE,COMPLETED,23981.33,2026-07-08T12:06:00
O0016386,C004782,S002,2026-07-09T13:24:00,WEB,COMPLETED,93787.86,2026-07-09T13:24:00
O0016387,C004641,S013,2026-07-08T21:46:00,STORE,COMPLETED,88267.37,2026-07-08T21:46:00
O0016388,C005146,S019,2026-07-13T09:22:00,MOBILE,COMPLETED,26767.77,2026-07-13T09:22:00
O0016389,C005241,S001,2026-07-10T02:32:00,STORE,COMPLETED,110793.87,2026-07-10T02:32:00
O0016390,C001005,S021,2026-07-10T13:47:00,STORE,COMPLETED,120129.15,2026-07-10T13:47:00
O0016391,C004207,S011,2026-07-09T19:29:00,STORE,COMPLETED,19754.15,2026-07-09T19:29:00
O0016392,C002167,S021,2026-07-11T22:57:00,WEB,COMPLETED,99418.79,2026-07-11T22:57:00
O0016393,C003039,S024,2026-07-13T16:02:00,MOBILE,COMPLETED,57626.24,2026-07-13T16:02:00
O0016394,C001107,S011,2026-07-08T23:35:00,MOBILE,COMPLETED,135363.82,2026-07-08T23:35:00
O0016395,C000373,S011,2026-07-12T13:27:00,MOBILE,COMPLETED,216615.05,2026-07-12T13:27:00
O0016396,C000359,S021,2026-07-09T09:00:00,WEB,COMPLETED,242567.26,2026-07-09T09:00:00
O0016397,C002091,S013,2026-07-10T03:27:00,WEB,COMPLETED,16337.17,2026-07-10T03:27:00
O0016398,C004642,S024,2026-07-09T15:43:00,WEB,COMPLETED,9712.09,2026-07-09T15:43:00
O0016399,C001093,S018,2026-07-12T00:30:00,STORE,COMPLETED,110735.68,2026-07-12T00:30:00
O0016400,C004004,S014,2026-07-10T02:46:00,MOBILE,COMPLETED,192453.78,2026-07-10T02:46:00
O0016401,C000818,S023,2026-07-09T23:08:00,WEB,COMPLETED,84176.91,2026-07-09T23:08:00
O0016402,C000689,S002,2026-07-11T15:32:00,STORE,COMPLETED,77016.75,2026-07-11T15:32:00
O0016403,C002316,S004,2026-07-11T17:10:00,MOBILE,COMPLETED,79097.75,2026-07-11T17:10:00
O0016404,C005143,S024,2026-07-13T01:44:00,MOBILE,COMPLETED,58219.53,2026-07-13T01:44:00
O0016405,C003493,S013,2026-07-12T10:21:00,WEB,COMPLETED,42963.96,2026-07-12T10:21:00
O0016406,C001044,S014,2026-07-13T19:50:00,MOBILE,COMPLETED,183852.95,2026-07-13T19:50:00
O0016407,C004806,S002,2026-07-12T21:59:00,STORE,COMPLETED,49409.92,2026-07-12T21:59:00
O0016408,C000070,S009,2026-07-12T06:25:00,MOBILE,COMPLETED,43834.34,2026-07-12T06:25:00
O0016409,C001258,S020,2026-07-13T15:50:00,MOBILE,COMPLETED,81924.16,2026-07-13T15:50:00
O0016410,C004117,S022,2026-07-11T13:23:00,STORE,COMPLETED,206007.81,2026-07-11T13:23:00
O0016411,C004922,S008,2026-07-10T02:15:00,STORE,COMPLETED,90703.76,2026-07-10T02:15:00
O0016412,C000389,S016,2026-07-12T21:45:00,WEB,COMPLETED,51407.97,2026-07-12T21:45:00
O0016413,C001704,S011,2026-07-11T10:50:00,MOBILE,COMPLETED,21903.99,2026-07-11T10:50:00
O0016414,C003071,S003,2026-07-08T08:49:00,MOBILE,COMPLETED,63950.19,2026-07-08T08:49:00
O0016415,C003121,S018,2026-07-13T17:38:00,STORE,COMPLETED,29873.66,2026-07-13T17:38:00
O0016416,C004592,S018,2026-07-09T14:08:00,MOBILE,COMPLETED,16357.99,2026-07-09T14:08:00
O0016417,C001715,S024,2026-07-14T03:23:00,WEB,COMPLETED,2967.78,2026-07-14T03:23:00
O0016418,C001822,S019,2026-07-12T00:24:00,MOBILE,COMPLETED,52556.91,2026-07-12T00:24:00
O0016419,C003916,S021,2026-07-09T02:20:00,STORE,COMPLETED,114490.67,2026-07-09T02:20:00
O0016420,C000330,S020,2026-07-08T16:31:00,MOBILE,COMPLETED,68042.36,2026-07-08T16:31:00
O0016421,C001070,S020,2026-07-10T12:07:00,WEB,COMPLETED,67863.91,2026-07-10T12:07:00
O0016422,C000337,S005,2026-07-14T04:21:00,MOBILE,COMPLETED,123796.93,2026-07-14T04:21:00
O0016423,C004150,S010,2026-07-10T23:25:00,STORE,COMPLETED,133510.48,2026-07-10T23:25:00
O0016424,C004527,S025,2026-07-11T03:41:00,WEB,COMPLETED,28595.98,2026-07-11T03:41:00
O0016425,C005037,S003,2026-07-10T00:24:00,STORE,COMPLETED,110040.57,2026-07-10T00:24:00
O0016426,C003988,S014,2026-07-09T20:36:00,STORE,COMPLETED,74608.83,2026-07-09T20:36:00
O0016427,C004253,S015,2026-07-08T23:56:00,MOBILE,COMPLETED,85391.94,2026-07-08T23:56:00
O0016428,C000631,S009,2026-07-10T01:03:00,WEB,COMPLETED,93353.21,2026-07-10T01:03:00
O0016429,C000785,S023,2026-07-10T09:16:00,STORE,COMPLETED,104658.42,2026-07-10T09:16:00
O0016430,C000132,S007,2026-07-09T07:06:00,WEB,COMPLETED,38559.96,2026-07-09T07:06:00
O0016431,C001723,S024,2026-07-11T06:31:00,STORE,COMPLETED,26192.36,2026-07-11T06:31:00
O0016432,C003635,S011,2026-07-08T16:40:00,STORE,COMPLETED,158889.86,2026-07-08T16:40:00
O0016433,C001393,S024,2026-07-13T06:40:00,STORE,COMPLETED,98083.17,2026-07-13T06:40:00
O0016434,C000431,S014,2026-07-12T04:06:00,WEB,COMPLETED,126542.90,2026-07-12T04:06:00
O0016435,C004793,S023,2026-07-11T02:44:00,WEB,COMPLETED,18970.98,2026-07-11T02:44:00
O0016436,C000144,S016,2026-07-09T19:06:00,MOBILE,COMPLETED,124289.94,2026-07-09T19:06:00
O0016437,C005035,S012,2026-07-10T21:30:00,MOBILE,COMPLETED,43539.93,2026-07-10T21:30:00
O0016438,C000887,S022,2026-07-08T17:16:00,WEB,COMPLETED,33834.95,2026-07-08T17:16:00
O0016439,C003529,S017,2026-07-09T04:30:00,MOBILE,COMPLETED,13982.39,2026-07-09T04:30:00
O0016440,C001681,S003,2026-07-12T01:44:00,WEB,COMPLETED,13301.97,2026-07-12T01:44:00
O0016441,C004618,S010,2026-07-09T22:29:00,WEB,COMPLETED,123762.69,2026-07-09T22:29:00
O0016442,C003766,S012,2026-07-13T12:21:00,WEB,COMPLETED,6559.99,2026-07-13T12:21:00
O0016443,C002620,S022,2026-07-11T23:59:00,WEB,COMPLETED,35847.26,2026-07-11T23:59:00
O0016444,C002481,S011,2026-07-11T15:27:00,STORE,COMPLETED,102286.00,2026-07-11T15:27:00
O0016445,C000826,S023,2026-07-13T02:59:00,MOBILE,COMPLETED,10083.96,2026-07-13T02:59:00
O0016446,C000396,S014,2026-07-12T08:01:00,WEB,COMPLETED,189756.89,2026-07-12T08:01:00
O0016447,C001591,S015,2026-07-11T23:52:00,STORE,COMPLETED,141093.47,2026-07-11T23:52:00
O0016448,C004026,S012,2026-07-09T16:21:00,STORE,COMPLETED,115710.39,2026-07-09T16:21:00
O0016449,C000195,S009,2026-07-11T14:15:00,STORE,COMPLETED,93351.53,2026-07-11T14:15:00
O0016450,C002325,S010,2026-07-10T00:53:00,WEB,COMPLETED,71987.96,2026-07-10T00:53:00
O0016451,C005007,S004,2026-07-13T22:12:00,STORE,COMPLETED,80429.04,2026-07-13T22:12:00
O0016452,C001902,S013,2026-07-12T13:31:00,WEB,COMPLETED,53261.26,2026-07-12T13:31:00
O0016453,C002324,S008,2026-07-10T18:00:00,MOBILE,COMPLETED,69432.27,2026-07-10T18:00:00
O0016454,C004474,S007,2026-07-09T10:37:00,WEB,COMPLETED,56963.94,2026-07-09T10:37:00
O0016455,C002568,S007,2026-07-10T12:40:00,STORE,COMPLETED,191007.86,2026-07-10T12:40:00
O0016456,C000594,S005,2026-07-08T12:33:00,MOBILE,COMPLETED,91301.88,2026-07-08T12:33:00
O0016457,C003083,S001,2026-07-10T15:32:00,MOBILE,COMPLETED,12587.99,2026-07-10T15:32:00
O0016458,C000784,S010,2026-07-13T10:21:00,WEB,COMPLETED,153584.10,2026-07-13T10:21:00
O0016459,C003984,S004,2026-07-09T15:38:00,WEB,COMPLETED,133693.90,2026-07-09T15:38:00
O0016460,C000172,S022,2026-07-12T14:03:00,MOBILE,COMPLETED,24617.29,2026-07-12T14:03:00
O0016461,C004045,S022,2026-07-12T11:13:00,MOBILE,COMPLETED,6595.91,2026-07-12T11:13:00
O0016462,C001680,S025,2026-07-13T21:00:00,STORE,COMPLETED,63535.52,2026-07-13T21:00:00
O0016463,C003644,S002,2026-07-08T23:46:00,MOBILE,COMPLETED,122089.02,2026-07-08T23:46:00
O0016464,C003658,S016,2026-07-10T01:24:00,WEB,COMPLETED,138354.62,2026-07-10T01:24:00
O0016465,C001792,S006,2026-07-08T11:53:00,MOBILE,COMPLETED,84076.93,2026-07-08T11:53:00
O0016466,C004055,S006,2026-07-12T00:18:00,WEB,COMPLETED,21129.29,2026-07-12T00:18:00
O0016467,C001549,S021,2026-07-08T11:03:00,MOBILE,COMPLETED,160796.29,2026-07-08T11:03:00
O0016468,C004863,S024,2026-07-12T23:57:00,WEB,COMPLETED,42810.45,2026-07-12T23:57:00
O0016469,C001723,S004,2026-07-10T20:02:00,WEB,COMPLETED,92176.02,2026-07-10T20:02:00
O0016470,C002471,S016,2026-07-12T23:03:00,WEB,COMPLETED,112984.10,2026-07-12T23:03:00
O0016471,C004307,S005,2026-07-09T10:51:00,WEB,COMPLETED,80988.21,2026-07-09T10:51:00
O0016472,C004063,S024,2026-07-10T17:38:00,MOBILE,COMPLETED,50382.42,2026-07-10T17:38:00
O0016473,C002082,S013,2026-07-11T20:34:00,MOBILE,COMPLETED,58619.55,2026-07-11T20:34:00
O0016474,C000201,S010,2026-07-11T08:36:00,WEB,COMPLETED,85687.96,2026-07-11T08:36:00
O0016475,C002406,S016,2026-07-09T11:22:00,STORE,COMPLETED,46483.94,2026-07-09T11:22:00
O0016476,C004303,S003,2026-07-13T23:48:00,STORE,COMPLETED,42437.98,2026-07-13T23:48:00
O0016477,C000650,S010,2026-07-09T14:14:00,WEB,COMPLETED,11021.13,2026-07-09T14:14:00
O0016478,C002061,S006,2026-07-11T14:54:00,STORE,COMPLETED,140693.49,2026-07-11T14:54:00
O0016479,C002623,S006,2026-07-13T11:01:00,WEB,COMPLETED,5294.97,2026-07-13T11:01:00
O0016480,C001949,S019,2026-07-14T00:16:00,MOBILE,COMPLETED,86001.79,2026-07-14T00:16:00
O0016481,C001237,S016,2026-07-12T17:32:00,MOBILE,COMPLETED,41712.87,2026-07-12T17:32:00
O0016482,C004303,S012,2026-07-11T22:51:00,MOBILE,COMPLETED,132321.65,2026-07-11T22:51:00
O0016483,C000059,S008,2026-07-09T00:25:00,WEB,COMPLETED,72161.13,2026-07-09T00:25:00
O0016484,C002350,S007,2026-07-09T11:42:00,STORE,COMPLETED,113018.52,2026-07-09T11:42:00
O0016485,C003932,S007,2026-07-11T18:26:00,MOBILE,COMPLETED,89426.29,2026-07-11T18:26:00
O0016486,C001372,S017,2026-07-12T16:10:00,STORE,COMPLETED,189618.88,2026-07-12T16:10:00
O0016487,C002278,S007,2026-07-13T01:42:00,MOBILE,COMPLETED,136498.12,2026-07-13T01:42:00
O0016488,C002640,S013,2026-07-09T08:28:00,MOBILE,COMPLETED,44329.30,2026-07-09T08:28:00
O0016489,C001221,S011,2026-07-09T15:38:00,WEB,COMPLETED,3397.98,2026-07-09T15:38:00
O0016490,C000845,S023,2026-07-09T12:55:00,MOBILE,COMPLETED,5354.33,2026-07-09T12:55:00
O0016491,C003353,S012,2026-07-10T08:36:00,MOBILE,COMPLETED,74532.63,2026-07-10T08:36:00
O0016492,C000338,S007,2026-07-11T06:43:00,WEB,COMPLETED,37687.97,2026-07-11T06:43:00
O0016493,C000825,S015,2026-07-13T12:16:00,MOBILE,COMPLETED,126209.60,2026-07-13T12:16:00
O0016494,C003956,S013,2026-07-09T17:12:00,MOBILE,COMPLETED,63219.96,2026-07-09T17:12:00
O0016495,C003346,S024,2026-07-13T00:34:00,MOBILE,COMPLETED,68759.95,2026-07-13T00:34:00
O0016496,C004773,S024,2026-07-08T11:04:00,WEB,COMPLETED,139665.09,2026-07-08T11:04:00
O0016497,C001892,S007,2026-07-12T02:24:00,STORE,COMPLETED,50850.55,2026-07-12T02:24:00
O0016498,C000387,S014,2026-07-12T05:34:00,STORE,COMPLETED,118108.05,2026-07-12T05:34:00
O0016499,C002563,S011,2026-07-12T19:17:00,WEB,COMPLETED,77688.71,2026-07-12T19:17:00
O0016500,C002240,S009,2026-07-12T07:08:00,STORE,COMPLETED,99671.96,2026-07-12T07:08:00
O0016501,C001285,S001,2026-07-09T15:15:00,STORE,COMPLETED,142034.88,2026-07-09T15:15:00
O0016502,C001196,S006,2026-07-13T08:11:00,WEB,COMPLETED,26310.40,2026-07-13T08:11:00
O0016503,C001191,S014,2026-07-11T06:35:00,WEB,COMPLETED,35856.98,2026-07-11T06:35:00
O0016504,C000136,S012,2026-07-10T16:18:00,STORE,COMPLETED,68497.73,2026-07-10T16:18:00
O0016505,C004635,S015,2026-07-10T17:24:00,WEB,COMPLETED,113389.75,2026-07-10T17:24:00
O0016506,C000849,S004,2026-07-12T09:44:00,WEB,COMPLETED,116908.11,2026-07-12T09:44:00
O0016507,C001219,S024,2026-07-10T13:15:00,MOBILE,COMPLETED,34075.98,2026-07-10T13:15:00
O0016508,C004546,S006,2026-07-13T21:02:00,WEB,COMPLETED,39939.96,2026-07-13T21:02:00
O0016509,C001637,S021,2026-07-10T03:44:00,STORE,COMPLETED,56697.59,2026-07-10T03:44:00
O0016510,C002929,S017,2026-07-14T05:30:00,MOBILE,COMPLETED,136166.68,2026-07-14T05:30:00
O0016511,C000177,S025,2026-07-08T13:25:00,WEB,COMPLETED,132817.63,2026-07-08T13:25:00
O0016512,C001756,S017,2026-07-13T11:47:00,WEB,COMPLETED,8329.98,2026-07-13T11:47:00
O0016513,C002723,S019,2026-07-09T12:59:00,WEB,COMPLETED,119360.72,2026-07-09T12:59:00
O0016514,C002611,S001,2026-07-12T23:25:00,MOBILE,COMPLETED,153728.32,2026-07-12T23:25:00
O0016515,C003667,S025,2026-07-08T12:13:00,STORE,COMPLETED,69178.51,2026-07-08T12:13:00
O0016516,C000137,S021,2026-07-10T09:30:00,WEB,COMPLETED,36073.37,2026-07-10T09:30:00
O0016517,C004688,S018,2026-07-10T23:20:00,MOBILE,COMPLETED,170985.68,2026-07-10T23:20:00
O0016518,C003539,S016,2026-07-08T19:20:00,STORE,COMPLETED,35609.93,2026-07-08T19:20:00
O0016519,C004626,S004,2026-07-13T10:39:00,MOBILE,COMPLETED,115176.94,2026-07-13T10:39:00
O0016520,C001240,S008,2026-07-13T00:56:00,STORE,COMPLETED,187967.76,2026-07-13T00:56:00
O0016521,C004032,S022,2026-07-08T16:12:00,WEB,COMPLETED,68451.14,2026-07-08T16:12:00
O0016522,C004309,S010,2026-07-14T04:02:00,STORE,COMPLETED,131699.09,2026-07-14T04:02:00
O0016523,C002871,S008,2026-07-13T03:18:00,STORE,COMPLETED,84772.76,2026-07-13T03:18:00
O0016524,C001117,S025,2026-07-11T17:46:00,MOBILE,COMPLETED,139529.91,2026-07-11T17:46:00
O0016525,C000401,S015,2026-07-09T13:24:00,MOBILE,COMPLETED,200975.44,2026-07-09T13:24:00
O0016526,C004249,S020,2026-07-13T17:03:00,MOBILE,COMPLETED,173033.26,2026-07-13T17:03:00
O0016527,C000655,S022,2026-07-08T10:23:00,WEB,COMPLETED,45161.97,2026-07-08T10:23:00
O0016528,C002555,S008,2026-07-09T17:58:00,MOBILE,COMPLETED,172755.92,2026-07-09T17:58:00
O0016529,C002783,S010,2026-07-09T16:03:00,STORE,COMPLETED,47114.89,2026-07-09T16:03:00
O0016530,C000316,S005,2026-07-10T16:24:00,WEB,COMPLETED,190289.34,2026-07-10T16:24:00
O0016531,C002914,S018,2026-07-08T09:07:00,WEB,COMPLETED,64952.19,2026-07-08T09:07:00
O0016532,C000772,S018,2026-07-09T00:22:00,MOBILE,COMPLETED,49862.64,2026-07-09T00:22:00
O0016533,C002826,S022,2026-07-09T21:42:00,MOBILE,COMPLETED,111009.52,2026-07-09T21:42:00
O0016534,C005039,S008,2026-07-13T16:52:00,WEB,COMPLETED,127561.89,2026-07-13T16:52:00
O0016535,C003438,S024,2026-07-08T08:49:00,MOBILE,COMPLETED,83696.93,2026-07-08T08:49:00
O0016536,C002036,S013,2026-07-12T01:17:00,MOBILE,COMPLETED,9909.27,2026-07-12T01:17:00
O0016537,C003227,S008,2026-07-14T05:46:00,STORE,COMPLETED,93485.95,2026-07-14T05:46:00
O0016538,C001662,S014,2026-07-09T19:39:00,STORE,COMPLETED,84155.90,2026-07-09T19:39:00
O0016539,C002060,S010,2026-07-11T17:39:00,STORE,COMPLETED,75034.93,2026-07-11T17:39:00
O0016540,C001203,S018,2026-07-08T10:49:00,MOBILE,COMPLETED,122339.92,2026-07-08T10:49:00
O0016541,C001526,S007,2026-07-11T07:59:00,WEB,COMPLETED,80000.72,2026-07-11T07:59:00
O0016542,C003263,S023,2026-07-11T18:37:00,WEB,COMPLETED,80075.11,2026-07-11T18:37:00
O0016543,C004645,S008,2026-07-13T14:37:00,STORE,COMPLETED,127408.38,2026-07-13T14:37:00
O0016544,C003971,S024,2026-07-11T19:07:00,MOBILE,COMPLETED,62336.48,2026-07-11T19:07:00
O0016545,C001331,S002,2026-07-12T05:37:00,STORE,COMPLETED,13064.99,2026-07-12T05:37:00
O0016546,C004064,S017,2026-07-11T13:30:00,WEB,COMPLETED,19600.15,2026-07-11T13:30:00
O0016547,C004484,S016,2026-07-09T11:27:00,STORE,COMPLETED,980.36,2026-07-09T11:27:00
O0016548,C003321,S013,2026-07-14T03:01:00,STORE,COMPLETED,90824.05,2026-07-14T03:01:00
O0016549,C002622,S012,2026-07-11T14:04:00,MOBILE,COMPLETED,3807.89,2026-07-11T14:04:00
O0016550,C002433,S011,2026-07-09T07:01:00,WEB,COMPLETED,44811.97,2026-07-09T07:01:00
O0016551,C000270,S010,2026-07-11T20:50:00,WEB,COMPLETED,158334.26,2026-07-11T20:50:00
O0016552,C002887,S006,2026-07-12T13:43:00,WEB,COMPLETED,28333.75,2026-07-12T13:43:00
O0016553,C001167,S018,2026-07-12T22:32:00,MOBILE,COMPLETED,2138.59,2026-07-12T22:32:00
O0016554,C004329,S022,2026-07-08T08:17:00,MOBILE,COMPLETED,185528.97,2026-07-08T08:17:00
O0016555,C001140,S021,2026-07-13T21:34:00,WEB,COMPLETED,78132.90,2026-07-13T21:34:00
O0016556,C003786,S018,2026-07-08T15:07:00,MOBILE,COMPLETED,98430.92,2026-07-08T15:07:00
O0016557,C000349,S025,2026-07-08T18:27:00,STORE,COMPLETED,24652.35,2026-07-08T18:27:00
O0016558,C000055,S003,2026-07-14T00:19:00,MOBILE,COMPLETED,134110.91,2026-07-14T00:19:00
O0016559,C003530,S006,2026-07-09T12:55:00,WEB,COMPLETED,64716.46,2026-07-09T12:55:00
O0016560,C001464,S006,2026-07-13T15:47:00,MOBILE,COMPLETED,120502.92,2026-07-13T15:47:00
O0016561,C000590,S013,2026-07-11T22:06:00,STORE,COMPLETED,134276.91,2026-07-11T22:06:00
O0016562,C000810,S007,2026-07-10T07:18:00,STORE,COMPLETED,37637.98,2026-07-10T07:18:00
O0016563,C001952,S006,2026-07-11T07:56:00,MOBILE,COMPLETED,54374.95,2026-07-11T07:56:00
O0016564,C002185,S001,2026-07-10T19:39:00,WEB,COMPLETED,60843.56,2026-07-10T19:39:00
O0016565,C005242,S018,2026-07-10T21:53:00,MOBILE,COMPLETED,48294.15,2026-07-10T21:53:00
O0016566,C004670,S009,2026-07-11T11:09:00,WEB,COMPLETED,28766.87,2026-07-11T11:09:00
O0016567,C002481,S007,2026-07-09T22:10:00,STORE,COMPLETED,12621.59,2026-07-09T22:10:00
O0016568,C000547,S018,2026-07-13T18:52:00,WEB,COMPLETED,68457.15,2026-07-13T18:52:00
O0016569,C002194,S006,2026-07-10T23:38:00,MOBILE,COMPLETED,32025.98,2026-07-10T23:38:00
O0016570,C004945,S017,2026-07-08T23:56:00,MOBILE,COMPLETED,49561.98,2026-07-08T23:56:00
O0016571,C003983,S021,2026-07-11T10:37:00,WEB,COMPLETED,113218.49,2026-07-11T10:37:00
O0016572,C004692,S007,2026-07-11T15:22:00,WEB,COMPLETED,87110.29,2026-07-11T15:22:00
O0016573,C002412,S023,2026-07-12T17:36:00,WEB,COMPLETED,44584.94,2026-07-12T17:36:00
O0016574,C002003,S010,2026-07-10T15:17:00,MOBILE,COMPLETED,95341.42,2026-07-10T15:17:00
O0016575,C000952,S002,2026-07-09T01:30:00,STORE,COMPLETED,21498.71,2026-07-09T01:30:00
O0016576,C005245,S020,2026-07-10T00:37:00,STORE,COMPLETED,133650.93,2026-07-10T00:37:00
O0016577,C004228,S022,2026-07-08T21:15:00,WEB,COMPLETED,15124.99,2026-07-08T21:15:00
O0016578,C004680,S016,2026-07-13T00:15:00,WEB,COMPLETED,22021.92,2026-07-13T00:15:00
O0016579,C003629,S013,2026-07-11T19:38:00,WEB,COMPLETED,127136.88,2026-07-11T19:38:00
O0016580,C001116,S013,2026-07-13T11:25:00,WEB,COMPLETED,22035.68,2026-07-13T11:25:00
O0016581,C005090,S015,2026-07-13T11:32:00,WEB,COMPLETED,13823.35,2026-07-13T11:32:00
O0016582,C001147,S010,2026-07-12T06:25:00,WEB,COMPLETED,160949.25,2026-07-12T06:25:00
O0016583,C001892,S003,2026-07-13T10:22:00,MOBILE,COMPLETED,222045.27,2026-07-13T10:22:00
O0016584,C001882,S016,2026-07-10T18:56:00,STORE,COMPLETED,35171.81,2026-07-10T18:56:00
O0016585,C001217,S023,2026-07-10T23:05:00,STORE,COMPLETED,94431.52,2026-07-10T23:05:00
O0016586,C004121,S023,2026-07-13T23:05:00,STORE,COMPLETED,91863.24,2026-07-13T23:05:00
O0016587,C001007,S021,2026-07-13T06:56:00,STORE,COMPLETED,25738.23,2026-07-13T06:56:00
O0016588,C004549,S014,2026-07-08T22:42:00,WEB,COMPLETED,176721.06,2026-07-08T22:42:00
O0016589,C001419,S024,2026-07-13T02:44:00,STORE,COMPLETED,37573.18,2026-07-13T02:44:00
O0016590,C002446,S021,2026-07-12T04:46:00,WEB,COMPLETED,98686.95,2026-07-12T04:46:00
O0016591,C000463,S007,2026-07-11T07:54:00,MOBILE,COMPLETED,117884.92,2026-07-11T07:54:00
O0016592,C005192,S006,2026-07-12T02:45:00,STORE,COMPLETED,105901.14,2026-07-12T02:45:00
O0016593,C003990,S015,2026-07-14T07:29:00,MOBILE,COMPLETED,141442.18,2026-07-14T07:29:00
O0016594,C003326,S010,2026-07-11T20:16:00,WEB,COMPLETED,110217.00,2026-07-11T20:16:00
O0016595,C003970,S016,2026-07-11T08:34:00,MOBILE,COMPLETED,148607.89,2026-07-11T08:34:00
O0016596,C002255,S025,2026-07-08T23:37:00,STORE,COMPLETED,93461.34,2026-07-08T23:37:00
O0016597,C004439,S003,2026-07-13T16:47:00,MOBILE,COMPLETED,161283.83,2026-07-13T16:47:00
O0016598,C003966,S019,2026-07-13T08:39:00,WEB,COMPLETED,55071.87,2026-07-13T08:39:00
O0016599,C003399,S016,2026-07-13T19:52:00,MOBILE,COMPLETED,75506.20,2026-07-13T19:52:00
O0016600,C004053,S025,2026-07-12T15:21:00,STORE,COMPLETED,45095.97,2026-07-12T15:21:00
O0016601,C001951,S006,2026-07-12T04:46:00,STORE,COMPLETED,77922.93,2026-07-12T04:46:00
O0016602,C000549,S014,2026-07-13T22:51:00,MOBILE,COMPLETED,3255.29,2026-07-13T22:51:00
O0016603,C004602,S008,2026-07-11T12:56:00,MOBILE,COMPLETED,118846.07,2026-07-11T12:56:00
O0016604,C003088,S025,2026-07-10T20:34:00,STORE,COMPLETED,58109.86,2026-07-10T20:34:00
O0016605,C001696,S020,2026-07-09T19:02:00,WEB,COMPLETED,164.97,2026-07-09T19:02:00
O0016606,C005143,S024,2026-07-09T05:43:00,STORE,COMPLETED,77575.83,2026-07-09T05:43:00
O0016607,C004437,S003,2026-07-11T04:13:00,STORE,COMPLETED,169816.71,2026-07-11T04:13:00
O0016608,C003861,S014,2026-07-11T12:40:00,WEB,COMPLETED,47395.96,2026-07-11T12:40:00
O0016609,C002638,S013,2026-07-10T09:36:00,WEB,COMPLETED,183825.87,2026-07-10T09:36:00
O0016610,C002965,S020,2026-07-12T08:24:00,WEB,COMPLETED,180164.10,2026-07-12T08:24:00
O0016611,C003916,S019,2026-07-13T02:14:00,MOBILE,COMPLETED,31985.65,2026-07-13T02:14:00
O0016612,C005117,S025,2026-07-13T14:40:00,WEB,COMPLETED,5721.98,2026-07-13T14:40:00
O0016613,C003514,S012,2026-07-12T22:31:00,MOBILE,COMPLETED,197803.34,2026-07-12T22:31:00
O0016614,C000526,S002,2026-07-13T06:24:00,WEB,COMPLETED,36505.97,2026-07-13T06:24:00
O0016615,C003256,S013,2026-07-08T18:30:00,STORE,COMPLETED,108199.30,2026-07-08T18:30:00
O0016616,C004759,S021,2026-07-14T00:38:00,MOBILE,COMPLETED,99520.60,2026-07-14T00:38:00
O0016617,C004038,S016,2026-07-10T04:04:00,WEB,COMPLETED,88214.64,2026-07-10T04:04:00
O0016618,C000481,S007,2026-07-12T14:17:00,WEB,COMPLETED,141341.55,2026-07-12T14:17:00
O0016619,C004282,S012,2026-07-11T01:35:00,STORE,COMPLETED,152655.84,2026-07-11T01:35:00
O0016620,C001971,S014,2026-07-09T10:20:00,STORE,COMPLETED,155878.84,2026-07-09T10:20:00
O0016621,C000654,S025,2026-07-12T03:06:00,STORE,COMPLETED,24595.08,2026-07-12T03:06:00
O0016622,C004021,S016,2026-07-08T15:54:00,WEB,COMPLETED,104714.11,2026-07-08T15:54:00
O0016623,C002352,S018,2026-07-08T11:46:00,WEB,COMPLETED,121117.07,2026-07-08T11:46:00
O0016624,C005058,S007,2026-07-11T16:37:00,MOBILE,COMPLETED,123644.98,2026-07-11T16:37:00
O0016625,C003262,S005,2026-07-09T09:16:00,STORE,COMPLETED,119658.11,2026-07-09T09:16:00
O0016626,C001449,S015,2026-07-11T15:51:00,MOBILE,COMPLETED,126102.10,2026-07-11T15:51:00
O0016627,C001148,S002,2026-07-09T00:30:00,STORE,COMPLETED,192985.04,2026-07-09T00:30:00
O0016628,C002601,S004,2026-07-13T23:44:00,MOBILE,COMPLETED,34815.10,2026-07-13T23:44:00
O0016629,C000891,S021,2026-07-12T23:51:00,MOBILE,COMPLETED,86461.93,2026-07-12T23:51:00
O0016630,C002473,S020,2026-07-08T17:24:00,MOBILE,COMPLETED,50812.22,2026-07-08T17:24:00
O0016631,C003106,S015,2026-07-13T07:41:00,MOBILE,COMPLETED,157424.06,2026-07-13T07:41:00
O0016632,C002086,S006,2026-07-08T10:47:00,WEB,COMPLETED,150591.45,2026-07-08T10:47:00
O0016633,C002843,S021,2026-07-12T12:49:00,STORE,COMPLETED,67674.55,2026-07-12T12:49:00
O0016634,C002258,S009,2026-07-09T00:41:00,STORE,COMPLETED,112524.23,2026-07-09T00:41:00
O0016635,C001016,S003,2026-07-13T19:19:00,WEB,COMPLETED,32305.07,2026-07-13T19:19:00
O0016636,C001347,S025,2026-07-10T00:44:00,MOBILE,COMPLETED,68068.55,2026-07-10T00:44:00
O0016637,C002958,S003,2026-07-10T19:14:00,STORE,COMPLETED,97954.67,2026-07-10T19:14:00
O0016638,C002043,S007,2026-07-12T11:32:00,MOBILE,COMPLETED,97764.51,2026-07-12T11:32:00
O0016639,C001924,S021,2026-07-09T13:32:00,MOBILE,COMPLETED,63206.26,2026-07-09T13:32:00
O0016640,C001388,S018,2026-07-12T11:46:00,STORE,COMPLETED,19375.17,2026-07-12T11:46:00
O0016641,C004741,S006,2026-07-11T10:42:00,MOBILE,COMPLETED,31340.98,2026-07-11T10:42:00
O0016642,C003881,S019,2026-07-11T23:37:00,STORE,COMPLETED,26468.97,2026-07-11T23:37:00
O0016643,C000385,S024,2026-07-13T05:11:00,STORE,COMPLETED,16639.34,2026-07-13T05:11:00
O0016644,C002399,S023,2026-07-14T01:29:00,MOBILE,COMPLETED,21734.97,2026-07-14T01:29:00
O0016645,C004167,S025,2026-07-09T09:31:00,STORE,COMPLETED,36743.97,2026-07-09T09:31:00
O0016646,C001788,S009,2026-07-08T19:26:00,MOBILE,COMPLETED,185430.38,2026-07-08T19:26:00
O0016647,C004373,S012,2026-07-09T23:31:00,MOBILE,COMPLETED,84029.27,2026-07-09T23:31:00
O0016648,C003025,S010,2026-07-11T01:26:00,STORE,COMPLETED,43796.22,2026-07-11T01:26:00
O0016649,C005191,S008,2026-07-11T12:02:00,MOBILE,COMPLETED,135118.92,2026-07-11T12:02:00
O0016650,C000367,S019,2026-07-11T06:47:00,WEB,COMPLETED,17207.96,2026-07-11T06:47:00
O0016651,C004276,S014,2026-07-12T19:14:00,WEB,COMPLETED,114130.39,2026-07-12T19:14:00
O0016652,C000877,S008,2026-07-08T11:36:00,WEB,COMPLETED,148519.89,2026-07-08T11:36:00
O0016653,C000889,S021,2026-07-10T07:21:00,MOBILE,COMPLETED,107459.09,2026-07-10T07:21:00
O0016654,C004672,S013,2026-07-10T01:27:00,MOBILE,COMPLETED,83675.94,2026-07-10T01:27:00
O0016655,C002304,S017,2026-07-10T19:57:00,STORE,COMPLETED,35101.93,2026-07-10T19:57:00
O0016656,C004956,S011,2026-07-09T11:58:00,STORE,COMPLETED,45771.67,2026-07-09T11:58:00
O0016657,C000713,S017,2026-07-12T13:52:00,STORE,COMPLETED,31269.98,2026-07-12T13:52:00
O0016658,C002243,S003,2026-07-11T22:14:00,WEB,COMPLETED,9573.99,2026-07-11T22:14:00
O0016659,C002440,S005,2026-07-13T00:37:00,STORE,COMPLETED,80063.17,2026-07-13T00:37:00
O0016660,C002000,S004,2026-07-09T19:49:00,MOBILE,COMPLETED,76729.72,2026-07-09T19:49:00
O0016661,C000530,S024,2026-07-09T01:20:00,WEB,COMPLETED,124869.73,2026-07-09T01:20:00
O0016662,C001467,S008,2026-07-08T13:16:00,STORE,COMPLETED,97547.92,2026-07-08T13:16:00
O0016663,C004018,S010,2026-07-13T20:29:00,STORE,COMPLETED,125013.92,2026-07-13T20:29:00
O0016664,C004006,S015,2026-07-09T18:42:00,MOBILE,COMPLETED,149128.85,2026-07-09T18:42:00
O0016665,C000290,S011,2026-07-10T01:20:00,MOBILE,COMPLETED,77686.20,2026-07-10T01:20:00
O0016666,C000866,S025,2026-07-08T23:22:00,WEB,COMPLETED,153630.86,2026-07-08T23:22:00
O0016667,C002078,S009,2026-07-10T06:26:00,MOBILE,COMPLETED,49026.95,2026-07-10T06:26:00
O0016668,C004725,S008,2026-07-11T11:50:00,STORE,COMPLETED,74322.54,2026-07-11T11:50:00
O0016669,C000243,S020,2026-07-12T01:36:00,STORE,COMPLETED,59090.18,2026-07-12T01:36:00
O0016670,C004738,S001,2026-07-11T07:21:00,WEB,COMPLETED,109267.38,2026-07-11T07:21:00
O0016671,C000318,S005,2026-07-12T02:58:00,MOBILE,COMPLETED,73562.32,2026-07-12T02:58:00
O0016672,C003382,S004,2026-07-10T15:57:00,MOBILE,COMPLETED,125303.93,2026-07-10T15:57:00
O0016673,C000514,S018,2026-07-12T03:36:00,MOBILE,COMPLETED,192233.27,2026-07-12T03:36:00
O0016674,C001606,S023,2026-07-10T03:32:00,WEB,COMPLETED,93505.35,2026-07-10T03:32:00
O0016675,C004500,S015,2026-07-12T05:54:00,STORE,COMPLETED,42321.63,2026-07-12T05:54:00
O0016676,C001800,S017,2026-07-14T04:22:00,MOBILE,COMPLETED,115878.91,2026-07-14T04:22:00
O0016677,C002700,S006,2026-07-08T08:43:00,STORE,COMPLETED,9169.86,2026-07-08T08:43:00
O0016678,C005236,S003,2026-07-12T09:06:00,STORE,COMPLETED,269705.46,2026-07-12T09:06:00
O0016679,C004938,S014,2026-07-13T12:32:00,MOBILE,COMPLETED,22709.98,2026-07-13T12:32:00
O0016680,C002239,S002,2026-07-12T16:05:00,WEB,COMPLETED,73915.96,2026-07-12T16:05:00
O0016681,C001703,S009,2026-07-08T21:26:00,MOBILE,COMPLETED,14120.93,2026-07-08T21:26:00
O0016682,C004651,S017,2026-07-10T07:22:00,STORE,COMPLETED,169909.20,2026-07-10T07:22:00
O0016683,C001940,S006,2026-07-14T03:36:00,MOBILE,COMPLETED,54444.17,2026-07-14T03:36:00
O0016684,C002315,S006,2026-07-11T09:00:00,STORE,COMPLETED,147176.01,2026-07-11T09:00:00
O0016685,C004016,S003,2026-07-08T08:40:00,STORE,COMPLETED,125150.74,2026-07-08T08:40:00
O0016686,C003545,S023,2026-07-10T20:36:00,WEB,COMPLETED,74279.94,2026-07-10T20:36:00
O0016687,C002947,S025,2026-07-13T14:06:00,STORE,COMPLETED,79758.79,2026-07-13T14:06:00
O0016688,C000937,S001,2026-07-10T21:35:00,WEB,COMPLETED,98119.48,2026-07-10T21:35:00
O0016689,C003090,S020,2026-07-09T08:56:00,MOBILE,COMPLETED,81325.06,2026-07-09T08:56:00
O0016690,C000679,S020,2026-07-09T23:11:00,STORE,COMPLETED,68990.63,2026-07-09T23:11:00
O0016691,C002504,S012,2026-07-11T21:14:00,STORE,COMPLETED,146572.63,2026-07-11T21:14:00
O0016692,C004667,S012,2026-07-12T21:46:00,STORE,COMPLETED,87811.65,2026-07-12T21:46:00
O0016693,C001645,S006,2026-07-10T03:22:00,WEB,COMPLETED,18270.99,2026-07-10T03:22:00
O0016694,C001864,S025,2026-07-11T18:38:00,MOBILE,COMPLETED,95369.85,2026-07-11T18:38:00
O0016695,C000635,S011,2026-07-12T20:46:00,MOBILE,COMPLETED,97224.51,2026-07-12T20:46:00
O0016696,C001800,S010,2026-07-08T19:24:00,WEB,COMPLETED,63313.80,2026-07-08T19:24:00
O0016697,C002173,S011,2026-07-08T15:03:00,WEB,COMPLETED,44608.97,2026-07-08T15:03:00
O0016698,C001837,S016,2026-07-09T00:23:00,WEB,COMPLETED,149993.19,2026-07-09T00:23:00
O0016699,C004684,S023,2026-07-12T12:41:00,MOBILE,COMPLETED,74667.41,2026-07-12T12:41:00
O0016700,C000724,S001,2026-07-10T12:03:00,WEB,COMPLETED,106005.53,2026-07-10T12:03:00
O0016701,C003809,S024,2026-07-14T05:44:00,STORE,COMPLETED,92876.31,2026-07-14T05:44:00
O0016702,C000274,S011,2026-07-13T20:07:00,WEB,COMPLETED,46116.61,2026-07-13T20:07:00
O0016703,C000384,S013,2026-07-14T07:30:00,STORE,COMPLETED,132529.03,2026-07-14T07:30:00
O0016704,C002313,S011,2026-07-09T03:42:00,WEB,COMPLETED,139611.92,2026-07-09T03:42:00
O0016705,C001500,S002,2026-07-11T23:31:00,WEB,COMPLETED,18875.13,2026-07-11T23:31:00
O0016706,C000932,S001,2026-07-11T16:41:00,WEB,COMPLETED,168739.51,2026-07-11T16:41:00
O0016707,C001046,S025,2026-07-11T04:17:00,MOBILE,COMPLETED,128094.09,2026-07-11T04:17:00
O0016708,C001098,S011,2026-07-13T21:36:00,STORE,COMPLETED,89506.00,2026-07-13T21:36:00
O0016709,C001735,S024,2026-07-08T09:01:00,STORE,COMPLETED,32025.98,2026-07-08T09:01:00
O0016710,C000158,S017,2026-07-11T23:45:00,WEB,COMPLETED,126077.10,2026-07-11T23:45:00
O0016711,C005105,S009,2026-07-13T09:49:00,STORE,COMPLETED,183676.98,2026-07-13T09:49:00
O0016712,C005110,S014,2026-07-09T06:04:00,STORE,COMPLETED,8162.52,2026-07-09T06:04:00
O0016713,C000001,S023,2026-07-11T07:21:00,STORE,COMPLETED,133842.90,2026-07-11T07:21:00
O0016714,C003635,S012,2026-07-13T04:42:00,MOBILE,COMPLETED,22271.96,2026-07-13T04:42:00
O0016715,C002578,S016,2026-07-13T16:22:00,WEB,COMPLETED,100358.91,2026-07-13T16:22:00
O0016716,C000353,S022,2026-07-13T01:12:00,MOBILE,COMPLETED,54491.79,2026-07-13T01:12:00
O0016717,C004364,S004,2026-07-12T03:05:00,MOBILE,COMPLETED,158329.15,2026-07-12T03:05:00
O0016718,C000629,S001,2026-07-08T18:29:00,MOBILE,COMPLETED,122069.14,2026-07-08T18:29:00
O0016719,C001811,S006,2026-07-13T04:15:00,STORE,COMPLETED,164000.19,2026-07-13T04:15:00
O0016720,C000272,S018,2026-07-13T21:42:00,MOBILE,COMPLETED,87699.74,2026-07-13T21:42:00
O0016721,C001774,S013,2026-07-08T11:49:00,WEB,COMPLETED,100290.30,2026-07-08T11:49:00
O0016722,C002342,S020,2026-07-12T10:32:00,STORE,COMPLETED,41395.57,2026-07-12T10:32:00
O0016723,C004996,S013,2026-07-11T12:37:00,STORE,COMPLETED,9557.98,2026-07-11T12:37:00
O0016724,C003655,S002,2026-07-09T08:03:00,MOBILE,COMPLETED,5175.58,2026-07-09T08:03:00
O0016725,C004166,S014,2026-07-09T19:04:00,MOBILE,COMPLETED,31535.98,2026-07-09T19:04:00
O0016726,C002768,S007,2026-07-08T13:51:00,WEB,COMPLETED,147951.91,2026-07-08T13:51:00
O0016727,C000572,S005,2026-07-13T04:41:00,WEB,COMPLETED,96040.72,2026-07-13T04:41:00
O0016728,C002397,S025,2026-07-11T03:32:00,STORE,COMPLETED,64543.64,2026-07-11T03:32:00
O0016729,C004199,S012,2026-07-13T14:31:00,MOBILE,COMPLETED,52602.15,2026-07-13T14:31:00
O0016730,C004291,S023,2026-07-13T11:58:00,MOBILE,COMPLETED,40810.02,2026-07-13T11:58:00
O0016731,C000553,S012,2026-07-11T04:53:00,MOBILE,COMPLETED,68435.96,2026-07-11T04:53:00
O0016732,C004556,S010,2026-07-11T12:14:00,MOBILE,COMPLETED,112522.11,2026-07-11T12:14:00
O0016733,C002334,S025,2026-07-10T23:16:00,WEB,COMPLETED,233181.84,2026-07-10T23:16:00
O0016734,C004243,S006,2026-07-13T01:38:00,WEB,COMPLETED,73367.96,2026-07-13T01:38:00
O0016735,C004516,S022,2026-07-13T07:40:00,MOBILE,COMPLETED,28167.96,2026-07-13T07:40:00
O0016736,C001275,S008,2026-07-09T21:29:00,WEB,COMPLETED,54510.23,2026-07-09T21:29:00
O0016737,C002770,S013,2026-07-10T08:42:00,MOBILE,COMPLETED,21269.52,2026-07-10T08:42:00
O0016738,C003658,S019,2026-07-13T13:12:00,WEB,COMPLETED,110049.48,2026-07-13T13:12:00
O0016739,C004902,S010,2026-07-09T01:50:00,WEB,COMPLETED,23136.28,2026-07-09T01:50:00
O0016740,C000831,S003,2026-07-10T11:15:00,MOBILE,COMPLETED,59629.61,2026-07-10T11:15:00
O0016741,C000910,S019,2026-07-12T07:56:00,STORE,COMPLETED,250613.85,2026-07-12T07:56:00
O0016742,C004205,S019,2026-07-10T19:01:00,WEB,COMPLETED,29413.93,2026-07-10T19:01:00
O0016743,C000735,S010,2026-07-10T22:00:00,STORE,COMPLETED,87254.95,2026-07-10T22:00:00
O0016744,C003232,S012,2026-07-13T18:21:00,WEB,COMPLETED,110687.13,2026-07-13T18:21:00
O0016745,C002440,S014,2026-07-13T05:42:00,STORE,COMPLETED,50900.97,2026-07-13T05:42:00
O0016746,C002534,S015,2026-07-08T09:25:00,MOBILE,COMPLETED,14715.19,2026-07-08T09:25:00
O0016747,C001709,S023,2026-07-11T12:28:00,WEB,COMPLETED,90255.41,2026-07-11T12:28:00
O0016748,C000108,S005,2026-07-13T06:00:00,WEB,COMPLETED,97928.22,2026-07-13T06:00:00
O0016749,C000448,S008,2026-07-11T19:55:00,STORE,COMPLETED,24806.93,2026-07-11T19:55:00
O0016750,C003252,S011,2026-07-11T00:27:00,MOBILE,COMPLETED,93423.11,2026-07-11T00:27:00
O0016751,C004986,S025,2026-07-13T11:04:00,MOBILE,COMPLETED,148533.94,2026-07-13T11:04:00
O0016752,C004845,S022,2026-07-08T14:32:00,MOBILE,COMPLETED,55076.14,2026-07-08T14:32:00
O0016753,C003631,S013,2026-07-11T21:16:00,STORE,COMPLETED,45900.14,2026-07-11T21:16:00
O0016754,C000142,S009,2026-07-10T02:21:00,WEB,COMPLETED,61662.35,2026-07-10T02:21:00
O0016755,C004042,S005,2026-07-08T14:59:00,MOBILE,COMPLETED,82006.81,2026-07-08T14:59:00
O0016756,C002725,S017,2026-07-10T11:00:00,MOBILE,COMPLETED,81136.02,2026-07-10T11:00:00
O0016757,C002331,S025,2026-07-11T23:27:00,MOBILE,COMPLETED,41113.56,2026-07-11T23:27:00
O0016758,C001348,S001,2026-07-08T13:01:00,MOBILE,COMPLETED,16403.43,2026-07-08T13:01:00
O0016759,C003911,S006,2026-07-09T02:52:00,WEB,COMPLETED,100140.92,2026-07-09T02:52:00
O0016760,C003975,S017,2026-07-13T01:29:00,WEB,COMPLETED,72418.51,2026-07-13T01:29:00
O0016761,C002792,S004,2026-07-12T13:56:00,STORE,COMPLETED,79203.30,2026-07-12T13:56:00
O0016762,C004350,S003,2026-07-13T23:41:00,WEB,COMPLETED,53873.91,2026-07-13T23:41:00
O0016763,C004530,S022,2026-07-13T03:15:00,MOBILE,COMPLETED,46766.97,2026-07-13T03:15:00
O0016764,C002644,S002,2026-07-12T03:49:00,WEB,COMPLETED,38422.31,2026-07-12T03:49:00
O0016765,C004008,S013,2026-07-09T05:26:00,MOBILE,COMPLETED,62722.14,2026-07-09T05:26:00
O0016766,C004095,S005,2026-07-14T02:22:00,WEB,COMPLETED,164101.26,2026-07-14T02:22:00
O0016767,C000841,S005,2026-07-09T22:29:00,WEB,COMPLETED,46335.37,2026-07-09T22:29:00
O0016768,C004420,S001,2026-07-08T08:22:00,STORE,COMPLETED,37902.94,2026-07-08T08:22:00
O0016769,C001700,S006,2026-07-13T01:41:00,STORE,COMPLETED,20090.97,2026-07-13T01:41:00
O0016770,C003117,S008,2026-07-10T17:42:00,WEB,COMPLETED,16078.99,2026-07-10T17:42:00
O0016771,C002892,S007,2026-07-12T04:16:00,WEB,COMPLETED,127629.89,2026-07-12T04:16:00
O0016772,C001648,S019,2026-07-12T11:02:00,MOBILE,COMPLETED,242147.84,2026-07-12T11:02:00
O0016773,C001572,S023,2026-07-08T17:28:00,STORE,COMPLETED,3753.99,2026-07-08T17:28:00
O0016774,C003725,S023,2026-07-09T09:34:00,WEB,COMPLETED,73533.79,2026-07-09T09:34:00
O0016775,C002448,S013,2026-07-12T15:27:00,MOBILE,COMPLETED,108311.72,2026-07-12T15:27:00
O0016776,C002636,S019,2026-07-08T13:57:00,STORE,COMPLETED,86873.97,2026-07-08T13:57:00
O0016777,C003593,S024,2026-07-09T11:34:00,STORE,COMPLETED,164114.30,2026-07-09T11:34:00
O0016778,C003970,S023,2026-07-09T18:53:00,STORE,COMPLETED,90845.47,2026-07-09T18:53:00
O0016779,C001518,S009,2026-07-11T12:20:00,MOBILE,COMPLETED,61859.96,2026-07-11T12:20:00
O0016780,C003415,S012,2026-07-08T08:04:00,STORE,COMPLETED,89407.22,2026-07-08T08:04:00
O0016781,C001661,S011,2026-07-11T22:45:00,WEB,COMPLETED,111284.94,2026-07-11T22:45:00
O0016782,C004428,S016,2026-07-10T13:26:00,WEB,COMPLETED,9093.58,2026-07-10T13:26:00
O0016783,C000036,S011,2026-07-10T11:13:00,WEB,COMPLETED,57922.60,2026-07-10T11:13:00
O0016784,C003409,S025,2026-07-08T20:46:00,MOBILE,COMPLETED,37099.98,2026-07-08T20:46:00
O0016785,C001424,S019,2026-07-08T11:33:00,STORE,COMPLETED,54687.56,2026-07-08T11:33:00
O0016786,C002987,S010,2026-07-12T01:33:00,STORE,COMPLETED,23959.71,2026-07-12T01:33:00
O0016787,C003417,S025,2026-07-10T03:27:00,STORE,COMPLETED,45465.15,2026-07-10T03:27:00
O0016788,C005118,S018,2026-07-12T21:17:00,WEB,COMPLETED,63906.14,2026-07-12T21:17:00
O0016789,C001691,S010,2026-07-13T12:44:00,STORE,COMPLETED,171609.25,2026-07-13T12:44:00
O0016790,C004746,S001,2026-07-12T01:54:00,STORE,COMPLETED,74149.05,2026-07-12T01:54:00
O0016791,C001443,S014,2026-07-11T02:31:00,WEB,COMPLETED,169285.41,2026-07-11T02:31:00
O0016792,C003314,S006,2026-07-10T07:38:00,STORE,COMPLETED,109139.70,2026-07-10T07:38:00
O0016793,C003722,S006,2026-07-13T21:15:00,STORE,COMPLETED,97746.55,2026-07-13T21:15:00
O0016794,C001086,S025,2026-07-11T23:01:00,WEB,COMPLETED,82216.51,2026-07-11T23:01:00
O0016795,C002458,S013,2026-07-10T03:01:00,MOBILE,COMPLETED,79045.96,2026-07-10T03:01:00
O0016796,C000099,S015,2026-07-10T04:59:00,WEB,COMPLETED,50761.16,2026-07-10T04:59:00
O0016797,C000797,S004,2026-07-12T07:48:00,STORE,COMPLETED,49347.81,2026-07-12T07:48:00
O0016798,C004681,S011,2026-07-13T12:00:00,MOBILE,COMPLETED,29833.57,2026-07-13T12:00:00
O0016799,C000556,S019,2026-07-11T22:29:00,WEB,COMPLETED,72168.95,2026-07-11T22:29:00
O0016800,C004938,S009,2026-07-10T14:02:00,STORE,COMPLETED,94167.26,2026-07-10T14:02:00
O0016801,C002392,S013,2026-07-10T02:41:00,MOBILE,COMPLETED,115321.81,2026-07-10T02:41:00
O0016802,C003724,S021,2026-07-12T15:21:00,WEB,COMPLETED,16118.92,2026-07-12T15:21:00
O0016803,C002668,S007,2026-07-09T08:36:00,MOBILE,COMPLETED,23065.99,2026-07-09T08:36:00
O0016804,C003336,S018,2026-07-10T21:42:00,WEB,COMPLETED,81851.96,2026-07-10T21:42:00
O0016805,C004065,S018,2026-07-13T03:35:00,STORE,COMPLETED,23591.97,2026-07-13T03:35:00
O0016806,C001213,S003,2026-07-13T13:15:00,STORE,COMPLETED,49162.94,2026-07-13T13:15:00
O0016807,C003046,S009,2026-07-09T03:57:00,MOBILE,COMPLETED,50999.94,2026-07-09T03:57:00
O0016808,C003223,S020,2026-07-09T03:41:00,MOBILE,COMPLETED,38643.55,2026-07-09T03:41:00
O0016809,C004385,S023,2026-07-11T10:05:00,WEB,COMPLETED,16407.98,2026-07-11T10:05:00
O0016810,C001100,S013,2026-07-12T08:15:00,MOBILE,COMPLETED,59529.73,2026-07-12T08:15:00
O0016811,C000982,S022,2026-07-12T04:48:00,STORE,COMPLETED,198811.86,2026-07-12T04:48:00
O0016812,C000094,S015,2026-07-09T10:53:00,WEB,COMPLETED,7096.98,2026-07-09T10:53:00
O0016813,C004339,S009,2026-07-10T05:36:00,MOBILE,COMPLETED,62253.94,2026-07-10T05:36:00
O0016814,C002838,S010,2026-07-10T16:56:00,STORE,COMPLETED,56511.96,2026-07-10T16:56:00
O0016815,C005042,S017,2026-07-11T21:59:00,WEB,COMPLETED,105743.06,2026-07-11T21:59:00
O0016816,C003531,S010,2026-07-10T17:19:00,STORE,COMPLETED,58748.95,2026-07-10T17:19:00
O0016817,C002460,S013,2026-07-10T21:03:00,MOBILE,COMPLETED,64694.75,2026-07-10T21:03:00
O0016818,C000128,S023,2026-07-13T16:01:00,MOBILE,COMPLETED,152210.35,2026-07-13T16:01:00
O0016819,C002757,S010,2026-07-10T22:02:00,WEB,COMPLETED,625.08,2026-07-10T22:02:00
O0016820,C004902,S013,2026-07-12T13:14:00,WEB,COMPLETED,138897.68,2026-07-12T13:14:00
O0016821,C001599,S010,2026-07-10T03:58:00,MOBILE,COMPLETED,78081.67,2026-07-10T03:58:00
O0016822,C003814,S006,2026-07-14T02:19:00,WEB,COMPLETED,56258.97,2026-07-14T02:19:00
O0016823,C002709,S010,2026-07-10T19:37:00,MOBILE,COMPLETED,116036.65,2026-07-10T19:37:00
O0016824,C001032,S002,2026-07-12T18:36:00,STORE,COMPLETED,19551.70,2026-07-12T18:36:00
O0016825,C001991,S020,2026-07-10T03:34:00,WEB,COMPLETED,44566.97,2026-07-10T03:34:00
O0016826,C004339,S020,2026-07-12T09:59:00,WEB,COMPLETED,49769.34,2026-07-12T09:59:00
O0016827,C002440,S006,2026-07-08T15:30:00,STORE,COMPLETED,126930.98,2026-07-08T15:30:00
O0016828,C005096,S016,2026-07-08T13:35:00,WEB,COMPLETED,68765.30,2026-07-08T13:35:00
O0016829,C000854,S010,2026-07-09T15:19:00,STORE,COMPLETED,99149.78,2026-07-09T15:19:00
O0016830,C003577,S009,2026-07-09T17:33:00,MOBILE,COMPLETED,72472.73,2026-07-09T17:33:00
O0016831,C004440,S022,2026-07-13T18:20:00,STORE,COMPLETED,70737.94,2026-07-13T18:20:00
O0016832,C004328,S021,2026-07-09T13:34:00,MOBILE,COMPLETED,27068.36,2026-07-09T13:34:00
O0016833,C000545,S005,2026-07-12T04:55:00,STORE,COMPLETED,84766.87,2026-07-12T04:55:00
O0016834,C000605,S016,2026-07-11T20:34:00,MOBILE,COMPLETED,45689.05,2026-07-11T20:34:00
O0016835,C003026,S022,2026-07-14T04:30:00,WEB,COMPLETED,179220.29,2026-07-14T04:30:00
O0016836,C004748,S004,2026-07-12T10:13:00,STORE,COMPLETED,129799.58,2026-07-12T10:13:00
O0016837,C003104,S007,2026-07-13T17:07:00,STORE,COMPLETED,171598.92,2026-07-13T17:07:00
O0016838,C003185,S002,2026-07-11T23:48:00,MOBILE,COMPLETED,147555.60,2026-07-11T23:48:00
O0016839,C000538,S014,2026-07-13T12:43:00,MOBILE,COMPLETED,106891.52,2026-07-13T12:43:00
O0016840,C004264,S015,2026-07-11T18:52:00,MOBILE,COMPLETED,41722.92,2026-07-11T18:52:00
O0016841,C002828,S025,2026-07-13T16:20:00,MOBILE,COMPLETED,54453.33,2026-07-13T16:20:00
O0016842,C005196,S016,2026-07-13T19:49:00,WEB,COMPLETED,19772.99,2026-07-13T19:49:00
O0016843,C002620,S003,2026-07-12T08:09:00,STORE,COMPLETED,220267.18,2026-07-12T08:09:00
O0016844,C003906,S008,2026-07-12T14:19:00,WEB,COMPLETED,114124.26,2026-07-12T14:19:00
O0016845,C001166,S008,2026-07-09T01:06:00,MOBILE,COMPLETED,91391.34,2026-07-09T01:06:00
O0016846,C001225,S020,2026-07-13T22:46:00,WEB,COMPLETED,5597.99,2026-07-13T22:46:00
O0016847,C004591,S006,2026-07-11T20:08:00,MOBILE,COMPLETED,12721.11,2026-07-11T20:08:00
O0016848,C000127,S011,2026-07-13T06:22:00,STORE,COMPLETED,98019.63,2026-07-13T06:22:00
O0016849,C001314,S012,2026-07-13T17:21:00,WEB,COMPLETED,59360.16,2026-07-13T17:21:00
O0016850,C002617,S005,2026-07-13T12:13:00,MOBILE,COMPLETED,21101.37,2026-07-13T12:13:00
O0016851,C003496,S023,2026-07-14T04:20:00,STORE,COMPLETED,23673.98,2026-07-14T04:20:00
O0016852,C002813,S010,2026-07-12T08:22:00,WEB,COMPLETED,135255.50,2026-07-12T08:22:00
O0016853,C004627,S004,2026-07-09T07:54:00,WEB,COMPLETED,79503.64,2026-07-09T07:54:00
O0016854,C000985,S022,2026-07-12T22:43:00,MOBILE,COMPLETED,132336.12,2026-07-12T22:43:00
O0016855,C001168,S007,2026-07-08T22:36:00,STORE,COMPLETED,42095.05,2026-07-08T22:36:00
O0016856,C003877,S019,2026-07-12T12:51:00,STORE,COMPLETED,25840.86,2026-07-12T12:51:00
O0016857,C005025,S006,2026-07-13T23:29:00,MOBILE,COMPLETED,150968.18,2026-07-13T23:29:00
O0016858,C003262,S016,2026-07-12T22:32:00,STORE,COMPLETED,172093.04,2026-07-12T22:32:00
O0016859,C003416,S006,2026-07-10T10:35:00,STORE,COMPLETED,133347.94,2026-07-10T10:35:00
O0016860,C002846,S007,2026-07-13T13:43:00,STORE,COMPLETED,10740.99,2026-07-13T13:43:00
O0016861,C001101,S009,2026-07-12T23:15:00,STORE,COMPLETED,75991.14,2026-07-12T23:15:00
O0016862,C002020,S018,2026-07-09T20:26:00,WEB,COMPLETED,63070.58,2026-07-09T20:26:00
O0016863,C002915,S023,2026-07-14T06:30:00,STORE,COMPLETED,121986.50,2026-07-14T06:30:00
O0016864,C002871,S017,2026-07-13T20:44:00,STORE,COMPLETED,68375.54,2026-07-13T20:44:00
O0016865,C001584,S011,2026-07-10T16:28:00,WEB,COMPLETED,113442.89,2026-07-10T16:28:00
O0016866,C004867,S015,2026-07-09T13:23:00,WEB,COMPLETED,32467.16,2026-07-09T13:23:00
O0016867,C000208,S010,2026-07-09T09:43:00,MOBILE,COMPLETED,28119.85,2026-07-09T09:43:00
O0016868,C001731,S010,2026-07-11T17:36:00,STORE,COMPLETED,117637.88,2026-07-11T17:36:00
O0016869,C000272,S015,2026-07-14T04:47:00,WEB,COMPLETED,162327.18,2026-07-14T04:47:00
O0016870,C001757,S002,2026-07-11T09:38:00,STORE,COMPLETED,235842.56,2026-07-11T09:38:00
O0016871,C001752,S014,2026-07-13T19:15:00,WEB,COMPLETED,58736.93,2026-07-13T19:15:00
O0016872,C004999,S021,2026-07-12T17:38:00,STORE,COMPLETED,188771.50,2026-07-12T17:38:00
O0016873,C000136,S019,2026-07-09T19:35:00,MOBILE,COMPLETED,130159.08,2026-07-09T19:35:00
O0016874,C002716,S019,2026-07-14T07:44:00,MOBILE,COMPLETED,98949.84,2026-07-14T07:44:00
O0016875,C002231,S015,2026-07-11T08:19:00,MOBILE,COMPLETED,240457.05,2026-07-11T08:19:00
O0016876,C004110,S021,2026-07-12T10:22:00,STORE,COMPLETED,46679.98,2026-07-12T10:22:00
O0016877,C001237,S023,2026-07-13T06:10:00,WEB,COMPLETED,84368.31,2026-07-13T06:10:00
O0016878,C001930,S019,2026-07-13T19:33:00,WEB,COMPLETED,139266.40,2026-07-13T19:33:00
O0016879,C004771,S023,2026-07-10T07:41:00,STORE,COMPLETED,56390.97,2026-07-10T07:41:00
O0016880,C001675,S021,2026-07-08T17:43:00,STORE,COMPLETED,132246.70,2026-07-08T17:43:00
O0016881,C004751,S023,2026-07-09T19:24:00,WEB,COMPLETED,97019.25,2026-07-09T19:24:00
O0016882,C004720,S013,2026-07-09T01:45:00,MOBILE,COMPLETED,197422.16,2026-07-09T01:45:00
O0016883,C003855,S024,2026-07-12T01:46:00,STORE,COMPLETED,124498.89,2026-07-12T01:46:00
O0016884,C004685,S020,2026-07-10T02:02:00,WEB,COMPLETED,4061.97,2026-07-10T02:02:00
O0016885,C002591,S008,2026-07-09T17:24:00,STORE,COMPLETED,10192.99,2026-07-09T17:24:00
O0016886,C001930,S017,2026-07-12T14:06:00,WEB,COMPLETED,197074.04,2026-07-12T14:06:00
O0016887,C000444,S018,2026-07-09T07:57:00,WEB,COMPLETED,157032.47,2026-07-09T07:57:00
O0016888,C004695,S013,2026-07-13T13:01:00,WEB,COMPLETED,48366.95,2026-07-13T13:01:00
O0016889,C002461,S009,2026-07-14T05:39:00,WEB,COMPLETED,101403.72,2026-07-14T05:39:00
O0016890,C001550,S018,2026-07-12T23:26:00,STORE,COMPLETED,123219.69,2026-07-12T23:26:00
O0016891,C003482,S009,2026-07-13T17:50:00,STORE,COMPLETED,83292.91,2026-07-13T17:50:00
O0016892,C004801,S012,2026-07-09T00:13:00,WEB,COMPLETED,77146.32,2026-07-09T00:13:00
O0016893,C001584,S018,2026-07-11T11:02:00,STORE,COMPLETED,30815.95,2026-07-11T11:02:00
O0016894,C003918,S008,2026-07-11T12:45:00,WEB,COMPLETED,105701.99,2026-07-11T12:45:00
O0016895,C000793,S014,2026-07-08T12:27:00,WEB,COMPLETED,18140.95,2026-07-08T12:27:00
O0016896,C003871,S025,2026-07-14T03:52:00,STORE,COMPLETED,72369.00,2026-07-14T03:52:00
O0016897,C001833,S023,2026-07-08T19:32:00,WEB,COMPLETED,94632.13,2026-07-08T19:32:00
O0016898,C003378,S002,2026-07-14T04:04:00,STORE,COMPLETED,82819.33,2026-07-14T04:04:00
O0016899,C001424,S002,2026-07-13T13:58:00,WEB,COMPLETED,871.99,2026-07-13T13:58:00
O0016900,C004265,S020,2026-07-11T02:51:00,MOBILE,COMPLETED,6893.41,2026-07-11T02:51:00
O0016901,C004970,S004,2026-07-10T23:48:00,MOBILE,COMPLETED,156466.52,2026-07-10T23:48:00
O0016902,C003859,S008,2026-07-14T05:04:00,STORE,COMPLETED,23891.38,2026-07-14T05:04:00
O0016903,C001267,S022,2026-07-10T20:31:00,WEB,COMPLETED,81174.88,2026-07-10T20:31:00
O0016904,C001128,S023,2026-07-10T08:21:00,MOBILE,COMPLETED,141008.06,2026-07-10T08:21:00
O0016905,C003184,S013,2026-07-10T17:22:00,STORE,COMPLETED,103415.95,2026-07-10T17:22:00
O0016906,C000233,S002,2026-07-09T23:31:00,STORE,COMPLETED,11148.38,2026-07-09T23:31:00
O0016907,C000482,S005,2026-07-09T17:02:00,WEB,COMPLETED,6913.04,2026-07-09T17:02:00
O0016908,C003416,S010,2026-07-09T08:46:00,STORE,COMPLETED,183347.89,2026-07-09T08:46:00
O0016909,C004529,S006,2026-07-09T10:36:00,WEB,COMPLETED,34088.38,2026-07-09T10:36:00
O0016910,C003149,S001,2026-07-10T01:44:00,STORE,COMPLETED,111906.37,2026-07-10T01:44:00
O0016911,C000530,S017,2026-07-13T19:36:00,MOBILE,COMPLETED,123278.18,2026-07-13T19:36:00
O0016912,C004489,S019,2026-07-08T15:44:00,MOBILE,COMPLETED,101011.11,2026-07-08T15:44:00
O0016913,C003598,S019,2026-07-09T08:50:00,WEB,COMPLETED,173515.65,2026-07-09T08:50:00
O0016914,C003935,S016,2026-07-14T06:38:00,STORE,COMPLETED,152669.31,2026-07-14T06:38:00
O0016915,C001322,S020,2026-07-09T19:15:00,MOBILE,COMPLETED,116475.94,2026-07-09T19:15:00
O0016916,C000107,S024,2026-07-10T23:17:00,MOBILE,COMPLETED,7244.99,2026-07-10T23:17:00
O0016917,C001368,S006,2026-07-11T03:11:00,WEB,COMPLETED,87004.55,2026-07-11T03:11:00
O0016918,C000350,S011,2026-07-09T20:31:00,MOBILE,COMPLETED,31142.91,2026-07-09T20:31:00
O0016919,C005029,S025,2026-07-09T18:21:00,MOBILE,COMPLETED,154869.30,2026-07-09T18:21:00
O0016920,C000485,S002,2026-07-10T15:42:00,MOBILE,COMPLETED,41132.33,2026-07-10T15:42:00
O0016921,C002933,S004,2026-07-09T07:13:00,MOBILE,COMPLETED,106528.38,2026-07-09T07:13:00
O0016922,C001760,S022,2026-07-08T13:31:00,MOBILE,COMPLETED,182125.64,2026-07-08T13:31:00
O0016923,C004003,S016,2026-07-09T13:40:00,STORE,COMPLETED,49444.11,2026-07-09T13:40:00
O0016924,C001814,S002,2026-07-13T16:15:00,STORE,COMPLETED,70763.11,2026-07-13T16:15:00
O0016925,C003689,S010,2026-07-11T15:37:00,MOBILE,COMPLETED,124895.47,2026-07-11T15:37:00
O0016926,C000577,S007,2026-07-10T04:47:00,WEB,COMPLETED,223310.67,2026-07-10T04:47:00
O0016927,C002217,S018,2026-07-14T07:12:00,STORE,COMPLETED,57480.96,2026-07-14T07:12:00
O0016928,C003303,S001,2026-07-08T16:38:00,MOBILE,COMPLETED,77751.96,2026-07-08T16:38:00
O0016929,C002227,S003,2026-07-08T14:25:00,WEB,COMPLETED,119999.91,2026-07-08T14:25:00
O0016930,C004792,S001,2026-07-11T17:05:00,WEB,COMPLETED,118602.61,2026-07-11T17:05:00
O0016931,C004603,S006,2026-07-08T13:34:00,STORE,COMPLETED,166199.08,2026-07-08T13:34:00
O0016932,C003545,S004,2026-07-08T13:05:00,MOBILE,COMPLETED,158338.32,2026-07-08T13:05:00
O0016933,C002140,S008,2026-07-10T17:57:00,WEB,COMPLETED,39941.16,2026-07-10T17:57:00
O0016934,C002531,S002,2026-07-10T06:57:00,WEB,COMPLETED,28198.14,2026-07-10T06:57:00
O0016935,C003360,S012,2026-07-13T20:03:00,WEB,COMPLETED,187014.46,2026-07-13T20:03:00
O0016936,C001135,S015,2026-07-12T01:54:00,STORE,COMPLETED,75248.41,2026-07-12T01:54:00
O0016937,C001689,S016,2026-07-09T21:07:00,STORE,COMPLETED,41813.94,2026-07-09T21:07:00
O0016938,C001894,S003,2026-07-11T21:03:00,STORE,COMPLETED,30447.67,2026-07-11T21:03:00
O0016939,C004532,S021,2026-07-11T16:49:00,WEB,COMPLETED,52872.05,2026-07-11T16:49:00
O0016940,C001697,S016,2026-07-12T03:45:00,STORE,COMPLETED,33929.72,2026-07-12T03:45:00
O0016941,C003856,S014,2026-07-14T00:03:00,WEB,COMPLETED,115598.89,2026-07-14T00:03:00
O0016942,C002565,S004,2026-07-08T12:24:00,MOBILE,COMPLETED,5305.98,2026-07-08T12:24:00
O0016943,C002305,S009,2026-07-13T03:39:00,MOBILE,COMPLETED,64422.96,2026-07-13T03:39:00
O0016944,C001277,S022,2026-07-13T09:28:00,MOBILE,COMPLETED,136718.17,2026-07-13T09:28:00
O0016945,C004844,S004,2026-07-09T05:14:00,MOBILE,COMPLETED,50023.92,2026-07-09T05:14:00
O0016946,C003870,S016,2026-07-09T01:31:00,STORE,COMPLETED,71813.94,2026-07-09T01:31:00
O0016947,C004634,S011,2026-07-12T02:03:00,MOBILE,COMPLETED,20709.12,2026-07-12T02:03:00
O0016948,C004036,S013,2026-07-09T03:16:00,STORE,COMPLETED,152079.87,2026-07-09T03:16:00
O0016949,C000223,S007,2026-07-08T20:13:00,STORE,COMPLETED,29501.95,2026-07-08T20:13:00
O0016950,C001403,S003,2026-07-12T08:34:00,MOBILE,COMPLETED,70317.04,2026-07-12T08:34:00
O0016951,C001423,S019,2026-07-09T12:09:00,MOBILE,COMPLETED,82698.89,2026-07-09T12:09:00
O0016952,C002238,S020,2026-07-09T08:29:00,MOBILE,COMPLETED,29392.90,2026-07-09T08:29:00
O0016953,C005174,S013,2026-07-10T19:33:00,MOBILE,COMPLETED,88396.34,2026-07-10T19:33:00
O0016954,C000834,S010,2026-07-08T16:08:00,WEB,COMPLETED,9009.98,2026-07-08T16:08:00
O0016955,C002664,S010,2026-07-14T05:34:00,MOBILE,COMPLETED,58511.18,2026-07-14T05:34:00
O0016956,C003457,S014,2026-07-12T03:54:00,MOBILE,COMPLETED,36381.16,2026-07-12T03:54:00
O0016957,C001662,S019,2026-07-11T09:25:00,STORE,COMPLETED,62119.31,2026-07-11T09:25:00
O0016958,C004716,S021,2026-07-12T23:02:00,WEB,COMPLETED,27285.97,2026-07-12T23:02:00
O0016959,C003152,S008,2026-07-14T01:17:00,MOBILE,COMPLETED,97578.93,2026-07-14T01:17:00
O0016960,C002757,S009,2026-07-13T21:29:00,MOBILE,COMPLETED,68275.31,2026-07-13T21:29:00
O0016961,C001046,S013,2026-07-12T06:55:00,MOBILE,COMPLETED,76694.70,2026-07-12T06:55:00
O0016962,C001653,S024,2026-07-09T02:04:00,MOBILE,COMPLETED,1948.18,2026-07-09T02:04:00
O0016963,C001493,S006,2026-07-08T22:26:00,WEB,COMPLETED,62834.97,2026-07-08T22:26:00
O0016964,C003634,S004,2026-07-14T05:46:00,MOBILE,COMPLETED,74540.97,2026-07-14T05:46:00
O0016965,C002109,S007,2026-07-12T21:21:00,WEB,COMPLETED,39690.76,2026-07-12T21:21:00
O0016966,C002310,S015,2026-07-08T16:18:00,MOBILE,COMPLETED,33521.61,2026-07-08T16:18:00
O0016967,C003902,S020,2026-07-11T18:05:00,MOBILE,COMPLETED,73603.93,2026-07-11T18:05:00
O0016968,C002350,S025,2026-07-13T05:10:00,STORE,COMPLETED,63173.34,2026-07-13T05:10:00
O0016969,C003616,S011,2026-07-09T22:28:00,MOBILE,COMPLETED,125789.33,2026-07-09T22:28:00
O0016970,C004333,S007,2026-07-10T04:38:00,WEB,COMPLETED,189596.19,2026-07-10T04:38:00
O0016971,C001836,S024,2026-07-11T17:15:00,WEB,COMPLETED,63459.44,2026-07-11T17:15:00
O0016972,C000291,S001,2026-07-10T22:41:00,WEB,COMPLETED,10790.98,2026-07-10T22:41:00
O0016973,C001702,S003,2026-07-08T19:08:00,STORE,COMPLETED,164743.04,2026-07-08T19:08:00
O0016974,C003664,S019,2026-07-09T21:06:00,STORE,COMPLETED,82362.48,2026-07-09T21:06:00
O0016975,C005222,S001,2026-07-13T01:03:00,MOBILE,COMPLETED,70402.15,2026-07-13T01:03:00
O0016976,C000490,S022,2026-07-10T07:14:00,WEB,COMPLETED,15962.36,2026-07-10T07:14:00
O0016977,C001829,S009,2026-07-13T22:09:00,STORE,COMPLETED,21745.79,2026-07-13T22:09:00
O0016978,C002236,S003,2026-07-12T18:37:00,WEB,COMPLETED,102560.30,2026-07-12T18:37:00
O0016979,C005239,S011,2026-07-09T06:18:00,MOBILE,COMPLETED,206351.36,2026-07-09T06:18:00
O0016980,C000350,S012,2026-07-12T22:28:00,WEB,COMPLETED,85893.66,2026-07-12T22:28:00
O0016981,C000642,S016,2026-07-12T02:18:00,WEB,COMPLETED,5600.99,2026-07-12T02:18:00
O0016982,C004291,S002,2026-07-08T17:19:00,MOBILE,COMPLETED,86046.51,2026-07-08T17:19:00
O0016983,C001495,S017,2026-07-12T05:02:00,STORE,COMPLETED,27670.96,2026-07-12T05:02:00
O0016984,C004582,S014,2026-07-11T20:45:00,STORE,COMPLETED,37469.68,2026-07-11T20:45:00
O0016985,C004296,S001,2026-07-13T04:10:00,MOBILE,COMPLETED,79498.31,2026-07-13T04:10:00
O0016986,C002162,S019,2026-07-09T03:13:00,WEB,COMPLETED,138901.84,2026-07-09T03:13:00
O0016987,C000566,S011,2026-07-10T13:57:00,MOBILE,COMPLETED,179122.96,2026-07-10T13:57:00
O0016988,C002293,S017,2026-07-11T02:44:00,WEB,COMPLETED,186151.56,2026-07-11T02:44:00
O0016989,C005028,S005,2026-07-13T16:39:00,MOBILE,COMPLETED,97730.10,2026-07-13T16:39:00
O0016990,C000848,S012,2026-07-11T15:54:00,WEB,COMPLETED,9185.94,2026-07-11T15:54:00
O0016991,C000306,S007,2026-07-13T06:03:00,STORE,COMPLETED,52670.19,2026-07-13T06:03:00
O0016992,C000731,S014,2026-07-08T17:01:00,STORE,COMPLETED,75744.80,2026-07-08T17:01:00
O0016993,C004594,S017,2026-07-14T04:38:00,WEB,COMPLETED,87607.91,2026-07-14T04:38:00
O0016994,C001713,S007,2026-07-12T17:21:00,MOBILE,COMPLETED,115401.84,2026-07-12T17:21:00
O0016995,C004532,S025,2026-07-13T04:35:00,WEB,COMPLETED,160879.34,2026-07-13T04:35:00
O0016996,C004573,S021,2026-07-10T17:45:00,STORE,COMPLETED,146286.21,2026-07-10T17:45:00
O0016997,C005159,S009,2026-07-11T22:10:00,MOBILE,COMPLETED,183413.67,2026-07-11T22:10:00
O0016998,C000881,S019,2026-07-13T20:50:00,WEB,COMPLETED,44435.92,2026-07-13T20:50:00
O0016999,C003332,S013,2026-07-10T06:45:00,STORE,COMPLETED,69466.51,2026-07-10T06:45:00
O0017000,C001273,S009,2026-07-13T00:54:00,STORE,COMPLETED,113104.32,2026-07-13T00:54:00
O0017001,C000357,S011,2026-07-11T02:04:00,STORE,COMPLETED,101480.36,2026-07-11T02:04:00
O0017002,C004180,S025,2026-07-13T13:30:00,WEB,COMPLETED,141539.92,2026-07-13T13:30:00
O0017003,C001277,S007,2026-07-09T19:26:00,STORE,COMPLETED,51888.64,2026-07-09T19:26:00
O0017004,C004569,S024,2026-07-11T14:46:00,MOBILE,COMPLETED,2565.98,2026-07-11T14:46:00
O0017005,C001149,S003,2026-07-13T16:25:00,STORE,COMPLETED,90664.31,2026-07-13T16:25:00
O0017006,C000561,S019,2026-07-08T17:19:00,STORE,COMPLETED,230470.25,2026-07-08T17:19:00
O0017007,C000501,S005,2026-07-11T18:31:00,STORE,COMPLETED,68734.76,2026-07-11T18:31:00
O0017008,C001415,S009,2026-07-08T08:45:00,STORE,COMPLETED,146533.38,2026-07-08T08:45:00
O0017009,C004267,S014,2026-07-13T22:30:00,MOBILE,COMPLETED,2082.49,2026-07-13T22:30:00
O0017010,C000013,S023,2026-07-11T07:31:00,WEB,COMPLETED,11617.98,2026-07-11T07:31:00
O0017011,C001394,S012,2026-07-12T23:04:00,STORE,COMPLETED,107712.09,2026-07-12T23:04:00
O0017012,C003917,S024,2026-07-13T15:14:00,MOBILE,COMPLETED,154119.67,2026-07-13T15:14:00
O0017013,C000192,S019,2026-07-09T19:43:00,WEB,COMPLETED,53055.57,2026-07-09T19:43:00
O0017014,C003452,S002,2026-07-12T01:58:00,WEB,COMPLETED,39281.98,2026-07-12T01:58:00
O0017015,C002107,S003,2026-07-10T07:38:00,MOBILE,COMPLETED,34217.98,2026-07-10T07:38:00
O0017016,C002830,S014,2026-07-12T23:52:00,STORE,COMPLETED,57649.34,2026-07-12T23:52:00
O0017017,C004663,S009,2026-07-11T14:36:00,STORE,COMPLETED,22411.78,2026-07-11T14:36:00
O0017018,C002999,S011,2026-07-12T18:20:00,WEB,COMPLETED,107292.95,2026-07-12T18:20:00
O0017019,C004980,S005,2026-07-09T11:57:00,WEB,COMPLETED,73625.57,2026-07-09T11:57:00
O0017020,C004043,S004,2026-07-12T08:19:00,WEB,COMPLETED,29975.98,2026-07-12T08:19:00
O0017021,C000299,S022,2026-07-08T17:45:00,WEB,COMPLETED,134309.29,2026-07-08T17:45:00
O0017022,C002203,S010,2026-07-13T14:23:00,WEB,COMPLETED,150743.26,2026-07-13T14:23:00
O0017023,C001651,S004,2026-07-11T09:00:00,WEB,COMPLETED,32105.96,2026-07-11T09:00:00
O0017024,C002367,S009,2026-07-11T08:07:00,MOBILE,COMPLETED,128275.43,2026-07-11T08:07:00
O0017025,C004762,S012,2026-07-11T03:15:00,WEB,COMPLETED,31011.93,2026-07-11T03:15:00
O0017026,C000459,S024,2026-07-12T15:11:00,STORE,COMPLETED,88003.12,2026-07-12T15:11:00
O0017027,C002206,S005,2026-07-09T12:33:00,MOBILE,COMPLETED,43227.96,2026-07-09T12:33:00
O0017028,C004944,S023,2026-07-14T05:43:00,MOBILE,COMPLETED,74575.51,2026-07-14T05:43:00
O0017029,C003269,S001,2026-07-12T15:03:00,MOBILE,COMPLETED,91540.90,2026-07-12T15:03:00
O0017030,C003138,S016,2026-07-13T00:14:00,STORE,COMPLETED,151686.90,2026-07-13T00:14:00
O0017031,C000891,S013,2026-07-10T09:21:00,STORE,COMPLETED,25378.82,2026-07-10T09:21:00
O0017032,C003570,S022,2026-07-13T10:38:00,MOBILE,COMPLETED,31573.33,2026-07-13T10:38:00
O0017033,C003045,S006,2026-07-12T18:17:00,STORE,COMPLETED,147300.59,2026-07-12T18:17:00
O0017034,C002780,S018,2026-07-13T23:02:00,WEB,COMPLETED,31435.96,2026-07-13T23:02:00
O0017035,C001626,S021,2026-07-08T22:35:00,STORE,COMPLETED,90666.18,2026-07-08T22:35:00
O0017036,C000190,S001,2026-07-11T19:19:00,WEB,COMPLETED,105591.33,2026-07-11T19:19:00
O0017037,C003204,S017,2026-07-12T08:07:00,MOBILE,COMPLETED,48679.73,2026-07-12T08:07:00
O0017038,C000189,S010,2026-07-12T23:18:00,STORE,COMPLETED,61872.93,2026-07-12T23:18:00
O0017039,C005063,S005,2026-07-11T15:25:00,MOBILE,COMPLETED,15980.97,2026-07-11T15:25:00
O0017040,C002042,S007,2026-07-13T18:34:00,WEB,COMPLETED,51265.71,2026-07-13T18:34:00
O0017041,C004373,S025,2026-07-13T13:01:00,WEB,COMPLETED,125538.06,2026-07-13T13:01:00
O0017042,C000313,S022,2026-07-10T21:48:00,WEB,COMPLETED,76216.89,2026-07-10T21:48:00
O0017043,C003048,S004,2026-07-10T14:37:00,STORE,COMPLETED,78323.23,2026-07-10T14:37:00
O0017044,C001178,S011,2026-07-10T23:51:00,WEB,COMPLETED,102544.14,2026-07-10T23:51:00
O0017045,C004296,S023,2026-07-08T10:53:00,WEB,COMPLETED,105203.92,2026-07-08T10:53:00
O0017046,C003244,S006,2026-07-11T01:06:00,STORE,COMPLETED,10192.99,2026-07-11T01:06:00
O0017047,C000456,S004,2026-07-08T12:21:00,MOBILE,COMPLETED,59623.21,2026-07-08T12:21:00
O0017048,C001175,S015,2026-07-09T13:53:00,WEB,COMPLETED,73362.96,2026-07-09T13:53:00
O0017049,C003000,S023,2026-07-12T05:03:00,WEB,COMPLETED,108291.88,2026-07-12T05:03:00
O0017050,C003259,S004,2026-07-10T11:10:00,WEB,COMPLETED,20259.99,2026-07-10T11:10:00
O0017051,C000891,S012,2026-07-09T03:20:00,MOBILE,COMPLETED,7936.19,2026-07-09T03:20:00
O0017052,C000546,S022,2026-07-13T18:37:00,MOBILE,COMPLETED,52526.34,2026-07-13T18:37:00
O0017053,C004417,S020,2026-07-10T12:57:00,WEB,COMPLETED,62107.95,2026-07-10T12:57:00
O0017054,C003781,S011,2026-07-13T15:22:00,STORE,COMPLETED,105714.57,2026-07-13T15:22:00
O0017055,C003556,S020,2026-07-12T03:00:00,MOBILE,COMPLETED,26027.97,2026-07-12T03:00:00
O0017056,C003862,S025,2026-07-14T03:26:00,WEB,COMPLETED,129669.75,2026-07-14T03:26:00
O0017057,C002429,S012,2026-07-09T21:47:00,STORE,COMPLETED,129356.32,2026-07-09T21:47:00
O0017058,C002661,S002,2026-07-11T04:22:00,MOBILE,COMPLETED,83435.83,2026-07-11T04:22:00
O0017059,C003218,S002,2026-07-13T03:47:00,STORE,COMPLETED,82482.92,2026-07-13T03:47:00
O0017060,C003450,S003,2026-07-10T05:44:00,STORE,COMPLETED,44833.91,2026-07-10T05:44:00
O0017061,C002430,S001,2026-07-09T22:26:00,MOBILE,COMPLETED,38192.89,2026-07-09T22:26:00
O0017062,C000736,S019,2026-07-10T01:48:00,STORE,COMPLETED,119231.79,2026-07-10T01:48:00
O0017063,C003396,S012,2026-07-12T03:23:00,WEB,COMPLETED,112859.81,2026-07-12T03:23:00
O0017064,C001718,S012,2026-07-10T21:44:00,STORE,COMPLETED,73316.91,2026-07-10T21:44:00
O0017065,C003952,S011,2026-07-14T02:03:00,MOBILE,COMPLETED,95955.01,2026-07-14T02:03:00
O0017066,C003988,S014,2026-07-12T13:24:00,STORE,COMPLETED,53579.97,2026-07-12T13:24:00
O0017067,C002992,S020,2026-07-11T03:27:00,STORE,COMPLETED,18818.99,2026-07-11T03:27:00
O0017068,C001882,S004,2026-07-09T22:49:00,STORE,COMPLETED,42273.53,2026-07-09T22:49:00
O0017069,C000535,S009,2026-07-08T19:07:00,STORE,COMPLETED,124413.80,2026-07-08T19:07:00
O0017070,C000799,S010,2026-07-11T09:04:00,STORE,COMPLETED,53027.92,2026-07-11T09:04:00
O0017071,C002561,S001,2026-07-10T12:33:00,MOBILE,COMPLETED,87633.29,2026-07-10T12:33:00
O0017072,C000524,S011,2026-07-09T07:16:00,STORE,COMPLETED,54054.85,2026-07-09T07:16:00
O0017073,C002394,S017,2026-07-11T13:36:00,WEB,COMPLETED,29768.07,2026-07-11T13:36:00
O0017074,C000964,S003,2026-07-12T09:12:00,STORE,COMPLETED,143264.85,2026-07-12T09:12:00
O0017075,C001352,S024,2026-07-09T12:44:00,WEB,COMPLETED,167578.59,2026-07-09T12:44:00
O0017076,C002655,S021,2026-07-10T22:38:00,WEB,COMPLETED,1808.97,2026-07-10T22:38:00
O0017077,C004671,S017,2026-07-13T23:53:00,WEB,COMPLETED,90696.71,2026-07-13T23:53:00
O0017078,C004788,S021,2026-07-11T23:00:00,WEB,COMPLETED,127293.58,2026-07-11T23:00:00
O0017079,C001518,S002,2026-07-12T04:31:00,MOBILE,COMPLETED,168542.35,2026-07-12T04:31:00
O0017080,C000753,S025,2026-07-09T04:00:00,WEB,COMPLETED,65182.95,2026-07-09T04:00:00
O0017081,C000808,S011,2026-07-11T01:55:00,WEB,COMPLETED,21307.96,2026-07-11T01:55:00
O0017082,C000591,S014,2026-07-09T20:43:00,WEB,COMPLETED,1808.97,2026-07-09T20:43:00
O0017083,C004070,S005,2026-07-12T07:08:00,WEB,COMPLETED,150096.71,2026-07-12T07:08:00
O0017084,C001446,S008,2026-07-12T22:53:00,STORE,COMPLETED,214023.12,2026-07-12T22:53:00
O0017085,C004415,S007,2026-07-12T05:55:00,MOBILE,COMPLETED,29431.32,2026-07-12T05:55:00
O0017086,C001689,S007,2026-07-09T19:11:00,WEB,COMPLETED,217479.33,2026-07-09T19:11:00
O0017087,C004159,S019,2026-07-10T11:09:00,STORE,COMPLETED,20029.68,2026-07-10T11:09:00
O0017088,C003088,S021,2026-07-13T13:45:00,STORE,COMPLETED,971.99,2026-07-13T13:45:00
O0017089,C003020,S010,2026-07-08T20:00:00,WEB,COMPLETED,107174.94,2026-07-08T20:00:00
O0017090,C000307,S023,2026-07-09T09:40:00,WEB,COMPLETED,146079.26,2026-07-09T09:40:00
O0017091,C001321,S009,2026-07-13T16:57:00,MOBILE,COMPLETED,84721.17,2026-07-13T16:57:00
O0017092,C000930,S002,2026-07-14T02:04:00,STORE,COMPLETED,164416.89,2026-07-14T02:04:00
O0017093,C004607,S020,2026-07-14T05:25:00,STORE,COMPLETED,60105.25,2026-07-14T05:25:00
O0017094,C001889,S011,2026-07-13T21:34:00,WEB,COMPLETED,12144.97,2026-07-13T21:34:00
O0017095,C004614,S007,2026-07-10T02:01:00,STORE,COMPLETED,36122.90,2026-07-10T02:01:00
O0017096,C001246,S001,2026-07-10T11:18:00,STORE,COMPLETED,6675.98,2026-07-10T11:18:00
O0017097,C004555,S012,2026-07-09T10:14:00,MOBILE,COMPLETED,81188.91,2026-07-09T10:14:00
O0017098,C001731,S019,2026-07-12T15:34:00,STORE,COMPLETED,49083.55,2026-07-12T15:34:00
O0017099,C000699,S006,2026-07-10T20:17:00,STORE,COMPLETED,93095.96,2026-07-10T20:17:00
O0017100,C003912,S018,2026-07-10T22:59:00,MOBILE,COMPLETED,92993.45,2026-07-10T22:59:00
O0017101,C000260,S019,2026-07-10T11:36:00,STORE,COMPLETED,182367.30,2026-07-10T11:36:00
O0017102,C000651,S025,2026-07-09T03:07:00,WEB,COMPLETED,158527.90,2026-07-09T03:07:00
O0017103,C005217,S003,2026-07-10T01:32:00,WEB,COMPLETED,169639.24,2026-07-10T01:32:00
O0017104,C002409,S011,2026-07-12T17:56:00,MOBILE,COMPLETED,126293.74,2026-07-12T17:56:00
O0017105,C001666,S011,2026-07-12T10:30:00,WEB,COMPLETED,139631.75,2026-07-12T10:30:00
O0017106,C001849,S012,2026-07-13T19:36:00,WEB,COMPLETED,99556.84,2026-07-13T19:36:00
O0017107,C003065,S009,2026-07-09T08:17:00,MOBILE,COMPLETED,135721.11,2026-07-09T08:17:00
O0017108,C001170,S009,2026-07-11T00:03:00,STORE,COMPLETED,7784.95,2026-07-11T00:03:00
O0017109,C001636,S019,2026-07-08T15:20:00,WEB,COMPLETED,166979.80,2026-07-08T15:20:00
O0017110,C002230,S012,2026-07-10T13:58:00,WEB,COMPLETED,153768.97,2026-07-10T13:58:00
O0017111,C003453,S017,2026-07-11T11:28:00,MOBILE,COMPLETED,152258.83,2026-07-11T11:28:00
O0017112,C000190,S018,2026-07-12T11:30:00,WEB,COMPLETED,91693.94,2026-07-12T11:30:00
O0017113,C002865,S015,2026-07-11T23:58:00,MOBILE,COMPLETED,64401.75,2026-07-11T23:58:00
O0017114,C003548,S019,2026-07-11T13:41:00,MOBILE,COMPLETED,26748.98,2026-07-11T13:41:00
O0017115,C003312,S022,2026-07-10T21:17:00,MOBILE,COMPLETED,10505.67,2026-07-10T21:17:00
O0017116,C002563,S011,2026-07-13T06:25:00,STORE,COMPLETED,77337.73,2026-07-13T06:25:00
O0017117,C001234,S006,2026-07-11T13:50:00,MOBILE,COMPLETED,70033.02,2026-07-11T13:50:00
O0017118,C002386,S025,2026-07-12T05:39:00,MOBILE,COMPLETED,46159.63,2026-07-12T05:39:00
O0017119,C001954,S022,2026-07-09T07:56:00,MOBILE,COMPLETED,127734.26,2026-07-09T07:56:00
O0017120,C003507,S007,2026-07-13T06:32:00,STORE,COMPLETED,59450.12,2026-07-13T06:32:00
O0017121,C004809,S011,2026-07-14T03:44:00,WEB,COMPLETED,58808.02,2026-07-14T03:44:00
O0017122,C004560,S012,2026-07-09T16:45:00,STORE,COMPLETED,167779.18,2026-07-09T16:45:00
O0017123,C002689,S024,2026-07-11T11:35:00,MOBILE,COMPLETED,55005.91,2026-07-11T11:35:00
O0017124,C000213,S024,2026-07-13T01:20:00,STORE,COMPLETED,179493.44,2026-07-13T01:20:00
O0017125,C003483,S017,2026-07-09T03:38:00,STORE,COMPLETED,63877.75,2026-07-09T03:38:00
O0017126,C002410,S019,2026-07-09T02:45:00,STORE,COMPLETED,66586.76,2026-07-09T02:45:00
O0017127,C003978,S025,2026-07-10T23:23:00,WEB,COMPLETED,3113.98,2026-07-10T23:23:00
O0017128,C002305,S013,2026-07-10T12:03:00,WEB,COMPLETED,131345.13,2026-07-10T12:03:00
O0017129,C000912,S020,2026-07-11T22:26:00,WEB,COMPLETED,122187.69,2026-07-11T22:26:00
O0017130,C001855,S016,2026-07-10T12:01:00,MOBILE,COMPLETED,68856.97,2026-07-10T12:01:00
O0017131,C000464,S005,2026-07-08T13:28:00,WEB,COMPLETED,29559.98,2026-07-08T13:28:00
O0017132,C002632,S014,2026-07-13T14:03:00,WEB,COMPLETED,93802.32,2026-07-13T14:03:00
O0017133,C004177,S025,2026-07-10T08:49:00,STORE,COMPLETED,88561.25,2026-07-10T08:49:00
O0017134,C002301,S014,2026-07-11T08:40:00,MOBILE,COMPLETED,33078.36,2026-07-11T08:40:00
O0017135,C001934,S003,2026-07-12T01:29:00,MOBILE,COMPLETED,52312.18,2026-07-12T01:29:00
O0017136,C001547,S021,2026-07-09T20:33:00,WEB,COMPLETED,92263.20,2026-07-09T20:33:00
O0017137,C002117,S006,2026-07-12T18:13:00,MOBILE,COMPLETED,87175.67,2026-07-12T18:13:00
O0017138,C001590,S004,2026-07-13T05:32:00,WEB,COMPLETED,32414.96,2026-07-13T05:32:00
O0017139,C003232,S012,2026-07-10T06:00:00,MOBILE,COMPLETED,114.94,2026-07-10T06:00:00
O0017140,C004085,S009,2026-07-11T20:36:00,STORE,COMPLETED,55030.89,2026-07-11T20:36:00
O0017141,C003587,S017,2026-07-14T07:24:00,MOBILE,COMPLETED,26846.53,2026-07-14T07:24:00
O0017142,C002909,S006,2026-07-09T05:45:00,MOBILE,COMPLETED,98936.48,2026-07-09T05:45:00
O0017143,C000204,S025,2026-07-08T09:53:00,MOBILE,COMPLETED,46393.89,2026-07-08T09:53:00
O0017144,C003204,S021,2026-07-09T18:24:00,MOBILE,COMPLETED,36003.98,2026-07-09T18:24:00
O0017145,C004887,S022,2026-07-12T09:00:00,MOBILE,COMPLETED,110255.78,2026-07-12T09:00:00
O0017146,C000595,S018,2026-07-10T13:05:00,STORE,COMPLETED,107093.88,2026-07-10T13:05:00
O0017147,C004342,S022,2026-07-14T07:28:00,STORE,COMPLETED,97009.79,2026-07-14T07:28:00
O0017148,C003578,S025,2026-07-14T04:46:00,STORE,COMPLETED,58100.97,2026-07-14T04:46:00
O0017149,C002369,S025,2026-07-13T16:45:00,MOBILE,COMPLETED,145926.89,2026-07-13T16:45:00
O0017150,C002221,S008,2026-07-10T03:49:00,STORE,COMPLETED,105585.67,2026-07-10T03:49:00
O0017151,C003016,S021,2026-07-08T16:43:00,STORE,COMPLETED,74160.67,2026-07-08T16:43:00
O0017152,C004109,S022,2026-07-08T22:59:00,MOBILE,COMPLETED,111332.42,2026-07-08T22:59:00
O0017153,C003096,S022,2026-07-13T17:33:00,MOBILE,COMPLETED,83942.98,2026-07-13T17:33:00
O0017154,C001968,S011,2026-07-11T17:56:00,MOBILE,COMPLETED,105206.52,2026-07-11T17:56:00
O0017155,C002892,S012,2026-07-10T04:55:00,MOBILE,COMPLETED,25427.96,2026-07-10T04:55:00
O0017156,C001078,S015,2026-07-10T03:39:00,WEB,COMPLETED,137237.65,2026-07-10T03:39:00
O0017157,C001346,S025,2026-07-13T15:04:00,MOBILE,COMPLETED,2378.99,2026-07-13T15:04:00
O0017158,C004939,S008,2026-07-14T01:01:00,WEB,COMPLETED,139319.26,2026-07-14T01:01:00
O0017159,C000903,S015,2026-07-11T13:53:00,WEB,COMPLETED,27320.94,2026-07-11T13:53:00
O0017160,C000270,S020,2026-07-08T12:12:00,WEB,COMPLETED,51334.75,2026-07-08T12:12:00
O0017161,C000772,S015,2026-07-10T03:03:00,MOBILE,COMPLETED,91003.94,2026-07-10T03:03:00
O0017162,C004198,S016,2026-07-12T05:40:00,STORE,COMPLETED,24780.99,2026-07-12T05:40:00
O0017163,C000597,S013,2026-07-13T17:19:00,STORE,COMPLETED,3771.96,2026-07-13T17:19:00
O0017164,C002572,S023,2026-07-10T01:56:00,STORE,COMPLETED,48747.22,2026-07-10T01:56:00
O0017165,C001195,S001,2026-07-08T18:51:00,WEB,COMPLETED,72958.97,2026-07-08T18:51:00
O0017166,C003036,S018,2026-07-09T10:01:00,WEB,COMPLETED,96517.49,2026-07-09T10:01:00
O0017167,C000719,S002,2026-07-13T11:50:00,WEB,COMPLETED,22029.98,2026-07-13T11:50:00
O0017168,C002695,S023,2026-07-10T04:39:00,STORE,COMPLETED,107728.24,2026-07-10T04:39:00
O0017169,C000397,S003,2026-07-12T09:04:00,STORE,COMPLETED,111556.81,2026-07-12T09:04:00
O0017170,C004211,S014,2026-07-10T16:11:00,STORE,COMPLETED,106406.91,2026-07-10T16:11:00
O0017171,C002143,S001,2026-07-09T23:35:00,MOBILE,COMPLETED,60474.50,2026-07-09T23:35:00
O0017172,C001556,S016,2026-07-13T05:22:00,STORE,COMPLETED,155332.41,2026-07-13T05:22:00
O0017173,C004273,S011,2026-07-10T12:20:00,WEB,COMPLETED,101033.16,2026-07-10T12:20:00
O0017174,C000263,S008,2026-07-12T06:43:00,MOBILE,COMPLETED,74387.50,2026-07-12T06:43:00
O0017175,C002132,S016,2026-07-08T10:44:00,MOBILE,COMPLETED,75883.19,2026-07-08T10:44:00
O0017176,C002200,S019,2026-07-08T16:44:00,STORE,COMPLETED,53243.67,2026-07-08T16:44:00
O0017177,C003927,S005,2026-07-12T01:15:00,MOBILE,COMPLETED,114145.83,2026-07-12T01:15:00
O0017178,C002642,S002,2026-07-08T13:38:00,STORE,COMPLETED,199090.66,2026-07-08T13:38:00
O0017179,C004269,S025,2026-07-10T07:24:00,WEB,COMPLETED,73293.92,2026-07-10T07:24:00
O0017180,C002629,S025,2026-07-14T01:13:00,MOBILE,COMPLETED,95584.40,2026-07-14T01:13:00
O0017181,C004668,S002,2026-07-10T17:48:00,MOBILE,COMPLETED,84913.24,2026-07-10T17:48:00
O0017182,C004507,S019,2026-07-08T17:04:00,MOBILE,COMPLETED,12977.98,2026-07-08T17:04:00
O0017183,C000027,S022,2026-07-13T12:42:00,WEB,COMPLETED,125463.90,2026-07-13T12:42:00
O0017184,C005225,S016,2026-07-11T14:09:00,STORE,COMPLETED,74065.43,2026-07-11T14:09:00
O0017185,C001756,S004,2026-07-13T14:04:00,WEB,COMPLETED,75894.62,2026-07-13T14:04:00
O0017186,C003202,S015,2026-07-12T21:03:00,WEB,COMPLETED,109496.81,2026-07-12T21:03:00
O0017187,C003381,S001,2026-07-10T08:53:00,MOBILE,COMPLETED,17453.99,2026-07-10T08:53:00
O0017188,C002825,S018,2026-07-10T12:41:00,WEB,COMPLETED,38385.94,2026-07-10T12:41:00
O0017189,C001229,S024,2026-07-12T00:54:00,WEB,COMPLETED,143408.50,2026-07-12T00:54:00
O0017190,C001096,S025,2026-07-08T11:39:00,WEB,COMPLETED,63922.25,2026-07-08T11:39:00
O0017191,C000598,S005,2026-07-10T06:17:00,STORE,COMPLETED,84833.13,2026-07-10T06:17:00
O0017192,C004006,S006,2026-07-10T19:16:00,WEB,COMPLETED,85015.93,2026-07-10T19:16:00
O0017193,C002338,S019,2026-07-10T17:59:00,MOBILE,COMPLETED,73240.25,2026-07-10T17:59:00
O0017194,C001499,S021,2026-07-09T22:01:00,STORE,COMPLETED,214009.03,2026-07-09T22:01:00
O0017195,C003635,S022,2026-07-11T02:21:00,STORE,COMPLETED,77276.97,2026-07-11T02:21:00
O0017196,C001036,S001,2026-07-12T15:50:00,MOBILE,COMPLETED,15453.98,2026-07-12T15:50:00
O0017197,C001041,S006,2026-07-09T00:13:00,MOBILE,COMPLETED,133413.50,2026-07-09T00:13:00
O0017198,C004266,S018,2026-07-11T23:08:00,WEB,COMPLETED,61511.92,2026-07-11T23:08:00
O0017199,C001784,S021,2026-07-13T11:09:00,MOBILE,COMPLETED,42725.15,2026-07-13T11:09:00
O0017200,C003547,S018,2026-07-13T01:36:00,STORE,COMPLETED,15301.17,2026-07-13T01:36:00
O0017201,C002035,S003,2026-07-12T18:51:00,WEB,COMPLETED,173889.89,2026-07-12T18:51:00
O0017202,C002637,S002,2026-07-09T16:37:00,MOBILE,COMPLETED,27641.98,2026-07-09T16:37:00
O0017203,C002808,S009,2026-07-08T10:32:00,WEB,COMPLETED,36267.98,2026-07-08T10:32:00
O0017204,C002763,S018,2026-07-11T22:14:00,WEB,COMPLETED,73259.94,2026-07-11T22:14:00
O0017205,C002900,S008,2026-07-09T15:32:00,MOBILE,COMPLETED,56962.01,2026-07-09T15:32:00
O0017206,C001455,S020,2026-07-09T16:45:00,MOBILE,COMPLETED,160390.22,2026-07-09T16:45:00
O0017207,C000785,S022,2026-07-10T10:08:00,MOBILE,COMPLETED,54187.96,2026-07-10T10:08:00
O0017208,C000428,S011,2026-07-13T21:16:00,MOBILE,COMPLETED,10219.28,2026-07-13T21:16:00
O0017209,C003364,S020,2026-07-13T06:48:00,STORE,COMPLETED,156968.66,2026-07-13T06:48:00
O0017210,C004048,S014,2026-07-11T19:58:00,MOBILE,COMPLETED,90794.69,2026-07-11T19:58:00
O0017211,C004738,S003,2026-07-13T15:58:00,STORE,COMPLETED,9642.38,2026-07-13T15:58:00
O0017212,C003919,S001,2026-07-13T18:29:00,MOBILE,COMPLETED,81431.91,2026-07-13T18:29:00
O0017213,C005127,S003,2026-07-10T08:52:00,WEB,COMPLETED,85747.95,2026-07-10T08:52:00
O0017214,C000847,S003,2026-07-09T03:34:00,WEB,COMPLETED,228951.66,2026-07-09T03:34:00
O0017215,C001102,S014,2026-07-08T13:22:00,MOBILE,COMPLETED,77090.42,2026-07-08T13:22:00
O0017216,C003698,S007,2026-07-11T20:39:00,WEB,COMPLETED,69712.65,2026-07-11T20:39:00
O0017217,C003454,S017,2026-07-10T13:29:00,WEB,COMPLETED,163356.18,2026-07-10T13:29:00
O0017218,C002341,S008,2026-07-13T01:13:00,WEB,COMPLETED,36743.97,2026-07-13T01:13:00
O0017219,C001942,S010,2026-07-11T10:47:00,MOBILE,COMPLETED,64459.95,2026-07-11T10:47:00
O0017220,C003532,S023,2026-07-11T10:43:00,WEB,COMPLETED,103689.67,2026-07-11T10:43:00
O0017221,C001084,S025,2026-07-10T09:29:00,WEB,COMPLETED,147027.44,2026-07-10T09:29:00
O0017222,C000140,S023,2026-07-12T14:40:00,MOBILE,COMPLETED,100462.96,2026-07-12T14:40:00
O0017223,C003099,S009,2026-07-10T23:52:00,MOBILE,COMPLETED,25805.97,2026-07-10T23:52:00
O0017224,C001027,S021,2026-07-14T06:25:00,MOBILE,COMPLETED,180834.31,2026-07-14T06:25:00
O0017225,C003169,S012,2026-07-12T13:38:00,WEB,COMPLETED,94408.70,2026-07-12T13:38:00
O0017226,C005219,S012,2026-07-09T03:41:00,MOBILE,COMPLETED,90794.93,2026-07-09T03:41:00
O0017227,C003823,S013,2026-07-10T17:04:00,STORE,COMPLETED,139886.20,2026-07-10T17:04:00
O0017228,C001750,S011,2026-07-10T01:24:00,STORE,COMPLETED,24745.57,2026-07-10T01:24:00
O0017229,C005113,S018,2026-07-13T07:30:00,MOBILE,COMPLETED,21558.99,2026-07-13T07:30:00
O0017230,C002611,S004,2026-07-11T08:31:00,STORE,COMPLETED,65347.62,2026-07-11T08:31:00
O0017231,C001230,S003,2026-07-09T20:48:00,WEB,COMPLETED,71212.97,2026-07-09T20:48:00
O0017232,C004231,S017,2026-07-11T19:47:00,WEB,COMPLETED,221594.28,2026-07-11T19:47:00
O0017233,C001312,S015,2026-07-10T14:40:00,MOBILE,COMPLETED,180368.59,2026-07-10T14:40:00
O0017234,C001431,S012,2026-07-13T16:05:00,STORE,COMPLETED,132689.28,2026-07-13T16:05:00
O0017235,C000959,S022,2026-07-12T05:51:00,STORE,COMPLETED,104675.71,2026-07-12T05:51:00
O0017236,C000368,S021,2026-07-12T05:38:00,STORE,COMPLETED,16220.99,2026-07-12T05:38:00
O0017237,C002349,S013,2026-07-08T10:19:00,WEB,COMPLETED,13453.03,2026-07-08T10:19:00
O0017238,C003394,S023,2026-07-11T05:23:00,MOBILE,COMPLETED,80060.90,2026-07-11T05:23:00
O0017239,C002215,S014,2026-07-10T02:49:00,WEB,COMPLETED,95344.80,2026-07-10T02:49:00
O0017240,C000975,S019,2026-07-11T08:39:00,MOBILE,COMPLETED,80627.34,2026-07-11T08:39:00
O0017241,C002528,S006,2026-07-11T07:48:00,WEB,COMPLETED,37639.92,2026-07-11T07:48:00
O0017242,C000077,S009,2026-07-11T03:45:00,MOBILE,COMPLETED,96636.76,2026-07-11T03:45:00
O0017243,C002231,S015,2026-07-10T20:00:00,WEB,COMPLETED,31171.96,2026-07-10T20:00:00
O0017244,C005000,S018,2026-07-10T15:11:00,MOBILE,COMPLETED,67342.50,2026-07-10T15:11:00
O0017245,C001717,S012,2026-07-11T18:41:00,STORE,COMPLETED,59453.95,2026-07-11T18:41:00
O0017246,C003495,S004,2026-07-09T19:31:00,STORE,COMPLETED,87557.55,2026-07-09T19:31:00
O0017247,C005049,S012,2026-07-13T18:26:00,MOBILE,COMPLETED,87600.99,2026-07-13T18:26:00
O0017248,C003768,S025,2026-07-12T22:14:00,WEB,COMPLETED,6625.99,2026-07-12T22:14:00
O0017249,C000313,S014,2026-07-10T23:51:00,STORE,COMPLETED,57080.97,2026-07-10T23:51:00
O0017250,C000677,S021,2026-07-10T11:25:00,STORE,COMPLETED,85090.56,2026-07-10T11:25:00
O0017251,C002309,S022,2026-07-12T15:44:00,MOBILE,COMPLETED,9502.99,2026-07-12T15:44:00
O0017252,C004893,S001,2026-07-14T04:28:00,STORE,COMPLETED,213144.58,2026-07-14T04:28:00
O0017253,C003206,S019,2026-07-14T05:33:00,STORE,COMPLETED,40916.64,2026-07-14T05:33:00
O0017254,C002712,S019,2026-07-12T22:12:00,MOBILE,COMPLETED,92415.04,2026-07-12T22:12:00
O0017255,C004088,S011,2026-07-13T17:47:00,WEB,COMPLETED,106196.32,2026-07-13T17:47:00
O0017256,C001038,S007,2026-07-12T14:57:00,WEB,COMPLETED,52770.56,2026-07-12T14:57:00
O0017257,C002519,S024,2026-07-11T00:34:00,WEB,COMPLETED,116871.78,2026-07-11T00:34:00
O0017258,C002919,S020,2026-07-13T03:28:00,WEB,COMPLETED,120643.04,2026-07-13T03:28:00
O0017259,C002338,S004,2026-07-08T16:17:00,STORE,COMPLETED,156028.94,2026-07-08T16:17:00
O0017260,C000606,S015,2026-07-12T16:13:00,STORE,COMPLETED,16689.95,2026-07-12T16:13:00
O0017261,C000473,S001,2026-07-12T10:34:00,MOBILE,COMPLETED,44750.97,2026-07-12T10:34:00
O0017262,C003527,S018,2026-07-09T10:58:00,STORE,COMPLETED,117606.07,2026-07-09T10:58:00
O0017263,C002231,S001,2026-07-10T07:45:00,STORE,COMPLETED,67997.98,2026-07-10T07:45:00
O0017264,C000231,S022,2026-07-09T11:02:00,MOBILE,COMPLETED,43115.85,2026-07-09T11:02:00
O0017265,C004519,S002,2026-07-10T11:57:00,MOBILE,COMPLETED,38905.32,2026-07-10T11:57:00
O0017266,C001607,S016,2026-07-10T21:29:00,WEB,COMPLETED,45785.97,2026-07-10T21:29:00
O0017267,C001996,S019,2026-07-13T21:25:00,MOBILE,COMPLETED,138447.24,2026-07-13T21:25:00
O0017268,C004569,S022,2026-07-13T00:10:00,MOBILE,COMPLETED,53015.96,2026-07-13T00:10:00
O0017269,C002015,S006,2026-07-09T10:15:00,STORE,COMPLETED,87484.32,2026-07-09T10:15:00
O0017270,C002022,S004,2026-07-10T20:24:00,WEB,COMPLETED,184377.31,2026-07-10T20:24:00
O0017271,C002496,S023,2026-07-13T11:21:00,WEB,COMPLETED,49967.98,2026-07-13T11:21:00
O0017272,C004002,S023,2026-07-13T09:04:00,MOBILE,COMPLETED,62392.15,2026-07-13T09:04:00
O0017273,C003992,S007,2026-07-12T05:12:00,WEB,COMPLETED,135190.68,2026-07-12T05:12:00
O0017274,C004356,S020,2026-07-11T14:25:00,WEB,COMPLETED,137400.75,2026-07-11T14:25:00
O0017275,C002182,S006,2026-07-08T18:15:00,MOBILE,COMPLETED,29330.97,2026-07-08T18:15:00
O0017276,C001179,S012,2026-07-13T23:14:00,MOBILE,COMPLETED,80958.70,2026-07-13T23:14:00
O0017277,C001046,S014,2026-07-11T12:30:00,WEB,COMPLETED,37686.96,2026-07-11T12:30:00
O0017278,C003069,S005,2026-07-09T03:59:00,MOBILE,COMPLETED,57535.95,2026-07-09T03:59:00
O0017279,C002589,S005,2026-07-11T23:47:00,MOBILE,COMPLETED,46889.94,2026-07-11T23:47:00
O0017280,C000755,S017,2026-07-09T13:04:00,STORE,COMPLETED,122967.79,2026-07-09T13:04:00
O0017281,C002660,S001,2026-07-10T00:24:00,STORE,COMPLETED,69237.69,2026-07-10T00:24:00
O0017282,C004979,S007,2026-07-09T15:36:00,WEB,COMPLETED,83000.30,2026-07-09T15:36:00
O0017283,C004597,S008,2026-07-11T17:23:00,WEB,COMPLETED,116254.15,2026-07-11T17:23:00
O0017284,C001915,S018,2026-07-13T17:25:00,STORE,COMPLETED,118264.09,2026-07-13T17:25:00
O0017285,C000786,S013,2026-07-12T17:22:00,WEB,COMPLETED,69711.54,2026-07-12T17:22:00
O0017286,C003284,S002,2026-07-13T12:14:00,WEB,COMPLETED,62621.97,2026-07-13T12:14:00
O0017287,C001226,S007,2026-07-11T08:52:00,WEB,COMPLETED,69361.14,2026-07-11T08:52:00
O0017288,C002858,S015,2026-07-13T03:58:00,WEB,COMPLETED,89807.96,2026-07-13T03:58:00
O0017289,C002073,S004,2026-07-10T13:13:00,MOBILE,COMPLETED,27736.13,2026-07-10T13:13:00
O0017290,C001880,S008,2026-07-10T01:53:00,MOBILE,COMPLETED,2767.58,2026-07-10T01:53:00
O0017291,C001582,S010,2026-07-08T15:04:00,STORE,COMPLETED,53833.54,2026-07-08T15:04:00
O0017292,C001820,S014,2026-07-13T10:58:00,STORE,COMPLETED,74135.92,2026-07-13T10:58:00
O0017293,C003906,S009,2026-07-13T05:41:00,MOBILE,COMPLETED,25854.54,2026-07-13T05:41:00
O0017294,C003460,S019,2026-07-10T18:25:00,STORE,COMPLETED,233392.88,2026-07-10T18:25:00
O0017295,C003115,S006,2026-07-12T16:24:00,WEB,COMPLETED,140268.58,2026-07-12T16:24:00
O0017296,C000104,S021,2026-07-12T12:07:00,STORE,COMPLETED,122620.50,2026-07-12T12:07:00
O0017297,C004211,S022,2026-07-09T01:58:00,STORE,COMPLETED,121169.94,2026-07-09T01:58:00
O0017298,C000682,S008,2026-07-11T05:27:00,MOBILE,COMPLETED,80598.98,2026-07-11T05:27:00
O0017299,C002471,S025,2026-07-14T07:39:00,WEB,COMPLETED,26551.62,2026-07-14T07:39:00
O0017300,C000209,S022,2026-07-13T19:41:00,WEB,COMPLETED,44586.12,2026-07-13T19:41:00
O0017301,C002901,S017,2026-07-13T05:00:00,STORE,COMPLETED,5515.18,2026-07-13T05:00:00
O0017302,C003759,S001,2026-07-10T05:39:00,STORE,COMPLETED,24629.67,2026-07-10T05:39:00
O0017303,C002240,S016,2026-07-08T08:18:00,MOBILE,COMPLETED,104272.25,2026-07-08T08:18:00
O0017304,C004911,S024,2026-07-11T15:03:00,STORE,COMPLETED,142106.26,2026-07-11T15:03:00
O0017305,C000387,S014,2026-07-11T17:10:00,MOBILE,COMPLETED,17635.98,2026-07-11T17:10:00
O0017306,C000666,S025,2026-07-12T02:32:00,WEB,COMPLETED,57945.12,2026-07-12T02:32:00
O0017307,C004975,S019,2026-07-09T04:57:00,STORE,COMPLETED,75214.89,2026-07-09T04:57:00
O0017308,C003228,S015,2026-07-12T16:55:00,MOBILE,COMPLETED,64374.94,2026-07-12T16:55:00
O0017309,C002173,S013,2026-07-09T13:53:00,STORE,COMPLETED,184607.86,2026-07-09T13:53:00
O0017310,C005241,S009,2026-07-13T13:11:00,WEB,COMPLETED,141505.84,2026-07-13T13:11:00
O0017311,C002403,S022,2026-07-09T00:55:00,STORE,COMPLETED,64810.69,2026-07-09T00:55:00
O0017312,C000011,S019,2026-07-10T14:13:00,STORE,COMPLETED,74618.93,2026-07-10T14:13:00
O0017313,C000587,S003,2026-07-13T06:07:00,WEB,COMPLETED,86575.87,2026-07-13T06:07:00
O0017314,C004057,S009,2026-07-10T01:05:00,MOBILE,COMPLETED,83963.91,2026-07-10T01:05:00
O0017315,C001989,S009,2026-07-09T04:09:00,STORE,COMPLETED,61547.93,2026-07-09T04:09:00
O0017316,C003218,S008,2026-07-12T19:19:00,WEB,COMPLETED,16900.99,2026-07-12T19:19:00
O0017317,C000079,S024,2026-07-10T05:39:00,STORE,COMPLETED,48739.36,2026-07-10T05:39:00
O0017318,C002175,S005,2026-07-10T15:42:00,WEB,COMPLETED,92309.21,2026-07-10T15:42:00
O0017319,C002086,S013,2026-07-08T09:22:00,WEB,COMPLETED,52764.03,2026-07-08T09:22:00
O0017320,C002416,S010,2026-07-13T07:48:00,STORE,COMPLETED,113512.42,2026-07-13T07:48:00
O0017321,C004382,S009,2026-07-13T16:40:00,WEB,COMPLETED,96289.73,2026-07-13T16:40:00
O0017322,C005177,S021,2026-07-11T21:00:00,MOBILE,COMPLETED,46939.51,2026-07-11T21:00:00
O0017323,C001385,S022,2026-07-12T02:07:00,MOBILE,COMPLETED,20015.79,2026-07-12T02:07:00
O0017324,C004122,S025,2026-07-08T09:00:00,WEB,COMPLETED,24073.68,2026-07-08T09:00:00
O0017325,C002386,S010,2026-07-08T11:10:00,STORE,COMPLETED,38174.97,2026-07-08T11:10:00
O0017326,C001663,S014,2026-07-14T05:58:00,WEB,COMPLETED,77834.17,2026-07-14T05:58:00
O0017327,C001599,S013,2026-07-13T04:48:00,WEB,COMPLETED,46953.98,2026-07-13T04:48:00
O0017328,C002915,S009,2026-07-08T12:45:00,MOBILE,COMPLETED,16352.99,2026-07-08T12:45:00
O0017329,C001474,S007,2026-07-09T15:24:00,MOBILE,COMPLETED,13223.96,2026-07-09T15:24:00
O0017330,C004562,S005,2026-07-09T02:03:00,WEB,COMPLETED,146907.87,2026-07-09T02:03:00
O0017331,C002319,S004,2026-07-12T00:47:00,MOBILE,COMPLETED,70212.96,2026-07-12T00:47:00
O0017332,C002307,S023,2026-07-12T19:10:00,WEB,COMPLETED,29630.98,2026-07-12T19:10:00
O0017333,C002136,S012,2026-07-13T07:31:00,STORE,COMPLETED,10993.73,2026-07-13T07:31:00
O0017334,C001913,S025,2026-07-11T09:58:00,STORE,COMPLETED,46251.96,2026-07-11T09:58:00
O0017335,C003220,S011,2026-07-11T02:13:00,MOBILE,COMPLETED,80791.75,2026-07-11T02:13:00
O0017336,C003742,S016,2026-07-12T14:26:00,WEB,COMPLETED,23750.99,2026-07-12T14:26:00
O0017337,C002900,S007,2026-07-08T20:06:00,WEB,COMPLETED,62794.14,2026-07-08T20:06:00
O0017338,C003740,S017,2026-07-12T14:07:00,STORE,COMPLETED,31455.96,2026-07-12T14:07:00
O0017339,C003269,S010,2026-07-10T00:12:00,STORE,COMPLETED,207875.32,2026-07-10T00:12:00
O0017340,C000429,S008,2026-07-11T13:24:00,WEB,COMPLETED,43305.91,2026-07-11T13:24:00
O0017341,C001593,S002,2026-07-10T20:08:00,STORE,COMPLETED,159208.91,2026-07-10T20:08:00
O0017342,C003478,S014,2026-07-12T04:37:00,MOBILE,COMPLETED,241.98,2026-07-12T04:37:00
O0017343,C002580,S021,2026-07-12T09:02:00,WEB,COMPLETED,114173.90,2026-07-12T09:02:00
O0017344,C000458,S018,2026-07-13T05:33:00,MOBILE,COMPLETED,36859.96,2026-07-13T05:33:00
O0017345,C002834,S019,2026-07-11T11:30:00,STORE,COMPLETED,105318.60,2026-07-11T11:30:00
O0017346,C001409,S013,2026-07-09T02:15:00,MOBILE,COMPLETED,108387.08,2026-07-09T02:15:00
O0017347,C004498,S019,2026-07-13T00:20:00,WEB,COMPLETED,137175.28,2026-07-13T00:20:00
O0017348,C000073,S003,2026-07-09T04:05:00,MOBILE,COMPLETED,60176.73,2026-07-09T04:05:00
O0017349,C000450,S002,2026-07-11T10:49:00,MOBILE,COMPLETED,180790.89,2026-07-11T10:49:00
O0017350,C001833,S017,2026-07-09T14:34:00,STORE,COMPLETED,145236.77,2026-07-09T14:34:00
O0017351,C003382,S002,2026-07-13T16:13:00,STORE,COMPLETED,71893.77,2026-07-13T16:13:00
O0017352,C004788,S017,2026-07-11T20:41:00,MOBILE,COMPLETED,202183.28,2026-07-11T20:41:00
O0017353,C003239,S002,2026-07-10T10:16:00,WEB,COMPLETED,110161.64,2026-07-10T10:16:00
O0017354,C005172,S010,2026-07-14T06:12:00,WEB,COMPLETED,136142.85,2026-07-14T06:12:00
O0017355,C000253,S004,2026-07-11T20:14:00,WEB,COMPLETED,152800.21,2026-07-11T20:14:00
O0017356,C001508,S011,2026-07-13T06:54:00,WEB,COMPLETED,148090.84,2026-07-13T06:54:00
O0017357,C005121,S013,2026-07-09T00:48:00,STORE,COMPLETED,89733.16,2026-07-09T00:48:00
O0017358,C001976,S003,2026-07-08T16:36:00,WEB,COMPLETED,117097.30,2026-07-08T16:36:00
O0017359,C000360,S011,2026-07-08T12:25:00,WEB,COMPLETED,81303.96,2026-07-08T12:25:00
O0017360,C001698,S022,2026-07-08T19:03:00,MOBILE,COMPLETED,10258.99,2026-07-08T19:03:00
O0017361,C005211,S003,2026-07-13T13:21:00,WEB,COMPLETED,21808.31,2026-07-13T13:21:00
O0017362,C002906,S006,2026-07-12T15:49:00,MOBILE,COMPLETED,95374.18,2026-07-12T15:49:00
O0017363,C004256,S013,2026-07-12T07:24:00,WEB,COMPLETED,105824.47,2026-07-12T07:24:00
O0017364,C004088,S001,2026-07-13T04:06:00,STORE,COMPLETED,91446.59,2026-07-13T04:06:00
O0017365,C001345,S004,2026-07-11T15:50:00,WEB,COMPLETED,91535.93,2026-07-11T15:50:00
O0017366,C002226,S006,2026-07-11T20:07:00,STORE,COMPLETED,35084.97,2026-07-11T20:07:00
O0017367,C000418,S005,2026-07-09T23:00:00,WEB,COMPLETED,67905.93,2026-07-09T23:00:00
O0017368,C003311,S012,2026-07-08T16:30:00,MOBILE,COMPLETED,88427.96,2026-07-08T16:30:00
O0017369,C003118,S025,2026-07-13T02:57:00,STORE,COMPLETED,89026.34,2026-07-13T02:57:00
O0017370,C001114,S002,2026-07-13T05:22:00,MOBILE,COMPLETED,161632.16,2026-07-13T05:22:00
O0017371,C003541,S004,2026-07-10T05:53:00,MOBILE,COMPLETED,51301.15,2026-07-10T05:53:00
O0017372,C005083,S001,2026-07-11T16:19:00,MOBILE,COMPLETED,44597.96,2026-07-11T16:19:00
O0017373,C000752,S004,2026-07-08T18:13:00,STORE,COMPLETED,53464.14,2026-07-08T18:13:00
O0017374,C000784,S018,2026-07-13T10:07:00,STORE,COMPLETED,168604.85,2026-07-13T10:07:00
O0017375,C004499,S021,2026-07-11T09:24:00,WEB,COMPLETED,156751.79,2026-07-11T09:24:00
O0017376,C003562,S002,2026-07-10T13:47:00,MOBILE,COMPLETED,41459.93,2026-07-10T13:47:00
O0017377,C000537,S013,2026-07-09T03:30:00,WEB,COMPLETED,123059.03,2026-07-09T03:30:00
O0017378,C004809,S023,2026-07-12T19:23:00,STORE,COMPLETED,179193.65,2026-07-12T19:23:00
O0017379,C001167,S006,2026-07-08T11:33:00,WEB,COMPLETED,11991.96,2026-07-08T11:33:00
O0017380,C001579,S024,2026-07-08T19:17:00,MOBILE,COMPLETED,94559.22,2026-07-08T19:17:00
O0017381,C003680,S012,2026-07-09T04:07:00,MOBILE,COMPLETED,19945.78,2026-07-09T04:07:00
O0017382,C001494,S020,2026-07-13T09:06:00,MOBILE,COMPLETED,19536.38,2026-07-13T09:06:00
O0017383,C001791,S021,2026-07-11T11:11:00,MOBILE,COMPLETED,176262.37,2026-07-11T11:11:00
O0017384,C004282,S021,2026-07-09T22:18:00,WEB,COMPLETED,79894.75,2026-07-09T22:18:00
O0017385,C002488,S004,2026-07-13T01:21:00,MOBILE,COMPLETED,47484.51,2026-07-13T01:21:00
O0017386,C000944,S013,2026-07-13T12:33:00,STORE,COMPLETED,43533.65,2026-07-13T12:33:00
O0017387,C003118,S023,2026-07-12T08:11:00,STORE,COMPLETED,206311.28,2026-07-12T08:11:00
O0017388,C000742,S008,2026-07-13T10:10:00,MOBILE,COMPLETED,66794.33,2026-07-13T10:10:00
O0017389,C004247,S013,2026-07-11T16:45:00,MOBILE,COMPLETED,35376.37,2026-07-11T16:45:00
O0017390,C003259,S017,2026-07-13T03:39:00,MOBILE,COMPLETED,56848.90,2026-07-13T03:39:00
O0017391,C000413,S004,2026-07-08T18:05:00,STORE,COMPLETED,7771.98,2026-07-08T18:05:00
O0017392,C004422,S011,2026-07-10T17:32:00,STORE,COMPLETED,196235.26,2026-07-10T17:32:00
O0017393,C005048,S012,2026-07-12T15:15:00,MOBILE,COMPLETED,12653.99,2026-07-12T15:15:00
O0017394,C000802,S006,2026-07-10T14:49:00,STORE,COMPLETED,121861.91,2026-07-10T14:49:00
O0017395,C003730,S023,2026-07-13T22:07:00,MOBILE,COMPLETED,284163.12,2026-07-13T22:07:00
O0017396,C002365,S002,2026-07-13T15:36:00,MOBILE,COMPLETED,57648.98,2026-07-13T15:36:00
O0017397,C004829,S022,2026-07-10T02:54:00,MOBILE,COMPLETED,96434.91,2026-07-10T02:54:00
O0017398,C004761,S005,2026-07-11T16:27:00,STORE,COMPLETED,55827.79,2026-07-11T16:27:00
O0017399,C002206,S014,2026-07-09T09:03:00,STORE,COMPLETED,27488.97,2026-07-09T09:03:00
O0017400,C003645,S009,2026-07-13T06:56:00,WEB,COMPLETED,55694.04,2026-07-13T06:56:00
O0017401,C002417,S009,2026-07-13T00:43:00,MOBILE,COMPLETED,50991.04,2026-07-13T00:43:00
O0017402,C003940,S007,2026-07-09T14:49:00,MOBILE,COMPLETED,4670.97,2026-07-09T14:49:00
O0017403,C001423,S014,2026-07-10T13:36:00,MOBILE,COMPLETED,69301.90,2026-07-10T13:36:00
O0017404,C003382,S022,2026-07-08T18:34:00,MOBILE,COMPLETED,25847.18,2026-07-08T18:34:00
O0017405,C004915,S017,2026-07-09T11:57:00,MOBILE,COMPLETED,64265.97,2026-07-09T11:57:00
O0017406,C000407,S024,2026-07-11T01:37:00,MOBILE,COMPLETED,97094.52,2026-07-11T01:37:00
O0017407,C000852,S021,2026-07-11T23:04:00,MOBILE,COMPLETED,11505.58,2026-07-11T23:04:00
O0017408,C001474,S005,2026-07-13T02:01:00,WEB,COMPLETED,49187.24,2026-07-13T02:01:00
O0017409,C000455,S002,2026-07-08T23:54:00,MOBILE,COMPLETED,96200.89,2026-07-08T23:54:00
O0017410,C002994,S023,2026-07-10T15:26:00,STORE,COMPLETED,35027.95,2026-07-10T15:26:00
O0017411,C005238,S018,2026-07-12T19:03:00,WEB,COMPLETED,125806.96,2026-07-12T19:03:00
O0017412,C003141,S020,2026-07-09T11:23:00,STORE,COMPLETED,82567.43,2026-07-09T11:23:00
O0017413,C004705,S021,2026-07-13T23:39:00,STORE,COMPLETED,117429.44,2026-07-13T23:39:00
O0017414,C003886,S020,2026-07-12T04:15:00,WEB,COMPLETED,77685.41,2026-07-12T04:15:00
O0017415,C005033,S019,2026-07-10T13:11:00,WEB,COMPLETED,147224.52,2026-07-10T13:11:00
O0017416,C000249,S010,2026-07-08T14:31:00,STORE,COMPLETED,116436.03,2026-07-08T14:31:00
O0017417,C003396,S003,2026-07-12T07:21:00,MOBILE,COMPLETED,93647.14,2026-07-12T07:21:00
O0017418,C003657,S017,2026-07-09T01:49:00,WEB,COMPLETED,75996.61,2026-07-09T01:49:00
O0017419,C002216,S018,2026-07-10T14:49:00,STORE,COMPLETED,60960.95,2026-07-10T14:49:00
O0017420,C003643,S020,2026-07-12T21:46:00,MOBILE,COMPLETED,130449.99,2026-07-12T21:46:00
O0017421,C003324,S025,2026-07-11T03:07:00,WEB,COMPLETED,141044.57,2026-07-11T03:07:00
O0017422,C003316,S019,2026-07-13T19:24:00,MOBILE,COMPLETED,137000.12,2026-07-13T19:24:00
O0017423,C003017,S022,2026-07-11T15:52:00,MOBILE,COMPLETED,134909.89,2026-07-11T15:52:00
O0017424,C004547,S014,2026-07-13T10:32:00,MOBILE,COMPLETED,50707.35,2026-07-13T10:32:00
O0017425,C002526,S003,2026-07-10T15:28:00,STORE,COMPLETED,107443.46,2026-07-10T15:28:00
O0017426,C003797,S017,2026-07-08T20:28:00,WEB,COMPLETED,70980.43,2026-07-08T20:28:00
O0017427,C000878,S008,2026-07-11T18:50:00,WEB,COMPLETED,66735.72,2026-07-11T18:50:00
O0017428,C001019,S008,2026-07-11T23:54:00,STORE,COMPLETED,121394.43,2026-07-11T23:54:00
O0017429,C000910,S010,2026-07-10T02:19:00,MOBILE,COMPLETED,160529.86,2026-07-10T02:19:00
O0017430,C002967,S011,2026-07-13T15:16:00,WEB,COMPLETED,60229.21,2026-07-13T15:16:00
O0017431,C000812,S007,2026-07-10T11:30:00,MOBILE,COMPLETED,143301.51,2026-07-10T11:30:00
O0017432,C000185,S003,2026-07-10T22:05:00,WEB,COMPLETED,200991.07,2026-07-10T22:05:00
O0017433,C000978,S016,2026-07-11T12:43:00,STORE,COMPLETED,119313.90,2026-07-11T12:43:00
O0017434,C001477,S016,2026-07-09T06:54:00,MOBILE,COMPLETED,15384.27,2026-07-09T06:54:00
O0017435,C000086,S012,2026-07-08T12:40:00,WEB,COMPLETED,120500.54,2026-07-08T12:40:00
O0017436,C004039,S011,2026-07-11T20:48:00,WEB,COMPLETED,104051.91,2026-07-11T20:48:00
O0017437,C005208,S003,2026-07-13T20:49:00,MOBILE,COMPLETED,130882.90,2026-07-13T20:49:00
O0017438,C003621,S002,2026-07-10T01:31:00,MOBILE,COMPLETED,58424.72,2026-07-10T01:31:00
O0017439,C003411,S007,2026-07-12T16:55:00,WEB,COMPLETED,158526.07,2026-07-12T16:55:00
O0017440,C005000,S001,2026-07-12T01:07:00,STORE,COMPLETED,30388.83,2026-07-12T01:07:00
O0017441,C002067,S001,2026-07-12T14:52:00,MOBILE,COMPLETED,69035.36,2026-07-12T14:52:00
O0017442,C004723,S019,2026-07-13T10:02:00,MOBILE,COMPLETED,147303.37,2026-07-13T10:02:00
O0017443,C002962,S005,2026-07-11T18:10:00,MOBILE,COMPLETED,55659.53,2026-07-11T18:10:00
O0017444,C003474,S004,2026-07-10T19:03:00,WEB,COMPLETED,6209.99,2026-07-10T19:03:00
O0017445,C004258,S020,2026-07-11T12:49:00,MOBILE,COMPLETED,142161.89,2026-07-11T12:49:00
O0017446,C002175,S016,2026-07-13T16:20:00,MOBILE,COMPLETED,55617.17,2026-07-13T16:20:00
O0017447,C004028,S020,2026-07-12T15:05:00,WEB,COMPLETED,102289.89,2026-07-12T15:05:00
O0017448,C002011,S023,2026-07-10T04:13:00,MOBILE,COMPLETED,149663.49,2026-07-10T04:13:00
O0017449,C003876,S001,2026-07-11T14:40:00,MOBILE,COMPLETED,14470.92,2026-07-11T14:40:00
O0017450,C001365,S019,2026-07-09T23:12:00,MOBILE,COMPLETED,189991.35,2026-07-09T23:12:00
O0017451,C002373,S004,2026-07-12T05:33:00,WEB,COMPLETED,84111.69,2026-07-12T05:33:00
O0017452,C004009,S015,2026-07-13T13:33:00,WEB,COMPLETED,6762.99,2026-07-13T13:33:00
O0017453,C002892,S008,2026-07-10T18:41:00,WEB,COMPLETED,129653.50,2026-07-10T18:41:00
O0017454,C001472,S019,2026-07-12T03:22:00,WEB,COMPLETED,93664.14,2026-07-12T03:22:00
O0017455,C002365,S005,2026-07-10T15:01:00,STORE,COMPLETED,62037.53,2026-07-10T15:01:00
O0017456,C004663,S014,2026-07-13T10:03:00,WEB,COMPLETED,73052.20,2026-07-13T10:03:00
O0017457,C004071,S013,2026-07-12T04:10:00,WEB,COMPLETED,43649.96,2026-07-12T04:10:00
O0017458,C003108,S001,2026-07-09T14:44:00,STORE,COMPLETED,221152.96,2026-07-09T14:44:00
O0017459,C000846,S012,2026-07-13T13:30:00,STORE,COMPLETED,76356.31,2026-07-13T13:30:00
O0017460,C002167,S008,2026-07-13T01:34:00,MOBILE,COMPLETED,65775.56,2026-07-13T01:34:00
O0017461,C001333,S023,2026-07-10T02:20:00,WEB,COMPLETED,40497.38,2026-07-10T02:20:00
O0017462,C000877,S007,2026-07-11T02:39:00,WEB,COMPLETED,62333.92,2026-07-11T02:39:00
O0017463,C005051,S006,2026-07-08T23:08:00,STORE,COMPLETED,123270.71,2026-07-08T23:08:00
O0017464,C001359,S022,2026-07-11T06:00:00,WEB,COMPLETED,42284.97,2026-07-11T06:00:00
O0017465,C000125,S010,2026-07-10T02:46:00,STORE,COMPLETED,153501.88,2026-07-10T02:46:00
O0017466,C004124,S020,2026-07-12T22:36:00,WEB,COMPLETED,89591.98,2026-07-12T22:36:00
O0017467,C003935,S010,2026-07-10T18:16:00,MOBILE,COMPLETED,89831.95,2026-07-10T18:16:00
O0017468,C000472,S002,2026-07-12T05:48:00,MOBILE,COMPLETED,161074.37,2026-07-12T05:48:00
O0017469,C004655,S002,2026-07-12T22:32:00,MOBILE,COMPLETED,54835.94,2026-07-12T22:32:00
O0017470,C003681,S023,2026-07-11T06:55:00,WEB,COMPLETED,65915.84,2026-07-11T06:55:00
O0017471,C005110,S011,2026-07-12T02:59:00,MOBILE,COMPLETED,97119.55,2026-07-12T02:59:00
O0017472,C003187,S003,2026-07-09T07:13:00,MOBILE,COMPLETED,89181.30,2026-07-09T07:13:00
O0017473,C002275,S018,2026-07-11T10:08:00,MOBILE,COMPLETED,29345.97,2026-07-11T10:08:00
O0017474,C001239,S022,2026-07-12T10:22:00,MOBILE,COMPLETED,57312.85,2026-07-12T10:22:00
O0017475,C001268,S002,2026-07-10T03:43:00,STORE,COMPLETED,97173.94,2026-07-10T03:43:00
O0017476,C005195,S001,2026-07-13T13:35:00,WEB,COMPLETED,157220.55,2026-07-13T13:35:00
O0017477,C000189,S018,2026-07-10T21:47:00,STORE,COMPLETED,18133.99,2026-07-10T21:47:00
O0017478,C005008,S006,2026-07-13T09:32:00,MOBILE,COMPLETED,25969.16,2026-07-13T09:32:00
O0017479,C000926,S002,2026-07-13T13:27:00,STORE,COMPLETED,57491.97,2026-07-13T13:27:00
O0017480,C004419,S014,2026-07-14T04:01:00,MOBILE,COMPLETED,23887.82,2026-07-14T04:01:00
O0017481,C004778,S005,2026-07-14T05:30:00,STORE,COMPLETED,51241.35,2026-07-14T05:30:00
O0017482,C004570,S009,2026-07-12T23:51:00,WEB,COMPLETED,65190.99,2026-07-12T23:51:00
O0017483,C001456,S014,2026-07-13T23:51:00,STORE,COMPLETED,31153.60,2026-07-13T23:51:00
O0017484,C000777,S010,2026-07-11T07:44:00,STORE,COMPLETED,48000.92,2026-07-11T07:44:00
O0017485,C005226,S008,2026-07-10T11:39:00,WEB,COMPLETED,26864.97,2026-07-10T11:39:00
O0017486,C004593,S020,2026-07-11T20:05:00,WEB,COMPLETED,114270.52,2026-07-11T20:05:00
O0017487,C001051,S010,2026-07-09T08:32:00,MOBILE,COMPLETED,94033.50,2026-07-09T08:32:00
O0017488,C004981,S021,2026-07-14T05:46:00,STORE,COMPLETED,102999.68,2026-07-14T05:46:00
O0017489,C001988,S016,2026-07-08T10:16:00,WEB,COMPLETED,85621.42,2026-07-08T10:16:00
O0017490,C002010,S002,2026-07-13T10:33:00,MOBILE,COMPLETED,135321.71,2026-07-13T10:33:00
O0017491,C000655,S022,2026-07-10T16:01:00,WEB,COMPLETED,110907.78,2026-07-10T16:01:00
O0017492,C004440,S020,2026-07-09T16:16:00,STORE,COMPLETED,36676.76,2026-07-09T16:16:00
O0017493,C001882,S016,2026-07-10T12:27:00,STORE,COMPLETED,67242.95,2026-07-10T12:27:00
O0017494,C002885,S008,2026-07-13T21:07:00,MOBILE,COMPLETED,143014.66,2026-07-13T21:07:00
O0017495,C004722,S004,2026-07-11T02:59:00,MOBILE,COMPLETED,17524.07,2026-07-11T02:59:00
O0017496,C002625,S008,2026-07-10T09:58:00,STORE,COMPLETED,56867.97,2026-07-10T09:58:00
O0017497,C003203,S007,2026-07-11T06:07:00,STORE,COMPLETED,8976.58,2026-07-11T06:07:00
O0017498,C002706,S004,2026-07-14T07:29:00,STORE,COMPLETED,82863.29,2026-07-14T07:29:00
O0017499,C002033,S004,2026-07-13T00:19:00,STORE,COMPLETED,35642.97,2026-07-13T00:19:00
O0017500,C000471,S019,2026-07-12T19:38:00,MOBILE,COMPLETED,95231.95,2026-07-12T19:38:00
O0017501,C002770,S017,2026-07-13T17:36:00,STORE,COMPLETED,121111.64,2026-07-13T17:36:00
O0017502,C004301,S004,2026-07-08T13:13:00,MOBILE,COMPLETED,36825.98,2026-07-08T13:13:00
O0017503,C003505,S022,2026-07-12T15:59:00,WEB,COMPLETED,83692.09,2026-07-12T15:59:00
O0017504,C002430,S006,2026-07-10T14:57:00,STORE,COMPLETED,40229.97,2026-07-10T14:57:00
O0017505,C003259,S013,2026-07-11T15:34:00,WEB,COMPLETED,4607.09,2026-07-11T15:34:00
O0017506,C003466,S024,2026-07-09T02:47:00,MOBILE,COMPLETED,79084.94,2026-07-09T02:47:00
O0017507,C001487,S008,2026-07-10T03:25:00,STORE,COMPLETED,192017.18,2026-07-10T03:25:00
O0017508,C003048,S020,2026-07-12T12:47:00,MOBILE,COMPLETED,71671.63,2026-07-12T12:47:00
O0017509,C003827,S004,2026-07-10T01:30:00,STORE,COMPLETED,14781.01,2026-07-10T01:30:00
O0017510,C003967,S021,2026-07-13T04:05:00,WEB,COMPLETED,40072.97,2026-07-13T04:05:00
O0017511,C003147,S018,2026-07-12T05:05:00,MOBILE,COMPLETED,88412.71,2026-07-12T05:05:00
O0017512,C002795,S025,2026-07-10T23:47:00,WEB,COMPLETED,117457.06,2026-07-10T23:47:00
O0017513,C001210,S015,2026-07-10T21:43:00,WEB,COMPLETED,5031.98,2026-07-10T21:43:00
O0017514,C000311,S016,2026-07-13T18:25:00,WEB,COMPLETED,26523.96,2026-07-13T18:25:00
O0017515,C004131,S015,2026-07-10T01:18:00,MOBILE,COMPLETED,48182.07,2026-07-10T01:18:00
O0017516,C001427,S022,2026-07-08T08:17:00,STORE,COMPLETED,9831.98,2026-07-08T08:17:00
O0017517,C004689,S012,2026-07-13T06:36:00,WEB,COMPLETED,783.68,2026-07-13T06:36:00
O0017518,C000771,S017,2026-07-11T15:51:00,MOBILE,COMPLETED,166595.94,2026-07-11T15:51:00
O0017519,C003531,S012,2026-07-12T06:34:00,MOBILE,COMPLETED,76855.10,2026-07-12T06:34:00
O0017520,C000324,S006,2026-07-09T23:33:00,WEB,COMPLETED,44761.98,2026-07-09T23:33:00
O0017521,C003831,S008,2026-07-12T10:09:00,MOBILE,COMPLETED,13617.99,2026-07-12T10:09:00
O0017522,C000624,S025,2026-07-12T21:51:00,STORE,COMPLETED,71495.78,2026-07-12T21:51:00
O0017523,C002735,S025,2026-07-11T20:05:00,WEB,COMPLETED,45540.95,2026-07-11T20:05:00
O0017524,C001469,S009,2026-07-10T08:02:00,WEB,COMPLETED,42717.07,2026-07-10T08:02:00
O0017525,C002083,S021,2026-07-11T11:02:00,WEB,COMPLETED,88811.94,2026-07-11T11:02:00
O0017526,C000261,S008,2026-07-11T00:48:00,WEB,COMPLETED,66268.76,2026-07-11T00:48:00
O0017527,C003827,S017,2026-07-13T10:04:00,STORE,COMPLETED,131190.50,2026-07-13T10:04:00
O0017528,C003450,S020,2026-07-13T13:55:00,MOBILE,COMPLETED,49676.74,2026-07-13T13:55:00
O0017529,C004671,S003,2026-07-08T23:35:00,STORE,COMPLETED,68698.85,2026-07-08T23:35:00
O0017530,C003802,S024,2026-07-12T13:09:00,STORE,COMPLETED,83329.71,2026-07-12T13:09:00
O0017531,C002194,S001,2026-07-10T19:02:00,WEB,COMPLETED,210218.78,2026-07-10T19:02:00
O0017532,C003035,S010,2026-07-13T23:00:00,STORE,COMPLETED,30382.14,2026-07-13T23:00:00
O0017533,C004621,S012,2026-07-13T02:51:00,STORE,COMPLETED,46231.96,2026-07-13T02:51:00
O0017534,C003310,S003,2026-07-11T15:22:00,MOBILE,COMPLETED,80502.58,2026-07-11T15:22:00
O0017535,C001595,S001,2026-07-11T16:51:00,WEB,COMPLETED,149467.59,2026-07-11T16:51:00
O0017536,C004091,S015,2026-07-10T13:35:00,WEB,COMPLETED,71203.93,2026-07-10T13:35:00
O0017537,C002436,S019,2026-07-08T13:38:00,STORE,COMPLETED,1031.96,2026-07-08T13:38:00
O0017538,C003141,S015,2026-07-08T20:32:00,STORE,COMPLETED,91762.81,2026-07-08T20:32:00
O0017539,C001053,S022,2026-07-11T15:56:00,WEB,COMPLETED,31993.86,2026-07-11T15:56:00
O0017540,C001902,S017,2026-07-09T08:22:00,STORE,COMPLETED,66908.67,2026-07-09T08:22:00
O0017541,C001091,S010,2026-07-12T22:47:00,STORE,COMPLETED,144043.88,2026-07-12T22:47:00
O0017542,C003416,S012,2026-07-08T08:41:00,MOBILE,COMPLETED,90928.68,2026-07-08T08:41:00
O0017543,C004355,S023,2026-07-11T13:08:00,WEB,COMPLETED,21147.99,2026-07-11T13:08:00
O0017544,C004274,S025,2026-07-09T22:58:00,STORE,COMPLETED,55441.77,2026-07-09T22:58:00
O0017545,C003296,S021,2026-07-12T20:44:00,MOBILE,COMPLETED,33455.97,2026-07-12T20:44:00
O0017546,C000703,S017,2026-07-10T02:40:00,MOBILE,COMPLETED,2931.99,2026-07-10T02:40:00
O0017547,C003433,S019,2026-07-11T02:56:00,WEB,COMPLETED,22928.99,2026-07-11T02:56:00
O0017548,C000600,S001,2026-07-12T13:19:00,STORE,COMPLETED,39506.95,2026-07-12T13:19:00
O0017549,C004887,S013,2026-07-13T11:11:00,MOBILE,COMPLETED,67319.84,2026-07-13T11:11:00
O0017550,C000347,S015,2026-07-10T17:14:00,STORE,COMPLETED,93621.94,2026-07-10T17:14:00
O0017551,C000057,S013,2026-07-10T19:00:00,MOBILE,COMPLETED,73447.29,2026-07-10T19:00:00
O0017552,C000201,S012,2026-07-13T07:17:00,WEB,COMPLETED,3068.09,2026-07-13T07:17:00
O0017553,C001805,S013,2026-07-14T00:30:00,STORE,COMPLETED,138476.66,2026-07-14T00:30:00
O0017554,C001568,S001,2026-07-08T15:14:00,WEB,COMPLETED,224355.42,2026-07-08T15:14:00
O0017555,C000553,S010,2026-07-13T09:21:00,MOBILE,COMPLETED,91361.91,2026-07-13T09:21:00
O0017556,C002584,S019,2026-07-11T00:51:00,STORE,COMPLETED,95911.16,2026-07-11T00:51:00
O0017557,C003794,S015,2026-07-09T17:22:00,STORE,COMPLETED,414.89,2026-07-09T17:22:00
O0017558,C003385,S009,2026-07-13T16:22:00,STORE,COMPLETED,20703.97,2026-07-13T16:22:00
O0017559,C001754,S024,2026-07-11T21:47:00,STORE,COMPLETED,64164.93,2026-07-11T21:47:00
O0017560,C001387,S011,2026-07-13T03:09:00,STORE,COMPLETED,18341.99,2026-07-13T03:09:00
O0017561,C000952,S021,2026-07-09T07:39:00,WEB,COMPLETED,53948.56,2026-07-09T07:39:00
O0017562,C005202,S009,2026-07-12T11:14:00,WEB,COMPLETED,26819.98,2026-07-12T11:14:00
O0017563,C002380,S003,2026-07-13T00:18:00,STORE,COMPLETED,17695.66,2026-07-13T00:18:00
O0017564,C003322,S006,2026-07-09T19:06:00,WEB,COMPLETED,90692.61,2026-07-09T19:06:00
O0017565,C004047,S017,2026-07-11T07:56:00,WEB,COMPLETED,119126.69,2026-07-11T07:56:00
O0017566,C001827,S013,2026-07-13T11:50:00,STORE,COMPLETED,18341.99,2026-07-13T11:50:00
O0017567,C001761,S015,2026-07-09T21:19:00,MOBILE,COMPLETED,90355.96,2026-07-09T21:19:00
O0017568,C003763,S003,2026-07-09T07:47:00,STORE,COMPLETED,45316.76,2026-07-09T07:47:00
O0017569,C001483,S009,2026-07-14T06:25:00,WEB,COMPLETED,85503.56,2026-07-14T06:25:00
O0017570,C001233,S016,2026-07-11T01:49:00,WEB,COMPLETED,103525.32,2026-07-11T01:49:00
O0017571,C002566,S020,2026-07-13T23:19:00,MOBILE,COMPLETED,3771.96,2026-07-13T23:19:00
O0017572,C005157,S016,2026-07-09T02:41:00,STORE,COMPLETED,85976.94,2026-07-09T02:41:00
O0017573,C004586,S019,2026-07-11T09:03:00,MOBILE,COMPLETED,179386.85,2026-07-11T09:03:00
O0017574,C001712,S018,2026-07-14T04:13:00,STORE,COMPLETED,38843.96,2026-07-14T04:13:00
O0017575,C000884,S004,2026-07-13T23:02:00,WEB,COMPLETED,21207.98,2026-07-13T23:02:00
O0017576,C001199,S006,2026-07-08T21:28:00,MOBILE,COMPLETED,86316.14,2026-07-08T21:28:00
O0017577,C001490,S016,2026-07-12T14:18:00,STORE,COMPLETED,19612.01,2026-07-12T14:18:00
O0017578,C000914,S002,2026-07-11T07:49:00,WEB,COMPLETED,115057.79,2026-07-11T07:49:00
O0017579,C003498,S004,2026-07-10T16:11:00,MOBILE,COMPLETED,98143.95,2026-07-10T16:11:00
O0017580,C003506,S021,2026-07-13T22:05:00,MOBILE,COMPLETED,84990.06,2026-07-13T22:05:00
O0017581,C000503,S014,2026-07-13T21:03:00,MOBILE,COMPLETED,61881.06,2026-07-13T21:03:00
O0017582,C000001,S022,2026-07-12T18:20:00,MOBILE,COMPLETED,131783.40,2026-07-12T18:20:00
O0017583,C001641,S024,2026-07-12T22:13:00,STORE,COMPLETED,146936.83,2026-07-12T22:13:00
O0017584,C002155,S020,2026-07-13T12:00:00,MOBILE,COMPLETED,104230.93,2026-07-13T12:00:00
O0017585,C005085,S011,2026-07-13T03:07:00,MOBILE,COMPLETED,55206.95,2026-07-13T03:07:00
O0017586,C003741,S005,2026-07-11T20:36:00,STORE,COMPLETED,68453.93,2026-07-11T20:36:00
O0017587,C000037,S014,2026-07-08T14:05:00,STORE,COMPLETED,67111.16,2026-07-08T14:05:00
O0017588,C002615,S009,2026-07-10T13:59:00,MOBILE,COMPLETED,111430.65,2026-07-10T13:59:00
O0017589,C005223,S010,2026-07-10T06:36:00,STORE,COMPLETED,111714.14,2026-07-10T06:36:00
O0017590,C002683,S020,2026-07-13T20:44:00,WEB,COMPLETED,96618.09,2026-07-13T20:44:00
O0017591,C004318,S008,2026-07-10T00:51:00,WEB,COMPLETED,69561.95,2026-07-10T00:51:00
O0017592,C003523,S002,2026-07-14T04:45:00,WEB,COMPLETED,39957.93,2026-07-14T04:45:00
O0017593,C002852,S021,2026-07-12T00:21:00,MOBILE,COMPLETED,93645.55,2026-07-12T00:21:00
O0017594,C000135,S005,2026-07-09T03:06:00,WEB,COMPLETED,13053.98,2026-07-09T03:06:00
O0017595,C000515,S002,2026-07-12T01:33:00,MOBILE,COMPLETED,52858.75,2026-07-12T01:33:00
O0017596,C002080,S001,2026-07-12T07:33:00,WEB,COMPLETED,89681.33,2026-07-12T07:33:00
O0017597,C000063,S014,2026-07-12T18:32:00,STORE,COMPLETED,90276.92,2026-07-12T18:32:00
O0017598,C001708,S007,2026-07-11T10:26:00,WEB,COMPLETED,55367.95,2026-07-11T10:26:00
O0017599,C002286,S001,2026-07-12T03:43:00,WEB,COMPLETED,50078.72,2026-07-12T03:43:00
O0017600,C001003,S007,2026-07-08T16:18:00,WEB,COMPLETED,13351.96,2026-07-08T16:18:00
O0017601,C002127,S018,2026-07-13T00:15:00,WEB,COMPLETED,186812.88,2026-07-13T00:15:00
O0017602,C003998,S019,2026-07-13T20:25:00,STORE,COMPLETED,124852.83,2026-07-13T20:25:00
O0017603,C000823,S011,2026-07-10T13:07:00,WEB,COMPLETED,125491.77,2026-07-10T13:07:00
O0017604,C004129,S007,2026-07-08T22:52:00,MOBILE,COMPLETED,130680.87,2026-07-08T22:52:00
O0017605,C002042,S019,2026-07-08T19:26:00,STORE,COMPLETED,35718.87,2026-07-08T19:26:00
O0017606,C003800,S014,2026-07-08T16:41:00,MOBILE,COMPLETED,123280.85,2026-07-08T16:41:00
O0017607,C000124,S021,2026-07-10T10:20:00,MOBILE,COMPLETED,177654.67,2026-07-10T10:20:00
O0017608,C000781,S019,2026-07-08T13:00:00,MOBILE,COMPLETED,153711.01,2026-07-08T13:00:00
O0017609,C000361,S013,2026-07-09T11:04:00,STORE,COMPLETED,19191.28,2026-07-09T11:04:00
O0017610,C004088,S009,2026-07-11T20:50:00,WEB,COMPLETED,85927.01,2026-07-11T20:50:00
O0017611,C000921,S011,2026-07-11T00:46:00,MOBILE,COMPLETED,1753.98,2026-07-11T00:46:00
O0017612,C003831,S005,2026-07-09T18:46:00,MOBILE,COMPLETED,14747.97,2026-07-09T18:46:00
O0017613,C003360,S015,2026-07-13T19:30:00,MOBILE,COMPLETED,44587.96,2026-07-13T19:30:00
O0017614,C003280,S001,2026-07-12T23:18:00,MOBILE,COMPLETED,106462.51,2026-07-12T23:18:00
O0017615,C002840,S025,2026-07-13T22:28:00,MOBILE,COMPLETED,64883.96,2026-07-13T22:28:00
O0017616,C004826,S002,2026-07-10T03:39:00,STORE,COMPLETED,281037.04,2026-07-10T03:39:00
O0017617,C001755,S011,2026-07-10T07:32:00,WEB,COMPLETED,3885.99,2026-07-10T07:32:00
O0017618,C000451,S025,2026-07-09T18:59:00,WEB,COMPLETED,119502.18,2026-07-09T18:59:00
O0017619,C003995,S013,2026-07-13T01:12:00,WEB,COMPLETED,6211.95,2026-07-13T01:12:00
O0017620,C003416,S025,2026-07-10T00:26:00,WEB,COMPLETED,97848.50,2026-07-10T00:26:00
O0017621,C000879,S005,2026-07-08T21:40:00,MOBILE,COMPLETED,45967.96,2026-07-08T21:40:00
O0017622,C003083,S009,2026-07-08T23:08:00,WEB,COMPLETED,137135.92,2026-07-08T23:08:00
O0017623,C000154,S014,2026-07-12T21:19:00,STORE,COMPLETED,92547.96,2026-07-12T21:19:00
O0017624,C003688,S020,2026-07-12T06:49:00,STORE,COMPLETED,88892.94,2026-07-12T06:49:00
O0017625,C005219,S009,2026-07-10T07:53:00,STORE,COMPLETED,46882.35,2026-07-10T07:53:00
O0017626,C004990,S017,2026-07-09T15:53:00,WEB,COMPLETED,34475.97,2026-07-09T15:53:00
O0017627,C000475,S006,2026-07-11T15:26:00,WEB,COMPLETED,90556.20,2026-07-11T15:26:00
O0017628,C000506,S002,2026-07-11T16:17:00,STORE,COMPLETED,15300.87,2026-07-11T16:17:00
O0017629,C004633,S014,2026-07-11T20:13:00,WEB,COMPLETED,207131.17,2026-07-11T20:13:00
O0017630,C000547,S016,2026-07-10T22:49:00,WEB,COMPLETED,110762.92,2026-07-10T22:49:00
O0017631,C003862,S011,2026-07-11T15:49:00,WEB,COMPLETED,79402.92,2026-07-11T15:49:00
O0017632,C004298,S009,2026-07-09T19:14:00,MOBILE,COMPLETED,86706.85,2026-07-09T19:14:00
O0017633,C000777,S006,2026-07-10T19:01:00,STORE,COMPLETED,179599.98,2026-07-10T19:01:00
O0017634,C000245,S024,2026-07-12T10:35:00,MOBILE,COMPLETED,82696.93,2026-07-12T10:35:00
O0017635,C003895,S011,2026-07-12T09:48:00,MOBILE,COMPLETED,2660.05,2026-07-12T09:48:00
O0017636,C004737,S023,2026-07-12T14:02:00,WEB,COMPLETED,21553.56,2026-07-12T14:02:00
O0017637,C001741,S022,2026-07-12T13:22:00,STORE,COMPLETED,145239.55,2026-07-12T13:22:00
O0017638,C003195,S003,2026-07-09T17:09:00,WEB,COMPLETED,46184.36,2026-07-09T17:09:00
O0017639,C002999,S022,2026-07-10T19:29:00,MOBILE,COMPLETED,54416.97,2026-07-10T19:29:00
O0017640,C002439,S020,2026-07-11T11:37:00,MOBILE,COMPLETED,39973.14,2026-07-11T11:37:00
O0017641,C001262,S020,2026-07-09T04:47:00,MOBILE,COMPLETED,14767.18,2026-07-09T04:47:00
O0017642,C000405,S022,2026-07-14T01:12:00,STORE,COMPLETED,60128.95,2026-07-14T01:12:00
O0017643,C001966,S017,2026-07-12T13:25:00,MOBILE,COMPLETED,52952.36,2026-07-12T13:25:00
O0017644,C002661,S017,2026-07-08T15:31:00,MOBILE,COMPLETED,4230.99,2026-07-08T15:31:00
O0017645,C004412,S025,2026-07-08T08:13:00,WEB,COMPLETED,134981.89,2026-07-08T08:13:00
O0017646,C005145,S002,2026-07-12T17:23:00,WEB,COMPLETED,98400.93,2026-07-12T17:23:00
O0017647,C005087,S018,2026-07-12T12:19:00,MOBILE,COMPLETED,94029.90,2026-07-12T12:19:00
O0017648,C003069,S013,2026-07-11T19:13:00,WEB,COMPLETED,152262.85,2026-07-11T19:13:00
O0017649,C004807,S004,2026-07-09T03:39:00,STORE,COMPLETED,46889.94,2026-07-09T03:39:00
O0017650,C001702,S008,2026-07-08T09:07:00,WEB,COMPLETED,24664.48,2026-07-08T09:07:00
O0017651,C000668,S015,2026-07-10T13:50:00,WEB,COMPLETED,103965.92,2026-07-10T13:50:00
O0017652,C004971,S003,2026-07-13T23:29:00,WEB,COMPLETED,29834.97,2026-07-13T23:29:00
O0017653,C003221,S016,2026-07-13T08:14:00,MOBILE,COMPLETED,15922.18,2026-07-13T08:14:00
O0017654,C002526,S020,2026-07-10T10:20:00,STORE,COMPLETED,82853.93,2026-07-10T10:20:00
O0017655,C001345,S015,2026-07-09T08:06:00,STORE,COMPLETED,92071.91,2026-07-09T08:06:00
O0017656,C002359,S006,2026-07-08T19:48:00,WEB,COMPLETED,98886.12,2026-07-08T19:48:00
O0017657,C001401,S022,2026-07-10T17:36:00,WEB,COMPLETED,41067.98,2026-07-10T17:36:00
O0017658,C003291,S010,2026-07-12T05:15:00,STORE,COMPLETED,140865.76,2026-07-12T05:15:00
O0017659,C000879,S020,2026-07-10T13:06:00,MOBILE,COMPLETED,49227.69,2026-07-10T13:06:00
O0017660,C002118,S011,2026-07-10T00:19:00,STORE,COMPLETED,21743.05,2026-07-10T00:19:00
O0017661,C001166,S018,2026-07-09T04:23:00,MOBILE,COMPLETED,103317.72,2026-07-09T04:23:00
O0017662,C001536,S016,2026-07-09T18:45:00,WEB,COMPLETED,85272.95,2026-07-09T18:45:00
O0017663,C003764,S018,2026-07-10T10:07:00,MOBILE,COMPLETED,91297.85,2026-07-10T10:07:00
O0017664,C002237,S022,2026-07-11T12:41:00,MOBILE,COMPLETED,129765.89,2026-07-11T12:41:00
O0017665,C001273,S024,2026-07-13T02:34:00,MOBILE,COMPLETED,279.64,2026-07-13T02:34:00
O0017666,C005144,S023,2026-07-09T11:52:00,MOBILE,COMPLETED,52400.29,2026-07-09T11:52:00
O0017667,C000164,S018,2026-07-11T16:12:00,STORE,COMPLETED,138046.11,2026-07-11T16:12:00
O0017668,C004193,S018,2026-07-12T12:12:00,MOBILE,COMPLETED,157011.10,2026-07-12T12:12:00
O0017669,C001781,S022,2026-07-10T17:09:00,MOBILE,COMPLETED,150821.58,2026-07-10T17:09:00
O0017670,C003437,S018,2026-07-11T10:24:00,WEB,COMPLETED,14763.98,2026-07-11T10:24:00
O0017671,C004225,S011,2026-07-13T06:16:00,STORE,COMPLETED,25256.86,2026-07-13T06:16:00
O0017672,C001486,S017,2026-07-10T13:09:00,MOBILE,COMPLETED,121094.51,2026-07-10T13:09:00
O0017673,C001160,S025,2026-07-12T09:37:00,WEB,COMPLETED,73929.67,2026-07-12T09:37:00
O0017674,C002004,S012,2026-07-11T02:55:00,MOBILE,COMPLETED,220346.75,2026-07-11T02:55:00
O0017675,C001767,S010,2026-07-14T02:19:00,MOBILE,COMPLETED,181676.95,2026-07-14T02:19:00
O0017676,C001585,S017,2026-07-11T01:49:00,MOBILE,COMPLETED,126265.70,2026-07-11T01:49:00
O0017677,C004505,S008,2026-07-10T00:33:00,STORE,COMPLETED,61201.40,2026-07-10T00:33:00
O0017678,C003375,S018,2026-07-08T15:45:00,WEB,COMPLETED,50707.16,2026-07-08T15:45:00
O0017679,C003198,S017,2026-07-14T01:09:00,MOBILE,COMPLETED,164336.50,2026-07-14T01:09:00
O0017680,C001576,S016,2026-07-08T18:40:00,MOBILE,COMPLETED,86405.93,2026-07-08T18:40:00
O0017681,C004705,S008,2026-07-10T08:16:00,WEB,COMPLETED,218212.19,2026-07-10T08:16:00
O0017682,C004452,S025,2026-07-09T22:30:00,STORE,COMPLETED,158585.88,2026-07-09T22:30:00
O0017683,C001329,S002,2026-07-08T22:58:00,WEB,COMPLETED,24627.98,2026-07-08T22:58:00
O0017684,C003196,S011,2026-07-14T01:11:00,WEB,COMPLETED,176591.86,2026-07-14T01:11:00
O0017685,C004280,S006,2026-07-11T20:09:00,MOBILE,COMPLETED,56031.90,2026-07-11T20:09:00
O0017686,C004984,S014,2026-07-08T10:38:00,STORE,COMPLETED,45050.34,2026-07-08T10:38:00
O0017687,C000554,S015,2026-07-13T02:19:00,WEB,COMPLETED,8314.69,2026-07-13T02:19:00
O0017688,C003811,S019,2026-07-12T07:50:00,STORE,COMPLETED,143393.10,2026-07-12T07:50:00
O0017689,C000895,S009,2026-07-12T18:50:00,WEB,COMPLETED,22775.98,2026-07-12T18:50:00
O0017690,C001054,S007,2026-07-13T02:13:00,STORE,COMPLETED,43326.62,2026-07-13T02:13:00
O0017691,C001934,S019,2026-07-12T11:11:00,WEB,COMPLETED,74175.42,2026-07-12T11:11:00
O0017692,C001425,S018,2026-07-13T05:06:00,WEB,COMPLETED,75387.33,2026-07-13T05:06:00
O0017693,C004818,S025,2026-07-13T17:10:00,WEB,COMPLETED,185810.29,2026-07-13T17:10:00
O0017694,C000856,S012,2026-07-08T21:53:00,MOBILE,COMPLETED,146696.50,2026-07-08T21:53:00
O0017695,C004030,S008,2026-07-09T17:49:00,WEB,COMPLETED,6231.99,2026-07-09T17:49:00
O0017696,C002617,S009,2026-07-10T08:53:00,MOBILE,COMPLETED,35110.08,2026-07-10T08:53:00
O0017697,C002055,S018,2026-07-10T07:36:00,STORE,COMPLETED,87879.96,2026-07-10T07:36:00
O0017698,C000836,S021,2026-07-08T15:25:00,MOBILE,COMPLETED,26644.08,2026-07-08T15:25:00
O0017699,C002638,S014,2026-07-10T13:11:00,WEB,COMPLETED,67658.33,2026-07-10T13:11:00
O0017700,C002325,S003,2026-07-13T18:44:00,WEB,COMPLETED,105295.90,2026-07-13T18:44:00
O0017701,C003646,S009,2026-07-13T10:54:00,WEB,COMPLETED,3935.98,2026-07-13T10:54:00
O0017702,C000596,S006,2026-07-12T23:10:00,WEB,COMPLETED,182731.34,2026-07-12T23:10:00
O0017703,C001183,S015,2026-07-13T13:56:00,MOBILE,COMPLETED,74213.55,2026-07-13T13:56:00
O0017704,C004346,S006,2026-07-11T05:27:00,WEB,COMPLETED,247957.45,2026-07-11T05:27:00
O0017705,C005182,S020,2026-07-08T12:35:00,WEB,COMPLETED,38908.95,2026-07-08T12:35:00
O0017706,C001901,S025,2026-07-08T23:23:00,WEB,COMPLETED,12587.99,2026-07-08T23:23:00
O0017707,C001545,S008,2026-07-12T18:30:00,MOBILE,COMPLETED,81618.70,2026-07-12T18:30:00
O0017708,C000621,S012,2026-07-13T00:34:00,WEB,COMPLETED,141611.93,2026-07-13T00:34:00
O0017709,C000359,S020,2026-07-12T03:25:00,WEB,COMPLETED,138372.62,2026-07-12T03:25:00
O0017710,C002423,S003,2026-07-11T19:32:00,WEB,COMPLETED,31035.69,2026-07-11T19:32:00
O0017711,C002256,S023,2026-07-12T18:54:00,WEB,COMPLETED,126113.49,2026-07-12T18:54:00
O0017712,C004912,S002,2026-07-09T09:08:00,STORE,COMPLETED,22797.94,2026-07-09T09:08:00
O0017713,C004629,S019,2026-07-09T13:05:00,STORE,COMPLETED,5069.37,2026-07-09T13:05:00
O0017714,C000905,S007,2026-07-10T23:12:00,STORE,COMPLETED,77892.73,2026-07-10T23:12:00
O0017715,C003514,S007,2026-07-13T23:27:00,WEB,COMPLETED,6749.37,2026-07-13T23:27:00
O0017716,C004774,S003,2026-07-11T12:33:00,MOBILE,COMPLETED,99291.72,2026-07-11T12:33:00
O0017717,C001955,S015,2026-07-10T12:01:00,WEB,COMPLETED,116274.52,2026-07-10T12:01:00
O0017718,C002247,S023,2026-07-11T21:18:00,WEB,COMPLETED,105388.03,2026-07-11T21:18:00
O0017719,C005010,S005,2026-07-11T00:47:00,WEB,COMPLETED,76317.28,2026-07-11T00:47:00
O0017720,C004700,S022,2026-07-09T12:24:00,STORE,COMPLETED,31922.77,2026-07-09T12:24:00
O0017721,C000988,S003,2026-07-12T09:12:00,MOBILE,COMPLETED,36968.17,2026-07-12T09:12:00
O0017722,C000411,S015,2026-07-13T03:49:00,MOBILE,COMPLETED,23924.83,2026-07-13T03:49:00
O0017723,C004703,S011,2026-07-09T00:44:00,WEB,COMPLETED,30120.95,2026-07-09T00:44:00
O0017724,C003314,S011,2026-07-13T02:33:00,MOBILE,COMPLETED,58468.92,2026-07-13T02:33:00
O0017725,C002794,S014,2026-07-11T09:21:00,MOBILE,COMPLETED,71539.94,2026-07-11T09:21:00
O0017726,C000113,S006,2026-07-12T08:42:00,WEB,COMPLETED,54308.95,2026-07-12T08:42:00
O0017727,C000258,S018,2026-07-11T05:36:00,STORE,COMPLETED,145691.67,2026-07-11T05:36:00
O0017728,C000050,S018,2026-07-09T03:52:00,WEB,COMPLETED,105335.47,2026-07-09T03:52:00
O0017729,C001184,S022,2026-07-14T04:18:00,WEB,COMPLETED,105453.93,2026-07-14T04:18:00
O0017730,C003362,S016,2026-07-10T22:48:00,STORE,COMPLETED,85909.13,2026-07-10T22:48:00
O0017731,C004866,S003,2026-07-12T03:47:00,MOBILE,COMPLETED,158777.68,2026-07-12T03:47:00
O0017732,C005238,S011,2026-07-11T10:00:00,STORE,COMPLETED,234833.47,2026-07-11T10:00:00
O0017733,C000110,S001,2026-07-11T13:36:00,WEB,COMPLETED,107518.15,2026-07-11T13:36:00
O0017734,C001494,S017,2026-07-14T00:37:00,MOBILE,COMPLETED,85971.96,2026-07-14T00:37:00
O0017735,C003025,S022,2026-07-10T13:04:00,STORE,COMPLETED,70306.75,2026-07-10T13:04:00
O0017736,C004344,S007,2026-07-13T11:56:00,WEB,COMPLETED,104715.88,2026-07-13T11:56:00
O0017737,C002220,S006,2026-07-13T11:22:00,WEB,COMPLETED,23663.98,2026-07-13T11:22:00
O0017738,C000779,S023,2026-07-12T06:50:00,MOBILE,COMPLETED,124470.09,2026-07-12T06:50:00
O0017739,C000886,S003,2026-07-11T01:16:00,WEB,COMPLETED,105147.44,2026-07-11T01:16:00
O0017740,C001117,S023,2026-07-09T03:05:00,MOBILE,COMPLETED,59594.35,2026-07-09T03:05:00
O0017741,C004282,S001,2026-07-11T09:31:00,STORE,COMPLETED,67424.48,2026-07-11T09:31:00
O0017742,C003217,S024,2026-07-12T19:51:00,WEB,COMPLETED,55404.95,2026-07-12T19:51:00
O0017743,C003136,S001,2026-07-11T18:23:00,MOBILE,COMPLETED,141394.57,2026-07-11T18:23:00
O0017744,C002841,S006,2026-07-10T17:41:00,WEB,COMPLETED,36439.24,2026-07-10T17:41:00
O0017745,C003469,S010,2026-07-09T03:42:00,MOBILE,COMPLETED,108075.33,2026-07-09T03:42:00
O0017746,C002635,S015,2026-07-09T21:46:00,MOBILE,COMPLETED,70434.70,2026-07-09T21:46:00
O0017747,C001373,S003,2026-07-10T15:22:00,STORE,COMPLETED,109018.97,2026-07-10T15:22:00
O0017748,C003854,S001,2026-07-09T12:21:00,MOBILE,COMPLETED,67640.85,2026-07-09T12:21:00
O0017749,C004658,S015,2026-07-09T08:41:00,STORE,COMPLETED,14288.39,2026-07-09T08:41:00
O0017750,C003229,S003,2026-07-11T15:01:00,STORE,COMPLETED,172488.00,2026-07-11T15:01:00
O0017751,C004083,S005,2026-07-12T11:05:00,MOBILE,COMPLETED,20807.99,2026-07-12T11:05:00
O0017752,C004055,S005,2026-07-08T08:11:00,STORE,COMPLETED,203345.26,2026-07-08T08:11:00
O0017753,C000088,S010,2026-07-09T10:06:00,STORE,COMPLETED,74777.11,2026-07-09T10:06:00
O0017754,C001349,S013,2026-07-13T21:32:00,WEB,COMPLETED,12845.98,2026-07-13T21:32:00
O0017755,C000032,S005,2026-07-13T14:53:00,MOBILE,COMPLETED,63446.56,2026-07-13T14:53:00
O0017756,C002602,S024,2026-07-13T00:42:00,STORE,COMPLETED,65159.52,2026-07-13T00:42:00
O0017757,C000869,S024,2026-07-11T15:21:00,WEB,COMPLETED,142786.48,2026-07-11T15:21:00
O0017758,C004309,S004,2026-07-14T05:17:00,STORE,COMPLETED,104995.91,2026-07-14T05:17:00
O0017759,C001328,S012,2026-07-14T03:54:00,STORE,COMPLETED,88049.95,2026-07-14T03:54:00
O0017760,C000096,S014,2026-07-13T02:54:00,WEB,COMPLETED,209179.14,2026-07-13T02:54:00
O0017761,C000973,S010,2026-07-10T17:12:00,WEB,COMPLETED,119060.39,2026-07-10T17:12:00
O0017762,C004727,S023,2026-07-11T16:46:00,MOBILE,COMPLETED,143145.03,2026-07-11T16:46:00
O0017763,C001619,S007,2026-07-13T19:33:00,WEB,COMPLETED,94375.09,2026-07-13T19:33:00
O0017764,C004044,S020,2026-07-12T13:38:00,STORE,COMPLETED,161318.54,2026-07-12T13:38:00
O0017765,C002011,S001,2026-07-13T10:07:00,WEB,COMPLETED,168597.86,2026-07-13T10:07:00
O0017766,C004549,S014,2026-07-10T22:59:00,MOBILE,COMPLETED,145390.46,2026-07-10T22:59:00
O0017767,C001910,S020,2026-07-12T04:13:00,STORE,COMPLETED,391.84,2026-07-12T04:13:00
O0017768,C003724,S024,2026-07-11T12:37:00,MOBILE,COMPLETED,41920.62,2026-07-11T12:37:00
O0017769,C004673,S017,2026-07-12T19:08:00,STORE,COMPLETED,155159.93,2026-07-12T19:08:00
O0017770,C000424,S003,2026-07-13T05:18:00,WEB,COMPLETED,16423.99,2026-07-13T05:18:00
O0017771,C004865,S011,2026-07-12T08:13:00,WEB,COMPLETED,123770.32,2026-07-12T08:13:00
O0017772,C002339,S025,2026-07-13T06:45:00,MOBILE,COMPLETED,77020.74,2026-07-13T06:45:00
O0017773,C003488,S014,2026-07-09T02:30:00,MOBILE,COMPLETED,30563.97,2026-07-09T02:30:00
O0017774,C001883,S004,2026-07-09T21:49:00,STORE,COMPLETED,28568.96,2026-07-09T21:49:00
O0017775,C003632,S021,2026-07-13T10:32:00,WEB,COMPLETED,102777.62,2026-07-13T10:32:00
O0017776,C001867,S014,2026-07-10T20:47:00,MOBILE,COMPLETED,68671.67,2026-07-10T20:47:00
O0017777,C005137,S020,2026-07-14T02:06:00,STORE,COMPLETED,119204.70,2026-07-14T02:06:00
O0017778,C001320,S019,2026-07-08T10:02:00,STORE,COMPLETED,22139.96,2026-07-08T10:02:00
O0017779,C002663,S015,2026-07-13T23:19:00,WEB,COMPLETED,22255.93,2026-07-13T23:19:00
O0017780,C001068,S009,2026-07-13T18:31:00,WEB,COMPLETED,75988.29,2026-07-13T18:31:00
O0017781,C004878,S017,2026-07-10T16:12:00,WEB,COMPLETED,125138.13,2026-07-10T16:12:00
O0017782,C004873,S024,2026-07-13T15:04:00,MOBILE,COMPLETED,156172.91,2026-07-13T15:04:00
O0017783,C003045,S011,2026-07-08T10:15:00,STORE,COMPLETED,148979.87,2026-07-08T10:15:00
O0017784,C003392,S015,2026-07-11T05:20:00,STORE,COMPLETED,112775.17,2026-07-11T05:20:00
O0017785,C003062,S024,2026-07-09T17:33:00,MOBILE,COMPLETED,43974.87,2026-07-09T17:33:00
O0017786,C001183,S004,2026-07-10T19:45:00,STORE,COMPLETED,79240.18,2026-07-10T19:45:00
O0017787,C004426,S018,2026-07-10T03:25:00,STORE,COMPLETED,62182.94,2026-07-10T03:25:00
O0017788,C003409,S019,2026-07-12T02:46:00,MOBILE,COMPLETED,4712.99,2026-07-12T02:46:00
O0017789,C004180,S008,2026-07-10T16:12:00,MOBILE,COMPLETED,163950.58,2026-07-10T16:12:00
O0017790,C000830,S018,2026-07-08T11:34:00,MOBILE,COMPLETED,42505.94,2026-07-08T11:34:00
O0017791,C001915,S025,2026-07-12T15:00:00,STORE,COMPLETED,65155.43,2026-07-12T15:00:00
O0017792,C004423,S004,2026-07-13T19:24:00,WEB,COMPLETED,122912.48,2026-07-13T19:24:00
O0017793,C003394,S018,2026-07-09T02:30:00,WEB,COMPLETED,91373.38,2026-07-09T02:30:00
O0017794,C003920,S022,2026-07-12T09:20:00,MOBILE,COMPLETED,189805.87,2026-07-12T09:20:00
O0017795,C000336,S022,2026-07-11T06:08:00,WEB,COMPLETED,205253.67,2026-07-11T06:08:00
O0017796,C000838,S010,2026-07-09T09:16:00,STORE,COMPLETED,13859.09,2026-07-09T09:16:00
O0017797,C003127,S022,2026-07-10T16:36:00,MOBILE,COMPLETED,29543.97,2026-07-10T16:36:00
O0017798,C002395,S011,2026-07-13T16:24:00,STORE,COMPLETED,33851.97,2026-07-13T16:24:00
O0017799,C004715,S009,2026-07-13T03:08:00,WEB,COMPLETED,133873.59,2026-07-13T03:08:00
O0017800,C000051,S020,2026-07-13T01:32:00,STORE,COMPLETED,141630.89,2026-07-13T01:32:00
O0017801,C005089,S014,2026-07-09T05:01:00,MOBILE,COMPLETED,127354.95,2026-07-09T05:01:00
O0017802,C000569,S010,2026-07-10T23:44:00,MOBILE,COMPLETED,71874.29,2026-07-10T23:44:00
O0017803,C002421,S022,2026-07-13T17:45:00,WEB,COMPLETED,68151.96,2026-07-13T17:45:00
O0017804,C002180,S012,2026-07-12T03:30:00,WEB,COMPLETED,13385.60,2026-07-12T03:30:00
O0017805,C003165,S004,2026-07-13T20:20:00,STORE,COMPLETED,133170.70,2026-07-13T20:20:00
O0017806,C001086,S009,2026-07-14T01:57:00,STORE,COMPLETED,86307.91,2026-07-14T01:57:00
O0017807,C000480,S007,2026-07-11T01:52:00,MOBILE,COMPLETED,72228.79,2026-07-11T01:52:00
O0017808,C002580,S008,2026-07-12T09:03:00,WEB,COMPLETED,15190.99,2026-07-12T09:03:00
O0017809,C004022,S025,2026-07-09T00:03:00,WEB,COMPLETED,75786.93,2026-07-09T00:03:00
O0017810,C000050,S008,2026-07-12T17:04:00,WEB,COMPLETED,182412.20,2026-07-12T17:04:00
O0017811,C004936,S001,2026-07-12T06:22:00,MOBILE,COMPLETED,78620.26,2026-07-12T06:22:00
O0017812,C003342,S021,2026-07-10T16:30:00,WEB,COMPLETED,139019.70,2026-07-10T16:30:00
O0017813,C005108,S015,2026-07-13T06:45:00,WEB,COMPLETED,106032.83,2026-07-13T06:45:00
O0017814,C000669,S025,2026-07-09T04:36:00,WEB,COMPLETED,57289.44,2026-07-09T04:36:00
O0017815,C002577,S006,2026-07-09T02:31:00,STORE,COMPLETED,53049.94,2026-07-09T02:31:00
O0017816,C001715,S009,2026-07-10T03:15:00,WEB,COMPLETED,90892.86,2026-07-10T03:15:00
O0017817,C004322,S015,2026-07-08T09:58:00,MOBILE,COMPLETED,100901.17,2026-07-08T09:58:00
O0017818,C002519,S001,2026-07-08T22:53:00,MOBILE,COMPLETED,62691.96,2026-07-08T22:53:00
O0017819,C002908,S009,2026-07-11T18:03:00,MOBILE,COMPLETED,74885.33,2026-07-11T18:03:00
O0017820,C001644,S008,2026-07-10T13:11:00,MOBILE,COMPLETED,96175.32,2026-07-10T13:11:00
O0017821,C003383,S016,2026-07-10T14:30:00,WEB,COMPLETED,125248.88,2026-07-10T14:30:00
O0017822,C000878,S001,2026-07-09T07:42:00,MOBILE,COMPLETED,64532.48,2026-07-09T07:42:00
O0017823,C000606,S023,2026-07-10T14:53:00,WEB,COMPLETED,100389.64,2026-07-10T14:53:00
O0017824,C004075,S016,2026-07-11T14:51:00,MOBILE,COMPLETED,61314.71,2026-07-11T14:51:00
O0017825,C003854,S010,2026-07-11T02:15:00,WEB,COMPLETED,22781.51,2026-07-11T02:15:00
O0017826,C000448,S003,2026-07-09T16:52:00,STORE,COMPLETED,108718.52,2026-07-09T16:52:00
O0017827,C001364,S017,2026-07-13T01:39:00,MOBILE,COMPLETED,44198.90,2026-07-13T01:39:00
O0017828,C003696,S025,2026-07-09T15:24:00,STORE,COMPLETED,113854.91,2026-07-09T15:24:00
O0017829,C003389,S024,2026-07-14T01:52:00,MOBILE,COMPLETED,1419.99,2026-07-14T01:52:00
O0017830,C004488,S015,2026-07-10T13:05:00,WEB,COMPLETED,41051.97,2026-07-10T13:05:00
O0017831,C001318,S007,2026-07-12T08:13:00,WEB,COMPLETED,235587.15,2026-07-12T08:13:00
O0017832,C004253,S023,2026-07-13T15:29:00,WEB,COMPLETED,150747.34,2026-07-13T15:29:00
O0017833,C003355,S007,2026-07-14T04:56:00,WEB,COMPLETED,30436.96,2026-07-14T04:56:00
O0017834,C003348,S011,2026-07-12T09:54:00,STORE,COMPLETED,48671.29,2026-07-12T09:54:00
O0017835,C000510,S023,2026-07-12T03:29:00,STORE,COMPLETED,12215.97,2026-07-12T03:29:00
O0017836,C001100,S004,2026-07-14T04:59:00,STORE,COMPLETED,47611.96,2026-07-14T04:59:00
O0017837,C004641,S022,2026-07-10T13:09:00,WEB,COMPLETED,43343.96,2026-07-10T13:09:00
O0017838,C005042,S002,2026-07-14T05:08:00,WEB,COMPLETED,80827.35,2026-07-14T05:08:00
O0017839,C005193,S022,2026-07-09T23:05:00,WEB,COMPLETED,33856.97,2026-07-09T23:05:00
O0017840,C000680,S020,2026-07-12T01:50:00,STORE,COMPLETED,136365.78,2026-07-12T01:50:00
O0017841,C002708,S010,2026-07-11T12:58:00,MOBILE,COMPLETED,100102.87,2026-07-11T12:58:00
O0017842,C000847,S017,2026-07-14T03:42:00,STORE,COMPLETED,71083.97,2026-07-14T03:42:00
O0017843,C002919,S014,2026-07-12T01:33:00,WEB,COMPLETED,50520.89,2026-07-12T01:33:00
O0017844,C003245,S009,2026-07-13T12:52:00,WEB,COMPLETED,18851.96,2026-07-13T12:52:00
O0017845,C003317,S025,2026-07-12T13:26:00,STORE,COMPLETED,38999.37,2026-07-12T13:26:00
O0017846,C003645,S009,2026-07-10T19:56:00,WEB,COMPLETED,79646.73,2026-07-10T19:56:00
O0017847,C004508,S012,2026-07-12T01:11:00,MOBILE,COMPLETED,105659.13,2026-07-12T01:11:00
O0017848,C000441,S005,2026-07-11T01:16:00,WEB,COMPLETED,85265.96,2026-07-11T01:16:00
O0017849,C004246,S003,2026-07-13T12:22:00,MOBILE,COMPLETED,12932.99,2026-07-13T12:22:00
O0017850,C002060,S007,2026-07-09T14:23:00,MOBILE,COMPLETED,41028.67,2026-07-09T14:23:00
O0017851,C003295,S009,2026-07-10T16:37:00,STORE,COMPLETED,23101.17,2026-07-10T16:37:00
O0017852,C000244,S004,2026-07-09T21:48:00,MOBILE,COMPLETED,12790.99,2026-07-09T21:48:00
O0017853,C004069,S022,2026-07-10T07:54:00,MOBILE,COMPLETED,18873.98,2026-07-10T07:54:00
O0017854,C000002,S015,2026-07-10T06:13:00,WEB,COMPLETED,123502.08,2026-07-10T06:13:00
O0017855,C003628,S018,2026-07-12T05:29:00,WEB,COMPLETED,140945.96,2026-07-12T05:29:00
O0017856,C003726,S004,2026-07-09T23:51:00,STORE,COMPLETED,58820.41,2026-07-09T23:51:00
O0017857,C002017,S010,2026-07-12T09:37:00,WEB,COMPLETED,11962.88,2026-07-12T09:37:00
O0017858,C002386,S012,2026-07-09T22:59:00,WEB,COMPLETED,84888.93,2026-07-09T22:59:00
O0017859,C002275,S020,2026-07-09T16:59:00,WEB,COMPLETED,90762.24,2026-07-09T16:59:00
O0017860,C002761,S023,2026-07-08T19:32:00,STORE,COMPLETED,106923.91,2026-07-08T19:32:00
O0017861,C003931,S006,2026-07-09T18:24:00,MOBILE,COMPLETED,115404.03,2026-07-09T18:24:00
O0017862,C004176,S015,2026-07-10T15:46:00,MOBILE,COMPLETED,158544.00,2026-07-10T15:46:00
O0017863,C004962,S013,2026-07-11T23:36:00,MOBILE,COMPLETED,93157.71,2026-07-11T23:36:00
O0017864,C003860,S020,2026-07-13T08:47:00,WEB,COMPLETED,99149.90,2026-07-13T08:47:00
O0017865,C004004,S005,2026-07-14T03:25:00,WEB,COMPLETED,144007.51,2026-07-14T03:25:00
O0017866,C001147,S023,2026-07-11T11:55:00,MOBILE,COMPLETED,152077.90,2026-07-11T11:55:00
O0017867,C000196,S021,2026-07-12T09:13:00,WEB,COMPLETED,53267.94,2026-07-12T09:13:00
O0017868,C001600,S016,2026-07-13T22:10:00,WEB,COMPLETED,65214.95,2026-07-13T22:10:00
O0017869,C005246,S025,2026-07-13T16:30:00,MOBILE,COMPLETED,73915.96,2026-07-13T16:30:00
O0017870,C000070,S022,2026-07-08T23:31:00,MOBILE,COMPLETED,66727.92,2026-07-08T23:31:00
O0017871,C000993,S021,2026-07-11T02:07:00,STORE,COMPLETED,53939.94,2026-07-11T02:07:00
O0017872,C005249,S017,2026-07-11T17:30:00,WEB,COMPLETED,42408.35,2026-07-11T17:30:00
O0017873,C002395,S016,2026-07-13T23:25:00,MOBILE,COMPLETED,59662.04,2026-07-13T23:25:00
O0017874,C001919,S004,2026-07-08T23:11:00,WEB,COMPLETED,63984.31,2026-07-08T23:11:00
O0017875,C001955,S011,2026-07-08T14:27:00,STORE,COMPLETED,25886.25,2026-07-08T14:27:00
O0017876,C004602,S010,2026-07-10T00:35:00,STORE,COMPLETED,44190.16,2026-07-10T00:35:00
O0017877,C004017,S012,2026-07-11T22:53:00,WEB,COMPLETED,223955.82,2026-07-11T22:53:00
O0017878,C001917,S002,2026-07-14T03:38:00,MOBILE,COMPLETED,27072.74,2026-07-14T03:38:00
O0017879,C004380,S022,2026-07-11T20:20:00,STORE,COMPLETED,140076.67,2026-07-11T20:20:00
O0017880,C004008,S025,2026-07-12T09:36:00,WEB,COMPLETED,226928.88,2026-07-12T09:36:00
O0017881,C003708,S015,2026-07-09T21:09:00,WEB,COMPLETED,66527.96,2026-07-09T21:09:00
O0017882,C000059,S001,2026-07-08T22:25:00,MOBILE,COMPLETED,123984.10,2026-07-08T22:25:00
O0017883,C002818,S016,2026-07-11T03:30:00,WEB,COMPLETED,108859.22,2026-07-11T03:30:00
O0017884,C001539,S011,2026-07-11T22:21:00,MOBILE,COMPLETED,103788.92,2026-07-11T22:21:00
O0017885,C002971,S023,2026-07-12T13:40:00,WEB,COMPLETED,100745.40,2026-07-12T13:40:00
O0017886,C000546,S005,2026-07-08T23:29:00,MOBILE,COMPLETED,60668.76,2026-07-08T23:29:00
O0017887,C003609,S006,2026-07-12T23:30:00,STORE,COMPLETED,133356.50,2026-07-12T23:30:00
O0017888,C001869,S010,2026-07-11T12:09:00,MOBILE,COMPLETED,181320.66,2026-07-11T12:09:00
O0017889,C001186,S010,2026-07-13T14:52:00,STORE,COMPLETED,22110.76,2026-07-13T14:52:00
O0017890,C000807,S013,2026-07-09T10:49:00,WEB,COMPLETED,127047.69,2026-07-09T10:49:00
O0017891,C004466,S013,2026-07-12T19:05:00,MOBILE,COMPLETED,183865.35,2026-07-12T19:05:00
O0017892,C000814,S014,2026-07-12T01:50:00,WEB,COMPLETED,74179.96,2026-07-12T01:50:00
O0017893,C004201,S021,2026-07-14T07:13:00,MOBILE,COMPLETED,13281.23,2026-07-14T07:13:00
O0017894,C004354,S022,2026-07-13T17:26:00,WEB,COMPLETED,33603.64,2026-07-13T17:26:00
O0017895,C002437,S006,2026-07-10T15:45:00,WEB,COMPLETED,17296.54,2026-07-10T15:45:00
O0017896,C001915,S025,2026-07-11T07:24:00,STORE,COMPLETED,73041.31,2026-07-11T07:24:00
O0017897,C002451,S012,2026-07-12T22:05:00,WEB,COMPLETED,30043.46,2026-07-12T22:05:00
O0017898,C000435,S003,2026-07-14T04:41:00,STORE,COMPLETED,238289.32,2026-07-14T04:41:00
O0017899,C004079,S010,2026-07-13T18:12:00,WEB,COMPLETED,17489.71,2026-07-13T18:12:00
O0017900,C003139,S019,2026-07-12T01:59:00,MOBILE,COMPLETED,224775.56,2026-07-12T01:59:00
O0017901,C003158,S017,2026-07-11T19:10:00,WEB,COMPLETED,18762.54,2026-07-11T19:10:00
O0017902,C002853,S004,2026-07-13T06:56:00,STORE,COMPLETED,123146.84,2026-07-13T06:56:00
O0017903,C004327,S024,2026-07-13T08:31:00,MOBILE,COMPLETED,147981.41,2026-07-13T08:31:00
O0017904,C000590,S012,2026-07-08T23:23:00,MOBILE,COMPLETED,23928.93,2026-07-08T23:23:00
O0017905,C000158,S014,2026-07-13T04:26:00,STORE,COMPLETED,37644.37,2026-07-13T04:26:00
O0017906,C000366,S006,2026-07-11T16:49:00,MOBILE,COMPLETED,40155.76,2026-07-11T16:49:00
O0017907,C000092,S024,2026-07-09T04:34:00,STORE,COMPLETED,229832.91,2026-07-09T04:34:00
O0017908,C000608,S006,2026-07-11T16:28:00,MOBILE,COMPLETED,35645.37,2026-07-11T16:28:00
O0017909,C002896,S007,2026-07-11T17:33:00,MOBILE,COMPLETED,164923.21,2026-07-11T17:33:00
O0017910,C005194,S015,2026-07-10T18:17:00,MOBILE,COMPLETED,106145.39,2026-07-10T18:17:00
O0017911,C002509,S007,2026-07-13T03:17:00,STORE,COMPLETED,46796.36,2026-07-13T03:17:00
O0017912,C003372,S025,2026-07-12T10:23:00,WEB,COMPLETED,27915.98,2026-07-12T10:23:00
O0017913,C001624,S017,2026-07-11T19:54:00,WEB,COMPLETED,52161.56,2026-07-11T19:54:00
O0017914,C001013,S014,2026-07-11T18:56:00,MOBILE,COMPLETED,22358.97,2026-07-11T18:56:00
O0017915,C003281,S010,2026-07-11T03:01:00,STORE,COMPLETED,15453.98,2026-07-11T03:01:00
O0017916,C001740,S015,2026-07-13T11:29:00,STORE,COMPLETED,32487.12,2026-07-13T11:29:00
O0017917,C003824,S009,2026-07-11T03:36:00,STORE,COMPLETED,109875.90,2026-07-11T03:36:00
O0017918,C003452,S024,2026-07-10T19:38:00,STORE,COMPLETED,29916.40,2026-07-10T19:38:00
O0017919,C000498,S010,2026-07-09T03:48:00,WEB,COMPLETED,103085.31,2026-07-09T03:48:00
O0017920,C004011,S011,2026-07-12T09:40:00,STORE,COMPLETED,21713.96,2026-07-12T09:40:00
O0017921,C000724,S023,2026-07-13T07:16:00,MOBILE,COMPLETED,59109.96,2026-07-13T07:16:00
O0017922,C000983,S018,2026-07-08T20:43:00,MOBILE,COMPLETED,64218.72,2026-07-08T20:43:00
O0017923,C000429,S024,2026-07-14T01:26:00,STORE,COMPLETED,53484.16,2026-07-14T01:26:00
O0017924,C000875,S024,2026-07-10T11:55:00,STORE,COMPLETED,12429.98,2026-07-10T11:55:00
O0017925,C001205,S015,2026-07-10T01:54:00,MOBILE,COMPLETED,75954.39,2026-07-10T01:54:00
O0017926,C003109,S014,2026-07-14T03:16:00,WEB,COMPLETED,94352.94,2026-07-14T03:16:00
O0017927,C000261,S007,2026-07-10T17:58:00,STORE,COMPLETED,204383.04,2026-07-10T17:58:00
O0017928,C003741,S025,2026-07-13T10:57:00,MOBILE,COMPLETED,155762.13,2026-07-13T10:57:00
O0017929,C003863,S006,2026-07-14T05:16:00,STORE,COMPLETED,95589.68,2026-07-14T05:16:00
O0017930,C000239,S018,2026-07-09T21:13:00,STORE,COMPLETED,82947.96,2026-07-09T21:13:00
O0017931,C002628,S014,2026-07-12T05:16:00,STORE,COMPLETED,60929.94,2026-07-12T05:16:00
O0017932,C004161,S011,2026-07-09T01:06:00,WEB,COMPLETED,10850.97,2026-07-09T01:06:00
O0017933,C002906,S025,2026-07-13T06:38:00,WEB,COMPLETED,20517.98,2026-07-13T06:38:00
O0017934,C002464,S017,2026-07-12T01:43:00,MOBILE,COMPLETED,23791.57,2026-07-12T01:43:00
O0017935,C004715,S018,2026-07-13T09:52:00,WEB,COMPLETED,102616.92,2026-07-13T09:52:00
O0017936,C001418,S020,2026-07-08T22:07:00,STORE,COMPLETED,19914.99,2026-07-08T22:07:00
O0017937,C002126,S009,2026-07-13T08:08:00,MOBILE,COMPLETED,41665.97,2026-07-13T08:08:00
O0017938,C001608,S009,2026-07-09T22:45:00,MOBILE,COMPLETED,54561.93,2026-07-09T22:45:00
O0017939,C003740,S020,2026-07-10T09:41:00,STORE,COMPLETED,112069.28,2026-07-10T09:41:00
O0017940,C002112,S019,2026-07-10T14:35:00,STORE,COMPLETED,83752.47,2026-07-10T14:35:00
O0017941,C002157,S012,2026-07-11T11:11:00,MOBILE,COMPLETED,74575.55,2026-07-11T11:11:00
O0017942,C001891,S001,2026-07-10T21:33:00,MOBILE,COMPLETED,7973.97,2026-07-10T21:33:00
O0017943,C001363,S012,2026-07-13T10:07:00,STORE,COMPLETED,40739.51,2026-07-13T10:07:00
O0017944,C004731,S006,2026-07-08T11:45:00,STORE,COMPLETED,20928.98,2026-07-08T11:45:00
O0017945,C002680,S020,2026-07-12T22:44:00,MOBILE,COMPLETED,155873.26,2026-07-12T22:44:00
O0017946,C001245,S025,2026-07-11T13:30:00,MOBILE,COMPLETED,126779.29,2026-07-11T13:30:00
O0017947,C002090,S005,2026-07-08T17:16:00,MOBILE,COMPLETED,114394.49,2026-07-08T17:16:00
O0017948,C004194,S025,2026-07-11T17:36:00,WEB,COMPLETED,44607.96,2026-07-11T17:36:00
O0017949,C000149,S003,2026-07-09T23:57:00,WEB,COMPLETED,91561.94,2026-07-09T23:57:00
O0017950,C000325,S015,2026-07-10T00:06:00,STORE,COMPLETED,58748.31,2026-07-10T00:06:00
O0017951,C001339,S010,2026-07-12T03:42:00,MOBILE,COMPLETED,696.57,2026-07-12T03:42:00
O0017952,C005017,S009,2026-07-08T23:10:00,STORE,COMPLETED,77785.05,2026-07-08T23:10:00
O0017953,C004997,S005,2026-07-09T19:34:00,STORE,COMPLETED,95896.33,2026-07-09T19:34:00
O0017954,C004573,S011,2026-07-12T12:32:00,MOBILE,COMPLETED,114212.88,2026-07-12T12:32:00
O0017955,C004226,S002,2026-07-09T00:13:00,STORE,COMPLETED,100594.89,2026-07-09T00:13:00
O0017956,C005128,S011,2026-07-09T21:10:00,MOBILE,COMPLETED,116729.88,2026-07-09T21:10:00
O0017957,C000762,S015,2026-07-09T21:56:00,WEB,COMPLETED,61075.82,2026-07-09T21:56:00
O0017958,C003089,S023,2026-07-10T06:23:00,MOBILE,COMPLETED,201935.57,2026-07-10T06:23:00
O0017959,C001785,S006,2026-07-12T05:16:00,WEB,COMPLETED,77848.75,2026-07-12T05:16:00
O0017960,C004990,S005,2026-07-09T00:43:00,MOBILE,COMPLETED,137290.32,2026-07-09T00:43:00
O0017961,C002998,S011,2026-07-14T03:20:00,WEB,COMPLETED,84827.91,2026-07-14T03:20:00
O0017962,C000035,S017,2026-07-09T08:18:00,MOBILE,COMPLETED,44739.96,2026-07-09T08:18:00
O0017963,C004290,S024,2026-07-10T08:54:00,MOBILE,COMPLETED,27422.97,2026-07-10T08:54:00
O0017964,C002791,S012,2026-07-11T09:01:00,MOBILE,COMPLETED,31883.98,2026-07-11T09:01:00
O0017965,C003707,S016,2026-07-10T12:18:00,WEB,COMPLETED,210064.09,2026-07-10T12:18:00
O0017966,C002635,S003,2026-07-10T21:26:00,WEB,COMPLETED,87615.96,2026-07-10T21:26:00
O0017967,C000832,S006,2026-07-13T18:38:00,WEB,COMPLETED,119397.38,2026-07-13T18:38:00
O0017968,C002852,S021,2026-07-14T07:16:00,STORE,COMPLETED,66516.31,2026-07-14T07:16:00
O0017969,C000991,S021,2026-07-10T08:28:00,MOBILE,COMPLETED,37967.05,2026-07-10T08:28:00
O0017970,C003237,S021,2026-07-10T13:43:00,WEB,COMPLETED,67087.12,2026-07-10T13:43:00
O0017971,C004874,S018,2026-07-09T04:47:00,STORE,COMPLETED,108308.34,2026-07-09T04:47:00
O0017972,C001316,S004,2026-07-13T14:23:00,STORE,COMPLETED,120743.37,2026-07-13T14:23:00
O0017973,C003981,S011,2026-07-09T23:48:00,STORE,COMPLETED,46048.55,2026-07-09T23:48:00
O0017974,C000311,S017,2026-07-09T15:25:00,STORE,COMPLETED,64920.34,2026-07-09T15:25:00
O0017975,C002417,S011,2026-07-12T23:38:00,STORE,COMPLETED,98010.87,2026-07-12T23:38:00
O0017976,C004192,S003,2026-07-10T14:35:00,WEB,COMPLETED,34895.08,2026-07-10T14:35:00
O0017977,C003132,S007,2026-07-11T23:48:00,WEB,COMPLETED,40817.90,2026-07-11T23:48:00
O0017978,C000868,S002,2026-07-11T22:56:00,WEB,COMPLETED,50268.15,2026-07-11T22:56:00
O0017979,C004501,S002,2026-07-11T13:21:00,STORE,COMPLETED,117997.94,2026-07-11T13:21:00
O0017980,C002712,S004,2026-07-14T06:25:00,MOBILE,COMPLETED,59750.84,2026-07-14T06:25:00
O0017981,C004855,S025,2026-07-09T17:55:00,STORE,COMPLETED,78715.32,2026-07-09T17:55:00
O0017982,C003726,S016,2026-07-09T02:43:00,STORE,COMPLETED,177497.89,2026-07-09T02:43:00
O0017983,C004314,S024,2026-07-08T11:34:00,MOBILE,COMPLETED,70934.62,2026-07-08T11:34:00
O0017984,C001290,S006,2026-07-12T05:43:00,WEB,COMPLETED,119948.14,2026-07-12T05:43:00
O0017985,C004768,S020,2026-07-12T13:17:00,MOBILE,COMPLETED,108626.39,2026-07-12T13:17:00
O0017986,C002543,S017,2026-07-11T11:07:00,MOBILE,COMPLETED,87268.14,2026-07-11T11:07:00
O0017987,C003377,S017,2026-07-09T16:30:00,MOBILE,COMPLETED,30764.47,2026-07-09T16:30:00
O0017988,C004412,S010,2026-07-13T17:23:00,STORE,COMPLETED,18613.31,2026-07-13T17:23:00
O0017989,C003125,S021,2026-07-12T02:45:00,STORE,COMPLETED,78901.95,2026-07-12T02:45:00
O0017990,C000445,S012,2026-07-14T00:44:00,MOBILE,COMPLETED,14932.08,2026-07-14T00:44:00
O0017991,C002857,S025,2026-07-14T07:15:00,STORE,COMPLETED,97365.54,2026-07-14T07:15:00
O0017992,C003652,S014,2026-07-12T12:00:00,WEB,COMPLETED,43517.97,2026-07-12T12:00:00
O0017993,C002471,S014,2026-07-11T08:27:00,WEB,COMPLETED,114030.67,2026-07-11T08:27:00
O0017994,C000544,S011,2026-07-10T15:06:00,STORE,COMPLETED,130492.46,2026-07-10T15:06:00
O0017995,C000615,S017,2026-07-10T20:02:00,WEB,COMPLETED,11870.97,2026-07-10T20:02:00
O0017996,C004058,S016,2026-07-11T20:27:00,STORE,COMPLETED,64205.13,2026-07-11T20:27:00
O0017997,C002605,S015,2026-07-13T11:15:00,MOBILE,COMPLETED,98796.98,2026-07-13T11:15:00
O0017998,C001928,S017,2026-07-11T21:23:00,WEB,COMPLETED,10342.79,2026-07-11T21:23:00
O0017999,C001540,S006,2026-07-10T03:04:00,WEB,COMPLETED,32739.27,2026-07-10T03:04:00
O0018000,C000354,S005,2026-07-12T18:37:00,STORE,COMPLETED,106166.31,2026-07-12T18:37:00
